payroll_id,employee_id,employee_name,department,designation,payroll_period,pay_date,gross_salary,employee_pf,professional_tax,tds,employee_deductions,net_pay,employer_pf,employer_esic,employer_contributions,total_employer_cost,currency,payment_account_id,status,bank_reference
PYR_000001,EMP_000001,Shreya Sharma,Marketing,Marketing Executive,2025-09,2025-09-28,22000.00,1320.00,200.00,0.00,1520.00,20480.00,1320.00,0.00,1320.00,23320.00,INR,BANK_004,PAID,PAYROLL_00000001
PYR_000002,EMP_000002,Pooja Gupta,Marketing,Marketing Manager,2025-09,2025-09-28,55000.00,3300.00,200.00,666.67,4166.67,50833.33,3300.00,0.00,3300.00,58300.00,INR,BANK_004,PAID,PAYROLL_00000002
PYR_000003,EMP_000003,Karan Pillai,Technology,Product Analyst,2025-09,2025-09-28,36000.00,2160.00,200.00,0.00,2360.00,33640.00,2160.00,0.00,2160.00,38160.00,INR,BANK_004,PAID,PAYROLL_00000003
PYR_000004,EMP_000004,Riya Kapoor,Technology,Product Analyst,2025-09,2025-09-28,32000.00,1920.00,200.00,0.00,2120.00,29880.00,1920.00,0.00,1920.00,33920.00,INR,BANK_004,PAID,PAYROLL_00000004
PYR_000005,EMP_000005,Rahul Singh,Warehouse,Warehouse Manager,2025-09,2025-09-28,121000.00,7260.00,200.00,5850.00,13310.00,107690.00,7260.00,0.00,7260.00,128260.00,INR,BANK_004,PAID,PAYROLL_00000005
PYR_000006,EMP_000006,Shreya Mishra,Marketing,Marketing Executive,2025-09,2025-09-28,164000.00,9840.00,200.00,12100.00,22140.00,141860.00,9840.00,0.00,9840.00,173840.00,INR,BANK_004,PAID,PAYROLL_00000006
PYR_000007,EMP_000007,Aditya Rao,Customer Experience,CX Manager,2025-09,2025-09-28,22000.00,1320.00,200.00,0.00,1520.00,20480.00,1320.00,0.00,1320.00,23320.00,INR,BANK_004,PAID,PAYROLL_00000007
PYR_000008,EMP_000008,Meera Patel,Technology,QA Engineer,2025-09,2025-09-28,25000.00,1500.00,200.00,0.00,1700.00,23300.00,1500.00,0.00,1500.00,26500.00,INR,BANK_004,PAID,PAYROLL_00000008
PYR_000009,EMP_000009,Rahul Gupta,Customer Experience,CX Lead,2025-09,2025-09-28,48000.00,2880.00,200.00,316.67,3396.67,44603.33,2880.00,0.00,2880.00,50880.00,INR,BANK_004,PAID,PAYROLL_00000009
PYR_000010,EMP_000010,Vivaan Menon,Technology,Tech Lead,2025-09,2025-09-28,113000.00,6780.00,200.00,5050.00,12030.00,100970.00,6780.00,0.00,6780.00,119780.00,INR,BANK_004,PAID,PAYROLL_00000010
PYR_000011,EMP_000011,Vikram Iyer,Customer Experience,CX Executive,2025-09,2025-09-28,135000.00,8100.00,200.00,7750.00,16050.00,118950.00,8100.00,0.00,8100.00,143100.00,INR,BANK_004,PAID,PAYROLL_00000011
PYR_000012,EMP_000012,Aditya Mishra,Warehouse,Warehouse Supervisor,2025-09,2025-09-28,163000.00,9780.00,200.00,11950.00,21930.00,141070.00,9780.00,0.00,9780.00,172780.00,INR,BANK_004,PAID,PAYROLL_00000012
PYR_000013,EMP_000013,Diya Patel,Customer Experience,CX Lead,2025-09,2025-09-28,46000.00,2760.00,200.00,216.67,3176.67,42823.33,2760.00,0.00,2760.00,48760.00,INR,BANK_004,PAID,PAYROLL_00000013
PYR_000014,EMP_000014,Nisha Rao,Technology,Tech Lead,2025-09,2025-09-28,145000.00,8700.00,200.00,9250.00,18150.00,126850.00,8700.00,0.00,8700.00,153700.00,INR,BANK_004,PAID,PAYROLL_00000014
PYR_000015,EMP_000015,Isha Kulkarni,Customer Experience,CX Executive,2025-09,2025-09-28,24000.00,1440.00,200.00,0.00,1640.00,22360.00,1440.00,0.00,1440.00,25440.00,INR,BANK_004,PAID,PAYROLL_00000015
PYR_000016,EMP_000016,Isha Mishra,Marketing,Marketing Manager,2025-09,2025-09-28,96000.00,5760.00,200.00,3350.00,9310.00,86690.00,5760.00,0.00,5760.00,101760.00,INR,BANK_004,PAID,PAYROLL_00000016
PYR_000017,EMP_000017,Ananya Mehta,Warehouse,Warehouse Supervisor,2025-09,2025-09-28,52000.00,3120.00,200.00,516.67,3836.67,48163.33,3120.00,0.00,3120.00,55120.00,INR,BANK_004,PAID,PAYROLL_00000017
PYR_000018,EMP_000018,Aditya Menon,Customer Experience,CX Lead,2025-09,2025-09-28,42000.00,2520.00,200.00,16.67,2736.67,39263.33,2520.00,0.00,2520.00,44520.00,INR,BANK_004,PAID,PAYROLL_00000018
PYR_000019,EMP_000019,Vikram Kapoor,Marketing,Marketing Manager,2025-09,2025-09-28,23000.00,1380.00,200.00,0.00,1580.00,21420.00,1380.00,0.00,1380.00,24380.00,INR,BANK_004,PAID,PAYROLL_00000019
PYR_000020,EMP_000020,Rohan Nair,Technology,Product Analyst,2025-09,2025-09-28,81000.00,4860.00,200.00,1966.67,7026.67,73973.33,4860.00,0.00,4860.00,85860.00,INR,BANK_004,PAID,PAYROLL_00000020
PYR_000021,EMP_000021,Meera Gupta,Warehouse,Warehouse Manager,2025-09,2025-09-28,75000.00,4500.00,200.00,1666.67,6366.67,68633.33,4500.00,0.00,4500.00,79500.00,INR,BANK_004,PAID,PAYROLL_00000021
PYR_000022,EMP_000022,Rohan Pillai,Marketing,Marketing Executive,2025-09,2025-09-28,67000.00,4020.00,200.00,1266.67,5486.67,61513.33,4020.00,0.00,4020.00,71020.00,INR,BANK_004,PAID,PAYROLL_00000022
PYR_000023,EMP_000023,Sneha Pillai,Technology,QA Engineer,2025-09,2025-09-28,73000.00,4380.00,200.00,1566.67,6146.67,66853.33,4380.00,0.00,4380.00,77380.00,INR,BANK_004,PAID,PAYROLL_00000023
PYR_000024,EMP_000024,Ananya Patel,Warehouse,Warehouse Manager,2025-09,2025-09-28,29000.00,1740.00,200.00,0.00,1940.00,27060.00,1740.00,0.00,1740.00,30740.00,INR,BANK_004,PAID,PAYROLL_00000024
PYR_000025,EMP_000025,Rohan Verma,Finance,Finance Manager,2025-09,2025-09-28,125000.00,7500.00,200.00,6250.00,13950.00,111050.00,7500.00,0.00,7500.00,132500.00,INR,BANK_004,PAID,PAYROLL_00000025
PYR_000026,EMP_000026,Karan Pillai,Customer Experience,CX Manager,2025-09,2025-09-28,80000.00,4800.00,200.00,1916.67,6916.67,73083.33,4800.00,0.00,4800.00,84800.00,INR,BANK_004,PAID,PAYROLL_00000026
PYR_000027,EMP_000027,Aditi Singh,Technology,Software Engineer,2025-09,2025-09-28,147000.00,8820.00,200.00,9550.00,18570.00,128430.00,8820.00,0.00,8820.00,155820.00,INR,BANK_004,PAID,PAYROLL_00000027
PYR_000028,EMP_000028,Vivaan Kulkarni,Customer Experience,CX Lead,2025-09,2025-09-28,156000.00,9360.00,200.00,10900.00,20460.00,135540.00,9360.00,0.00,9360.00,165360.00,INR,BANK_004,PAID,PAYROLL_00000028
PYR_000029,EMP_000029,Aditi Nair,Marketing,Marketing Manager,2025-09,2025-09-28,134000.00,8040.00,200.00,7600.00,15840.00,118160.00,8040.00,0.00,8040.00,142040.00,INR,BANK_004,PAID,PAYROLL_00000029
PYR_000030,EMP_000030,Neha Patel,Marketing,Marketing Manager,2025-09,2025-09-28,22000.00,1320.00,200.00,0.00,1520.00,20480.00,1320.00,0.00,1320.00,23320.00,INR,BANK_004,PAID,PAYROLL_00000030
PYR_000031,EMP_000031,Kavya Rao,Operations,Operations Executive,2025-09,2025-09-28,41000.00,2460.00,200.00,0.00,2660.00,38340.00,2460.00,0.00,2460.00,43460.00,INR,BANK_004,PAID,PAYROLL_00000031
PYR_000032,EMP_000032,Aditya Sharma,Marketing,Marketing Manager,2025-09,2025-09-28,25000.00,1500.00,200.00,0.00,1700.00,23300.00,1500.00,0.00,1500.00,26500.00,INR,BANK_004,PAID,PAYROLL_00000032
PYR_000033,EMP_000033,Vikram Das,Operations,Operations Manager,2025-09,2025-09-28,28000.00,1680.00,200.00,0.00,1880.00,26120.00,1680.00,0.00,1680.00,29680.00,INR,BANK_004,PAID,PAYROLL_00000033
PYR_000034,EMP_000034,Riya Das,Warehouse,Warehouse Associate,2025-09,2025-09-28,62000.00,3720.00,200.00,1016.67,4936.67,57063.33,3720.00,0.00,3720.00,65720.00,INR,BANK_004,PAID,PAYROLL_00000034
PYR_000035,EMP_000035,Aditi Nair,Customer Experience,CX Lead,2025-09,2025-09-28,53000.00,3180.00,200.00,566.67,3946.67,49053.33,3180.00,0.00,3180.00,56180.00,INR,BANK_004,PAID,PAYROLL_00000035
PYR_000036,EMP_000036,Priya Banerjee,Technology,Tech Lead,2025-09,2025-09-28,59000.00,3540.00,200.00,866.67,4606.67,54393.33,3540.00,0.00,3540.00,62540.00,INR,BANK_004,PAID,PAYROLL_00000036
PYR_000037,EMP_000037,Meera Pillai,Warehouse,Warehouse Manager,2025-09,2025-09-28,40000.00,2400.00,200.00,0.00,2600.00,37400.00,2400.00,0.00,2400.00,42400.00,INR,BANK_004,PAID,PAYROLL_00000037
PYR_000038,EMP_000038,Ananya Pillai,Customer Experience,CX Executive,2025-09,2025-09-28,31000.00,1860.00,200.00,0.00,2060.00,28940.00,1860.00,0.00,1860.00,32860.00,INR,BANK_004,PAID,PAYROLL_00000038
PYR_000039,EMP_000039,Sneha Pillai,Operations,Operations Analyst,2025-09,2025-09-28,39000.00,2340.00,200.00,0.00,2540.00,36460.00,2340.00,0.00,2340.00,41340.00,INR,BANK_004,PAID,PAYROLL_00000039
PYR_000040,EMP_000040,Diya Sharma,Operations,Operations Manager,2025-09,2025-09-28,46000.00,2760.00,200.00,216.67,3176.67,42823.33,2760.00,0.00,2760.00,48760.00,INR,BANK_004,PAID,PAYROLL_00000040
PYR_000041,EMP_000041,Aditya Mishra,Marketing,Marketing Manager,2025-09,2025-09-28,92000.00,5520.00,200.00,2950.00,8670.00,83330.00,5520.00,0.00,5520.00,97520.00,INR,BANK_004,PAID,PAYROLL_00000041
PYR_000042,EMP_000042,Rohan Joshi,Operations,Operations Executive,2025-09,2025-09-28,138000.00,8280.00,200.00,8200.00,16680.00,121320.00,8280.00,0.00,8280.00,146280.00,INR,BANK_004,PAID,PAYROLL_00000042
PYR_000043,EMP_000043,Aditya Banerjee,Warehouse,Warehouse Associate,2025-09,2025-09-28,74000.00,4440.00,200.00,1616.67,6256.67,67743.33,4440.00,0.00,4440.00,78440.00,INR,BANK_004,PAID,PAYROLL_00000043
PYR_000044,EMP_000044,Rohan Desai,Marketing,Marketing Executive,2025-09,2025-09-28,25000.00,1500.00,200.00,0.00,1700.00,23300.00,1500.00,0.00,1500.00,26500.00,INR,BANK_004,PAID,PAYROLL_00000044
PYR_000045,EMP_000045,Priya Bhat,Finance,Accountant,2025-09,2025-09-28,27000.00,1620.00,200.00,0.00,1820.00,25180.00,1620.00,0.00,1620.00,28620.00,INR,BANK_004,PAID,PAYROLL_00000045
PYR_000046,EMP_000046,Rohan Iyer,Customer Experience,CX Manager,2025-09,2025-09-28,92000.00,5520.00,200.00,2950.00,8670.00,83330.00,5520.00,0.00,5520.00,97520.00,INR,BANK_004,PAID,PAYROLL_00000046
PYR_000047,EMP_000047,Pooja Rao,Operations,Operations Manager,2025-09,2025-09-28,25000.00,1500.00,200.00,0.00,1700.00,23300.00,1500.00,0.00,1500.00,26500.00,INR,BANK_004,PAID,PAYROLL_00000047
PYR_000048,EMP_000048,Kavya Pillai,Marketing,Performance Marketer,2025-09,2025-09-28,150000.00,9000.00,200.00,10000.00,19200.00,130800.00,9000.00,0.00,9000.00,159000.00,INR,BANK_004,PAID,PAYROLL_00000048
PYR_000049,EMP_000049,Nisha Verma,Technology,QA Engineer,2025-09,2025-09-28,47000.00,2820.00,200.00,266.67,3286.67,43713.33,2820.00,0.00,2820.00,49820.00,INR,BANK_004,PAID,PAYROLL_00000049
PYR_000050,EMP_000050,Aditya Kapoor,Operations,Operations Executive,2025-09,2025-09-28,104000.00,6240.00,200.00,4150.00,10590.00,93410.00,6240.00,0.00,6240.00,110240.00,INR,BANK_004,PAID,PAYROLL_00000050
PYR_000051,EMP_000051,Vikram Das,Marketing,Marketing Executive,2025-09,2025-09-28,40000.00,2400.00,200.00,0.00,2600.00,37400.00,2400.00,0.00,2400.00,42400.00,INR,BANK_004,PAID,PAYROLL_00000051
PYR_000052,EMP_000052,Sneha Patel,Technology,QA Engineer,2025-09,2025-09-28,39000.00,2340.00,200.00,0.00,2540.00,36460.00,2340.00,0.00,2340.00,41340.00,INR,BANK_004,PAID,PAYROLL_00000052
PYR_000053,EMP_000053,Aditya Mishra,Finance,Finance Analyst,2025-09,2025-09-28,143000.00,8580.00,200.00,8950.00,17730.00,125270.00,8580.00,0.00,8580.00,151580.00,INR,BANK_004,PAID,PAYROLL_00000053
PYR_000054,EMP_000054,Diya Pillai,Finance,Finance Analyst,2025-09,2025-09-28,164000.00,9840.00,200.00,12100.00,22140.00,141860.00,9840.00,0.00,9840.00,173840.00,INR,BANK_004,PAID,PAYROLL_00000054
PYR_000055,EMP_000055,Priya Mehta,Marketing,Performance Marketer,2025-09,2025-09-28,161000.00,9660.00,200.00,11650.00,21510.00,139490.00,9660.00,0.00,9660.00,170660.00,INR,BANK_004,PAID,PAYROLL_00000055
PYR_000056,EMP_000056,Rohan Singh,Finance,Accountant,2025-09,2025-09-28,55000.00,3300.00,200.00,666.67,4166.67,50833.33,3300.00,0.00,3300.00,58300.00,INR,BANK_004,PAID,PAYROLL_00000056
PYR_000057,EMP_000057,Sneha Desai,Marketing,Marketing Manager,2025-09,2025-09-28,48000.00,2880.00,200.00,316.67,3396.67,44603.33,2880.00,0.00,2880.00,50880.00,INR,BANK_004,PAID,PAYROLL_00000057
PYR_000058,EMP_000058,Aditi Rao,Warehouse,Warehouse Associate,2025-09,2025-09-28,80000.00,4800.00,200.00,1916.67,6916.67,73083.33,4800.00,0.00,4800.00,84800.00,INR,BANK_004,PAID,PAYROLL_00000058
PYR_000059,EMP_000059,Aarav Desai,Technology,Product Analyst,2025-09,2025-09-28,23000.00,1380.00,200.00,0.00,1580.00,21420.00,1380.00,0.00,1380.00,24380.00,INR,BANK_004,PAID,PAYROLL_00000059
PYR_000060,EMP_000060,Vivaan Mishra,Warehouse,Warehouse Manager,2025-09,2025-09-28,37000.00,2220.00,200.00,0.00,2420.00,34580.00,2220.00,0.00,2220.00,39220.00,INR,BANK_004,PAID,PAYROLL_00000060
PYR_000061,EMP_000061,Shreya Rao,Finance,Finance Executive,2025-09,2025-09-28,79000.00,4740.00,200.00,1866.67,6806.67,72193.33,4740.00,0.00,4740.00,83740.00,INR,BANK_004,PAID,PAYROLL_00000061
PYR_000062,EMP_000062,Vikram Gupta,Operations,Operations Analyst,2025-09,2025-09-28,99000.00,5940.00,200.00,3650.00,9790.00,89210.00,5940.00,0.00,5940.00,104940.00,INR,BANK_004,PAID,PAYROLL_00000062
PYR_000063,EMP_000063,Priya Sharma,Customer Experience,CX Executive,2025-09,2025-09-28,169000.00,10140.00,200.00,12850.00,23190.00,145810.00,10140.00,0.00,10140.00,179140.00,INR,BANK_004,PAID,PAYROLL_00000063
PYR_000064,EMP_000064,Aditi Banerjee,Marketing,Marketing Manager,2025-09,2025-09-28,142000.00,8520.00,200.00,8800.00,17520.00,124480.00,8520.00,0.00,8520.00,150520.00,INR,BANK_004,PAID,PAYROLL_00000064
PYR_000065,EMP_000065,Aarav Pillai,Technology,Tech Lead,2025-09,2025-09-28,111000.00,6660.00,200.00,4850.00,11710.00,99290.00,6660.00,0.00,6660.00,117660.00,INR,BANK_004,PAID,PAYROLL_00000065
PYR_000066,EMP_000066,Shreya Kulkarni,Marketing,Performance Marketer,2025-09,2025-09-28,32000.00,1920.00,200.00,0.00,2120.00,29880.00,1920.00,0.00,1920.00,33920.00,INR,BANK_004,PAID,PAYROLL_00000066
PYR_000067,EMP_000067,Aditya Patel,Technology,Software Engineer,2025-09,2025-09-28,144000.00,8640.00,200.00,9100.00,17940.00,126060.00,8640.00,0.00,8640.00,152640.00,INR,BANK_004,PAID,PAYROLL_00000067
PYR_000068,EMP_000068,Ananya Reddy,Operations,Operations Manager,2025-09,2025-09-28,51000.00,3060.00,200.00,466.67,3726.67,47273.33,3060.00,0.00,3060.00,54060.00,INR,BANK_004,PAID,PAYROLL_00000068
PYR_000069,EMP_000069,Meera Kapoor,Warehouse,Warehouse Manager,2025-09,2025-09-28,61000.00,3660.00,200.00,966.67,4826.67,56173.33,3660.00,0.00,3660.00,64660.00,INR,BANK_004,PAID,PAYROLL_00000069
PYR_000070,EMP_000070,Aarav Reddy,Operations,Operations Manager,2025-09,2025-09-28,46000.00,2760.00,200.00,216.67,3176.67,42823.33,2760.00,0.00,2760.00,48760.00,INR,BANK_004,PAID,PAYROLL_00000070
PYR_000071,EMP_000071,Vivaan Bhat,Finance,Finance Analyst,2025-09,2025-09-28,26000.00,1560.00,200.00,0.00,1760.00,24240.00,1560.00,0.00,1560.00,27560.00,INR,BANK_004,PAID,PAYROLL_00000071
PYR_000072,EMP_000072,Rahul Joshi,Finance,Finance Manager,2025-09,2025-09-28,132000.00,7920.00,200.00,7300.00,15420.00,116580.00,7920.00,0.00,7920.00,139920.00,INR,BANK_004,PAID,PAYROLL_00000072
PYR_000073,EMP_000073,Rohan Verma,Customer Experience,CX Manager,2025-09,2025-09-28,123000.00,7380.00,200.00,6050.00,13630.00,109370.00,7380.00,0.00,7380.00,130380.00,INR,BANK_004,PAID,PAYROLL_00000073
PYR_000074,EMP_000074,Neha Joshi,Technology,Software Engineer,2025-09,2025-09-28,74000.00,4440.00,200.00,1616.67,6256.67,67743.33,4440.00,0.00,4440.00,78440.00,INR,BANK_004,PAID,PAYROLL_00000074
PYR_000075,EMP_000075,Shreya Mishra,Warehouse,Warehouse Supervisor,2025-09,2025-09-28,135000.00,8100.00,200.00,7750.00,16050.00,118950.00,8100.00,0.00,8100.00,143100.00,INR,BANK_004,PAID,PAYROLL_00000075
PYR_000076,EMP_000076,Vikram Rao,Customer Experience,CX Manager,2025-09,2025-09-28,43000.00,2580.00,200.00,66.67,2846.67,40153.33,2580.00,0.00,2580.00,45580.00,INR,BANK_004,PAID,PAYROLL_00000076
PYR_000077,EMP_000077,Ishaan Joshi,Warehouse,Warehouse Associate,2025-09,2025-09-28,48000.00,2880.00,200.00,316.67,3396.67,44603.33,2880.00,0.00,2880.00,50880.00,INR,BANK_004,PAID,PAYROLL_00000077
PYR_000078,EMP_000078,Riya Kapoor,Customer Experience,CX Lead,2025-09,2025-09-28,31000.00,1860.00,200.00,0.00,2060.00,28940.00,1860.00,0.00,1860.00,32860.00,INR,BANK_004,PAID,PAYROLL_00000078
PYR_000079,EMP_000079,Vivaan Nair,Finance,Finance Manager,2025-09,2025-09-28,63000.00,3780.00,200.00,1066.67,5046.67,57953.33,3780.00,0.00,3780.00,66780.00,INR,BANK_004,PAID,PAYROLL_00000079
PYR_000080,EMP_000080,Sneha Singh,Customer Experience,CX Manager,2025-09,2025-09-28,23000.00,1380.00,200.00,0.00,1580.00,21420.00,1380.00,0.00,1380.00,24380.00,INR,BANK_004,PAID,PAYROLL_00000080
PYR_000081,EMP_000001,Shreya Sharma,Marketing,Marketing Executive,2025-10,2025-10-28,22000.00,1320.00,200.00,0.00,1520.00,20480.00,1320.00,0.00,1320.00,23320.00,INR,BANK_004,PAID,PAYROLL_00000081
PYR_000082,EMP_000002,Pooja Gupta,Marketing,Marketing Manager,2025-10,2025-10-28,55000.00,3300.00,200.00,666.67,4166.67,50833.33,3300.00,0.00,3300.00,58300.00,INR,BANK_004,PAID,PAYROLL_00000082
PYR_000083,EMP_000003,Karan Pillai,Technology,Product Analyst,2025-10,2025-10-28,36000.00,2160.00,200.00,0.00,2360.00,33640.00,2160.00,0.00,2160.00,38160.00,INR,BANK_004,PAID,PAYROLL_00000083
PYR_000084,EMP_000004,Riya Kapoor,Technology,Product Analyst,2025-10,2025-10-28,32000.00,1920.00,200.00,0.00,2120.00,29880.00,1920.00,0.00,1920.00,33920.00,INR,BANK_004,PAID,PAYROLL_00000084
PYR_000085,EMP_000005,Rahul Singh,Warehouse,Warehouse Manager,2025-10,2025-10-28,121000.00,7260.00,200.00,5850.00,13310.00,107690.00,7260.00,0.00,7260.00,128260.00,INR,BANK_004,PAID,PAYROLL_00000085
PYR_000086,EMP_000006,Shreya Mishra,Marketing,Marketing Executive,2025-10,2025-10-28,164000.00,9840.00,200.00,12100.00,22140.00,141860.00,9840.00,0.00,9840.00,173840.00,INR,BANK_004,PAID,PAYROLL_00000086
PYR_000087,EMP_000007,Aditya Rao,Customer Experience,CX Manager,2025-10,2025-10-28,22000.00,1320.00,200.00,0.00,1520.00,20480.00,1320.00,0.00,1320.00,23320.00,INR,BANK_004,PAID,PAYROLL_00000087
PYR_000088,EMP_000008,Meera Patel,Technology,QA Engineer,2025-10,2025-10-28,25000.00,1500.00,200.00,0.00,1700.00,23300.00,1500.00,0.00,1500.00,26500.00,INR,BANK_004,PAID,PAYROLL_00000088
PYR_000089,EMP_000009,Rahul Gupta,Customer Experience,CX Lead,2025-10,2025-10-28,48000.00,2880.00,200.00,316.67,3396.67,44603.33,2880.00,0.00,2880.00,50880.00,INR,BANK_004,PAID,PAYROLL_00000089
PYR_000090,EMP_000010,Vivaan Menon,Technology,Tech Lead,2025-10,2025-10-28,113000.00,6780.00,200.00,5050.00,12030.00,100970.00,6780.00,0.00,6780.00,119780.00,INR,BANK_004,PAID,PAYROLL_00000090
PYR_000091,EMP_000011,Vikram Iyer,Customer Experience,CX Executive,2025-10,2025-10-28,135000.00,8100.00,200.00,7750.00,16050.00,118950.00,8100.00,0.00,8100.00,143100.00,INR,BANK_004,PAID,PAYROLL_00000091
PYR_000092,EMP_000012,Aditya Mishra,Warehouse,Warehouse Supervisor,2025-10,2025-10-28,163000.00,9780.00,200.00,11950.00,21930.00,141070.00,9780.00,0.00,9780.00,172780.00,INR,BANK_004,PAID,PAYROLL_00000092
PYR_000093,EMP_000013,Diya Patel,Customer Experience,CX Lead,2025-10,2025-10-28,46000.00,2760.00,200.00,216.67,3176.67,42823.33,2760.00,0.00,2760.00,48760.00,INR,BANK_004,PAID,PAYROLL_00000093
PYR_000094,EMP_000014,Nisha Rao,Technology,Tech Lead,2025-10,2025-10-28,145000.00,8700.00,200.00,9250.00,18150.00,126850.00,8700.00,0.00,8700.00,153700.00,INR,BANK_004,PAID,PAYROLL_00000094
PYR_000095,EMP_000015,Isha Kulkarni,Customer Experience,CX Executive,2025-10,2025-10-28,24000.00,1440.00,200.00,0.00,1640.00,22360.00,1440.00,0.00,1440.00,25440.00,INR,BANK_004,PAID,PAYROLL_00000095
PYR_000096,EMP_000016,Isha Mishra,Marketing,Marketing Manager,2025-10,2025-10-28,96000.00,5760.00,200.00,3350.00,9310.00,86690.00,5760.00,0.00,5760.00,101760.00,INR,BANK_004,PAID,PAYROLL_00000096
PYR_000097,EMP_000017,Ananya Mehta,Warehouse,Warehouse Supervisor,2025-10,2025-10-28,52000.00,3120.00,200.00,516.67,3836.67,48163.33,3120.00,0.00,3120.00,55120.00,INR,BANK_004,PAID,PAYROLL_00000097
PYR_000098,EMP_000018,Aditya Menon,Customer Experience,CX Lead,2025-10,2025-10-28,42000.00,2520.00,200.00,16.67,2736.67,39263.33,2520.00,0.00,2520.00,44520.00,INR,BANK_004,PAID,PAYROLL_00000098
PYR_000099,EMP_000019,Vikram Kapoor,Marketing,Marketing Manager,2025-10,2025-10-28,23000.00,1380.00,200.00,0.00,1580.00,21420.00,1380.00,0.00,1380.00,24380.00,INR,BANK_004,PAID,PAYROLL_00000099
PYR_000100,EMP_000020,Rohan Nair,Technology,Product Analyst,2025-10,2025-10-28,81000.00,4860.00,200.00,1966.67,7026.67,73973.33,4860.00,0.00,4860.00,85860.00,INR,BANK_004,PAID,PAYROLL_00000100
PYR_000101,EMP_000021,Meera Gupta,Warehouse,Warehouse Manager,2025-10,2025-10-28,75000.00,4500.00,200.00,1666.67,6366.67,68633.33,4500.00,0.00,4500.00,79500.00,INR,BANK_004,PAID,PAYROLL_00000101
PYR_000102,EMP_000022,Rohan Pillai,Marketing,Marketing Executive,2025-10,2025-10-28,67000.00,4020.00,200.00,1266.67,5486.67,61513.33,4020.00,0.00,4020.00,71020.00,INR,BANK_004,PAID,PAYROLL_00000102
PYR_000103,EMP_000023,Sneha Pillai,Technology,QA Engineer,2025-10,2025-10-28,73000.00,4380.00,200.00,1566.67,6146.67,66853.33,4380.00,0.00,4380.00,77380.00,INR,BANK_004,PAID,PAYROLL_00000103
PYR_000104,EMP_000024,Ananya Patel,Warehouse,Warehouse Manager,2025-10,2025-10-28,29000.00,1740.00,200.00,0.00,1940.00,27060.00,1740.00,0.00,1740.00,30740.00,INR,BANK_004,PAID,PAYROLL_00000104
PYR_000105,EMP_000025,Rohan Verma,Finance,Finance Manager,2025-10,2025-10-28,125000.00,7500.00,200.00,6250.00,13950.00,111050.00,7500.00,0.00,7500.00,132500.00,INR,BANK_004,PAID,PAYROLL_00000105
PYR_000106,EMP_000026,Karan Pillai,Customer Experience,CX Manager,2025-10,2025-10-28,80000.00,4800.00,200.00,1916.67,6916.67,73083.33,4800.00,0.00,4800.00,84800.00,INR,BANK_004,PAID,PAYROLL_00000106
PYR_000107,EMP_000027,Aditi Singh,Technology,Software Engineer,2025-10,2025-10-28,147000.00,8820.00,200.00,9550.00,18570.00,128430.00,8820.00,0.00,8820.00,155820.00,INR,BANK_004,PAID,PAYROLL_00000107
PYR_000108,EMP_000028,Vivaan Kulkarni,Customer Experience,CX Lead,2025-10,2025-10-28,156000.00,9360.00,200.00,10900.00,20460.00,135540.00,9360.00,0.00,9360.00,165360.00,INR,BANK_004,PAID,PAYROLL_00000108
PYR_000109,EMP_000029,Aditi Nair,Marketing,Marketing Manager,2025-10,2025-10-28,134000.00,8040.00,200.00,7600.00,15840.00,118160.00,8040.00,0.00,8040.00,142040.00,INR,BANK_004,PAID,PAYROLL_00000109
PYR_000110,EMP_000030,Neha Patel,Marketing,Marketing Manager,2025-10,2025-10-28,22000.00,1320.00,200.00,0.00,1520.00,20480.00,1320.00,0.00,1320.00,23320.00,INR,BANK_004,PAID,PAYROLL_00000110
PYR_000111,EMP_000031,Kavya Rao,Operations,Operations Executive,2025-10,2025-10-28,41000.00,2460.00,200.00,0.00,2660.00,38340.00,2460.00,0.00,2460.00,43460.00,INR,BANK_004,PAID,PAYROLL_00000111
PYR_000112,EMP_000032,Aditya Sharma,Marketing,Marketing Manager,2025-10,2025-10-28,25000.00,1500.00,200.00,0.00,1700.00,23300.00,1500.00,0.00,1500.00,26500.00,INR,BANK_004,PAID,PAYROLL_00000112
PYR_000113,EMP_000033,Vikram Das,Operations,Operations Manager,2025-10,2025-10-28,28000.00,1680.00,200.00,0.00,1880.00,26120.00,1680.00,0.00,1680.00,29680.00,INR,BANK_004,PAID,PAYROLL_00000113
PYR_000114,EMP_000034,Riya Das,Warehouse,Warehouse Associate,2025-10,2025-10-28,62000.00,3720.00,200.00,1016.67,4936.67,57063.33,3720.00,0.00,3720.00,65720.00,INR,BANK_004,PAID,PAYROLL_00000114
PYR_000115,EMP_000035,Aditi Nair,Customer Experience,CX Lead,2025-10,2025-10-28,53000.00,3180.00,200.00,566.67,3946.67,49053.33,3180.00,0.00,3180.00,56180.00,INR,BANK_004,PAID,PAYROLL_00000115
PYR_000116,EMP_000036,Priya Banerjee,Technology,Tech Lead,2025-10,2025-10-28,59000.00,3540.00,200.00,866.67,4606.67,54393.33,3540.00,0.00,3540.00,62540.00,INR,BANK_004,PAID,PAYROLL_00000116
PYR_000117,EMP_000037,Meera Pillai,Warehouse,Warehouse Manager,2025-10,2025-10-28,40000.00,2400.00,200.00,0.00,2600.00,37400.00,2400.00,0.00,2400.00,42400.00,INR,BANK_004,PAID,PAYROLL_00000117
PYR_000118,EMP_000038,Ananya Pillai,Customer Experience,CX Executive,2025-10,2025-10-28,31000.00,1860.00,200.00,0.00,2060.00,28940.00,1860.00,0.00,1860.00,32860.00,INR,BANK_004,PAID,PAYROLL_00000118
PYR_000119,EMP_000039,Sneha Pillai,Operations,Operations Analyst,2025-10,2025-10-28,39000.00,2340.00,200.00,0.00,2540.00,36460.00,2340.00,0.00,2340.00,41340.00,INR,BANK_004,PAID,PAYROLL_00000119
PYR_000120,EMP_000040,Diya Sharma,Operations,Operations Manager,2025-10,2025-10-28,46000.00,2760.00,200.00,216.67,3176.67,42823.33,2760.00,0.00,2760.00,48760.00,INR,BANK_004,PAID,PAYROLL_00000120
PYR_000121,EMP_000041,Aditya Mishra,Marketing,Marketing Manager,2025-10,2025-10-28,92000.00,5520.00,200.00,2950.00,8670.00,83330.00,5520.00,0.00,5520.00,97520.00,INR,BANK_004,PAID,PAYROLL_00000121
PYR_000122,EMP_000042,Rohan Joshi,Operations,Operations Executive,2025-10,2025-10-28,138000.00,8280.00,200.00,8200.00,16680.00,121320.00,8280.00,0.00,8280.00,146280.00,INR,BANK_004,PAID,PAYROLL_00000122
PYR_000123,EMP_000043,Aditya Banerjee,Warehouse,Warehouse Associate,2025-10,2025-10-28,74000.00,4440.00,200.00,1616.67,6256.67,67743.33,4440.00,0.00,4440.00,78440.00,INR,BANK_004,PAID,PAYROLL_00000123
PYR_000124,EMP_000044,Rohan Desai,Marketing,Marketing Executive,2025-10,2025-10-28,25000.00,1500.00,200.00,0.00,1700.00,23300.00,1500.00,0.00,1500.00,26500.00,INR,BANK_004,PAID,PAYROLL_00000124
PYR_000125,EMP_000045,Priya Bhat,Finance,Accountant,2025-10,2025-10-28,27000.00,1620.00,200.00,0.00,1820.00,25180.00,1620.00,0.00,1620.00,28620.00,INR,BANK_004,PAID,PAYROLL_00000125
PYR_000126,EMP_000046,Rohan Iyer,Customer Experience,CX Manager,2025-10,2025-10-28,92000.00,5520.00,200.00,2950.00,8670.00,83330.00,5520.00,0.00,5520.00,97520.00,INR,BANK_004,PAID,PAYROLL_00000126
PYR_000127,EMP_000047,Pooja Rao,Operations,Operations Manager,2025-10,2025-10-28,25000.00,1500.00,200.00,0.00,1700.00,23300.00,1500.00,0.00,1500.00,26500.00,INR,BANK_004,PAID,PAYROLL_00000127
PYR_000128,EMP_000048,Kavya Pillai,Marketing,Performance Marketer,2025-10,2025-10-28,150000.00,9000.00,200.00,10000.00,19200.00,130800.00,9000.00,0.00,9000.00,159000.00,INR,BANK_004,PAID,PAYROLL_00000128
PYR_000129,EMP_000049,Nisha Verma,Technology,QA Engineer,2025-10,2025-10-28,47000.00,2820.00,200.00,266.67,3286.67,43713.33,2820.00,0.00,2820.00,49820.00,INR,BANK_004,PAID,PAYROLL_00000129
PYR_000130,EMP_000050,Aditya Kapoor,Operations,Operations Executive,2025-10,2025-10-28,104000.00,6240.00,200.00,4150.00,10590.00,93410.00,6240.00,0.00,6240.00,110240.00,INR,BANK_004,PAID,PAYROLL_00000130
PYR_000131,EMP_000051,Vikram Das,Marketing,Marketing Executive,2025-10,2025-10-28,40000.00,2400.00,200.00,0.00,2600.00,37400.00,2400.00,0.00,2400.00,42400.00,INR,BANK_004,PAID,PAYROLL_00000131
PYR_000132,EMP_000052,Sneha Patel,Technology,QA Engineer,2025-10,2025-10-28,39000.00,2340.00,200.00,0.00,2540.00,36460.00,2340.00,0.00,2340.00,41340.00,INR,BANK_004,PAID,PAYROLL_00000132
PYR_000133,EMP_000053,Aditya Mishra,Finance,Finance Analyst,2025-10,2025-10-28,143000.00,8580.00,200.00,8950.00,17730.00,125270.00,8580.00,0.00,8580.00,151580.00,INR,BANK_004,PAID,PAYROLL_00000133
PYR_000134,EMP_000054,Diya Pillai,Finance,Finance Analyst,2025-10,2025-10-28,164000.00,9840.00,200.00,12100.00,22140.00,141860.00,9840.00,0.00,9840.00,173840.00,INR,BANK_004,PAID,PAYROLL_00000134
PYR_000135,EMP_000055,Priya Mehta,Marketing,Performance Marketer,2025-10,2025-10-28,161000.00,9660.00,200.00,11650.00,21510.00,139490.00,9660.00,0.00,9660.00,170660.00,INR,BANK_004,PAID,PAYROLL_00000135
PYR_000136,EMP_000056,Rohan Singh,Finance,Accountant,2025-10,2025-10-28,55000.00,3300.00,200.00,666.67,4166.67,50833.33,3300.00,0.00,3300.00,58300.00,INR,BANK_004,PAID,PAYROLL_00000136
PYR_000137,EMP_000057,Sneha Desai,Marketing,Marketing Manager,2025-10,2025-10-28,48000.00,2880.00,200.00,316.67,3396.67,44603.33,2880.00,0.00,2880.00,50880.00,INR,BANK_004,PAID,PAYROLL_00000137
PYR_000138,EMP_000058,Aditi Rao,Warehouse,Warehouse Associate,2025-10,2025-10-28,80000.00,4800.00,200.00,1916.67,6916.67,73083.33,4800.00,0.00,4800.00,84800.00,INR,BANK_004,PAID,PAYROLL_00000138
PYR_000139,EMP_000059,Aarav Desai,Technology,Product Analyst,2025-10,2025-10-28,23000.00,1380.00,200.00,0.00,1580.00,21420.00,1380.00,0.00,1380.00,24380.00,INR,BANK_004,PAID,PAYROLL_00000139
PYR_000140,EMP_000060,Vivaan Mishra,Warehouse,Warehouse Manager,2025-10,2025-10-28,37000.00,2220.00,200.00,0.00,2420.00,34580.00,2220.00,0.00,2220.00,39220.00,INR,BANK_004,PAID,PAYROLL_00000140
PYR_000141,EMP_000061,Shreya Rao,Finance,Finance Executive,2025-10,2025-10-28,79000.00,4740.00,200.00,1866.67,6806.67,72193.33,4740.00,0.00,4740.00,83740.00,INR,BANK_004,PAID,PAYROLL_00000141
PYR_000142,EMP_000062,Vikram Gupta,Operations,Operations Analyst,2025-10,2025-10-28,99000.00,5940.00,200.00,3650.00,9790.00,89210.00,5940.00,0.00,5940.00,104940.00,INR,BANK_004,PAID,PAYROLL_00000142
PYR_000143,EMP_000063,Priya Sharma,Customer Experience,CX Executive,2025-10,2025-10-28,169000.00,10140.00,200.00,12850.00,23190.00,145810.00,10140.00,0.00,10140.00,179140.00,INR,BANK_004,PAID,PAYROLL_00000143
PYR_000144,EMP_000064,Aditi Banerjee,Marketing,Marketing Manager,2025-10,2025-10-28,142000.00,8520.00,200.00,8800.00,17520.00,124480.00,8520.00,0.00,8520.00,150520.00,INR,BANK_004,PAID,PAYROLL_00000144
PYR_000145,EMP_000065,Aarav Pillai,Technology,Tech Lead,2025-10,2025-10-28,111000.00,6660.00,200.00,4850.00,11710.00,99290.00,6660.00,0.00,6660.00,117660.00,INR,BANK_004,PAID,PAYROLL_00000145
PYR_000146,EMP_000066,Shreya Kulkarni,Marketing,Performance Marketer,2025-10,2025-10-28,32000.00,1920.00,200.00,0.00,2120.00,29880.00,1920.00,0.00,1920.00,33920.00,INR,BANK_004,PAID,PAYROLL_00000146
PYR_000147,EMP_000067,Aditya Patel,Technology,Software Engineer,2025-10,2025-10-28,144000.00,8640.00,200.00,9100.00,17940.00,126060.00,8640.00,0.00,8640.00,152640.00,INR,BANK_004,PAID,PAYROLL_00000147
PYR_000148,EMP_000068,Ananya Reddy,Operations,Operations Manager,2025-10,2025-10-28,51000.00,3060.00,200.00,466.67,3726.67,47273.33,3060.00,0.00,3060.00,54060.00,INR,BANK_004,PAID,PAYROLL_00000148
PYR_000149,EMP_000069,Meera Kapoor,Warehouse,Warehouse Manager,2025-10,2025-10-28,61000.00,3660.00,200.00,966.67,4826.67,56173.33,3660.00,0.00,3660.00,64660.00,INR,BANK_004,PAID,PAYROLL_00000149
PYR_000150,EMP_000070,Aarav Reddy,Operations,Operations Manager,2025-10,2025-10-28,46000.00,2760.00,200.00,216.67,3176.67,42823.33,2760.00,0.00,2760.00,48760.00,INR,BANK_004,PAID,PAYROLL_00000150
PYR_000151,EMP_000071,Vivaan Bhat,Finance,Finance Analyst,2025-10,2025-10-28,26000.00,1560.00,200.00,0.00,1760.00,24240.00,1560.00,0.00,1560.00,27560.00,INR,BANK_004,PAID,PAYROLL_00000151
PYR_000152,EMP_000072,Rahul Joshi,Finance,Finance Manager,2025-10,2025-10-28,132000.00,7920.00,200.00,7300.00,15420.00,116580.00,7920.00,0.00,7920.00,139920.00,INR,BANK_004,PAID,PAYROLL_00000152
PYR_000153,EMP_000073,Rohan Verma,Customer Experience,CX Manager,2025-10,2025-10-28,123000.00,7380.00,200.00,6050.00,13630.00,109370.00,7380.00,0.00,7380.00,130380.00,INR,BANK_004,PAID,PAYROLL_00000153
PYR_000154,EMP_000074,Neha Joshi,Technology,Software Engineer,2025-10,2025-10-28,74000.00,4440.00,200.00,1616.67,6256.67,67743.33,4440.00,0.00,4440.00,78440.00,INR,BANK_004,PAID,PAYROLL_00000154
PYR_000155,EMP_000075,Shreya Mishra,Warehouse,Warehouse Supervisor,2025-10,2025-10-28,135000.00,8100.00,200.00,7750.00,16050.00,118950.00,8100.00,0.00,8100.00,143100.00,INR,BANK_004,PAID,PAYROLL_00000155
PYR_000156,EMP_000076,Vikram Rao,Customer Experience,CX Manager,2025-10,2025-10-28,43000.00,2580.00,200.00,66.67,2846.67,40153.33,2580.00,0.00,2580.00,45580.00,INR,BANK_004,PAID,PAYROLL_00000156
PYR_000157,EMP_000077,Ishaan Joshi,Warehouse,Warehouse Associate,2025-10,2025-10-28,48000.00,2880.00,200.00,316.67,3396.67,44603.33,2880.00,0.00,2880.00,50880.00,INR,BANK_004,PAID,PAYROLL_00000157
PYR_000158,EMP_000078,Riya Kapoor,Customer Experience,CX Lead,2025-10,2025-10-28,31000.00,1860.00,200.00,0.00,2060.00,28940.00,1860.00,0.00,1860.00,32860.00,INR,BANK_004,PAID,PAYROLL_00000158
PYR_000159,EMP_000079,Vivaan Nair,Finance,Finance Manager,2025-10,2025-10-28,63000.00,3780.00,200.00,1066.67,5046.67,57953.33,3780.00,0.00,3780.00,66780.00,INR,BANK_004,PAID,PAYROLL_00000159
PYR_000160,EMP_000080,Sneha Singh,Customer Experience,CX Manager,2025-10,2025-10-28,23000.00,1380.00,200.00,0.00,1580.00,21420.00,1380.00,0.00,1380.00,24380.00,INR,BANK_004,PAID,PAYROLL_00000160
PYR_000161,EMP_000001,Shreya Sharma,Marketing,Marketing Executive,2025-11,2025-11-28,22000.00,1320.00,200.00,0.00,1520.00,20480.00,1320.00,0.00,1320.00,23320.00,INR,BANK_004,PAID,PAYROLL_00000161
PYR_000162,EMP_000002,Pooja Gupta,Marketing,Marketing Manager,2025-11,2025-11-28,55000.00,3300.00,200.00,666.67,4166.67,50833.33,3300.00,0.00,3300.00,58300.00,INR,BANK_004,PAID,PAYROLL_00000162
PYR_000163,EMP_000003,Karan Pillai,Technology,Product Analyst,2025-11,2025-11-28,36000.00,2160.00,200.00,0.00,2360.00,33640.00,2160.00,0.00,2160.00,38160.00,INR,BANK_004,PAID,PAYROLL_00000163
PYR_000164,EMP_000004,Riya Kapoor,Technology,Product Analyst,2025-11,2025-11-28,32000.00,1920.00,200.00,0.00,2120.00,29880.00,1920.00,0.00,1920.00,33920.00,INR,BANK_004,PAID,PAYROLL_00000164
PYR_000165,EMP_000005,Rahul Singh,Warehouse,Warehouse Manager,2025-11,2025-11-28,121000.00,7260.00,200.00,5850.00,13310.00,107690.00,7260.00,0.00,7260.00,128260.00,INR,BANK_004,PAID,PAYROLL_00000165
PYR_000166,EMP_000006,Shreya Mishra,Marketing,Marketing Executive,2025-11,2025-11-28,164000.00,9840.00,200.00,12100.00,22140.00,141860.00,9840.00,0.00,9840.00,173840.00,INR,BANK_004,PAID,PAYROLL_00000166
PYR_000167,EMP_000007,Aditya Rao,Customer Experience,CX Manager,2025-11,2025-11-28,22000.00,1320.00,200.00,0.00,1520.00,20480.00,1320.00,0.00,1320.00,23320.00,INR,BANK_004,PAID,PAYROLL_00000167
PYR_000168,EMP_000008,Meera Patel,Technology,QA Engineer,2025-11,2025-11-28,25000.00,1500.00,200.00,0.00,1700.00,23300.00,1500.00,0.00,1500.00,26500.00,INR,BANK_004,PAID,PAYROLL_00000168
PYR_000169,EMP_000009,Rahul Gupta,Customer Experience,CX Lead,2025-11,2025-11-28,48000.00,2880.00,200.00,316.67,3396.67,44603.33,2880.00,0.00,2880.00,50880.00,INR,BANK_004,PAID,PAYROLL_00000169
PYR_000170,EMP_000010,Vivaan Menon,Technology,Tech Lead,2025-11,2025-11-28,113000.00,6780.00,200.00,5050.00,12030.00,100970.00,6780.00,0.00,6780.00,119780.00,INR,BANK_004,PAID,PAYROLL_00000170
PYR_000171,EMP_000011,Vikram Iyer,Customer Experience,CX Executive,2025-11,2025-11-28,135000.00,8100.00,200.00,7750.00,16050.00,118950.00,8100.00,0.00,8100.00,143100.00,INR,BANK_004,PAID,PAYROLL_00000171
PYR_000172,EMP_000012,Aditya Mishra,Warehouse,Warehouse Supervisor,2025-11,2025-11-28,163000.00,9780.00,200.00,11950.00,21930.00,141070.00,9780.00,0.00,9780.00,172780.00,INR,BANK_004,PAID,PAYROLL_00000172
PYR_000173,EMP_000013,Diya Patel,Customer Experience,CX Lead,2025-11,2025-11-28,46000.00,2760.00,200.00,216.67,3176.67,42823.33,2760.00,0.00,2760.00,48760.00,INR,BANK_004,PAID,PAYROLL_00000173
PYR_000174,EMP_000014,Nisha Rao,Technology,Tech Lead,2025-11,2025-11-28,145000.00,8700.00,200.00,9250.00,18150.00,126850.00,8700.00,0.00,8700.00,153700.00,INR,BANK_004,PAID,PAYROLL_00000174
PYR_000175,EMP_000015,Isha Kulkarni,Customer Experience,CX Executive,2025-11,2025-11-28,24000.00,1440.00,200.00,0.00,1640.00,22360.00,1440.00,0.00,1440.00,25440.00,INR,BANK_004,PAID,PAYROLL_00000175
PYR_000176,EMP_000016,Isha Mishra,Marketing,Marketing Manager,2025-11,2025-11-28,96000.00,5760.00,200.00,3350.00,9310.00,86690.00,5760.00,0.00,5760.00,101760.00,INR,BANK_004,PAID,PAYROLL_00000176
PYR_000177,EMP_000017,Ananya Mehta,Warehouse,Warehouse Supervisor,2025-11,2025-11-28,52000.00,3120.00,200.00,516.67,3836.67,48163.33,3120.00,0.00,3120.00,55120.00,INR,BANK_004,PAID,PAYROLL_00000177
PYR_000178,EMP_000018,Aditya Menon,Customer Experience,CX Lead,2025-11,2025-11-28,42000.00,2520.00,200.00,16.67,2736.67,39263.33,2520.00,0.00,2520.00,44520.00,INR,BANK_004,PAID,PAYROLL_00000178
PYR_000179,EMP_000019,Vikram Kapoor,Marketing,Marketing Manager,2025-11,2025-11-28,23000.00,1380.00,200.00,0.00,1580.00,21420.00,1380.00,0.00,1380.00,24380.00,INR,BANK_004,PAID,PAYROLL_00000179
PYR_000180,EMP_000020,Rohan Nair,Technology,Product Analyst,2025-11,2025-11-28,81000.00,4860.00,200.00,1966.67,7026.67,73973.33,4860.00,0.00,4860.00,85860.00,INR,BANK_004,PAID,PAYROLL_00000180
PYR_000181,EMP_000021,Meera Gupta,Warehouse,Warehouse Manager,2025-11,2025-11-28,75000.00,4500.00,200.00,1666.67,6366.67,68633.33,4500.00,0.00,4500.00,79500.00,INR,BANK_004,PAID,PAYROLL_00000181
PYR_000182,EMP_000022,Rohan Pillai,Marketing,Marketing Executive,2025-11,2025-11-28,67000.00,4020.00,200.00,1266.67,5486.67,61513.33,4020.00,0.00,4020.00,71020.00,INR,BANK_004,PAID,PAYROLL_00000182
PYR_000183,EMP_000023,Sneha Pillai,Technology,QA Engineer,2025-11,2025-11-28,73000.00,4380.00,200.00,1566.67,6146.67,66853.33,4380.00,0.00,4380.00,77380.00,INR,BANK_004,PAID,PAYROLL_00000183
PYR_000184,EMP_000024,Ananya Patel,Warehouse,Warehouse Manager,2025-11,2025-11-28,29000.00,1740.00,200.00,0.00,1940.00,27060.00,1740.00,0.00,1740.00,30740.00,INR,BANK_004,PAID,PAYROLL_00000184
PYR_000185,EMP_000025,Rohan Verma,Finance,Finance Manager,2025-11,2025-11-28,125000.00,7500.00,200.00,6250.00,13950.00,111050.00,7500.00,0.00,7500.00,132500.00,INR,BANK_004,PAID,PAYROLL_00000185
PYR_000186,EMP_000026,Karan Pillai,Customer Experience,CX Manager,2025-11,2025-11-28,80000.00,4800.00,200.00,1916.67,6916.67,73083.33,4800.00,0.00,4800.00,84800.00,INR,BANK_004,PAID,PAYROLL_00000186
PYR_000187,EMP_000027,Aditi Singh,Technology,Software Engineer,2025-11,2025-11-28,147000.00,8820.00,200.00,9550.00,18570.00,128430.00,8820.00,0.00,8820.00,155820.00,INR,BANK_004,PAID,PAYROLL_00000187
PYR_000188,EMP_000028,Vivaan Kulkarni,Customer Experience,CX Lead,2025-11,2025-11-28,156000.00,9360.00,200.00,10900.00,20460.00,135540.00,9360.00,0.00,9360.00,165360.00,INR,BANK_004,PAID,PAYROLL_00000188
PYR_000189,EMP_000029,Aditi Nair,Marketing,Marketing Manager,2025-11,2025-11-28,134000.00,8040.00,200.00,7600.00,15840.00,118160.00,8040.00,0.00,8040.00,142040.00,INR,BANK_004,PAID,PAYROLL_00000189
PYR_000190,EMP_000030,Neha Patel,Marketing,Marketing Manager,2025-11,2025-11-28,22000.00,1320.00,200.00,0.00,1520.00,20480.00,1320.00,0.00,1320.00,23320.00,INR,BANK_004,PAID,PAYROLL_00000190
PYR_000191,EMP_000031,Kavya Rao,Operations,Operations Executive,2025-11,2025-11-28,41000.00,2460.00,200.00,0.00,2660.00,38340.00,2460.00,0.00,2460.00,43460.00,INR,BANK_004,PAID,PAYROLL_00000191
PYR_000192,EMP_000032,Aditya Sharma,Marketing,Marketing Manager,2025-11,2025-11-28,25000.00,1500.00,200.00,0.00,1700.00,23300.00,1500.00,0.00,1500.00,26500.00,INR,BANK_004,PAID,PAYROLL_00000192
PYR_000193,EMP_000033,Vikram Das,Operations,Operations Manager,2025-11,2025-11-28,28000.00,1680.00,200.00,0.00,1880.00,26120.00,1680.00,0.00,1680.00,29680.00,INR,BANK_004,PAID,PAYROLL_00000193
PYR_000194,EMP_000034,Riya Das,Warehouse,Warehouse Associate,2025-11,2025-11-28,62000.00,3720.00,200.00,1016.67,4936.67,57063.33,3720.00,0.00,3720.00,65720.00,INR,BANK_004,PAID,PAYROLL_00000194
PYR_000195,EMP_000035,Aditi Nair,Customer Experience,CX Lead,2025-11,2025-11-28,53000.00,3180.00,200.00,566.67,3946.67,49053.33,3180.00,0.00,3180.00,56180.00,INR,BANK_004,PAID,PAYROLL_00000195
PYR_000196,EMP_000036,Priya Banerjee,Technology,Tech Lead,2025-11,2025-11-28,59000.00,3540.00,200.00,866.67,4606.67,54393.33,3540.00,0.00,3540.00,62540.00,INR,BANK_004,PAID,PAYROLL_00000196
PYR_000197,EMP_000037,Meera Pillai,Warehouse,Warehouse Manager,2025-11,2025-11-28,40000.00,2400.00,200.00,0.00,2600.00,37400.00,2400.00,0.00,2400.00,42400.00,INR,BANK_004,PAID,PAYROLL_00000197
PYR_000198,EMP_000038,Ananya Pillai,Customer Experience,CX Executive,2025-11,2025-11-28,31000.00,1860.00,200.00,0.00,2060.00,28940.00,1860.00,0.00,1860.00,32860.00,INR,BANK_004,PAID,PAYROLL_00000198
PYR_000199,EMP_000039,Sneha Pillai,Operations,Operations Analyst,2025-11,2025-11-28,39000.00,2340.00,200.00,0.00,2540.00,36460.00,2340.00,0.00,2340.00,41340.00,INR,BANK_004,PAID,PAYROLL_00000199
PYR_000200,EMP_000040,Diya Sharma,Operations,Operations Manager,2025-11,2025-11-28,46000.00,2760.00,200.00,216.67,3176.67,42823.33,2760.00,0.00,2760.00,48760.00,INR,BANK_004,PAID,PAYROLL_00000200
PYR_000201,EMP_000041,Aditya Mishra,Marketing,Marketing Manager,2025-11,2025-11-28,92000.00,5520.00,200.00,2950.00,8670.00,83330.00,5520.00,0.00,5520.00,97520.00,INR,BANK_004,PAID,PAYROLL_00000201
PYR_000202,EMP_000042,Rohan Joshi,Operations,Operations Executive,2025-11,2025-11-28,138000.00,8280.00,200.00,8200.00,16680.00,121320.00,8280.00,0.00,8280.00,146280.00,INR,BANK_004,PAID,PAYROLL_00000202
PYR_000203,EMP_000043,Aditya Banerjee,Warehouse,Warehouse Associate,2025-11,2025-11-28,74000.00,4440.00,200.00,1616.67,6256.67,67743.33,4440.00,0.00,4440.00,78440.00,INR,BANK_004,PAID,PAYROLL_00000203
PYR_000204,EMP_000044,Rohan Desai,Marketing,Marketing Executive,2025-11,2025-11-28,25000.00,1500.00,200.00,0.00,1700.00,23300.00,1500.00,0.00,1500.00,26500.00,INR,BANK_004,PAID,PAYROLL_00000204
PYR_000205,EMP_000045,Priya Bhat,Finance,Accountant,2025-11,2025-11-28,27000.00,1620.00,200.00,0.00,1820.00,25180.00,1620.00,0.00,1620.00,28620.00,INR,BANK_004,PAID,PAYROLL_00000205
PYR_000206,EMP_000046,Rohan Iyer,Customer Experience,CX Manager,2025-11,2025-11-28,92000.00,5520.00,200.00,2950.00,8670.00,83330.00,5520.00,0.00,5520.00,97520.00,INR,BANK_004,PAID,PAYROLL_00000206
PYR_000207,EMP_000047,Pooja Rao,Operations,Operations Manager,2025-11,2025-11-28,25000.00,1500.00,200.00,0.00,1700.00,23300.00,1500.00,0.00,1500.00,26500.00,INR,BANK_004,PAID,PAYROLL_00000207
PYR_000208,EMP_000048,Kavya Pillai,Marketing,Performance Marketer,2025-11,2025-11-28,150000.00,9000.00,200.00,10000.00,19200.00,130800.00,9000.00,0.00,9000.00,159000.00,INR,BANK_004,PAID,PAYROLL_00000208
PYR_000209,EMP_000049,Nisha Verma,Technology,QA Engineer,2025-11,2025-11-28,47000.00,2820.00,200.00,266.67,3286.67,43713.33,2820.00,0.00,2820.00,49820.00,INR,BANK_004,PAID,PAYROLL_00000209
PYR_000210,EMP_000050,Aditya Kapoor,Operations,Operations Executive,2025-11,2025-11-28,104000.00,6240.00,200.00,4150.00,10590.00,93410.00,6240.00,0.00,6240.00,110240.00,INR,BANK_004,PAID,PAYROLL_00000210
PYR_000211,EMP_000051,Vikram Das,Marketing,Marketing Executive,2025-11,2025-11-28,40000.00,2400.00,200.00,0.00,2600.00,37400.00,2400.00,0.00,2400.00,42400.00,INR,BANK_004,PAID,PAYROLL_00000211
PYR_000212,EMP_000052,Sneha Patel,Technology,QA Engineer,2025-11,2025-11-28,39000.00,2340.00,200.00,0.00,2540.00,36460.00,2340.00,0.00,2340.00,41340.00,INR,BANK_004,PAID,PAYROLL_00000212
PYR_000213,EMP_000053,Aditya Mishra,Finance,Finance Analyst,2025-11,2025-11-28,143000.00,8580.00,200.00,8950.00,17730.00,125270.00,8580.00,0.00,8580.00,151580.00,INR,BANK_004,PAID,PAYROLL_00000213
PYR_000214,EMP_000054,Diya Pillai,Finance,Finance Analyst,2025-11,2025-11-28,164000.00,9840.00,200.00,12100.00,22140.00,141860.00,9840.00,0.00,9840.00,173840.00,INR,BANK_004,PAID,PAYROLL_00000214
PYR_000215,EMP_000055,Priya Mehta,Marketing,Performance Marketer,2025-11,2025-11-28,161000.00,9660.00,200.00,11650.00,21510.00,139490.00,9660.00,0.00,9660.00,170660.00,INR,BANK_004,PAID,PAYROLL_00000215
PYR_000216,EMP_000056,Rohan Singh,Finance,Accountant,2025-11,2025-11-28,55000.00,3300.00,200.00,666.67,4166.67,50833.33,3300.00,0.00,3300.00,58300.00,INR,BANK_004,PAID,PAYROLL_00000216
PYR_000217,EMP_000057,Sneha Desai,Marketing,Marketing Manager,2025-11,2025-11-28,48000.00,2880.00,200.00,316.67,3396.67,44603.33,2880.00,0.00,2880.00,50880.00,INR,BANK_004,PAID,PAYROLL_00000217
PYR_000218,EMP_000058,Aditi Rao,Warehouse,Warehouse Associate,2025-11,2025-11-28,80000.00,4800.00,200.00,1916.67,6916.67,73083.33,4800.00,0.00,4800.00,84800.00,INR,BANK_004,PAID,PAYROLL_00000218
PYR_000219,EMP_000059,Aarav Desai,Technology,Product Analyst,2025-11,2025-11-28,23000.00,1380.00,200.00,0.00,1580.00,21420.00,1380.00,0.00,1380.00,24380.00,INR,BANK_004,PAID,PAYROLL_00000219
PYR_000220,EMP_000060,Vivaan Mishra,Warehouse,Warehouse Manager,2025-11,2025-11-28,37000.00,2220.00,200.00,0.00,2420.00,34580.00,2220.00,0.00,2220.00,39220.00,INR,BANK_004,PAID,PAYROLL_00000220
PYR_000221,EMP_000061,Shreya Rao,Finance,Finance Executive,2025-11,2025-11-28,79000.00,4740.00,200.00,1866.67,6806.67,72193.33,4740.00,0.00,4740.00,83740.00,INR,BANK_004,PAID,PAYROLL_00000221
PYR_000222,EMP_000062,Vikram Gupta,Operations,Operations Analyst,2025-11,2025-11-28,99000.00,5940.00,200.00,3650.00,9790.00,89210.00,5940.00,0.00,5940.00,104940.00,INR,BANK_004,PAID,PAYROLL_00000222
PYR_000223,EMP_000063,Priya Sharma,Customer Experience,CX Executive,2025-11,2025-11-28,169000.00,10140.00,200.00,12850.00,23190.00,145810.00,10140.00,0.00,10140.00,179140.00,INR,BANK_004,PAID,PAYROLL_00000223
PYR_000224,EMP_000064,Aditi Banerjee,Marketing,Marketing Manager,2025-11,2025-11-28,142000.00,8520.00,200.00,8800.00,17520.00,124480.00,8520.00,0.00,8520.00,150520.00,INR,BANK_004,PAID,PAYROLL_00000224
PYR_000225,EMP_000065,Aarav Pillai,Technology,Tech Lead,2025-11,2025-11-28,111000.00,6660.00,200.00,4850.00,11710.00,99290.00,6660.00,0.00,6660.00,117660.00,INR,BANK_004,PAID,PAYROLL_00000225
PYR_000226,EMP_000066,Shreya Kulkarni,Marketing,Performance Marketer,2025-11,2025-11-28,32000.00,1920.00,200.00,0.00,2120.00,29880.00,1920.00,0.00,1920.00,33920.00,INR,BANK_004,PAID,PAYROLL_00000226
PYR_000227,EMP_000067,Aditya Patel,Technology,Software Engineer,2025-11,2025-11-28,144000.00,8640.00,200.00,9100.00,17940.00,126060.00,8640.00,0.00,8640.00,152640.00,INR,BANK_004,PAID,PAYROLL_00000227
PYR_000228,EMP_000068,Ananya Reddy,Operations,Operations Manager,2025-11,2025-11-28,51000.00,3060.00,200.00,466.67,3726.67,47273.33,3060.00,0.00,3060.00,54060.00,INR,BANK_004,PAID,PAYROLL_00000228
PYR_000229,EMP_000069,Meera Kapoor,Warehouse,Warehouse Manager,2025-11,2025-11-28,61000.00,3660.00,200.00,966.67,4826.67,56173.33,3660.00,0.00,3660.00,64660.00,INR,BANK_004,PAID,PAYROLL_00000229
PYR_000230,EMP_000070,Aarav Reddy,Operations,Operations Manager,2025-11,2025-11-28,46000.00,2760.00,200.00,216.67,3176.67,42823.33,2760.00,0.00,2760.00,48760.00,INR,BANK_004,PAID,PAYROLL_00000230
PYR_000231,EMP_000071,Vivaan Bhat,Finance,Finance Analyst,2025-11,2025-11-28,26000.00,1560.00,200.00,0.00,1760.00,24240.00,1560.00,0.00,1560.00,27560.00,INR,BANK_004,PAID,PAYROLL_00000231
PYR_000232,EMP_000072,Rahul Joshi,Finance,Finance Manager,2025-11,2025-11-28,132000.00,7920.00,200.00,7300.00,15420.00,116580.00,7920.00,0.00,7920.00,139920.00,INR,BANK_004,PAID,PAYROLL_00000232
PYR_000233,EMP_000073,Rohan Verma,Customer Experience,CX Manager,2025-11,2025-11-28,123000.00,7380.00,200.00,6050.00,13630.00,109370.00,7380.00,0.00,7380.00,130380.00,INR,BANK_004,PAID,PAYROLL_00000233
PYR_000234,EMP_000074,Neha Joshi,Technology,Software Engineer,2025-11,2025-11-28,74000.00,4440.00,200.00,1616.67,6256.67,67743.33,4440.00,0.00,4440.00,78440.00,INR,BANK_004,PAID,PAYROLL_00000234
PYR_000235,EMP_000075,Shreya Mishra,Warehouse,Warehouse Supervisor,2025-11,2025-11-28,135000.00,8100.00,200.00,7750.00,16050.00,118950.00,8100.00,0.00,8100.00,143100.00,INR,BANK_004,PAID,PAYROLL_00000235
PYR_000236,EMP_000076,Vikram Rao,Customer Experience,CX Manager,2025-11,2025-11-28,43000.00,2580.00,200.00,66.67,2846.67,40153.33,2580.00,0.00,2580.00,45580.00,INR,BANK_004,PAID,PAYROLL_00000236
PYR_000237,EMP_000077,Ishaan Joshi,Warehouse,Warehouse Associate,2025-11,2025-11-28,48000.00,2880.00,200.00,316.67,3396.67,44603.33,2880.00,0.00,2880.00,50880.00,INR,BANK_004,PAID,PAYROLL_00000237
PYR_000238,EMP_000078,Riya Kapoor,Customer Experience,CX Lead,2025-11,2025-11-28,31000.00,1860.00,200.00,0.00,2060.00,28940.00,1860.00,0.00,1860.00,32860.00,INR,BANK_004,PAID,PAYROLL_00000238
PYR_000239,EMP_000079,Vivaan Nair,Finance,Finance Manager,2025-11,2025-11-28,63000.00,3780.00,200.00,1066.67,5046.67,57953.33,3780.00,0.00,3780.00,66780.00,INR,BANK_004,PAID,PAYROLL_00000239
PYR_000240,EMP_000080,Sneha Singh,Customer Experience,CX Manager,2025-11,2025-11-28,23000.00,1380.00,200.00,0.00,1580.00,21420.00,1380.00,0.00,1380.00,24380.00,INR,BANK_004,PAID,PAYROLL_00000240
PYR_000241,EMP_000001,Shreya Sharma,Marketing,Marketing Executive,2025-12,2025-12-28,22000.00,1320.00,200.00,0.00,1520.00,20480.00,1320.00,0.00,1320.00,23320.00,INR,BANK_004,PAID,PAYROLL_00000241
PYR_000242,EMP_000002,Pooja Gupta,Marketing,Marketing Manager,2025-12,2025-12-28,55000.00,3300.00,200.00,666.67,4166.67,50833.33,3300.00,0.00,3300.00,58300.00,INR,BANK_004,PAID,PAYROLL_00000242
PYR_000243,EMP_000003,Karan Pillai,Technology,Product Analyst,2025-12,2025-12-28,36000.00,2160.00,200.00,0.00,2360.00,33640.00,2160.00,0.00,2160.00,38160.00,INR,BANK_004,PAID,PAYROLL_00000243
PYR_000244,EMP_000004,Riya Kapoor,Technology,Product Analyst,2025-12,2025-12-28,32000.00,1920.00,200.00,0.00,2120.00,29880.00,1920.00,0.00,1920.00,33920.00,INR,BANK_004,PAID,PAYROLL_00000244
PYR_000245,EMP_000005,Rahul Singh,Warehouse,Warehouse Manager,2025-12,2025-12-28,121000.00,7260.00,200.00,5850.00,13310.00,107690.00,7260.00,0.00,7260.00,128260.00,INR,BANK_004,PAID,PAYROLL_00000245
PYR_000246,EMP_000006,Shreya Mishra,Marketing,Marketing Executive,2025-12,2025-12-28,164000.00,9840.00,200.00,12100.00,22140.00,141860.00,9840.00,0.00,9840.00,173840.00,INR,BANK_004,PAID,PAYROLL_00000246
PYR_000247,EMP_000007,Aditya Rao,Customer Experience,CX Manager,2025-12,2025-12-28,22000.00,1320.00,200.00,0.00,1520.00,20480.00,1320.00,0.00,1320.00,23320.00,INR,BANK_004,PAID,PAYROLL_00000247
PYR_000248,EMP_000008,Meera Patel,Technology,QA Engineer,2025-12,2025-12-28,25000.00,1500.00,200.00,0.00,1700.00,23300.00,1500.00,0.00,1500.00,26500.00,INR,BANK_004,PAID,PAYROLL_00000248
PYR_000249,EMP_000009,Rahul Gupta,Customer Experience,CX Lead,2025-12,2025-12-28,48000.00,2880.00,200.00,316.67,3396.67,44603.33,2880.00,0.00,2880.00,50880.00,INR,BANK_004,PAID,PAYROLL_00000249
PYR_000250,EMP_000010,Vivaan Menon,Technology,Tech Lead,2025-12,2025-12-28,113000.00,6780.00,200.00,5050.00,12030.00,100970.00,6780.00,0.00,6780.00,119780.00,INR,BANK_004,PAID,PAYROLL_00000250
PYR_000251,EMP_000011,Vikram Iyer,Customer Experience,CX Executive,2025-12,2025-12-28,135000.00,8100.00,200.00,7750.00,16050.00,118950.00,8100.00,0.00,8100.00,143100.00,INR,BANK_004,PAID,PAYROLL_00000251
PYR_000252,EMP_000012,Aditya Mishra,Warehouse,Warehouse Supervisor,2025-12,2025-12-28,163000.00,9780.00,200.00,11950.00,21930.00,141070.00,9780.00,0.00,9780.00,172780.00,INR,BANK_004,PAID,PAYROLL_00000252
PYR_000253,EMP_000013,Diya Patel,Customer Experience,CX Lead,2025-12,2025-12-28,46000.00,2760.00,200.00,216.67,3176.67,42823.33,2760.00,0.00,2760.00,48760.00,INR,BANK_004,PAID,PAYROLL_00000253
PYR_000254,EMP_000014,Nisha Rao,Technology,Tech Lead,2025-12,2025-12-28,145000.00,8700.00,200.00,9250.00,18150.00,126850.00,8700.00,0.00,8700.00,153700.00,INR,BANK_004,PAID,PAYROLL_00000254
PYR_000255,EMP_000015,Isha Kulkarni,Customer Experience,CX Executive,2025-12,2025-12-28,24000.00,1440.00,200.00,0.00,1640.00,22360.00,1440.00,0.00,1440.00,25440.00,INR,BANK_004,PAID,PAYROLL_00000255
PYR_000256,EMP_000016,Isha Mishra,Marketing,Marketing Manager,2025-12,2025-12-28,96000.00,5760.00,200.00,3350.00,9310.00,86690.00,5760.00,0.00,5760.00,101760.00,INR,BANK_004,PAID,PAYROLL_00000256
PYR_000257,EMP_000017,Ananya Mehta,Warehouse,Warehouse Supervisor,2025-12,2025-12-28,52000.00,3120.00,200.00,516.67,3836.67,48163.33,3120.00,0.00,3120.00,55120.00,INR,BANK_004,PAID,PAYROLL_00000257
PYR_000258,EMP_000018,Aditya Menon,Customer Experience,CX Lead,2025-12,2025-12-28,42000.00,2520.00,200.00,16.67,2736.67,39263.33,2520.00,0.00,2520.00,44520.00,INR,BANK_004,PAID,PAYROLL_00000258
PYR_000259,EMP_000019,Vikram Kapoor,Marketing,Marketing Manager,2025-12,2025-12-28,23000.00,1380.00,200.00,0.00,1580.00,21420.00,1380.00,0.00,1380.00,24380.00,INR,BANK_004,PAID,PAYROLL_00000259
PYR_000260,EMP_000020,Rohan Nair,Technology,Product Analyst,2025-12,2025-12-28,81000.00,4860.00,200.00,1966.67,7026.67,73973.33,4860.00,0.00,4860.00,85860.00,INR,BANK_004,PAID,PAYROLL_00000260
PYR_000261,EMP_000021,Meera Gupta,Warehouse,Warehouse Manager,2025-12,2025-12-28,75000.00,4500.00,200.00,1666.67,6366.67,68633.33,4500.00,0.00,4500.00,79500.00,INR,BANK_004,PAID,PAYROLL_00000261
PYR_000262,EMP_000022,Rohan Pillai,Marketing,Marketing Executive,2025-12,2025-12-28,67000.00,4020.00,200.00,1266.67,5486.67,61513.33,4020.00,0.00,4020.00,71020.00,INR,BANK_004,PAID,PAYROLL_00000262
PYR_000263,EMP_000023,Sneha Pillai,Technology,QA Engineer,2025-12,2025-12-28,73000.00,4380.00,200.00,1566.67,6146.67,66853.33,4380.00,0.00,4380.00,77380.00,INR,BANK_004,PAID,PAYROLL_00000263
PYR_000264,EMP_000024,Ananya Patel,Warehouse,Warehouse Manager,2025-12,2025-12-28,29000.00,1740.00,200.00,0.00,1940.00,27060.00,1740.00,0.00,1740.00,30740.00,INR,BANK_004,PAID,PAYROLL_00000264
PYR_000265,EMP_000025,Rohan Verma,Finance,Finance Manager,2025-12,2025-12-28,125000.00,7500.00,200.00,6250.00,13950.00,111050.00,7500.00,0.00,7500.00,132500.00,INR,BANK_004,PAID,PAYROLL_00000265
PYR_000266,EMP_000026,Karan Pillai,Customer Experience,CX Manager,2025-12,2025-12-28,80000.00,4800.00,200.00,1916.67,6916.67,73083.33,4800.00,0.00,4800.00,84800.00,INR,BANK_004,PAID,PAYROLL_00000266
PYR_000267,EMP_000027,Aditi Singh,Technology,Software Engineer,2025-12,2025-12-28,147000.00,8820.00,200.00,9550.00,18570.00,128430.00,8820.00,0.00,8820.00,155820.00,INR,BANK_004,PAID,PAYROLL_00000267
PYR_000268,EMP_000028,Vivaan Kulkarni,Customer Experience,CX Lead,2025-12,2025-12-28,156000.00,9360.00,200.00,10900.00,20460.00,135540.00,9360.00,0.00,9360.00,165360.00,INR,BANK_004,PAID,PAYROLL_00000268
PYR_000269,EMP_000029,Aditi Nair,Marketing,Marketing Manager,2025-12,2025-12-28,134000.00,8040.00,200.00,7600.00,15840.00,118160.00,8040.00,0.00,8040.00,142040.00,INR,BANK_004,PAID,PAYROLL_00000269
PYR_000270,EMP_000030,Neha Patel,Marketing,Marketing Manager,2025-12,2025-12-28,22000.00,1320.00,200.00,0.00,1520.00,20480.00,1320.00,0.00,1320.00,23320.00,INR,BANK_004,PAID,PAYROLL_00000270
PYR_000271,EMP_000031,Kavya Rao,Operations,Operations Executive,2025-12,2025-12-28,41000.00,2460.00,200.00,0.00,2660.00,38340.00,2460.00,0.00,2460.00,43460.00,INR,BANK_004,PAID,PAYROLL_00000271
PYR_000272,EMP_000032,Aditya Sharma,Marketing,Marketing Manager,2025-12,2025-12-28,25000.00,1500.00,200.00,0.00,1700.00,23300.00,1500.00,0.00,1500.00,26500.00,INR,BANK_004,PAID,PAYROLL_00000272
PYR_000273,EMP_000033,Vikram Das,Operations,Operations Manager,2025-12,2025-12-28,28000.00,1680.00,200.00,0.00,1880.00,26120.00,1680.00,0.00,1680.00,29680.00,INR,BANK_004,PAID,PAYROLL_00000273
PYR_000274,EMP_000034,Riya Das,Warehouse,Warehouse Associate,2025-12,2025-12-28,62000.00,3720.00,200.00,1016.67,4936.67,57063.33,3720.00,0.00,3720.00,65720.00,INR,BANK_004,PAID,PAYROLL_00000274
PYR_000275,EMP_000035,Aditi Nair,Customer Experience,CX Lead,2025-12,2025-12-28,53000.00,3180.00,200.00,566.67,3946.67,49053.33,3180.00,0.00,3180.00,56180.00,INR,BANK_004,PAID,PAYROLL_00000275
PYR_000276,EMP_000036,Priya Banerjee,Technology,Tech Lead,2025-12,2025-12-28,59000.00,3540.00,200.00,866.67,4606.67,54393.33,3540.00,0.00,3540.00,62540.00,INR,BANK_004,PAID,PAYROLL_00000276
PYR_000277,EMP_000037,Meera Pillai,Warehouse,Warehouse Manager,2025-12,2025-12-28,40000.00,2400.00,200.00,0.00,2600.00,37400.00,2400.00,0.00,2400.00,42400.00,INR,BANK_004,PAID,PAYROLL_00000277
PYR_000278,EMP_000038,Ananya Pillai,Customer Experience,CX Executive,2025-12,2025-12-28,31000.00,1860.00,200.00,0.00,2060.00,28940.00,1860.00,0.00,1860.00,32860.00,INR,BANK_004,PAID,PAYROLL_00000278
PYR_000279,EMP_000039,Sneha Pillai,Operations,Operations Analyst,2025-12,2025-12-28,39000.00,2340.00,200.00,0.00,2540.00,36460.00,2340.00,0.00,2340.00,41340.00,INR,BANK_004,PAID,PAYROLL_00000279
PYR_000280,EMP_000040,Diya Sharma,Operations,Operations Manager,2025-12,2025-12-28,46000.00,2760.00,200.00,216.67,3176.67,42823.33,2760.00,0.00,2760.00,48760.00,INR,BANK_004,PAID,PAYROLL_00000280
PYR_000281,EMP_000041,Aditya Mishra,Marketing,Marketing Manager,2025-12,2025-12-28,92000.00,5520.00,200.00,2950.00,8670.00,83330.00,5520.00,0.00,5520.00,97520.00,INR,BANK_004,PAID,PAYROLL_00000281
PYR_000282,EMP_000042,Rohan Joshi,Operations,Operations Executive,2025-12,2025-12-28,138000.00,8280.00,200.00,8200.00,16680.00,121320.00,8280.00,0.00,8280.00,146280.00,INR,BANK_004,PAID,PAYROLL_00000282
PYR_000283,EMP_000043,Aditya Banerjee,Warehouse,Warehouse Associate,2025-12,2025-12-28,74000.00,4440.00,200.00,1616.67,6256.67,67743.33,4440.00,0.00,4440.00,78440.00,INR,BANK_004,PAID,PAYROLL_00000283
PYR_000284,EMP_000044,Rohan Desai,Marketing,Marketing Executive,2025-12,2025-12-28,25000.00,1500.00,200.00,0.00,1700.00,23300.00,1500.00,0.00,1500.00,26500.00,INR,BANK_004,PAID,PAYROLL_00000284
PYR_000285,EMP_000045,Priya Bhat,Finance,Accountant,2025-12,2025-12-28,27000.00,1620.00,200.00,0.00,1820.00,25180.00,1620.00,0.00,1620.00,28620.00,INR,BANK_004,PAID,PAYROLL_00000285
PYR_000286,EMP_000046,Rohan Iyer,Customer Experience,CX Manager,2025-12,2025-12-28,92000.00,5520.00,200.00,2950.00,8670.00,83330.00,5520.00,0.00,5520.00,97520.00,INR,BANK_004,PAID,PAYROLL_00000286
PYR_000287,EMP_000047,Pooja Rao,Operations,Operations Manager,2025-12,2025-12-28,25000.00,1500.00,200.00,0.00,1700.00,23300.00,1500.00,0.00,1500.00,26500.00,INR,BANK_004,PAID,PAYROLL_00000287
PYR_000288,EMP_000048,Kavya Pillai,Marketing,Performance Marketer,2025-12,2025-12-28,150000.00,9000.00,200.00,10000.00,19200.00,130800.00,9000.00,0.00,9000.00,159000.00,INR,BANK_004,PAID,PAYROLL_00000288
PYR_000289,EMP_000049,Nisha Verma,Technology,QA Engineer,2025-12,2025-12-28,47000.00,2820.00,200.00,266.67,3286.67,43713.33,2820.00,0.00,2820.00,49820.00,INR,BANK_004,PAID,PAYROLL_00000289
PYR_000290,EMP_000050,Aditya Kapoor,Operations,Operations Executive,2025-12,2025-12-28,104000.00,6240.00,200.00,4150.00,10590.00,93410.00,6240.00,0.00,6240.00,110240.00,INR,BANK_004,PAID,PAYROLL_00000290
PYR_000291,EMP_000051,Vikram Das,Marketing,Marketing Executive,2025-12,2025-12-28,40000.00,2400.00,200.00,0.00,2600.00,37400.00,2400.00,0.00,2400.00,42400.00,INR,BANK_004,PAID,PAYROLL_00000291
PYR_000292,EMP_000052,Sneha Patel,Technology,QA Engineer,2025-12,2025-12-28,39000.00,2340.00,200.00,0.00,2540.00,36460.00,2340.00,0.00,2340.00,41340.00,INR,BANK_004,PAID,PAYROLL_00000292
PYR_000293,EMP_000053,Aditya Mishra,Finance,Finance Analyst,2025-12,2025-12-28,143000.00,8580.00,200.00,8950.00,17730.00,125270.00,8580.00,0.00,8580.00,151580.00,INR,BANK_004,PAID,PAYROLL_00000293
PYR_000294,EMP_000054,Diya Pillai,Finance,Finance Analyst,2025-12,2025-12-28,164000.00,9840.00,200.00,12100.00,22140.00,141860.00,9840.00,0.00,9840.00,173840.00,INR,BANK_004,PAID,PAYROLL_00000294
PYR_000295,EMP_000055,Priya Mehta,Marketing,Performance Marketer,2025-12,2025-12-28,161000.00,9660.00,200.00,11650.00,21510.00,139490.00,9660.00,0.00,9660.00,170660.00,INR,BANK_004,PAID,PAYROLL_00000295
PYR_000296,EMP_000056,Rohan Singh,Finance,Accountant,2025-12,2025-12-28,55000.00,3300.00,200.00,666.67,4166.67,50833.33,3300.00,0.00,3300.00,58300.00,INR,BANK_004,PAID,PAYROLL_00000296
PYR_000297,EMP_000057,Sneha Desai,Marketing,Marketing Manager,2025-12,2025-12-28,48000.00,2880.00,200.00,316.67,3396.67,44603.33,2880.00,0.00,2880.00,50880.00,INR,BANK_004,PAID,PAYROLL_00000297
PYR_000298,EMP_000058,Aditi Rao,Warehouse,Warehouse Associate,2025-12,2025-12-28,80000.00,4800.00,200.00,1916.67,6916.67,73083.33,4800.00,0.00,4800.00,84800.00,INR,BANK_004,PAID,PAYROLL_00000298
PYR_000299,EMP_000059,Aarav Desai,Technology,Product Analyst,2025-12,2025-12-28,23000.00,1380.00,200.00,0.00,1580.00,21420.00,1380.00,0.00,1380.00,24380.00,INR,BANK_004,PAID,PAYROLL_00000299
PYR_000300,EMP_000060,Vivaan Mishra,Warehouse,Warehouse Manager,2025-12,2025-12-28,37000.00,2220.00,200.00,0.00,2420.00,34580.00,2220.00,0.00,2220.00,39220.00,INR,BANK_004,PAID,PAYROLL_00000300
PYR_000301,EMP_000061,Shreya Rao,Finance,Finance Executive,2025-12,2025-12-28,79000.00,4740.00,200.00,1866.67,6806.67,72193.33,4740.00,0.00,4740.00,83740.00,INR,BANK_004,PAID,PAYROLL_00000301
PYR_000302,EMP_000062,Vikram Gupta,Operations,Operations Analyst,2025-12,2025-12-28,99000.00,5940.00,200.00,3650.00,9790.00,89210.00,5940.00,0.00,5940.00,104940.00,INR,BANK_004,PAID,PAYROLL_00000302
PYR_000303,EMP_000063,Priya Sharma,Customer Experience,CX Executive,2025-12,2025-12-28,169000.00,10140.00,200.00,12850.00,23190.00,145810.00,10140.00,0.00,10140.00,179140.00,INR,BANK_004,PAID,PAYROLL_00000303
PYR_000304,EMP_000064,Aditi Banerjee,Marketing,Marketing Manager,2025-12,2025-12-28,142000.00,8520.00,200.00,8800.00,17520.00,124480.00,8520.00,0.00,8520.00,150520.00,INR,BANK_004,PAID,PAYROLL_00000304
PYR_000305,EMP_000065,Aarav Pillai,Technology,Tech Lead,2025-12,2025-12-28,111000.00,6660.00,200.00,4850.00,11710.00,99290.00,6660.00,0.00,6660.00,117660.00,INR,BANK_004,PAID,PAYROLL_00000305
PYR_000306,EMP_000066,Shreya Kulkarni,Marketing,Performance Marketer,2025-12,2025-12-28,32000.00,1920.00,200.00,0.00,2120.00,29880.00,1920.00,0.00,1920.00,33920.00,INR,BANK_004,PAID,PAYROLL_00000306
PYR_000307,EMP_000067,Aditya Patel,Technology,Software Engineer,2025-12,2025-12-28,144000.00,8640.00,200.00,9100.00,17940.00,126060.00,8640.00,0.00,8640.00,152640.00,INR,BANK_004,PAID,PAYROLL_00000307
PYR_000308,EMP_000068,Ananya Reddy,Operations,Operations Manager,2025-12,2025-12-28,51000.00,3060.00,200.00,466.67,3726.67,47273.33,3060.00,0.00,3060.00,54060.00,INR,BANK_004,PAID,PAYROLL_00000308
PYR_000309,EMP_000069,Meera Kapoor,Warehouse,Warehouse Manager,2025-12,2025-12-28,61000.00,3660.00,200.00,966.67,4826.67,56173.33,3660.00,0.00,3660.00,64660.00,INR,BANK_004,PAID,PAYROLL_00000309
PYR_000310,EMP_000070,Aarav Reddy,Operations,Operations Manager,2025-12,2025-12-28,46000.00,2760.00,200.00,216.67,3176.67,42823.33,2760.00,0.00,2760.00,48760.00,INR,BANK_004,PAID,PAYROLL_00000310
PYR_000311,EMP_000071,Vivaan Bhat,Finance,Finance Analyst,2025-12,2025-12-28,26000.00,1560.00,200.00,0.00,1760.00,24240.00,1560.00,0.00,1560.00,27560.00,INR,BANK_004,PAID,PAYROLL_00000311
PYR_000312,EMP_000072,Rahul Joshi,Finance,Finance Manager,2025-12,2025-12-28,132000.00,7920.00,200.00,7300.00,15420.00,116580.00,7920.00,0.00,7920.00,139920.00,INR,BANK_004,PAID,PAYROLL_00000312
PYR_000313,EMP_000073,Rohan Verma,Customer Experience,CX Manager,2025-12,2025-12-28,123000.00,7380.00,200.00,6050.00,13630.00,109370.00,7380.00,0.00,7380.00,130380.00,INR,BANK_004,PAID,PAYROLL_00000313
PYR_000314,EMP_000074,Neha Joshi,Technology,Software Engineer,2025-12,2025-12-28,74000.00,4440.00,200.00,1616.67,6256.67,67743.33,4440.00,0.00,4440.00,78440.00,INR,BANK_004,PAID,PAYROLL_00000314
PYR_000315,EMP_000075,Shreya Mishra,Warehouse,Warehouse Supervisor,2025-12,2025-12-28,135000.00,8100.00,200.00,7750.00,16050.00,118950.00,8100.00,0.00,8100.00,143100.00,INR,BANK_004,PAID,PAYROLL_00000315
PYR_000316,EMP_000076,Vikram Rao,Customer Experience,CX Manager,2025-12,2025-12-28,43000.00,2580.00,200.00,66.67,2846.67,40153.33,2580.00,0.00,2580.00,45580.00,INR,BANK_004,PAID,PAYROLL_00000316
PYR_000317,EMP_000077,Ishaan Joshi,Warehouse,Warehouse Associate,2025-12,2025-12-28,48000.00,2880.00,200.00,316.67,3396.67,44603.33,2880.00,0.00,2880.00,50880.00,INR,BANK_004,PAID,PAYROLL_00000317
PYR_000318,EMP_000078,Riya Kapoor,Customer Experience,CX Lead,2025-12,2025-12-28,31000.00,1860.00,200.00,0.00,2060.00,28940.00,1860.00,0.00,1860.00,32860.00,INR,BANK_004,PAID,PAYROLL_00000318
PYR_000319,EMP_000079,Vivaan Nair,Finance,Finance Manager,2025-12,2025-12-28,63000.00,3780.00,200.00,1066.67,5046.67,57953.33,3780.00,0.00,3780.00,66780.00,INR,BANK_004,PAID,PAYROLL_00000319
PYR_000320,EMP_000080,Sneha Singh,Customer Experience,CX Manager,2025-12,2025-12-28,23000.00,1380.00,200.00,0.00,1580.00,21420.00,1380.00,0.00,1380.00,24380.00,INR,BANK_004,PAID,PAYROLL_00000320
PYR_000321,EMP_000001,Shreya Sharma,Marketing,Marketing Executive,2026-01,2026-01-28,22000.00,1320.00,200.00,0.00,1520.00,20480.00,1320.00,0.00,1320.00,23320.00,INR,BANK_004,PAID,PAYROLL_00000321
PYR_000322,EMP_000002,Pooja Gupta,Marketing,Marketing Manager,2026-01,2026-01-28,55000.00,3300.00,200.00,666.67,4166.67,50833.33,3300.00,0.00,3300.00,58300.00,INR,BANK_004,PAID,PAYROLL_00000322
PYR_000323,EMP_000003,Karan Pillai,Technology,Product Analyst,2026-01,2026-01-28,36000.00,2160.00,200.00,0.00,2360.00,33640.00,2160.00,0.00,2160.00,38160.00,INR,BANK_004,PAID,PAYROLL_00000323
PYR_000324,EMP_000004,Riya Kapoor,Technology,Product Analyst,2026-01,2026-01-28,32000.00,1920.00,200.00,0.00,2120.00,29880.00,1920.00,0.00,1920.00,33920.00,INR,BANK_004,PAID,PAYROLL_00000324
PYR_000325,EMP_000005,Rahul Singh,Warehouse,Warehouse Manager,2026-01,2026-01-28,121000.00,7260.00,200.00,5850.00,13310.00,107690.00,7260.00,0.00,7260.00,128260.00,INR,BANK_004,PAID,PAYROLL_00000325
PYR_000326,EMP_000006,Shreya Mishra,Marketing,Marketing Executive,2026-01,2026-01-28,164000.00,9840.00,200.00,12100.00,22140.00,141860.00,9840.00,0.00,9840.00,173840.00,INR,BANK_004,PAID,PAYROLL_00000326
PYR_000327,EMP_000007,Aditya Rao,Customer Experience,CX Manager,2026-01,2026-01-28,22000.00,1320.00,200.00,0.00,1520.00,20480.00,1320.00,0.00,1320.00,23320.00,INR,BANK_004,PAID,PAYROLL_00000327
PYR_000328,EMP_000008,Meera Patel,Technology,QA Engineer,2026-01,2026-01-28,25000.00,1500.00,200.00,0.00,1700.00,23300.00,1500.00,0.00,1500.00,26500.00,INR,BANK_004,PAID,PAYROLL_00000328
PYR_000329,EMP_000009,Rahul Gupta,Customer Experience,CX Lead,2026-01,2026-01-28,48000.00,2880.00,200.00,316.67,3396.67,44603.33,2880.00,0.00,2880.00,50880.00,INR,BANK_004,PAID,PAYROLL_00000329
PYR_000330,EMP_000010,Vivaan Menon,Technology,Tech Lead,2026-01,2026-01-28,113000.00,6780.00,200.00,5050.00,12030.00,100970.00,6780.00,0.00,6780.00,119780.00,INR,BANK_004,PAID,PAYROLL_00000330
PYR_000331,EMP_000011,Vikram Iyer,Customer Experience,CX Executive,2026-01,2026-01-28,135000.00,8100.00,200.00,7750.00,16050.00,118950.00,8100.00,0.00,8100.00,143100.00,INR,BANK_004,PAID,PAYROLL_00000331
PYR_000332,EMP_000012,Aditya Mishra,Warehouse,Warehouse Supervisor,2026-01,2026-01-28,163000.00,9780.00,200.00,11950.00,21930.00,141070.00,9780.00,0.00,9780.00,172780.00,INR,BANK_004,PAID,PAYROLL_00000332
PYR_000333,EMP_000013,Diya Patel,Customer Experience,CX Lead,2026-01,2026-01-28,46000.00,2760.00,200.00,216.67,3176.67,42823.33,2760.00,0.00,2760.00,48760.00,INR,BANK_004,PAID,PAYROLL_00000333
PYR_000334,EMP_000014,Nisha Rao,Technology,Tech Lead,2026-01,2026-01-28,145000.00,8700.00,200.00,9250.00,18150.00,126850.00,8700.00,0.00,8700.00,153700.00,INR,BANK_004,PAID,PAYROLL_00000334
PYR_000335,EMP_000015,Isha Kulkarni,Customer Experience,CX Executive,2026-01,2026-01-28,24000.00,1440.00,200.00,0.00,1640.00,22360.00,1440.00,0.00,1440.00,25440.00,INR,BANK_004,PAID,PAYROLL_00000335
PYR_000336,EMP_000016,Isha Mishra,Marketing,Marketing Manager,2026-01,2026-01-28,96000.00,5760.00,200.00,3350.00,9310.00,86690.00,5760.00,0.00,5760.00,101760.00,INR,BANK_004,PAID,PAYROLL_00000336
PYR_000337,EMP_000017,Ananya Mehta,Warehouse,Warehouse Supervisor,2026-01,2026-01-28,52000.00,3120.00,200.00,516.67,3836.67,48163.33,3120.00,0.00,3120.00,55120.00,INR,BANK_004,PAID,PAYROLL_00000337
PYR_000338,EMP_000018,Aditya Menon,Customer Experience,CX Lead,2026-01,2026-01-28,42000.00,2520.00,200.00,16.67,2736.67,39263.33,2520.00,0.00,2520.00,44520.00,INR,BANK_004,PAID,PAYROLL_00000338
PYR_000339,EMP_000019,Vikram Kapoor,Marketing,Marketing Manager,2026-01,2026-01-28,23000.00,1380.00,200.00,0.00,1580.00,21420.00,1380.00,0.00,1380.00,24380.00,INR,BANK_004,PAID,PAYROLL_00000339
PYR_000340,EMP_000020,Rohan Nair,Technology,Product Analyst,2026-01,2026-01-28,81000.00,4860.00,200.00,1966.67,7026.67,73973.33,4860.00,0.00,4860.00,85860.00,INR,BANK_004,PAID,PAYROLL_00000340
PYR_000341,EMP_000021,Meera Gupta,Warehouse,Warehouse Manager,2026-01,2026-01-28,75000.00,4500.00,200.00,1666.67,6366.67,68633.33,4500.00,0.00,4500.00,79500.00,INR,BANK_004,PAID,PAYROLL_00000341
PYR_000342,EMP_000022,Rohan Pillai,Marketing,Marketing Executive,2026-01,2026-01-28,67000.00,4020.00,200.00,1266.67,5486.67,61513.33,4020.00,0.00,4020.00,71020.00,INR,BANK_004,PAID,PAYROLL_00000342
PYR_000343,EMP_000023,Sneha Pillai,Technology,QA Engineer,2026-01,2026-01-28,73000.00,4380.00,200.00,1566.67,6146.67,66853.33,4380.00,0.00,4380.00,77380.00,INR,BANK_004,PAID,PAYROLL_00000343
PYR_000344,EMP_000024,Ananya Patel,Warehouse,Warehouse Manager,2026-01,2026-01-28,29000.00,1740.00,200.00,0.00,1940.00,27060.00,1740.00,0.00,1740.00,30740.00,INR,BANK_004,PAID,PAYROLL_00000344
PYR_000345,EMP_000025,Rohan Verma,Finance,Finance Manager,2026-01,2026-01-28,125000.00,7500.00,200.00,6250.00,13950.00,111050.00,7500.00,0.00,7500.00,132500.00,INR,BANK_004,PAID,PAYROLL_00000345
PYR_000346,EMP_000026,Karan Pillai,Customer Experience,CX Manager,2026-01,2026-01-28,80000.00,4800.00,200.00,1916.67,6916.67,73083.33,4800.00,0.00,4800.00,84800.00,INR,BANK_004,PAID,PAYROLL_00000346
PYR_000347,EMP_000027,Aditi Singh,Technology,Software Engineer,2026-01,2026-01-28,147000.00,8820.00,200.00,9550.00,18570.00,128430.00,8820.00,0.00,8820.00,155820.00,INR,BANK_004,PAID,PAYROLL_00000347
PYR_000348,EMP_000028,Vivaan Kulkarni,Customer Experience,CX Lead,2026-01,2026-01-28,156000.00,9360.00,200.00,10900.00,20460.00,135540.00,9360.00,0.00,9360.00,165360.00,INR,BANK_004,PAID,PAYROLL_00000348
PYR_000349,EMP_000029,Aditi Nair,Marketing,Marketing Manager,2026-01,2026-01-28,134000.00,8040.00,200.00,7600.00,15840.00,118160.00,8040.00,0.00,8040.00,142040.00,INR,BANK_004,PAID,PAYROLL_00000349
PYR_000350,EMP_000030,Neha Patel,Marketing,Marketing Manager,2026-01,2026-01-28,22000.00,1320.00,200.00,0.00,1520.00,20480.00,1320.00,0.00,1320.00,23320.00,INR,BANK_004,PAID,PAYROLL_00000350
PYR_000351,EMP_000031,Kavya Rao,Operations,Operations Executive,2026-01,2026-01-28,41000.00,2460.00,200.00,0.00,2660.00,38340.00,2460.00,0.00,2460.00,43460.00,INR,BANK_004,PAID,PAYROLL_00000351
PYR_000352,EMP_000032,Aditya Sharma,Marketing,Marketing Manager,2026-01,2026-01-28,25000.00,1500.00,200.00,0.00,1700.00,23300.00,1500.00,0.00,1500.00,26500.00,INR,BANK_004,PAID,PAYROLL_00000352
PYR_000353,EMP_000033,Vikram Das,Operations,Operations Manager,2026-01,2026-01-28,28000.00,1680.00,200.00,0.00,1880.00,26120.00,1680.00,0.00,1680.00,29680.00,INR,BANK_004,PAID,PAYROLL_00000353
PYR_000354,EMP_000034,Riya Das,Warehouse,Warehouse Associate,2026-01,2026-01-28,62000.00,3720.00,200.00,1016.67,4936.67,57063.33,3720.00,0.00,3720.00,65720.00,INR,BANK_004,PAID,PAYROLL_00000354
PYR_000355,EMP_000035,Aditi Nair,Customer Experience,CX Lead,2026-01,2026-01-28,53000.00,3180.00,200.00,566.67,3946.67,49053.33,3180.00,0.00,3180.00,56180.00,INR,BANK_004,PAID,PAYROLL_00000355
PYR_000356,EMP_000036,Priya Banerjee,Technology,Tech Lead,2026-01,2026-01-28,59000.00,3540.00,200.00,866.67,4606.67,54393.33,3540.00,0.00,3540.00,62540.00,INR,BANK_004,PAID,PAYROLL_00000356
PYR_000357,EMP_000037,Meera Pillai,Warehouse,Warehouse Manager,2026-01,2026-01-28,40000.00,2400.00,200.00,0.00,2600.00,37400.00,2400.00,0.00,2400.00,42400.00,INR,BANK_004,PAID,PAYROLL_00000357
PYR_000358,EMP_000038,Ananya Pillai,Customer Experience,CX Executive,2026-01,2026-01-28,31000.00,1860.00,200.00,0.00,2060.00,28940.00,1860.00,0.00,1860.00,32860.00,INR,BANK_004,PAID,PAYROLL_00000358
PYR_000359,EMP_000039,Sneha Pillai,Operations,Operations Analyst,2026-01,2026-01-28,39000.00,2340.00,200.00,0.00,2540.00,36460.00,2340.00,0.00,2340.00,41340.00,INR,BANK_004,PAID,PAYROLL_00000359
PYR_000360,EMP_000040,Diya Sharma,Operations,Operations Manager,2026-01,2026-01-28,46000.00,2760.00,200.00,216.67,3176.67,42823.33,2760.00,0.00,2760.00,48760.00,INR,BANK_004,PAID,PAYROLL_00000360
PYR_000361,EMP_000041,Aditya Mishra,Marketing,Marketing Manager,2026-01,2026-01-28,92000.00,5520.00,200.00,2950.00,8670.00,83330.00,5520.00,0.00,5520.00,97520.00,INR,BANK_004,PAID,PAYROLL_00000361
PYR_000362,EMP_000042,Rohan Joshi,Operations,Operations Executive,2026-01,2026-01-28,138000.00,8280.00,200.00,8200.00,16680.00,121320.00,8280.00,0.00,8280.00,146280.00,INR,BANK_004,PAID,PAYROLL_00000362
PYR_000363,EMP_000043,Aditya Banerjee,Warehouse,Warehouse Associate,2026-01,2026-01-28,74000.00,4440.00,200.00,1616.67,6256.67,67743.33,4440.00,0.00,4440.00,78440.00,INR,BANK_004,PAID,PAYROLL_00000363
PYR_000364,EMP_000044,Rohan Desai,Marketing,Marketing Executive,2026-01,2026-01-28,25000.00,1500.00,200.00,0.00,1700.00,23300.00,1500.00,0.00,1500.00,26500.00,INR,BANK_004,PAID,PAYROLL_00000364
PYR_000365,EMP_000045,Priya Bhat,Finance,Accountant,2026-01,2026-01-28,27000.00,1620.00,200.00,0.00,1820.00,25180.00,1620.00,0.00,1620.00,28620.00,INR,BANK_004,PAID,PAYROLL_00000365
PYR_000366,EMP_000046,Rohan Iyer,Customer Experience,CX Manager,2026-01,2026-01-28,92000.00,5520.00,200.00,2950.00,8670.00,83330.00,5520.00,0.00,5520.00,97520.00,INR,BANK_004,PAID,PAYROLL_00000366
PYR_000367,EMP_000047,Pooja Rao,Operations,Operations Manager,2026-01,2026-01-28,25000.00,1500.00,200.00,0.00,1700.00,23300.00,1500.00,0.00,1500.00,26500.00,INR,BANK_004,PAID,PAYROLL_00000367
PYR_000368,EMP_000048,Kavya Pillai,Marketing,Performance Marketer,2026-01,2026-01-28,150000.00,9000.00,200.00,10000.00,19200.00,130800.00,9000.00,0.00,9000.00,159000.00,INR,BANK_004,PAID,PAYROLL_00000368
PYR_000369,EMP_000049,Nisha Verma,Technology,QA Engineer,2026-01,2026-01-28,47000.00,2820.00,200.00,266.67,3286.67,43713.33,2820.00,0.00,2820.00,49820.00,INR,BANK_004,PAID,PAYROLL_00000369
PYR_000370,EMP_000050,Aditya Kapoor,Operations,Operations Executive,2026-01,2026-01-28,104000.00,6240.00,200.00,4150.00,10590.00,93410.00,6240.00,0.00,6240.00,110240.00,INR,BANK_004,PAID,PAYROLL_00000370
PYR_000371,EMP_000051,Vikram Das,Marketing,Marketing Executive,2026-01,2026-01-28,40000.00,2400.00,200.00,0.00,2600.00,37400.00,2400.00,0.00,2400.00,42400.00,INR,BANK_004,PAID,PAYROLL_00000371
PYR_000372,EMP_000052,Sneha Patel,Technology,QA Engineer,2026-01,2026-01-28,39000.00,2340.00,200.00,0.00,2540.00,36460.00,2340.00,0.00,2340.00,41340.00,INR,BANK_004,PAID,PAYROLL_00000372
PYR_000373,EMP_000053,Aditya Mishra,Finance,Finance Analyst,2026-01,2026-01-28,143000.00,8580.00,200.00,8950.00,17730.00,125270.00,8580.00,0.00,8580.00,151580.00,INR,BANK_004,PAID,PAYROLL_00000373
PYR_000374,EMP_000054,Diya Pillai,Finance,Finance Analyst,2026-01,2026-01-28,164000.00,9840.00,200.00,12100.00,22140.00,141860.00,9840.00,0.00,9840.00,173840.00,INR,BANK_004,PAID,PAYROLL_00000374
PYR_000375,EMP_000055,Priya Mehta,Marketing,Performance Marketer,2026-01,2026-01-28,161000.00,9660.00,200.00,11650.00,21510.00,139490.00,9660.00,0.00,9660.00,170660.00,INR,BANK_004,PAID,PAYROLL_00000375
PYR_000376,EMP_000056,Rohan Singh,Finance,Accountant,2026-01,2026-01-28,55000.00,3300.00,200.00,666.67,4166.67,50833.33,3300.00,0.00,3300.00,58300.00,INR,BANK_004,PAID,PAYROLL_00000376
PYR_000377,EMP_000057,Sneha Desai,Marketing,Marketing Manager,2026-01,2026-01-28,48000.00,2880.00,200.00,316.67,3396.67,44603.33,2880.00,0.00,2880.00,50880.00,INR,BANK_004,PAID,PAYROLL_00000377
PYR_000378,EMP_000058,Aditi Rao,Warehouse,Warehouse Associate,2026-01,2026-01-28,80000.00,4800.00,200.00,1916.67,6916.67,73083.33,4800.00,0.00,4800.00,84800.00,INR,BANK_004,PAID,PAYROLL_00000378
PYR_000379,EMP_000059,Aarav Desai,Technology,Product Analyst,2026-01,2026-01-28,23000.00,1380.00,200.00,0.00,1580.00,21420.00,1380.00,0.00,1380.00,24380.00,INR,BANK_004,PAID,PAYROLL_00000379
PYR_000380,EMP_000060,Vivaan Mishra,Warehouse,Warehouse Manager,2026-01,2026-01-28,37000.00,2220.00,200.00,0.00,2420.00,34580.00,2220.00,0.00,2220.00,39220.00,INR,BANK_004,PAID,PAYROLL_00000380
PYR_000381,EMP_000061,Shreya Rao,Finance,Finance Executive,2026-01,2026-01-28,79000.00,4740.00,200.00,1866.67,6806.67,72193.33,4740.00,0.00,4740.00,83740.00,INR,BANK_004,PAID,PAYROLL_00000381
PYR_000382,EMP_000062,Vikram Gupta,Operations,Operations Analyst,2026-01,2026-01-28,99000.00,5940.00,200.00,3650.00,9790.00,89210.00,5940.00,0.00,5940.00,104940.00,INR,BANK_004,PAID,PAYROLL_00000382
PYR_000383,EMP_000063,Priya Sharma,Customer Experience,CX Executive,2026-01,2026-01-28,169000.00,10140.00,200.00,12850.00,23190.00,145810.00,10140.00,0.00,10140.00,179140.00,INR,BANK_004,PAID,PAYROLL_00000383
PYR_000384,EMP_000064,Aditi Banerjee,Marketing,Marketing Manager,2026-01,2026-01-28,142000.00,8520.00,200.00,8800.00,17520.00,124480.00,8520.00,0.00,8520.00,150520.00,INR,BANK_004,PAID,PAYROLL_00000384
PYR_000385,EMP_000065,Aarav Pillai,Technology,Tech Lead,2026-01,2026-01-28,111000.00,6660.00,200.00,4850.00,11710.00,99290.00,6660.00,0.00,6660.00,117660.00,INR,BANK_004,PAID,PAYROLL_00000385
PYR_000386,EMP_000066,Shreya Kulkarni,Marketing,Performance Marketer,2026-01,2026-01-28,32000.00,1920.00,200.00,0.00,2120.00,29880.00,1920.00,0.00,1920.00,33920.00,INR,BANK_004,PAID,PAYROLL_00000386
PYR_000387,EMP_000067,Aditya Patel,Technology,Software Engineer,2026-01,2026-01-28,144000.00,8640.00,200.00,9100.00,17940.00,126060.00,8640.00,0.00,8640.00,152640.00,INR,BANK_004,PAID,PAYROLL_00000387
PYR_000388,EMP_000068,Ananya Reddy,Operations,Operations Manager,2026-01,2026-01-28,51000.00,3060.00,200.00,466.67,3726.67,47273.33,3060.00,0.00,3060.00,54060.00,INR,BANK_004,PAID,PAYROLL_00000388
PYR_000389,EMP_000069,Meera Kapoor,Warehouse,Warehouse Manager,2026-01,2026-01-28,61000.00,3660.00,200.00,966.67,4826.67,56173.33,3660.00,0.00,3660.00,64660.00,INR,BANK_004,PAID,PAYROLL_00000389
PYR_000390,EMP_000070,Aarav Reddy,Operations,Operations Manager,2026-01,2026-01-28,46000.00,2760.00,200.00,216.67,3176.67,42823.33,2760.00,0.00,2760.00,48760.00,INR,BANK_004,PAID,PAYROLL_00000390
PYR_000391,EMP_000071,Vivaan Bhat,Finance,Finance Analyst,2026-01,2026-01-28,26000.00,1560.00,200.00,0.00,1760.00,24240.00,1560.00,0.00,1560.00,27560.00,INR,BANK_004,PAID,PAYROLL_00000391
PYR_000392,EMP_000072,Rahul Joshi,Finance,Finance Manager,2026-01,2026-01-28,132000.00,7920.00,200.00,7300.00,15420.00,116580.00,7920.00,0.00,7920.00,139920.00,INR,BANK_004,PAID,PAYROLL_00000392
PYR_000393,EMP_000073,Rohan Verma,Customer Experience,CX Manager,2026-01,2026-01-28,123000.00,7380.00,200.00,6050.00,13630.00,109370.00,7380.00,0.00,7380.00,130380.00,INR,BANK_004,PAID,PAYROLL_00000393
PYR_000394,EMP_000074,Neha Joshi,Technology,Software Engineer,2026-01,2026-01-28,74000.00,4440.00,200.00,1616.67,6256.67,67743.33,4440.00,0.00,4440.00,78440.00,INR,BANK_004,PAID,PAYROLL_00000394
PYR_000395,EMP_000075,Shreya Mishra,Warehouse,Warehouse Supervisor,2026-01,2026-01-28,135000.00,8100.00,200.00,7750.00,16050.00,118950.00,8100.00,0.00,8100.00,143100.00,INR,BANK_004,PAID,PAYROLL_00000395
PYR_000396,EMP_000076,Vikram Rao,Customer Experience,CX Manager,2026-01,2026-01-28,43000.00,2580.00,200.00,66.67,2846.67,40153.33,2580.00,0.00,2580.00,45580.00,INR,BANK_004,PAID,PAYROLL_00000396
PYR_000397,EMP_000077,Ishaan Joshi,Warehouse,Warehouse Associate,2026-01,2026-01-28,48000.00,2880.00,200.00,316.67,3396.67,44603.33,2880.00,0.00,2880.00,50880.00,INR,BANK_004,PAID,PAYROLL_00000397
PYR_000398,EMP_000078,Riya Kapoor,Customer Experience,CX Lead,2026-01,2026-01-28,31000.00,1860.00,200.00,0.00,2060.00,28940.00,1860.00,0.00,1860.00,32860.00,INR,BANK_004,PAID,PAYROLL_00000398
PYR_000399,EMP_000079,Vivaan Nair,Finance,Finance Manager,2026-01,2026-01-28,63000.00,3780.00,200.00,1066.67,5046.67,57953.33,3780.00,0.00,3780.00,66780.00,INR,BANK_004,PAID,PAYROLL_00000399
PYR_000400,EMP_000080,Sneha Singh,Customer Experience,CX Manager,2026-01,2026-01-28,23000.00,1380.00,200.00,0.00,1580.00,21420.00,1380.00,0.00,1380.00,24380.00,INR,BANK_004,PAID,PAYROLL_00000400
PYR_000401,EMP_000001,Shreya Sharma,Marketing,Marketing Executive,2026-02,2026-02-28,22000.00,1320.00,200.00,0.00,1520.00,20480.00,1320.00,0.00,1320.00,23320.00,INR,BANK_004,PAID,PAYROLL_00000401
PYR_000402,EMP_000002,Pooja Gupta,Marketing,Marketing Manager,2026-02,2026-02-28,55000.00,3300.00,200.00,666.67,4166.67,50833.33,3300.00,0.00,3300.00,58300.00,INR,BANK_004,PAID,PAYROLL_00000402
PYR_000403,EMP_000003,Karan Pillai,Technology,Product Analyst,2026-02,2026-02-28,36000.00,2160.00,200.00,0.00,2360.00,33640.00,2160.00,0.00,2160.00,38160.00,INR,BANK_004,PAID,PAYROLL_00000403
PYR_000404,EMP_000004,Riya Kapoor,Technology,Product Analyst,2026-02,2026-02-28,32000.00,1920.00,200.00,0.00,2120.00,29880.00,1920.00,0.00,1920.00,33920.00,INR,BANK_004,PAID,PAYROLL_00000404
PYR_000405,EMP_000005,Rahul Singh,Warehouse,Warehouse Manager,2026-02,2026-02-28,121000.00,7260.00,200.00,5850.00,13310.00,107690.00,7260.00,0.00,7260.00,128260.00,INR,BANK_004,PAID,PAYROLL_00000405
PYR_000406,EMP_000006,Shreya Mishra,Marketing,Marketing Executive,2026-02,2026-02-28,164000.00,9840.00,200.00,12100.00,22140.00,141860.00,9840.00,0.00,9840.00,173840.00,INR,BANK_004,PAID,PAYROLL_00000406
PYR_000407,EMP_000007,Aditya Rao,Customer Experience,CX Manager,2026-02,2026-02-28,22000.00,1320.00,200.00,0.00,1520.00,20480.00,1320.00,0.00,1320.00,23320.00,INR,BANK_004,PAID,PAYROLL_00000407
PYR_000408,EMP_000008,Meera Patel,Technology,QA Engineer,2026-02,2026-02-28,25000.00,1500.00,200.00,0.00,1700.00,23300.00,1500.00,0.00,1500.00,26500.00,INR,BANK_004,PAID,PAYROLL_00000408
PYR_000409,EMP_000009,Rahul Gupta,Customer Experience,CX Lead,2026-02,2026-02-28,48000.00,2880.00,200.00,316.67,3396.67,44603.33,2880.00,0.00,2880.00,50880.00,INR,BANK_004,PAID,PAYROLL_00000409
PYR_000410,EMP_000010,Vivaan Menon,Technology,Tech Lead,2026-02,2026-02-28,113000.00,6780.00,200.00,5050.00,12030.00,100970.00,6780.00,0.00,6780.00,119780.00,INR,BANK_004,PAID,PAYROLL_00000410
PYR_000411,EMP_000011,Vikram Iyer,Customer Experience,CX Executive,2026-02,2026-02-28,135000.00,8100.00,200.00,7750.00,16050.00,118950.00,8100.00,0.00,8100.00,143100.00,INR,BANK_004,PAID,PAYROLL_00000411
PYR_000412,EMP_000012,Aditya Mishra,Warehouse,Warehouse Supervisor,2026-02,2026-02-28,163000.00,9780.00,200.00,11950.00,21930.00,141070.00,9780.00,0.00,9780.00,172780.00,INR,BANK_004,PAID,PAYROLL_00000412
PYR_000413,EMP_000013,Diya Patel,Customer Experience,CX Lead,2026-02,2026-02-28,46000.00,2760.00,200.00,216.67,3176.67,42823.33,2760.00,0.00,2760.00,48760.00,INR,BANK_004,PAID,PAYROLL_00000413
PYR_000414,EMP_000014,Nisha Rao,Technology,Tech Lead,2026-02,2026-02-28,145000.00,8700.00,200.00,9250.00,18150.00,126850.00,8700.00,0.00,8700.00,153700.00,INR,BANK_004,PAID,PAYROLL_00000414
PYR_000415,EMP_000015,Isha Kulkarni,Customer Experience,CX Executive,2026-02,2026-02-28,24000.00,1440.00,200.00,0.00,1640.00,22360.00,1440.00,0.00,1440.00,25440.00,INR,BANK_004,PAID,PAYROLL_00000415
PYR_000416,EMP_000016,Isha Mishra,Marketing,Marketing Manager,2026-02,2026-02-28,96000.00,5760.00,200.00,3350.00,9310.00,86690.00,5760.00,0.00,5760.00,101760.00,INR,BANK_004,PAID,PAYROLL_00000416
PYR_000417,EMP_000017,Ananya Mehta,Warehouse,Warehouse Supervisor,2026-02,2026-02-28,52000.00,3120.00,200.00,516.67,3836.67,48163.33,3120.00,0.00,3120.00,55120.00,INR,BANK_004,PAID,PAYROLL_00000417
PYR_000418,EMP_000018,Aditya Menon,Customer Experience,CX Lead,2026-02,2026-02-28,42000.00,2520.00,200.00,16.67,2736.67,39263.33,2520.00,0.00,2520.00,44520.00,INR,BANK_004,PAID,PAYROLL_00000418
PYR_000419,EMP_000019,Vikram Kapoor,Marketing,Marketing Manager,2026-02,2026-02-28,23000.00,1380.00,200.00,0.00,1580.00,21420.00,1380.00,0.00,1380.00,24380.00,INR,BANK_004,PAID,PAYROLL_00000419
PYR_000420,EMP_000020,Rohan Nair,Technology,Product Analyst,2026-02,2026-02-28,81000.00,4860.00,200.00,1966.67,7026.67,73973.33,4860.00,0.00,4860.00,85860.00,INR,BANK_004,PAID,PAYROLL_00000420
PYR_000421,EMP_000021,Meera Gupta,Warehouse,Warehouse Manager,2026-02,2026-02-28,75000.00,4500.00,200.00,1666.67,6366.67,68633.33,4500.00,0.00,4500.00,79500.00,INR,BANK_004,PAID,PAYROLL_00000421
PYR_000422,EMP_000022,Rohan Pillai,Marketing,Marketing Executive,2026-02,2026-02-28,67000.00,4020.00,200.00,1266.67,5486.67,61513.33,4020.00,0.00,4020.00,71020.00,INR,BANK_004,PAID,PAYROLL_00000422
PYR_000423,EMP_000023,Sneha Pillai,Technology,QA Engineer,2026-02,2026-02-28,73000.00,4380.00,200.00,1566.67,6146.67,66853.33,4380.00,0.00,4380.00,77380.00,INR,BANK_004,PAID,PAYROLL_00000423
PYR_000424,EMP_000024,Ananya Patel,Warehouse,Warehouse Manager,2026-02,2026-02-28,29000.00,1740.00,200.00,0.00,1940.00,27060.00,1740.00,0.00,1740.00,30740.00,INR,BANK_004,PAID,PAYROLL_00000424
PYR_000425,EMP_000025,Rohan Verma,Finance,Finance Manager,2026-02,2026-02-28,125000.00,7500.00,200.00,6250.00,13950.00,111050.00,7500.00,0.00,7500.00,132500.00,INR,BANK_004,PAID,PAYROLL_00000425
PYR_000426,EMP_000026,Karan Pillai,Customer Experience,CX Manager,2026-02,2026-02-28,80000.00,4800.00,200.00,1916.67,6916.67,73083.33,4800.00,0.00,4800.00,84800.00,INR,BANK_004,PAID,PAYROLL_00000426
PYR_000427,EMP_000027,Aditi Singh,Technology,Software Engineer,2026-02,2026-02-28,147000.00,8820.00,200.00,9550.00,18570.00,128430.00,8820.00,0.00,8820.00,155820.00,INR,BANK_004,PAID,PAYROLL_00000427
PYR_000428,EMP_000028,Vivaan Kulkarni,Customer Experience,CX Lead,2026-02,2026-02-28,156000.00,9360.00,200.00,10900.00,20460.00,135540.00,9360.00,0.00,9360.00,165360.00,INR,BANK_004,PAID,PAYROLL_00000428
PYR_000429,EMP_000029,Aditi Nair,Marketing,Marketing Manager,2026-02,2026-02-28,134000.00,8040.00,200.00,7600.00,15840.00,118160.00,8040.00,0.00,8040.00,142040.00,INR,BANK_004,PAID,PAYROLL_00000429
PYR_000430,EMP_000030,Neha Patel,Marketing,Marketing Manager,2026-02,2026-02-28,22000.00,1320.00,200.00,0.00,1520.00,20480.00,1320.00,0.00,1320.00,23320.00,INR,BANK_004,PAID,PAYROLL_00000430
PYR_000431,EMP_000031,Kavya Rao,Operations,Operations Executive,2026-02,2026-02-28,41000.00,2460.00,200.00,0.00,2660.00,38340.00,2460.00,0.00,2460.00,43460.00,INR,BANK_004,PAID,PAYROLL_00000431
PYR_000432,EMP_000032,Aditya Sharma,Marketing,Marketing Manager,2026-02,2026-02-28,25000.00,1500.00,200.00,0.00,1700.00,23300.00,1500.00,0.00,1500.00,26500.00,INR,BANK_004,PAID,PAYROLL_00000432
PYR_000433,EMP_000033,Vikram Das,Operations,Operations Manager,2026-02,2026-02-28,28000.00,1680.00,200.00,0.00,1880.00,26120.00,1680.00,0.00,1680.00,29680.00,INR,BANK_004,PAID,PAYROLL_00000433
PYR_000434,EMP_000034,Riya Das,Warehouse,Warehouse Associate,2026-02,2026-02-28,62000.00,3720.00,200.00,1016.67,4936.67,57063.33,3720.00,0.00,3720.00,65720.00,INR,BANK_004,PAID,PAYROLL_00000434
PYR_000435,EMP_000035,Aditi Nair,Customer Experience,CX Lead,2026-02,2026-02-28,53000.00,3180.00,200.00,566.67,3946.67,49053.33,3180.00,0.00,3180.00,56180.00,INR,BANK_004,PAID,PAYROLL_00000435
PYR_000436,EMP_000036,Priya Banerjee,Technology,Tech Lead,2026-02,2026-02-28,59000.00,3540.00,200.00,866.67,4606.67,54393.33,3540.00,0.00,3540.00,62540.00,INR,BANK_004,PAID,PAYROLL_00000436
PYR_000437,EMP_000037,Meera Pillai,Warehouse,Warehouse Manager,2026-02,2026-02-28,40000.00,2400.00,200.00,0.00,2600.00,37400.00,2400.00,0.00,2400.00,42400.00,INR,BANK_004,PAID,PAYROLL_00000437
PYR_000438,EMP_000038,Ananya Pillai,Customer Experience,CX Executive,2026-02,2026-02-28,31000.00,1860.00,200.00,0.00,2060.00,28940.00,1860.00,0.00,1860.00,32860.00,INR,BANK_004,PAID,PAYROLL_00000438
PYR_000439,EMP_000039,Sneha Pillai,Operations,Operations Analyst,2026-02,2026-02-28,39000.00,2340.00,200.00,0.00,2540.00,36460.00,2340.00,0.00,2340.00,41340.00,INR,BANK_004,PAID,PAYROLL_00000439
PYR_000440,EMP_000040,Diya Sharma,Operations,Operations Manager,2026-02,2026-02-28,46000.00,2760.00,200.00,216.67,3176.67,42823.33,2760.00,0.00,2760.00,48760.00,INR,BANK_004,PAID,PAYROLL_00000440
PYR_000441,EMP_000041,Aditya Mishra,Marketing,Marketing Manager,2026-02,2026-02-28,92000.00,5520.00,200.00,2950.00,8670.00,83330.00,5520.00,0.00,5520.00,97520.00,INR,BANK_004,PAID,PAYROLL_00000441
PYR_000442,EMP_000042,Rohan Joshi,Operations,Operations Executive,2026-02,2026-02-28,138000.00,8280.00,200.00,8200.00,16680.00,121320.00,8280.00,0.00,8280.00,146280.00,INR,BANK_004,PAID,PAYROLL_00000442
PYR_000443,EMP_000043,Aditya Banerjee,Warehouse,Warehouse Associate,2026-02,2026-02-28,74000.00,4440.00,200.00,1616.67,6256.67,67743.33,4440.00,0.00,4440.00,78440.00,INR,BANK_004,PAID,PAYROLL_00000443
PYR_000444,EMP_000044,Rohan Desai,Marketing,Marketing Executive,2026-02,2026-02-28,25000.00,1500.00,200.00,0.00,1700.00,23300.00,1500.00,0.00,1500.00,26500.00,INR,BANK_004,PAID,PAYROLL_00000444
PYR_000445,EMP_000045,Priya Bhat,Finance,Accountant,2026-02,2026-02-28,27000.00,1620.00,200.00,0.00,1820.00,25180.00,1620.00,0.00,1620.00,28620.00,INR,BANK_004,PAID,PAYROLL_00000445
PYR_000446,EMP_000046,Rohan Iyer,Customer Experience,CX Manager,2026-02,2026-02-28,92000.00,5520.00,200.00,2950.00,8670.00,83330.00,5520.00,0.00,5520.00,97520.00,INR,BANK_004,PAID,PAYROLL_00000446
PYR_000447,EMP_000047,Pooja Rao,Operations,Operations Manager,2026-02,2026-02-28,25000.00,1500.00,200.00,0.00,1700.00,23300.00,1500.00,0.00,1500.00,26500.00,INR,BANK_004,PAID,PAYROLL_00000447
PYR_000448,EMP_000048,Kavya Pillai,Marketing,Performance Marketer,2026-02,2026-02-28,150000.00,9000.00,200.00,10000.00,19200.00,130800.00,9000.00,0.00,9000.00,159000.00,INR,BANK_004,PAID,PAYROLL_00000448
PYR_000449,EMP_000049,Nisha Verma,Technology,QA Engineer,2026-02,2026-02-28,47000.00,2820.00,200.00,266.67,3286.67,43713.33,2820.00,0.00,2820.00,49820.00,INR,BANK_004,PAID,PAYROLL_00000449
PYR_000450,EMP_000050,Aditya Kapoor,Operations,Operations Executive,2026-02,2026-02-28,104000.00,6240.00,200.00,4150.00,10590.00,93410.00,6240.00,0.00,6240.00,110240.00,INR,BANK_004,PAID,PAYROLL_00000450
PYR_000451,EMP_000051,Vikram Das,Marketing,Marketing Executive,2026-02,2026-02-28,40000.00,2400.00,200.00,0.00,2600.00,37400.00,2400.00,0.00,2400.00,42400.00,INR,BANK_004,PAID,PAYROLL_00000451
PYR_000452,EMP_000052,Sneha Patel,Technology,QA Engineer,2026-02,2026-02-28,39000.00,2340.00,200.00,0.00,2540.00,36460.00,2340.00,0.00,2340.00,41340.00,INR,BANK_004,PAID,PAYROLL_00000452
PYR_000453,EMP_000053,Aditya Mishra,Finance,Finance Analyst,2026-02,2026-02-28,143000.00,8580.00,200.00,8950.00,17730.00,125270.00,8580.00,0.00,8580.00,151580.00,INR,BANK_004,PAID,PAYROLL_00000453
PYR_000454,EMP_000054,Diya Pillai,Finance,Finance Analyst,2026-02,2026-02-28,164000.00,9840.00,200.00,12100.00,22140.00,141860.00,9840.00,0.00,9840.00,173840.00,INR,BANK_004,PAID,PAYROLL_00000454
PYR_000455,EMP_000055,Priya Mehta,Marketing,Performance Marketer,2026-02,2026-02-28,161000.00,9660.00,200.00,11650.00,21510.00,139490.00,9660.00,0.00,9660.00,170660.00,INR,BANK_004,PAID,PAYROLL_00000455
PYR_000456,EMP_000056,Rohan Singh,Finance,Accountant,2026-02,2026-02-28,55000.00,3300.00,200.00,666.67,4166.67,50833.33,3300.00,0.00,3300.00,58300.00,INR,BANK_004,PAID,PAYROLL_00000456
PYR_000457,EMP_000057,Sneha Desai,Marketing,Marketing Manager,2026-02,2026-02-28,48000.00,2880.00,200.00,316.67,3396.67,44603.33,2880.00,0.00,2880.00,50880.00,INR,BANK_004,PAID,PAYROLL_00000457
PYR_000458,EMP_000058,Aditi Rao,Warehouse,Warehouse Associate,2026-02,2026-02-28,80000.00,4800.00,200.00,1916.67,6916.67,73083.33,4800.00,0.00,4800.00,84800.00,INR,BANK_004,PAID,PAYROLL_00000458
PYR_000459,EMP_000059,Aarav Desai,Technology,Product Analyst,2026-02,2026-02-28,23000.00,1380.00,200.00,0.00,1580.00,21420.00,1380.00,0.00,1380.00,24380.00,INR,BANK_004,PAID,PAYROLL_00000459
PYR_000460,EMP_000060,Vivaan Mishra,Warehouse,Warehouse Manager,2026-02,2026-02-28,37000.00,2220.00,200.00,0.00,2420.00,34580.00,2220.00,0.00,2220.00,39220.00,INR,BANK_004,PAID,PAYROLL_00000460
PYR_000461,EMP_000061,Shreya Rao,Finance,Finance Executive,2026-02,2026-02-28,79000.00,4740.00,200.00,1866.67,6806.67,72193.33,4740.00,0.00,4740.00,83740.00,INR,BANK_004,PAID,PAYROLL_00000461
PYR_000462,EMP_000062,Vikram Gupta,Operations,Operations Analyst,2026-02,2026-02-28,99000.00,5940.00,200.00,3650.00,9790.00,89210.00,5940.00,0.00,5940.00,104940.00,INR,BANK_004,PAID,PAYROLL_00000462
PYR_000463,EMP_000063,Priya Sharma,Customer Experience,CX Executive,2026-02,2026-02-28,169000.00,10140.00,200.00,12850.00,23190.00,145810.00,10140.00,0.00,10140.00,179140.00,INR,BANK_004,PAID,PAYROLL_00000463
PYR_000464,EMP_000064,Aditi Banerjee,Marketing,Marketing Manager,2026-02,2026-02-28,142000.00,8520.00,200.00,8800.00,17520.00,124480.00,8520.00,0.00,8520.00,150520.00,INR,BANK_004,PAID,PAYROLL_00000464
PYR_000465,EMP_000065,Aarav Pillai,Technology,Tech Lead,2026-02,2026-02-28,111000.00,6660.00,200.00,4850.00,11710.00,99290.00,6660.00,0.00,6660.00,117660.00,INR,BANK_004,PAID,PAYROLL_00000465
PYR_000466,EMP_000066,Shreya Kulkarni,Marketing,Performance Marketer,2026-02,2026-02-28,32000.00,1920.00,200.00,0.00,2120.00,29880.00,1920.00,0.00,1920.00,33920.00,INR,BANK_004,PAID,PAYROLL_00000466
PYR_000467,EMP_000067,Aditya Patel,Technology,Software Engineer,2026-02,2026-02-28,144000.00,8640.00,200.00,9100.00,17940.00,126060.00,8640.00,0.00,8640.00,152640.00,INR,BANK_004,PAID,PAYROLL_00000467
PYR_000468,EMP_000068,Ananya Reddy,Operations,Operations Manager,2026-02,2026-02-28,51000.00,3060.00,200.00,466.67,3726.67,47273.33,3060.00,0.00,3060.00,54060.00,INR,BANK_004,PAID,PAYROLL_00000468
PYR_000469,EMP_000069,Meera Kapoor,Warehouse,Warehouse Manager,2026-02,2026-02-28,61000.00,3660.00,200.00,966.67,4826.67,56173.33,3660.00,0.00,3660.00,64660.00,INR,BANK_004,PAID,PAYROLL_00000469
PYR_000470,EMP_000070,Aarav Reddy,Operations,Operations Manager,2026-02,2026-02-28,46000.00,2760.00,200.00,216.67,3176.67,42823.33,2760.00,0.00,2760.00,48760.00,INR,BANK_004,PAID,PAYROLL_00000470
PYR_000471,EMP_000071,Vivaan Bhat,Finance,Finance Analyst,2026-02,2026-02-28,26000.00,1560.00,200.00,0.00,1760.00,24240.00,1560.00,0.00,1560.00,27560.00,INR,BANK_004,PAID,PAYROLL_00000471
PYR_000472,EMP_000072,Rahul Joshi,Finance,Finance Manager,2026-02,2026-02-28,132000.00,7920.00,200.00,7300.00,15420.00,116580.00,7920.00,0.00,7920.00,139920.00,INR,BANK_004,PAID,PAYROLL_00000472
PYR_000473,EMP_000073,Rohan Verma,Customer Experience,CX Manager,2026-02,2026-02-28,123000.00,7380.00,200.00,6050.00,13630.00,109370.00,7380.00,0.00,7380.00,130380.00,INR,BANK_004,PAID,PAYROLL_00000473
PYR_000474,EMP_000074,Neha Joshi,Technology,Software Engineer,2026-02,2026-02-28,74000.00,4440.00,200.00,1616.67,6256.67,67743.33,4440.00,0.00,4440.00,78440.00,INR,BANK_004,PAID,PAYROLL_00000474
PYR_000475,EMP_000075,Shreya Mishra,Warehouse,Warehouse Supervisor,2026-02,2026-02-28,135000.00,8100.00,200.00,7750.00,16050.00,118950.00,8100.00,0.00,8100.00,143100.00,INR,BANK_004,PAID,PAYROLL_00000475
PYR_000476,EMP_000076,Vikram Rao,Customer Experience,CX Manager,2026-02,2026-02-28,43000.00,2580.00,200.00,66.67,2846.67,40153.33,2580.00,0.00,2580.00,45580.00,INR,BANK_004,PAID,PAYROLL_00000476
PYR_000477,EMP_000077,Ishaan Joshi,Warehouse,Warehouse Associate,2026-02,2026-02-28,48000.00,2880.00,200.00,316.67,3396.67,44603.33,2880.00,0.00,2880.00,50880.00,INR,BANK_004,PAID,PAYROLL_00000477
PYR_000478,EMP_000078,Riya Kapoor,Customer Experience,CX Lead,2026-02,2026-02-28,31000.00,1860.00,200.00,0.00,2060.00,28940.00,1860.00,0.00,1860.00,32860.00,INR,BANK_004,PAID,PAYROLL_00000478
PYR_000479,EMP_000079,Vivaan Nair,Finance,Finance Manager,2026-02,2026-02-28,63000.00,3780.00,200.00,1066.67,5046.67,57953.33,3780.00,0.00,3780.00,66780.00,INR,BANK_004,PAID,PAYROLL_00000479
PYR_000480,EMP_000080,Sneha Singh,Customer Experience,CX Manager,2026-02,2026-02-28,23000.00,1380.00,200.00,0.00,1580.00,21420.00,1380.00,0.00,1380.00,24380.00,INR,BANK_004,PAID,PAYROLL_00000480
PYR_000481,EMP_000001,Shreya Sharma,Marketing,Marketing Executive,2026-03,2026-03-28,22000.00,1320.00,200.00,0.00,1520.00,20480.00,1320.00,0.00,1320.00,23320.00,INR,BANK_004,PAID,PAYROLL_00000481
PYR_000482,EMP_000002,Pooja Gupta,Marketing,Marketing Manager,2026-03,2026-03-28,55000.00,3300.00,200.00,666.67,4166.67,50833.33,3300.00,0.00,3300.00,58300.00,INR,BANK_004,PAID,PAYROLL_00000482
PYR_000483,EMP_000003,Karan Pillai,Technology,Product Analyst,2026-03,2026-03-28,36000.00,2160.00,200.00,0.00,2360.00,33640.00,2160.00,0.00,2160.00,38160.00,INR,BANK_004,PAID,PAYROLL_00000483
PYR_000484,EMP_000004,Riya Kapoor,Technology,Product Analyst,2026-03,2026-03-28,32000.00,1920.00,200.00,0.00,2120.00,29880.00,1920.00,0.00,1920.00,33920.00,INR,BANK_004,PAID,PAYROLL_00000484
PYR_000485,EMP_000005,Rahul Singh,Warehouse,Warehouse Manager,2026-03,2026-03-28,121000.00,7260.00,200.00,5850.00,13310.00,107690.00,7260.00,0.00,7260.00,128260.00,INR,BANK_004,PAID,PAYROLL_00000485
PYR_000486,EMP_000006,Shreya Mishra,Marketing,Marketing Executive,2026-03,2026-03-28,164000.00,9840.00,200.00,12100.00,22140.00,141860.00,9840.00,0.00,9840.00,173840.00,INR,BANK_004,PAID,PAYROLL_00000486
PYR_000487,EMP_000007,Aditya Rao,Customer Experience,CX Manager,2026-03,2026-03-28,22000.00,1320.00,200.00,0.00,1520.00,20480.00,1320.00,0.00,1320.00,23320.00,INR,BANK_004,PAID,PAYROLL_00000487
PYR_000488,EMP_000008,Meera Patel,Technology,QA Engineer,2026-03,2026-03-28,25000.00,1500.00,200.00,0.00,1700.00,23300.00,1500.00,0.00,1500.00,26500.00,INR,BANK_004,PAID,PAYROLL_00000488
PYR_000489,EMP_000009,Rahul Gupta,Customer Experience,CX Lead,2026-03,2026-03-28,48000.00,2880.00,200.00,316.67,3396.67,44603.33,2880.00,0.00,2880.00,50880.00,INR,BANK_004,PAID,PAYROLL_00000489
PYR_000490,EMP_000010,Vivaan Menon,Technology,Tech Lead,2026-03,2026-03-28,113000.00,6780.00,200.00,5050.00,12030.00,100970.00,6780.00,0.00,6780.00,119780.00,INR,BANK_004,PAID,PAYROLL_00000490
PYR_000491,EMP_000011,Vikram Iyer,Customer Experience,CX Executive,2026-03,2026-03-28,135000.00,8100.00,200.00,7750.00,16050.00,118950.00,8100.00,0.00,8100.00,143100.00,INR,BANK_004,PAID,PAYROLL_00000491
PYR_000492,EMP_000012,Aditya Mishra,Warehouse,Warehouse Supervisor,2026-03,2026-03-28,163000.00,9780.00,200.00,11950.00,21930.00,141070.00,9780.00,0.00,9780.00,172780.00,INR,BANK_004,PAID,PAYROLL_00000492
PYR_000493,EMP_000013,Diya Patel,Customer Experience,CX Lead,2026-03,2026-03-28,46000.00,2760.00,200.00,216.67,3176.67,42823.33,2760.00,0.00,2760.00,48760.00,INR,BANK_004,PAID,PAYROLL_00000493
PYR_000494,EMP_000014,Nisha Rao,Technology,Tech Lead,2026-03,2026-03-28,145000.00,8700.00,200.00,9250.00,18150.00,126850.00,8700.00,0.00,8700.00,153700.00,INR,BANK_004,PAID,PAYROLL_00000494
PYR_000495,EMP_000015,Isha Kulkarni,Customer Experience,CX Executive,2026-03,2026-03-28,24000.00,1440.00,200.00,0.00,1640.00,22360.00,1440.00,0.00,1440.00,25440.00,INR,BANK_004,PAID,PAYROLL_00000495
PYR_000496,EMP_000016,Isha Mishra,Marketing,Marketing Manager,2026-03,2026-03-28,96000.00,5760.00,200.00,3350.00,9310.00,86690.00,5760.00,0.00,5760.00,101760.00,INR,BANK_004,PAID,PAYROLL_00000496
PYR_000497,EMP_000017,Ananya Mehta,Warehouse,Warehouse Supervisor,2026-03,2026-03-28,52000.00,3120.00,200.00,516.67,3836.67,48163.33,3120.00,0.00,3120.00,55120.00,INR,BANK_004,PAID,PAYROLL_00000497
PYR_000498,EMP_000018,Aditya Menon,Customer Experience,CX Lead,2026-03,2026-03-28,42000.00,2520.00,200.00,16.67,2736.67,39263.33,2520.00,0.00,2520.00,44520.00,INR,BANK_004,PAID,PAYROLL_00000498
PYR_000499,EMP_000019,Vikram Kapoor,Marketing,Marketing Manager,2026-03,2026-03-28,23000.00,1380.00,200.00,0.00,1580.00,21420.00,1380.00,0.00,1380.00,24380.00,INR,BANK_004,PAID,PAYROLL_00000499
PYR_000500,EMP_000020,Rohan Nair,Technology,Product Analyst,2026-03,2026-03-28,81000.00,4860.00,200.00,1966.67,7026.67,73973.33,4860.00,0.00,4860.00,85860.00,INR,BANK_004,PAID,PAYROLL_00000500
PYR_000501,EMP_000021,Meera Gupta,Warehouse,Warehouse Manager,2026-03,2026-03-28,75000.00,4500.00,200.00,1666.67,6366.67,68633.33,4500.00,0.00,4500.00,79500.00,INR,BANK_004,PAID,PAYROLL_00000501
PYR_000502,EMP_000022,Rohan Pillai,Marketing,Marketing Executive,2026-03,2026-03-28,67000.00,4020.00,200.00,1266.67,5486.67,61513.33,4020.00,0.00,4020.00,71020.00,INR,BANK_004,PAID,PAYROLL_00000502
PYR_000503,EMP_000023,Sneha Pillai,Technology,QA Engineer,2026-03,2026-03-28,73000.00,4380.00,200.00,1566.67,6146.67,66853.33,4380.00,0.00,4380.00,77380.00,INR,BANK_004,PAID,PAYROLL_00000503
PYR_000504,EMP_000024,Ananya Patel,Warehouse,Warehouse Manager,2026-03,2026-03-28,29000.00,1740.00,200.00,0.00,1940.00,27060.00,1740.00,0.00,1740.00,30740.00,INR,BANK_004,PAID,PAYROLL_00000504
PYR_000505,EMP_000025,Rohan Verma,Finance,Finance Manager,2026-03,2026-03-28,125000.00,7500.00,200.00,6250.00,13950.00,111050.00,7500.00,0.00,7500.00,132500.00,INR,BANK_004,PAID,PAYROLL_00000505
PYR_000506,EMP_000026,Karan Pillai,Customer Experience,CX Manager,2026-03,2026-03-28,80000.00,4800.00,200.00,1916.67,6916.67,73083.33,4800.00,0.00,4800.00,84800.00,INR,BANK_004,PAID,PAYROLL_00000506
PYR_000507,EMP_000027,Aditi Singh,Technology,Software Engineer,2026-03,2026-03-28,147000.00,8820.00,200.00,9550.00,18570.00,128430.00,8820.00,0.00,8820.00,155820.00,INR,BANK_004,PAID,PAYROLL_00000507
PYR_000508,EMP_000028,Vivaan Kulkarni,Customer Experience,CX Lead,2026-03,2026-03-28,156000.00,9360.00,200.00,10900.00,20460.00,135540.00,9360.00,0.00,9360.00,165360.00,INR,BANK_004,PAID,PAYROLL_00000508
PYR_000509,EMP_000029,Aditi Nair,Marketing,Marketing Manager,2026-03,2026-03-28,134000.00,8040.00,200.00,7600.00,15840.00,118160.00,8040.00,0.00,8040.00,142040.00,INR,BANK_004,PAID,PAYROLL_00000509
PYR_000510,EMP_000030,Neha Patel,Marketing,Marketing Manager,2026-03,2026-03-28,22000.00,1320.00,200.00,0.00,1520.00,20480.00,1320.00,0.00,1320.00,23320.00,INR,BANK_004,PAID,PAYROLL_00000510
PYR_000511,EMP_000031,Kavya Rao,Operations,Operations Executive,2026-03,2026-03-28,41000.00,2460.00,200.00,0.00,2660.00,38340.00,2460.00,0.00,2460.00,43460.00,INR,BANK_004,PAID,PAYROLL_00000511
PYR_000512,EMP_000032,Aditya Sharma,Marketing,Marketing Manager,2026-03,2026-03-28,25000.00,1500.00,200.00,0.00,1700.00,23300.00,1500.00,0.00,1500.00,26500.00,INR,BANK_004,PAID,PAYROLL_00000512
PYR_000513,EMP_000033,Vikram Das,Operations,Operations Manager,2026-03,2026-03-28,28000.00,1680.00,200.00,0.00,1880.00,26120.00,1680.00,0.00,1680.00,29680.00,INR,BANK_004,PAID,PAYROLL_00000513
PYR_000514,EMP_000034,Riya Das,Warehouse,Warehouse Associate,2026-03,2026-03-28,62000.00,3720.00,200.00,1016.67,4936.67,57063.33,3720.00,0.00,3720.00,65720.00,INR,BANK_004,PAID,PAYROLL_00000514
PYR_000515,EMP_000035,Aditi Nair,Customer Experience,CX Lead,2026-03,2026-03-28,53000.00,3180.00,200.00,566.67,3946.67,49053.33,3180.00,0.00,3180.00,56180.00,INR,BANK_004,PAID,PAYROLL_00000515
PYR_000516,EMP_000036,Priya Banerjee,Technology,Tech Lead,2026-03,2026-03-28,59000.00,3540.00,200.00,866.67,4606.67,54393.33,3540.00,0.00,3540.00,62540.00,INR,BANK_004,PAID,PAYROLL_00000516
PYR_000517,EMP_000037,Meera Pillai,Warehouse,Warehouse Manager,2026-03,2026-03-28,40000.00,2400.00,200.00,0.00,2600.00,37400.00,2400.00,0.00,2400.00,42400.00,INR,BANK_004,PAID,PAYROLL_00000517
PYR_000518,EMP_000038,Ananya Pillai,Customer Experience,CX Executive,2026-03,2026-03-28,31000.00,1860.00,200.00,0.00,2060.00,28940.00,1860.00,0.00,1860.00,32860.00,INR,BANK_004,PAID,PAYROLL_00000518
PYR_000519,EMP_000039,Sneha Pillai,Operations,Operations Analyst,2026-03,2026-03-28,39000.00,2340.00,200.00,0.00,2540.00,36460.00,2340.00,0.00,2340.00,41340.00,INR,BANK_004,PAID,PAYROLL_00000519
PYR_000520,EMP_000040,Diya Sharma,Operations,Operations Manager,2026-03,2026-03-28,46000.00,2760.00,200.00,216.67,3176.67,42823.33,2760.00,0.00,2760.00,48760.00,INR,BANK_004,PAID,PAYROLL_00000520
PYR_000521,EMP_000041,Aditya Mishra,Marketing,Marketing Manager,2026-03,2026-03-28,92000.00,5520.00,200.00,2950.00,8670.00,83330.00,5520.00,0.00,5520.00,97520.00,INR,BANK_004,PAID,PAYROLL_00000521
PYR_000522,EMP_000042,Rohan Joshi,Operations,Operations Executive,2026-03,2026-03-28,138000.00,8280.00,200.00,8200.00,16680.00,121320.00,8280.00,0.00,8280.00,146280.00,INR,BANK_004,PAID,PAYROLL_00000522
PYR_000523,EMP_000043,Aditya Banerjee,Warehouse,Warehouse Associate,2026-03,2026-03-28,74000.00,4440.00,200.00,1616.67,6256.67,67743.33,4440.00,0.00,4440.00,78440.00,INR,BANK_004,PAID,PAYROLL_00000523
PYR_000524,EMP_000044,Rohan Desai,Marketing,Marketing Executive,2026-03,2026-03-28,25000.00,1500.00,200.00,0.00,1700.00,23300.00,1500.00,0.00,1500.00,26500.00,INR,BANK_004,PAID,PAYROLL_00000524
PYR_000525,EMP_000045,Priya Bhat,Finance,Accountant,2026-03,2026-03-28,27000.00,1620.00,200.00,0.00,1820.00,25180.00,1620.00,0.00,1620.00,28620.00,INR,BANK_004,PAID,PAYROLL_00000525
PYR_000526,EMP_000046,Rohan Iyer,Customer Experience,CX Manager,2026-03,2026-03-28,92000.00,5520.00,200.00,2950.00,8670.00,83330.00,5520.00,0.00,5520.00,97520.00,INR,BANK_004,PAID,PAYROLL_00000526
PYR_000527,EMP_000047,Pooja Rao,Operations,Operations Manager,2026-03,2026-03-28,25000.00,1500.00,200.00,0.00,1700.00,23300.00,1500.00,0.00,1500.00,26500.00,INR,BANK_004,PAID,PAYROLL_00000527
PYR_000528,EMP_000048,Kavya Pillai,Marketing,Performance Marketer,2026-03,2026-03-28,150000.00,9000.00,200.00,10000.00,19200.00,130800.00,9000.00,0.00,9000.00,159000.00,INR,BANK_004,PAID,PAYROLL_00000528
PYR_000529,EMP_000049,Nisha Verma,Technology,QA Engineer,2026-03,2026-03-28,47000.00,2820.00,200.00,266.67,3286.67,43713.33,2820.00,0.00,2820.00,49820.00,INR,BANK_004,PAID,PAYROLL_00000529
PYR_000530,EMP_000050,Aditya Kapoor,Operations,Operations Executive,2026-03,2026-03-28,104000.00,6240.00,200.00,4150.00,10590.00,93410.00,6240.00,0.00,6240.00,110240.00,INR,BANK_004,PAID,PAYROLL_00000530
PYR_000531,EMP_000051,Vikram Das,Marketing,Marketing Executive,2026-03,2026-03-28,40000.00,2400.00,200.00,0.00,2600.00,37400.00,2400.00,0.00,2400.00,42400.00,INR,BANK_004,PAID,PAYROLL_00000531
PYR_000532,EMP_000052,Sneha Patel,Technology,QA Engineer,2026-03,2026-03-28,39000.00,2340.00,200.00,0.00,2540.00,36460.00,2340.00,0.00,2340.00,41340.00,INR,BANK_004,PAID,PAYROLL_00000532
PYR_000533,EMP_000053,Aditya Mishra,Finance,Finance Analyst,2026-03,2026-03-28,143000.00,8580.00,200.00,8950.00,17730.00,125270.00,8580.00,0.00,8580.00,151580.00,INR,BANK_004,PAID,PAYROLL_00000533
PYR_000534,EMP_000054,Diya Pillai,Finance,Finance Analyst,2026-03,2026-03-28,164000.00,9840.00,200.00,12100.00,22140.00,141860.00,9840.00,0.00,9840.00,173840.00,INR,BANK_004,PAID,PAYROLL_00000534
PYR_000535,EMP_000055,Priya Mehta,Marketing,Performance Marketer,2026-03,2026-03-28,161000.00,9660.00,200.00,11650.00,21510.00,139490.00,9660.00,0.00,9660.00,170660.00,INR,BANK_004,PAID,PAYROLL_00000535
PYR_000536,EMP_000056,Rohan Singh,Finance,Accountant,2026-03,2026-03-28,55000.00,3300.00,200.00,666.67,4166.67,50833.33,3300.00,0.00,3300.00,58300.00,INR,BANK_004,PAID,PAYROLL_00000536
PYR_000537,EMP_000057,Sneha Desai,Marketing,Marketing Manager,2026-03,2026-03-28,48000.00,2880.00,200.00,316.67,3396.67,44603.33,2880.00,0.00,2880.00,50880.00,INR,BANK_004,PAID,PAYROLL_00000537
PYR_000538,EMP_000058,Aditi Rao,Warehouse,Warehouse Associate,2026-03,2026-03-28,80000.00,4800.00,200.00,1916.67,6916.67,73083.33,4800.00,0.00,4800.00,84800.00,INR,BANK_004,PAID,PAYROLL_00000538
PYR_000539,EMP_000059,Aarav Desai,Technology,Product Analyst,2026-03,2026-03-28,23000.00,1380.00,200.00,0.00,1580.00,21420.00,1380.00,0.00,1380.00,24380.00,INR,BANK_004,PAID,PAYROLL_00000539
PYR_000540,EMP_000060,Vivaan Mishra,Warehouse,Warehouse Manager,2026-03,2026-03-28,37000.00,2220.00,200.00,0.00,2420.00,34580.00,2220.00,0.00,2220.00,39220.00,INR,BANK_004,PAID,PAYROLL_00000540
PYR_000541,EMP_000061,Shreya Rao,Finance,Finance Executive,2026-03,2026-03-28,79000.00,4740.00,200.00,1866.67,6806.67,72193.33,4740.00,0.00,4740.00,83740.00,INR,BANK_004,PAID,PAYROLL_00000541
PYR_000542,EMP_000062,Vikram Gupta,Operations,Operations Analyst,2026-03,2026-03-28,99000.00,5940.00,200.00,3650.00,9790.00,89210.00,5940.00,0.00,5940.00,104940.00,INR,BANK_004,PAID,PAYROLL_00000542
PYR_000543,EMP_000063,Priya Sharma,Customer Experience,CX Executive,2026-03,2026-03-28,169000.00,10140.00,200.00,12850.00,23190.00,145810.00,10140.00,0.00,10140.00,179140.00,INR,BANK_004,PAID,PAYROLL_00000543
PYR_000544,EMP_000064,Aditi Banerjee,Marketing,Marketing Manager,2026-03,2026-03-28,142000.00,8520.00,200.00,8800.00,17520.00,124480.00,8520.00,0.00,8520.00,150520.00,INR,BANK_004,PAID,PAYROLL_00000544
PYR_000545,EMP_000065,Aarav Pillai,Technology,Tech Lead,2026-03,2026-03-28,111000.00,6660.00,200.00,4850.00,11710.00,99290.00,6660.00,0.00,6660.00,117660.00,INR,BANK_004,PAID,PAYROLL_00000545
PYR_000546,EMP_000066,Shreya Kulkarni,Marketing,Performance Marketer,2026-03,2026-03-28,32000.00,1920.00,200.00,0.00,2120.00,29880.00,1920.00,0.00,1920.00,33920.00,INR,BANK_004,PAID,PAYROLL_00000546
PYR_000547,EMP_000067,Aditya Patel,Technology,Software Engineer,2026-03,2026-03-28,144000.00,8640.00,200.00,9100.00,17940.00,126060.00,8640.00,0.00,8640.00,152640.00,INR,BANK_004,PAID,PAYROLL_00000547
PYR_000548,EMP_000068,Ananya Reddy,Operations,Operations Manager,2026-03,2026-03-28,51000.00,3060.00,200.00,466.67,3726.67,47273.33,3060.00,0.00,3060.00,54060.00,INR,BANK_004,PAID,PAYROLL_00000548
PYR_000549,EMP_000069,Meera Kapoor,Warehouse,Warehouse Manager,2026-03,2026-03-28,61000.00,3660.00,200.00,966.67,4826.67,56173.33,3660.00,0.00,3660.00,64660.00,INR,BANK_004,PAID,PAYROLL_00000549
PYR_000550,EMP_000070,Aarav Reddy,Operations,Operations Manager,2026-03,2026-03-28,46000.00,2760.00,200.00,216.67,3176.67,42823.33,2760.00,0.00,2760.00,48760.00,INR,BANK_004,PAID,PAYROLL_00000550
PYR_000551,EMP_000071,Vivaan Bhat,Finance,Finance Analyst,2026-03,2026-03-28,26000.00,1560.00,200.00,0.00,1760.00,24240.00,1560.00,0.00,1560.00,27560.00,INR,BANK_004,PAID,PAYROLL_00000551
PYR_000552,EMP_000072,Rahul Joshi,Finance,Finance Manager,2026-03,2026-03-28,132000.00,7920.00,200.00,7300.00,15420.00,116580.00,7920.00,0.00,7920.00,139920.00,INR,BANK_004,PAID,PAYROLL_00000552
PYR_000553,EMP_000073,Rohan Verma,Customer Experience,CX Manager,2026-03,2026-03-28,123000.00,7380.00,200.00,6050.00,13630.00,109370.00,7380.00,0.00,7380.00,130380.00,INR,BANK_004,PAID,PAYROLL_00000553
PYR_000554,EMP_000074,Neha Joshi,Technology,Software Engineer,2026-03,2026-03-28,74000.00,4440.00,200.00,1616.67,6256.67,67743.33,4440.00,0.00,4440.00,78440.00,INR,BANK_004,PAID,PAYROLL_00000554
PYR_000555,EMP_000075,Shreya Mishra,Warehouse,Warehouse Supervisor,2026-03,2026-03-28,135000.00,8100.00,200.00,7750.00,16050.00,118950.00,8100.00,0.00,8100.00,143100.00,INR,BANK_004,PAID,PAYROLL_00000555
PYR_000556,EMP_000076,Vikram Rao,Customer Experience,CX Manager,2026-03,2026-03-28,43000.00,2580.00,200.00,66.67,2846.67,40153.33,2580.00,0.00,2580.00,45580.00,INR,BANK_004,PAID,PAYROLL_00000556
PYR_000557,EMP_000077,Ishaan Joshi,Warehouse,Warehouse Associate,2026-03,2026-03-28,48000.00,2880.00,200.00,316.67,3396.67,44603.33,2880.00,0.00,2880.00,50880.00,INR,BANK_004,PAID,PAYROLL_00000557
PYR_000558,EMP_000078,Riya Kapoor,Customer Experience,CX Lead,2026-03,2026-03-28,31000.00,1860.00,200.00,0.00,2060.00,28940.00,1860.00,0.00,1860.00,32860.00,INR,BANK_004,PAID,PAYROLL_00000558
PYR_000559,EMP_000079,Vivaan Nair,Finance,Finance Manager,2026-03,2026-03-28,63000.00,3780.00,200.00,1066.67,5046.67,57953.33,3780.00,0.00,3780.00,66780.00,INR,BANK_004,PAID,PAYROLL_00000559
PYR_000560,EMP_000080,Sneha Singh,Customer Experience,CX Manager,2026-03,2026-03-28,23000.00,1380.00,200.00,0.00,1580.00,21420.00,1380.00,0.00,1380.00,24380.00,INR,BANK_004,PAID,PAYROLL_00000560
PYR_000561,EMP_000001,Shreya Sharma,Marketing,Marketing Executive,2026-04,2026-04-28,22000.00,1320.00,200.00,0.00,1520.00,20480.00,1320.00,0.00,1320.00,23320.00,INR,BANK_004,PAID,PAYROLL_00000561
PYR_000562,EMP_000002,Pooja Gupta,Marketing,Marketing Manager,2026-04,2026-04-28,55000.00,3300.00,200.00,666.67,4166.67,50833.33,3300.00,0.00,3300.00,58300.00,INR,BANK_004,PAID,PAYROLL_00000562
PYR_000563,EMP_000003,Karan Pillai,Technology,Product Analyst,2026-04,2026-04-28,36000.00,2160.00,200.00,0.00,2360.00,33640.00,2160.00,0.00,2160.00,38160.00,INR,BANK_004,PAID,PAYROLL_00000563
PYR_000564,EMP_000004,Riya Kapoor,Technology,Product Analyst,2026-04,2026-04-28,32000.00,1920.00,200.00,0.00,2120.00,29880.00,1920.00,0.00,1920.00,33920.00,INR,BANK_004,PAID,PAYROLL_00000564
PYR_000565,EMP_000005,Rahul Singh,Warehouse,Warehouse Manager,2026-04,2026-04-28,121000.00,7260.00,200.00,5850.00,13310.00,107690.00,7260.00,0.00,7260.00,128260.00,INR,BANK_004,PAID,PAYROLL_00000565
PYR_000566,EMP_000006,Shreya Mishra,Marketing,Marketing Executive,2026-04,2026-04-28,164000.00,9840.00,200.00,12100.00,22140.00,141860.00,9840.00,0.00,9840.00,173840.00,INR,BANK_004,PAID,PAYROLL_00000566
PYR_000567,EMP_000007,Aditya Rao,Customer Experience,CX Manager,2026-04,2026-04-28,22000.00,1320.00,200.00,0.00,1520.00,20480.00,1320.00,0.00,1320.00,23320.00,INR,BANK_004,PAID,PAYROLL_00000567
PYR_000568,EMP_000008,Meera Patel,Technology,QA Engineer,2026-04,2026-04-28,25000.00,1500.00,200.00,0.00,1700.00,23300.00,1500.00,0.00,1500.00,26500.00,INR,BANK_004,PAID,PAYROLL_00000568
PYR_000569,EMP_000009,Rahul Gupta,Customer Experience,CX Lead,2026-04,2026-04-28,48000.00,2880.00,200.00,316.67,3396.67,44603.33,2880.00,0.00,2880.00,50880.00,INR,BANK_004,PAID,PAYROLL_00000569
PYR_000570,EMP_000010,Vivaan Menon,Technology,Tech Lead,2026-04,2026-04-28,113000.00,6780.00,200.00,5050.00,12030.00,100970.00,6780.00,0.00,6780.00,119780.00,INR,BANK_004,PAID,PAYROLL_00000570
PYR_000571,EMP_000011,Vikram Iyer,Customer Experience,CX Executive,2026-04,2026-04-28,135000.00,8100.00,200.00,7750.00,16050.00,118950.00,8100.00,0.00,8100.00,143100.00,INR,BANK_004,PAID,PAYROLL_00000571
PYR_000572,EMP_000012,Aditya Mishra,Warehouse,Warehouse Supervisor,2026-04,2026-04-28,163000.00,9780.00,200.00,11950.00,21930.00,141070.00,9780.00,0.00,9780.00,172780.00,INR,BANK_004,PAID,PAYROLL_00000572
PYR_000573,EMP_000013,Diya Patel,Customer Experience,CX Lead,2026-04,2026-04-28,46000.00,2760.00,200.00,216.67,3176.67,42823.33,2760.00,0.00,2760.00,48760.00,INR,BANK_004,PAID,PAYROLL_00000573
PYR_000574,EMP_000014,Nisha Rao,Technology,Tech Lead,2026-04,2026-04-28,145000.00,8700.00,200.00,9250.00,18150.00,126850.00,8700.00,0.00,8700.00,153700.00,INR,BANK_004,PAID,PAYROLL_00000574
PYR_000575,EMP_000015,Isha Kulkarni,Customer Experience,CX Executive,2026-04,2026-04-28,24000.00,1440.00,200.00,0.00,1640.00,22360.00,1440.00,0.00,1440.00,25440.00,INR,BANK_004,PAID,PAYROLL_00000575
PYR_000576,EMP_000016,Isha Mishra,Marketing,Marketing Manager,2026-04,2026-04-28,96000.00,5760.00,200.00,3350.00,9310.00,86690.00,5760.00,0.00,5760.00,101760.00,INR,BANK_004,PAID,PAYROLL_00000576
PYR_000577,EMP_000017,Ananya Mehta,Warehouse,Warehouse Supervisor,2026-04,2026-04-28,52000.00,3120.00,200.00,516.67,3836.67,48163.33,3120.00,0.00,3120.00,55120.00,INR,BANK_004,PAID,PAYROLL_00000577
PYR_000578,EMP_000018,Aditya Menon,Customer Experience,CX Lead,2026-04,2026-04-28,42000.00,2520.00,200.00,16.67,2736.67,39263.33,2520.00,0.00,2520.00,44520.00,INR,BANK_004,PAID,PAYROLL_00000578
PYR_000579,EMP_000019,Vikram Kapoor,Marketing,Marketing Manager,2026-04,2026-04-28,23000.00,1380.00,200.00,0.00,1580.00,21420.00,1380.00,0.00,1380.00,24380.00,INR,BANK_004,PAID,PAYROLL_00000579
PYR_000580,EMP_000020,Rohan Nair,Technology,Product Analyst,2026-04,2026-04-28,81000.00,4860.00,200.00,1966.67,7026.67,73973.33,4860.00,0.00,4860.00,85860.00,INR,BANK_004,PAID,PAYROLL_00000580
PYR_000581,EMP_000021,Meera Gupta,Warehouse,Warehouse Manager,2026-04,2026-04-28,75000.00,4500.00,200.00,1666.67,6366.67,68633.33,4500.00,0.00,4500.00,79500.00,INR,BANK_004,PAID,PAYROLL_00000581
PYR_000582,EMP_000022,Rohan Pillai,Marketing,Marketing Executive,2026-04,2026-04-28,67000.00,4020.00,200.00,1266.67,5486.67,61513.33,4020.00,0.00,4020.00,71020.00,INR,BANK_004,PAID,PAYROLL_00000582
PYR_000583,EMP_000023,Sneha Pillai,Technology,QA Engineer,2026-04,2026-04-28,73000.00,4380.00,200.00,1566.67,6146.67,66853.33,4380.00,0.00,4380.00,77380.00,INR,BANK_004,PAID,PAYROLL_00000583
PYR_000584,EMP_000024,Ananya Patel,Warehouse,Warehouse Manager,2026-04,2026-04-28,29000.00,1740.00,200.00,0.00,1940.00,27060.00,1740.00,0.00,1740.00,30740.00,INR,BANK_004,PAID,PAYROLL_00000584
PYR_000585,EMP_000025,Rohan Verma,Finance,Finance Manager,2026-04,2026-04-28,125000.00,7500.00,200.00,6250.00,13950.00,111050.00,7500.00,0.00,7500.00,132500.00,INR,BANK_004,PAID,PAYROLL_00000585
PYR_000586,EMP_000026,Karan Pillai,Customer Experience,CX Manager,2026-04,2026-04-28,80000.00,4800.00,200.00,1916.67,6916.67,73083.33,4800.00,0.00,4800.00,84800.00,INR,BANK_004,PAID,PAYROLL_00000586
PYR_000587,EMP_000027,Aditi Singh,Technology,Software Engineer,2026-04,2026-04-28,147000.00,8820.00,200.00,9550.00,18570.00,128430.00,8820.00,0.00,8820.00,155820.00,INR,BANK_004,PAID,PAYROLL_00000587
PYR_000588,EMP_000028,Vivaan Kulkarni,Customer Experience,CX Lead,2026-04,2026-04-28,156000.00,9360.00,200.00,10900.00,20460.00,135540.00,9360.00,0.00,9360.00,165360.00,INR,BANK_004,PAID,PAYROLL_00000588
PYR_000589,EMP_000029,Aditi Nair,Marketing,Marketing Manager,2026-04,2026-04-28,134000.00,8040.00,200.00,7600.00,15840.00,118160.00,8040.00,0.00,8040.00,142040.00,INR,BANK_004,PAID,PAYROLL_00000589
PYR_000590,EMP_000030,Neha Patel,Marketing,Marketing Manager,2026-04,2026-04-28,22000.00,1320.00,200.00,0.00,1520.00,20480.00,1320.00,0.00,1320.00,23320.00,INR,BANK_004,PAID,PAYROLL_00000590
PYR_000591,EMP_000031,Kavya Rao,Operations,Operations Executive,2026-04,2026-04-28,41000.00,2460.00,200.00,0.00,2660.00,38340.00,2460.00,0.00,2460.00,43460.00,INR,BANK_004,PAID,PAYROLL_00000591
PYR_000592,EMP_000032,Aditya Sharma,Marketing,Marketing Manager,2026-04,2026-04-28,25000.00,1500.00,200.00,0.00,1700.00,23300.00,1500.00,0.00,1500.00,26500.00,INR,BANK_004,PAID,PAYROLL_00000592
PYR_000593,EMP_000033,Vikram Das,Operations,Operations Manager,2026-04,2026-04-28,28000.00,1680.00,200.00,0.00,1880.00,26120.00,1680.00,0.00,1680.00,29680.00,INR,BANK_004,PAID,PAYROLL_00000593
PYR_000594,EMP_000034,Riya Das,Warehouse,Warehouse Associate,2026-04,2026-04-28,62000.00,3720.00,200.00,1016.67,4936.67,57063.33,3720.00,0.00,3720.00,65720.00,INR,BANK_004,PAID,PAYROLL_00000594
PYR_000595,EMP_000035,Aditi Nair,Customer Experience,CX Lead,2026-04,2026-04-28,53000.00,3180.00,200.00,566.67,3946.67,49053.33,3180.00,0.00,3180.00,56180.00,INR,BANK_004,PAID,PAYROLL_00000595
PYR_000596,EMP_000036,Priya Banerjee,Technology,Tech Lead,2026-04,2026-04-28,59000.00,3540.00,200.00,866.67,4606.67,54393.33,3540.00,0.00,3540.00,62540.00,INR,BANK_004,PAID,PAYROLL_00000596
PYR_000597,EMP_000037,Meera Pillai,Warehouse,Warehouse Manager,2026-04,2026-04-28,40000.00,2400.00,200.00,0.00,2600.00,37400.00,2400.00,0.00,2400.00,42400.00,INR,BANK_004,PAID,PAYROLL_00000597
PYR_000598,EMP_000038,Ananya Pillai,Customer Experience,CX Executive,2026-04,2026-04-28,31000.00,1860.00,200.00,0.00,2060.00,28940.00,1860.00,0.00,1860.00,32860.00,INR,BANK_004,PAID,PAYROLL_00000598
PYR_000599,EMP_000039,Sneha Pillai,Operations,Operations Analyst,2026-04,2026-04-28,39000.00,2340.00,200.00,0.00,2540.00,36460.00,2340.00,0.00,2340.00,41340.00,INR,BANK_004,PAID,PAYROLL_00000599
PYR_000600,EMP_000040,Diya Sharma,Operations,Operations Manager,2026-04,2026-04-28,46000.00,2760.00,200.00,216.67,3176.67,42823.33,2760.00,0.00,2760.00,48760.00,INR,BANK_004,PAID,PAYROLL_00000600
PYR_000601,EMP_000041,Aditya Mishra,Marketing,Marketing Manager,2026-04,2026-04-28,92000.00,5520.00,200.00,2950.00,8670.00,83330.00,5520.00,0.00,5520.00,97520.00,INR,BANK_004,PAID,PAYROLL_00000601
PYR_000602,EMP_000042,Rohan Joshi,Operations,Operations Executive,2026-04,2026-04-28,138000.00,8280.00,200.00,8200.00,16680.00,121320.00,8280.00,0.00,8280.00,146280.00,INR,BANK_004,PAID,PAYROLL_00000602
PYR_000603,EMP_000043,Aditya Banerjee,Warehouse,Warehouse Associate,2026-04,2026-04-28,74000.00,4440.00,200.00,1616.67,6256.67,67743.33,4440.00,0.00,4440.00,78440.00,INR,BANK_004,PAID,PAYROLL_00000603
PYR_000604,EMP_000044,Rohan Desai,Marketing,Marketing Executive,2026-04,2026-04-28,25000.00,1500.00,200.00,0.00,1700.00,23300.00,1500.00,0.00,1500.00,26500.00,INR,BANK_004,PAID,PAYROLL_00000604
PYR_000605,EMP_000045,Priya Bhat,Finance,Accountant,2026-04,2026-04-28,27000.00,1620.00,200.00,0.00,1820.00,25180.00,1620.00,0.00,1620.00,28620.00,INR,BANK_004,PAID,PAYROLL_00000605
PYR_000606,EMP_000046,Rohan Iyer,Customer Experience,CX Manager,2026-04,2026-04-28,92000.00,5520.00,200.00,2950.00,8670.00,83330.00,5520.00,0.00,5520.00,97520.00,INR,BANK_004,PAID,PAYROLL_00000606
PYR_000607,EMP_000047,Pooja Rao,Operations,Operations Manager,2026-04,2026-04-28,25000.00,1500.00,200.00,0.00,1700.00,23300.00,1500.00,0.00,1500.00,26500.00,INR,BANK_004,PAID,PAYROLL_00000607
PYR_000608,EMP_000048,Kavya Pillai,Marketing,Performance Marketer,2026-04,2026-04-28,150000.00,9000.00,200.00,10000.00,19200.00,130800.00,9000.00,0.00,9000.00,159000.00,INR,BANK_004,PAID,PAYROLL_00000608
PYR_000609,EMP_000049,Nisha Verma,Technology,QA Engineer,2026-04,2026-04-28,47000.00,2820.00,200.00,266.67,3286.67,43713.33,2820.00,0.00,2820.00,49820.00,INR,BANK_004,PAID,PAYROLL_00000609
PYR_000610,EMP_000050,Aditya Kapoor,Operations,Operations Executive,2026-04,2026-04-28,104000.00,6240.00,200.00,4150.00,10590.00,93410.00,6240.00,0.00,6240.00,110240.00,INR,BANK_004,PAID,PAYROLL_00000610
PYR_000611,EMP_000051,Vikram Das,Marketing,Marketing Executive,2026-04,2026-04-28,40000.00,2400.00,200.00,0.00,2600.00,37400.00,2400.00,0.00,2400.00,42400.00,INR,BANK_004,PAID,PAYROLL_00000611
PYR_000612,EMP_000052,Sneha Patel,Technology,QA Engineer,2026-04,2026-04-28,39000.00,2340.00,200.00,0.00,2540.00,36460.00,2340.00,0.00,2340.00,41340.00,INR,BANK_004,PAID,PAYROLL_00000612
PYR_000613,EMP_000053,Aditya Mishra,Finance,Finance Analyst,2026-04,2026-04-28,143000.00,8580.00,200.00,8950.00,17730.00,125270.00,8580.00,0.00,8580.00,151580.00,INR,BANK_004,PAID,PAYROLL_00000613
PYR_000614,EMP_000054,Diya Pillai,Finance,Finance Analyst,2026-04,2026-04-28,164000.00,9840.00,200.00,12100.00,22140.00,141860.00,9840.00,0.00,9840.00,173840.00,INR,BANK_004,PAID,PAYROLL_00000614
PYR_000615,EMP_000055,Priya Mehta,Marketing,Performance Marketer,2026-04,2026-04-28,161000.00,9660.00,200.00,11650.00,21510.00,139490.00,9660.00,0.00,9660.00,170660.00,INR,BANK_004,PAID,PAYROLL_00000615
PYR_000616,EMP_000056,Rohan Singh,Finance,Accountant,2026-04,2026-04-28,55000.00,3300.00,200.00,666.67,4166.67,50833.33,3300.00,0.00,3300.00,58300.00,INR,BANK_004,PAID,PAYROLL_00000616
PYR_000617,EMP_000057,Sneha Desai,Marketing,Marketing Manager,2026-04,2026-04-28,48000.00,2880.00,200.00,316.67,3396.67,44603.33,2880.00,0.00,2880.00,50880.00,INR,BANK_004,PAID,PAYROLL_00000617
PYR_000618,EMP_000058,Aditi Rao,Warehouse,Warehouse Associate,2026-04,2026-04-28,80000.00,4800.00,200.00,1916.67,6916.67,73083.33,4800.00,0.00,4800.00,84800.00,INR,BANK_004,PAID,PAYROLL_00000618
PYR_000619,EMP_000059,Aarav Desai,Technology,Product Analyst,2026-04,2026-04-28,23000.00,1380.00,200.00,0.00,1580.00,21420.00,1380.00,0.00,1380.00,24380.00,INR,BANK_004,PAID,PAYROLL_00000619
PYR_000620,EMP_000060,Vivaan Mishra,Warehouse,Warehouse Manager,2026-04,2026-04-28,37000.00,2220.00,200.00,0.00,2420.00,34580.00,2220.00,0.00,2220.00,39220.00,INR,BANK_004,PAID,PAYROLL_00000620
PYR_000621,EMP_000061,Shreya Rao,Finance,Finance Executive,2026-04,2026-04-28,79000.00,4740.00,200.00,1866.67,6806.67,72193.33,4740.00,0.00,4740.00,83740.00,INR,BANK_004,PAID,PAYROLL_00000621
PYR_000622,EMP_000062,Vikram Gupta,Operations,Operations Analyst,2026-04,2026-04-28,99000.00,5940.00,200.00,3650.00,9790.00,89210.00,5940.00,0.00,5940.00,104940.00,INR,BANK_004,PAID,PAYROLL_00000622
PYR_000623,EMP_000063,Priya Sharma,Customer Experience,CX Executive,2026-04,2026-04-28,169000.00,10140.00,200.00,12850.00,23190.00,145810.00,10140.00,0.00,10140.00,179140.00,INR,BANK_004,PAID,PAYROLL_00000623
PYR_000624,EMP_000064,Aditi Banerjee,Marketing,Marketing Manager,2026-04,2026-04-28,142000.00,8520.00,200.00,8800.00,17520.00,124480.00,8520.00,0.00,8520.00,150520.00,INR,BANK_004,PAID,PAYROLL_00000624
PYR_000625,EMP_000065,Aarav Pillai,Technology,Tech Lead,2026-04,2026-04-28,111000.00,6660.00,200.00,4850.00,11710.00,99290.00,6660.00,0.00,6660.00,117660.00,INR,BANK_004,PAID,PAYROLL_00000625
PYR_000626,EMP_000066,Shreya Kulkarni,Marketing,Performance Marketer,2026-04,2026-04-28,32000.00,1920.00,200.00,0.00,2120.00,29880.00,1920.00,0.00,1920.00,33920.00,INR,BANK_004,PAID,PAYROLL_00000626
PYR_000627,EMP_000067,Aditya Patel,Technology,Software Engineer,2026-04,2026-04-28,144000.00,8640.00,200.00,9100.00,17940.00,126060.00,8640.00,0.00,8640.00,152640.00,INR,BANK_004,PAID,PAYROLL_00000627
PYR_000628,EMP_000068,Ananya Reddy,Operations,Operations Manager,2026-04,2026-04-28,51000.00,3060.00,200.00,466.67,3726.67,47273.33,3060.00,0.00,3060.00,54060.00,INR,BANK_004,PAID,PAYROLL_00000628
PYR_000629,EMP_000069,Meera Kapoor,Warehouse,Warehouse Manager,2026-04,2026-04-28,61000.00,3660.00,200.00,966.67,4826.67,56173.33,3660.00,0.00,3660.00,64660.00,INR,BANK_004,PAID,PAYROLL_00000629
PYR_000630,EMP_000070,Aarav Reddy,Operations,Operations Manager,2026-04,2026-04-28,46000.00,2760.00,200.00,216.67,3176.67,42823.33,2760.00,0.00,2760.00,48760.00,INR,BANK_004,PAID,PAYROLL_00000630
PYR_000631,EMP_000071,Vivaan Bhat,Finance,Finance Analyst,2026-04,2026-04-28,26000.00,1560.00,200.00,0.00,1760.00,24240.00,1560.00,0.00,1560.00,27560.00,INR,BANK_004,PAID,PAYROLL_00000631
PYR_000632,EMP_000072,Rahul Joshi,Finance,Finance Manager,2026-04,2026-04-28,132000.00,7920.00,200.00,7300.00,15420.00,116580.00,7920.00,0.00,7920.00,139920.00,INR,BANK_004,PAID,PAYROLL_00000632
PYR_000633,EMP_000073,Rohan Verma,Customer Experience,CX Manager,2026-04,2026-04-28,123000.00,7380.00,200.00,6050.00,13630.00,109370.00,7380.00,0.00,7380.00,130380.00,INR,BANK_004,PAID,PAYROLL_00000633
PYR_000634,EMP_000074,Neha Joshi,Technology,Software Engineer,2026-04,2026-04-28,74000.00,4440.00,200.00,1616.67,6256.67,67743.33,4440.00,0.00,4440.00,78440.00,INR,BANK_004,PAID,PAYROLL_00000634
PYR_000635,EMP_000075,Shreya Mishra,Warehouse,Warehouse Supervisor,2026-04,2026-04-28,135000.00,8100.00,200.00,7750.00,16050.00,118950.00,8100.00,0.00,8100.00,143100.00,INR,BANK_004,PAID,PAYROLL_00000635
PYR_000636,EMP_000076,Vikram Rao,Customer Experience,CX Manager,2026-04,2026-04-28,43000.00,2580.00,200.00,66.67,2846.67,40153.33,2580.00,0.00,2580.00,45580.00,INR,BANK_004,PAID,PAYROLL_00000636
PYR_000637,EMP_000077,Ishaan Joshi,Warehouse,Warehouse Associate,2026-04,2026-04-28,48000.00,2880.00,200.00,316.67,3396.67,44603.33,2880.00,0.00,2880.00,50880.00,INR,BANK_004,PAID,PAYROLL_00000637
PYR_000638,EMP_000078,Riya Kapoor,Customer Experience,CX Lead,2026-04,2026-04-28,31000.00,1860.00,200.00,0.00,2060.00,28940.00,1860.00,0.00,1860.00,32860.00,INR,BANK_004,PAID,PAYROLL_00000638
PYR_000639,EMP_000079,Vivaan Nair,Finance,Finance Manager,2026-04,2026-04-28,63000.00,3780.00,200.00,1066.67,5046.67,57953.33,3780.00,0.00,3780.00,66780.00,INR,BANK_004,PAID,PAYROLL_00000639
PYR_000640,EMP_000080,Sneha Singh,Customer Experience,CX Manager,2026-04,2026-04-28,23000.00,1380.00,200.00,0.00,1580.00,21420.00,1380.00,0.00,1380.00,24380.00,INR,BANK_004,PAID,PAYROLL_00000640
PYR_000641,EMP_000001,Shreya Sharma,Marketing,Marketing Executive,2026-05,2026-05-28,22000.00,1320.00,200.00,0.00,1520.00,20480.00,1320.00,0.00,1320.00,23320.00,INR,BANK_004,PAID,PAYROLL_00000641
PYR_000642,EMP_000002,Pooja Gupta,Marketing,Marketing Manager,2026-05,2026-05-28,55000.00,3300.00,200.00,666.67,4166.67,50833.33,3300.00,0.00,3300.00,58300.00,INR,BANK_004,PAID,PAYROLL_00000642
PYR_000643,EMP_000003,Karan Pillai,Technology,Product Analyst,2026-05,2026-05-28,36000.00,2160.00,200.00,0.00,2360.00,33640.00,2160.00,0.00,2160.00,38160.00,INR,BANK_004,PAID,PAYROLL_00000643
PYR_000644,EMP_000004,Riya Kapoor,Technology,Product Analyst,2026-05,2026-05-28,32000.00,1920.00,200.00,0.00,2120.00,29880.00,1920.00,0.00,1920.00,33920.00,INR,BANK_004,PAID,PAYROLL_00000644
PYR_000645,EMP_000005,Rahul Singh,Warehouse,Warehouse Manager,2026-05,2026-05-28,121000.00,7260.00,200.00,5850.00,13310.00,107690.00,7260.00,0.00,7260.00,128260.00,INR,BANK_004,PAID,PAYROLL_00000645
PYR_000646,EMP_000006,Shreya Mishra,Marketing,Marketing Executive,2026-05,2026-05-28,164000.00,9840.00,200.00,12100.00,22140.00,141860.00,9840.00,0.00,9840.00,173840.00,INR,BANK_004,PAID,PAYROLL_00000646
PYR_000647,EMP_000007,Aditya Rao,Customer Experience,CX Manager,2026-05,2026-05-28,22000.00,1320.00,200.00,0.00,1520.00,20480.00,1320.00,0.00,1320.00,23320.00,INR,BANK_004,PAID,PAYROLL_00000647
PYR_000648,EMP_000008,Meera Patel,Technology,QA Engineer,2026-05,2026-05-28,25000.00,1500.00,200.00,0.00,1700.00,23300.00,1500.00,0.00,1500.00,26500.00,INR,BANK_004,PAID,PAYROLL_00000648
PYR_000649,EMP_000009,Rahul Gupta,Customer Experience,CX Lead,2026-05,2026-05-28,48000.00,2880.00,200.00,316.67,3396.67,44603.33,2880.00,0.00,2880.00,50880.00,INR,BANK_004,PAID,PAYROLL_00000649
PYR_000650,EMP_000010,Vivaan Menon,Technology,Tech Lead,2026-05,2026-05-28,113000.00,6780.00,200.00,5050.00,12030.00,100970.00,6780.00,0.00,6780.00,119780.00,INR,BANK_004,PAID,PAYROLL_00000650
PYR_000651,EMP_000011,Vikram Iyer,Customer Experience,CX Executive,2026-05,2026-05-28,135000.00,8100.00,200.00,7750.00,16050.00,118950.00,8100.00,0.00,8100.00,143100.00,INR,BANK_004,PAID,PAYROLL_00000651
PYR_000652,EMP_000012,Aditya Mishra,Warehouse,Warehouse Supervisor,2026-05,2026-05-28,163000.00,9780.00,200.00,11950.00,21930.00,141070.00,9780.00,0.00,9780.00,172780.00,INR,BANK_004,PAID,PAYROLL_00000652
PYR_000653,EMP_000013,Diya Patel,Customer Experience,CX Lead,2026-05,2026-05-28,46000.00,2760.00,200.00,216.67,3176.67,42823.33,2760.00,0.00,2760.00,48760.00,INR,BANK_004,PAID,PAYROLL_00000653
PYR_000654,EMP_000014,Nisha Rao,Technology,Tech Lead,2026-05,2026-05-28,145000.00,8700.00,200.00,9250.00,18150.00,126850.00,8700.00,0.00,8700.00,153700.00,INR,BANK_004,PAID,PAYROLL_00000654
PYR_000655,EMP_000015,Isha Kulkarni,Customer Experience,CX Executive,2026-05,2026-05-28,24000.00,1440.00,200.00,0.00,1640.00,22360.00,1440.00,0.00,1440.00,25440.00,INR,BANK_004,PAID,PAYROLL_00000655
PYR_000656,EMP_000016,Isha Mishra,Marketing,Marketing Manager,2026-05,2026-05-28,96000.00,5760.00,200.00,3350.00,9310.00,86690.00,5760.00,0.00,5760.00,101760.00,INR,BANK_004,PAID,PAYROLL_00000656
PYR_000657,EMP_000017,Ananya Mehta,Warehouse,Warehouse Supervisor,2026-05,2026-05-28,52000.00,3120.00,200.00,516.67,3836.67,48163.33,3120.00,0.00,3120.00,55120.00,INR,BANK_004,PAID,PAYROLL_00000657
PYR_000658,EMP_000018,Aditya Menon,Customer Experience,CX Lead,2026-05,2026-05-28,42000.00,2520.00,200.00,16.67,2736.67,39263.33,2520.00,0.00,2520.00,44520.00,INR,BANK_004,PAID,PAYROLL_00000658
PYR_000659,EMP_000019,Vikram Kapoor,Marketing,Marketing Manager,2026-05,2026-05-28,23000.00,1380.00,200.00,0.00,1580.00,21420.00,1380.00,0.00,1380.00,24380.00,INR,BANK_004,PAID,PAYROLL_00000659
PYR_000660,EMP_000020,Rohan Nair,Technology,Product Analyst,2026-05,2026-05-28,81000.00,4860.00,200.00,1966.67,7026.67,73973.33,4860.00,0.00,4860.00,85860.00,INR,BANK_004,PAID,PAYROLL_00000660
PYR_000661,EMP_000021,Meera Gupta,Warehouse,Warehouse Manager,2026-05,2026-05-28,75000.00,4500.00,200.00,1666.67,6366.67,68633.33,4500.00,0.00,4500.00,79500.00,INR,BANK_004,PAID,PAYROLL_00000661
PYR_000662,EMP_000022,Rohan Pillai,Marketing,Marketing Executive,2026-05,2026-05-28,67000.00,4020.00,200.00,1266.67,5486.67,61513.33,4020.00,0.00,4020.00,71020.00,INR,BANK_004,PAID,PAYROLL_00000662
PYR_000663,EMP_000023,Sneha Pillai,Technology,QA Engineer,2026-05,2026-05-28,73000.00,4380.00,200.00,1566.67,6146.67,66853.33,4380.00,0.00,4380.00,77380.00,INR,BANK_004,PAID,PAYROLL_00000663
PYR_000664,EMP_000024,Ananya Patel,Warehouse,Warehouse Manager,2026-05,2026-05-28,29000.00,1740.00,200.00,0.00,1940.00,27060.00,1740.00,0.00,1740.00,30740.00,INR,BANK_004,PAID,PAYROLL_00000664
PYR_000665,EMP_000025,Rohan Verma,Finance,Finance Manager,2026-05,2026-05-28,125000.00,7500.00,200.00,6250.00,13950.00,111050.00,7500.00,0.00,7500.00,132500.00,INR,BANK_004,PAID,PAYROLL_00000665
PYR_000666,EMP_000026,Karan Pillai,Customer Experience,CX Manager,2026-05,2026-05-28,80000.00,4800.00,200.00,1916.67,6916.67,73083.33,4800.00,0.00,4800.00,84800.00,INR,BANK_004,PAID,PAYROLL_00000666
PYR_000667,EMP_000027,Aditi Singh,Technology,Software Engineer,2026-05,2026-05-28,147000.00,8820.00,200.00,9550.00,18570.00,128430.00,8820.00,0.00,8820.00,155820.00,INR,BANK_004,PAID,PAYROLL_00000667
PYR_000668,EMP_000028,Vivaan Kulkarni,Customer Experience,CX Lead,2026-05,2026-05-28,156000.00,9360.00,200.00,10900.00,20460.00,135540.00,9360.00,0.00,9360.00,165360.00,INR,BANK_004,PAID,PAYROLL_00000668
PYR_000669,EMP_000029,Aditi Nair,Marketing,Marketing Manager,2026-05,2026-05-28,134000.00,8040.00,200.00,7600.00,15840.00,118160.00,8040.00,0.00,8040.00,142040.00,INR,BANK_004,PAID,PAYROLL_00000669
PYR_000670,EMP_000030,Neha Patel,Marketing,Marketing Manager,2026-05,2026-05-28,22000.00,1320.00,200.00,0.00,1520.00,20480.00,1320.00,0.00,1320.00,23320.00,INR,BANK_004,PAID,PAYROLL_00000670
PYR_000671,EMP_000031,Kavya Rao,Operations,Operations Executive,2026-05,2026-05-28,41000.00,2460.00,200.00,0.00,2660.00,38340.00,2460.00,0.00,2460.00,43460.00,INR,BANK_004,PAID,PAYROLL_00000671
PYR_000672,EMP_000032,Aditya Sharma,Marketing,Marketing Manager,2026-05,2026-05-28,25000.00,1500.00,200.00,0.00,1700.00,23300.00,1500.00,0.00,1500.00,26500.00,INR,BANK_004,PAID,PAYROLL_00000672
PYR_000673,EMP_000033,Vikram Das,Operations,Operations Manager,2026-05,2026-05-28,28000.00,1680.00,200.00,0.00,1880.00,26120.00,1680.00,0.00,1680.00,29680.00,INR,BANK_004,PAID,PAYROLL_00000673
PYR_000674,EMP_000034,Riya Das,Warehouse,Warehouse Associate,2026-05,2026-05-28,62000.00,3720.00,200.00,1016.67,4936.67,57063.33,3720.00,0.00,3720.00,65720.00,INR,BANK_004,PAID,PAYROLL_00000674
PYR_000675,EMP_000035,Aditi Nair,Customer Experience,CX Lead,2026-05,2026-05-28,53000.00,3180.00,200.00,566.67,3946.67,49053.33,3180.00,0.00,3180.00,56180.00,INR,BANK_004,PAID,PAYROLL_00000675
PYR_000676,EMP_000036,Priya Banerjee,Technology,Tech Lead,2026-05,2026-05-28,59000.00,3540.00,200.00,866.67,4606.67,54393.33,3540.00,0.00,3540.00,62540.00,INR,BANK_004,PAID,PAYROLL_00000676
PYR_000677,EMP_000037,Meera Pillai,Warehouse,Warehouse Manager,2026-05,2026-05-28,40000.00,2400.00,200.00,0.00,2600.00,37400.00,2400.00,0.00,2400.00,42400.00,INR,BANK_004,PAID,PAYROLL_00000677
PYR_000678,EMP_000038,Ananya Pillai,Customer Experience,CX Executive,2026-05,2026-05-28,31000.00,1860.00,200.00,0.00,2060.00,28940.00,1860.00,0.00,1860.00,32860.00,INR,BANK_004,PAID,PAYROLL_00000678
PYR_000679,EMP_000039,Sneha Pillai,Operations,Operations Analyst,2026-05,2026-05-28,39000.00,2340.00,200.00,0.00,2540.00,36460.00,2340.00,0.00,2340.00,41340.00,INR,BANK_004,PAID,PAYROLL_00000679
PYR_000680,EMP_000040,Diya Sharma,Operations,Operations Manager,2026-05,2026-05-28,46000.00,2760.00,200.00,216.67,3176.67,42823.33,2760.00,0.00,2760.00,48760.00,INR,BANK_004,PAID,PAYROLL_00000680
PYR_000681,EMP_000041,Aditya Mishra,Marketing,Marketing Manager,2026-05,2026-05-28,92000.00,5520.00,200.00,2950.00,8670.00,83330.00,5520.00,0.00,5520.00,97520.00,INR,BANK_004,PAID,PAYROLL_00000681
PYR_000682,EMP_000042,Rohan Joshi,Operations,Operations Executive,2026-05,2026-05-28,138000.00,8280.00,200.00,8200.00,16680.00,121320.00,8280.00,0.00,8280.00,146280.00,INR,BANK_004,PAID,PAYROLL_00000682
PYR_000683,EMP_000043,Aditya Banerjee,Warehouse,Warehouse Associate,2026-05,2026-05-28,74000.00,4440.00,200.00,1616.67,6256.67,67743.33,4440.00,0.00,4440.00,78440.00,INR,BANK_004,PAID,PAYROLL_00000683
PYR_000684,EMP_000044,Rohan Desai,Marketing,Marketing Executive,2026-05,2026-05-28,25000.00,1500.00,200.00,0.00,1700.00,23300.00,1500.00,0.00,1500.00,26500.00,INR,BANK_004,PAID,PAYROLL_00000684
PYR_000685,EMP_000045,Priya Bhat,Finance,Accountant,2026-05,2026-05-28,27000.00,1620.00,200.00,0.00,1820.00,25180.00,1620.00,0.00,1620.00,28620.00,INR,BANK_004,PAID,PAYROLL_00000685
PYR_000686,EMP_000046,Rohan Iyer,Customer Experience,CX Manager,2026-05,2026-05-28,92000.00,5520.00,200.00,2950.00,8670.00,83330.00,5520.00,0.00,5520.00,97520.00,INR,BANK_004,PAID,PAYROLL_00000686
PYR_000687,EMP_000047,Pooja Rao,Operations,Operations Manager,2026-05,2026-05-28,25000.00,1500.00,200.00,0.00,1700.00,23300.00,1500.00,0.00,1500.00,26500.00,INR,BANK_004,PAID,PAYROLL_00000687
PYR_000688,EMP_000048,Kavya Pillai,Marketing,Performance Marketer,2026-05,2026-05-28,150000.00,9000.00,200.00,10000.00,19200.00,130800.00,9000.00,0.00,9000.00,159000.00,INR,BANK_004,PAID,PAYROLL_00000688
PYR_000689,EMP_000049,Nisha Verma,Technology,QA Engineer,2026-05,2026-05-28,47000.00,2820.00,200.00,266.67,3286.67,43713.33,2820.00,0.00,2820.00,49820.00,INR,BANK_004,PAID,PAYROLL_00000689
PYR_000690,EMP_000050,Aditya Kapoor,Operations,Operations Executive,2026-05,2026-05-28,104000.00,6240.00,200.00,4150.00,10590.00,93410.00,6240.00,0.00,6240.00,110240.00,INR,BANK_004,PAID,PAYROLL_00000690
PYR_000691,EMP_000051,Vikram Das,Marketing,Marketing Executive,2026-05,2026-05-28,40000.00,2400.00,200.00,0.00,2600.00,37400.00,2400.00,0.00,2400.00,42400.00,INR,BANK_004,PAID,PAYROLL_00000691
PYR_000692,EMP_000052,Sneha Patel,Technology,QA Engineer,2026-05,2026-05-28,39000.00,2340.00,200.00,0.00,2540.00,36460.00,2340.00,0.00,2340.00,41340.00,INR,BANK_004,PAID,PAYROLL_00000692
PYR_000693,EMP_000053,Aditya Mishra,Finance,Finance Analyst,2026-05,2026-05-28,143000.00,8580.00,200.00,8950.00,17730.00,125270.00,8580.00,0.00,8580.00,151580.00,INR,BANK_004,PAID,PAYROLL_00000693
PYR_000694,EMP_000054,Diya Pillai,Finance,Finance Analyst,2026-05,2026-05-28,164000.00,9840.00,200.00,12100.00,22140.00,141860.00,9840.00,0.00,9840.00,173840.00,INR,BANK_004,PAID,PAYROLL_00000694
PYR_000695,EMP_000055,Priya Mehta,Marketing,Performance Marketer,2026-05,2026-05-28,161000.00,9660.00,200.00,11650.00,21510.00,139490.00,9660.00,0.00,9660.00,170660.00,INR,BANK_004,PAID,PAYROLL_00000695
PYR_000696,EMP_000056,Rohan Singh,Finance,Accountant,2026-05,2026-05-28,55000.00,3300.00,200.00,666.67,4166.67,50833.33,3300.00,0.00,3300.00,58300.00,INR,BANK_004,PAID,PAYROLL_00000696
PYR_000697,EMP_000057,Sneha Desai,Marketing,Marketing Manager,2026-05,2026-05-28,48000.00,2880.00,200.00,316.67,3396.67,44603.33,2880.00,0.00,2880.00,50880.00,INR,BANK_004,PAID,PAYROLL_00000697
PYR_000698,EMP_000058,Aditi Rao,Warehouse,Warehouse Associate,2026-05,2026-05-28,80000.00,4800.00,200.00,1916.67,6916.67,73083.33,4800.00,0.00,4800.00,84800.00,INR,BANK_004,PAID,PAYROLL_00000698
PYR_000699,EMP_000059,Aarav Desai,Technology,Product Analyst,2026-05,2026-05-28,23000.00,1380.00,200.00,0.00,1580.00,21420.00,1380.00,0.00,1380.00,24380.00,INR,BANK_004,PAID,PAYROLL_00000699
PYR_000700,EMP_000060,Vivaan Mishra,Warehouse,Warehouse Manager,2026-05,2026-05-28,37000.00,2220.00,200.00,0.00,2420.00,34580.00,2220.00,0.00,2220.00,39220.00,INR,BANK_004,PAID,PAYROLL_00000700
PYR_000701,EMP_000061,Shreya Rao,Finance,Finance Executive,2026-05,2026-05-28,79000.00,4740.00,200.00,1866.67,6806.67,72193.33,4740.00,0.00,4740.00,83740.00,INR,BANK_004,PAID,PAYROLL_00000701
PYR_000702,EMP_000062,Vikram Gupta,Operations,Operations Analyst,2026-05,2026-05-28,99000.00,5940.00,200.00,3650.00,9790.00,89210.00,5940.00,0.00,5940.00,104940.00,INR,BANK_004,PAID,PAYROLL_00000702
PYR_000703,EMP_000063,Priya Sharma,Customer Experience,CX Executive,2026-05,2026-05-28,169000.00,10140.00,200.00,12850.00,23190.00,145810.00,10140.00,0.00,10140.00,179140.00,INR,BANK_004,PAID,PAYROLL_00000703
PYR_000704,EMP_000064,Aditi Banerjee,Marketing,Marketing Manager,2026-05,2026-05-28,142000.00,8520.00,200.00,8800.00,17520.00,124480.00,8520.00,0.00,8520.00,150520.00,INR,BANK_004,PAID,PAYROLL_00000704
PYR_000705,EMP_000065,Aarav Pillai,Technology,Tech Lead,2026-05,2026-05-28,111000.00,6660.00,200.00,4850.00,11710.00,99290.00,6660.00,0.00,6660.00,117660.00,INR,BANK_004,PAID,PAYROLL_00000705
PYR_000706,EMP_000066,Shreya Kulkarni,Marketing,Performance Marketer,2026-05,2026-05-28,32000.00,1920.00,200.00,0.00,2120.00,29880.00,1920.00,0.00,1920.00,33920.00,INR,BANK_004,PAID,PAYROLL_00000706
PYR_000707,EMP_000067,Aditya Patel,Technology,Software Engineer,2026-05,2026-05-28,144000.00,8640.00,200.00,9100.00,17940.00,126060.00,8640.00,0.00,8640.00,152640.00,INR,BANK_004,PAID,PAYROLL_00000707
PYR_000708,EMP_000068,Ananya Reddy,Operations,Operations Manager,2026-05,2026-05-28,51000.00,3060.00,200.00,466.67,3726.67,47273.33,3060.00,0.00,3060.00,54060.00,INR,BANK_004,PAID,PAYROLL_00000708
PYR_000709,EMP_000069,Meera Kapoor,Warehouse,Warehouse Manager,2026-05,2026-05-28,61000.00,3660.00,200.00,966.67,4826.67,56173.33,3660.00,0.00,3660.00,64660.00,INR,BANK_004,PAID,PAYROLL_00000709
PYR_000710,EMP_000070,Aarav Reddy,Operations,Operations Manager,2026-05,2026-05-28,46000.00,2760.00,200.00,216.67,3176.67,42823.33,2760.00,0.00,2760.00,48760.00,INR,BANK_004,PAID,PAYROLL_00000710
PYR_000711,EMP_000071,Vivaan Bhat,Finance,Finance Analyst,2026-05,2026-05-28,26000.00,1560.00,200.00,0.00,1760.00,24240.00,1560.00,0.00,1560.00,27560.00,INR,BANK_004,PAID,PAYROLL_00000711
PYR_000712,EMP_000072,Rahul Joshi,Finance,Finance Manager,2026-05,2026-05-28,132000.00,7920.00,200.00,7300.00,15420.00,116580.00,7920.00,0.00,7920.00,139920.00,INR,BANK_004,PAID,PAYROLL_00000712
PYR_000713,EMP_000073,Rohan Verma,Customer Experience,CX Manager,2026-05,2026-05-28,123000.00,7380.00,200.00,6050.00,13630.00,109370.00,7380.00,0.00,7380.00,130380.00,INR,BANK_004,PAID,PAYROLL_00000713
PYR_000714,EMP_000074,Neha Joshi,Technology,Software Engineer,2026-05,2026-05-28,74000.00,4440.00,200.00,1616.67,6256.67,67743.33,4440.00,0.00,4440.00,78440.00,INR,BANK_004,PAID,PAYROLL_00000714
PYR_000715,EMP_000075,Shreya Mishra,Warehouse,Warehouse Supervisor,2026-05,2026-05-28,135000.00,8100.00,200.00,7750.00,16050.00,118950.00,8100.00,0.00,8100.00,143100.00,INR,BANK_004,PAID,PAYROLL_00000715
PYR_000716,EMP_000076,Vikram Rao,Customer Experience,CX Manager,2026-05,2026-05-28,43000.00,2580.00,200.00,66.67,2846.67,40153.33,2580.00,0.00,2580.00,45580.00,INR,BANK_004,PAID,PAYROLL_00000716
PYR_000717,EMP_000077,Ishaan Joshi,Warehouse,Warehouse Associate,2026-05,2026-05-28,48000.00,2880.00,200.00,316.67,3396.67,44603.33,2880.00,0.00,2880.00,50880.00,INR,BANK_004,PAID,PAYROLL_00000717
PYR_000718,EMP_000078,Riya Kapoor,Customer Experience,CX Lead,2026-05,2026-05-28,31000.00,1860.00,200.00,0.00,2060.00,28940.00,1860.00,0.00,1860.00,32860.00,INR,BANK_004,PAID,PAYROLL_00000718
PYR_000719,EMP_000079,Vivaan Nair,Finance,Finance Manager,2026-05,2026-05-28,63000.00,3780.00,200.00,1066.67,5046.67,57953.33,3780.00,0.00,3780.00,66780.00,INR,BANK_004,PAID,PAYROLL_00000719
PYR_000720,EMP_000080,Sneha Singh,Customer Experience,CX Manager,2026-05,2026-05-28,23000.00,1380.00,200.00,0.00,1580.00,21420.00,1380.00,0.00,1380.00,24380.00,INR,BANK_004,PAID,PAYROLL_00000720
PYR_000721,EMP_000001,Shreya Sharma,Marketing,Marketing Executive,2026-06,2026-06-28,22000.00,1320.00,200.00,0.00,1520.00,20480.00,1320.00,0.00,1320.00,23320.00,INR,BANK_004,PAID,PAYROLL_00000721
PYR_000722,EMP_000002,Pooja Gupta,Marketing,Marketing Manager,2026-06,2026-06-28,55000.00,3300.00,200.00,666.67,4166.67,50833.33,3300.00,0.00,3300.00,58300.00,INR,BANK_004,PAID,PAYROLL_00000722
PYR_000723,EMP_000003,Karan Pillai,Technology,Product Analyst,2026-06,2026-06-28,36000.00,2160.00,200.00,0.00,2360.00,33640.00,2160.00,0.00,2160.00,38160.00,INR,BANK_004,PAID,PAYROLL_00000723
PYR_000724,EMP_000004,Riya Kapoor,Technology,Product Analyst,2026-06,2026-06-28,32000.00,1920.00,200.00,0.00,2120.00,29880.00,1920.00,0.00,1920.00,33920.00,INR,BANK_004,PAID,PAYROLL_00000724
PYR_000725,EMP_000005,Rahul Singh,Warehouse,Warehouse Manager,2026-06,2026-06-28,121000.00,7260.00,200.00,5850.00,13310.00,107690.00,7260.00,0.00,7260.00,128260.00,INR,BANK_004,PAID,PAYROLL_00000725
PYR_000726,EMP_000006,Shreya Mishra,Marketing,Marketing Executive,2026-06,2026-06-28,164000.00,9840.00,200.00,12100.00,22140.00,141860.00,9840.00,0.00,9840.00,173840.00,INR,BANK_004,PAID,PAYROLL_00000726
PYR_000727,EMP_000007,Aditya Rao,Customer Experience,CX Manager,2026-06,2026-06-28,22000.00,1320.00,200.00,0.00,1520.00,20480.00,1320.00,0.00,1320.00,23320.00,INR,BANK_004,PAID,PAYROLL_00000727
PYR_000728,EMP_000008,Meera Patel,Technology,QA Engineer,2026-06,2026-06-28,25000.00,1500.00,200.00,0.00,1700.00,23300.00,1500.00,0.00,1500.00,26500.00,INR,BANK_004,PAID,PAYROLL_00000728
PYR_000729,EMP_000009,Rahul Gupta,Customer Experience,CX Lead,2026-06,2026-06-28,48000.00,2880.00,200.00,316.67,3396.67,44603.33,2880.00,0.00,2880.00,50880.00,INR,BANK_004,PAID,PAYROLL_00000729
PYR_000730,EMP_000010,Vivaan Menon,Technology,Tech Lead,2026-06,2026-06-28,113000.00,6780.00,200.00,5050.00,12030.00,100970.00,6780.00,0.00,6780.00,119780.00,INR,BANK_004,PAID,PAYROLL_00000730
PYR_000731,EMP_000011,Vikram Iyer,Customer Experience,CX Executive,2026-06,2026-06-28,135000.00,8100.00,200.00,7750.00,16050.00,118950.00,8100.00,0.00,8100.00,143100.00,INR,BANK_004,PAID,PAYROLL_00000731
PYR_000732,EMP_000012,Aditya Mishra,Warehouse,Warehouse Supervisor,2026-06,2026-06-28,163000.00,9780.00,200.00,11950.00,21930.00,141070.00,9780.00,0.00,9780.00,172780.00,INR,BANK_004,PAID,PAYROLL_00000732
PYR_000733,EMP_000013,Diya Patel,Customer Experience,CX Lead,2026-06,2026-06-28,46000.00,2760.00,200.00,216.67,3176.67,42823.33,2760.00,0.00,2760.00,48760.00,INR,BANK_004,PAID,PAYROLL_00000733
PYR_000734,EMP_000014,Nisha Rao,Technology,Tech Lead,2026-06,2026-06-28,145000.00,8700.00,200.00,9250.00,18150.00,126850.00,8700.00,0.00,8700.00,153700.00,INR,BANK_004,PAID,PAYROLL_00000734
PYR_000735,EMP_000015,Isha Kulkarni,Customer Experience,CX Executive,2026-06,2026-06-28,24000.00,1440.00,200.00,0.00,1640.00,22360.00,1440.00,0.00,1440.00,25440.00,INR,BANK_004,PAID,PAYROLL_00000735
PYR_000736,EMP_000016,Isha Mishra,Marketing,Marketing Manager,2026-06,2026-06-28,96000.00,5760.00,200.00,3350.00,9310.00,86690.00,5760.00,0.00,5760.00,101760.00,INR,BANK_004,PAID,PAYROLL_00000736
PYR_000737,EMP_000017,Ananya Mehta,Warehouse,Warehouse Supervisor,2026-06,2026-06-28,52000.00,3120.00,200.00,516.67,3836.67,48163.33,3120.00,0.00,3120.00,55120.00,INR,BANK_004,PAID,PAYROLL_00000737
PYR_000738,EMP_000018,Aditya Menon,Customer Experience,CX Lead,2026-06,2026-06-28,42000.00,2520.00,200.00,16.67,2736.67,39263.33,2520.00,0.00,2520.00,44520.00,INR,BANK_004,PAID,PAYROLL_00000738
PYR_000739,EMP_000019,Vikram Kapoor,Marketing,Marketing Manager,2026-06,2026-06-28,23000.00,1380.00,200.00,0.00,1580.00,21420.00,1380.00,0.00,1380.00,24380.00,INR,BANK_004,PAID,PAYROLL_00000739
PYR_000740,EMP_000020,Rohan Nair,Technology,Product Analyst,2026-06,2026-06-28,81000.00,4860.00,200.00,1966.67,7026.67,73973.33,4860.00,0.00,4860.00,85860.00,INR,BANK_004,PAID,PAYROLL_00000740
PYR_000741,EMP_000021,Meera Gupta,Warehouse,Warehouse Manager,2026-06,2026-06-28,75000.00,4500.00,200.00,1666.67,6366.67,68633.33,4500.00,0.00,4500.00,79500.00,INR,BANK_004,PAID,PAYROLL_00000741
PYR_000742,EMP_000022,Rohan Pillai,Marketing,Marketing Executive,2026-06,2026-06-28,67000.00,4020.00,200.00,1266.67,5486.67,61513.33,4020.00,0.00,4020.00,71020.00,INR,BANK_004,PAID,PAYROLL_00000742
PYR_000743,EMP_000023,Sneha Pillai,Technology,QA Engineer,2026-06,2026-06-28,73000.00,4380.00,200.00,1566.67,6146.67,66853.33,4380.00,0.00,4380.00,77380.00,INR,BANK_004,PAID,PAYROLL_00000743
PYR_000744,EMP_000024,Ananya Patel,Warehouse,Warehouse Manager,2026-06,2026-06-28,29000.00,1740.00,200.00,0.00,1940.00,27060.00,1740.00,0.00,1740.00,30740.00,INR,BANK_004,PAID,PAYROLL_00000744
PYR_000745,EMP_000025,Rohan Verma,Finance,Finance Manager,2026-06,2026-06-28,125000.00,7500.00,200.00,6250.00,13950.00,111050.00,7500.00,0.00,7500.00,132500.00,INR,BANK_004,PAID,PAYROLL_00000745
PYR_000746,EMP_000026,Karan Pillai,Customer Experience,CX Manager,2026-06,2026-06-28,80000.00,4800.00,200.00,1916.67,6916.67,73083.33,4800.00,0.00,4800.00,84800.00,INR,BANK_004,PAID,PAYROLL_00000746
PYR_000747,EMP_000027,Aditi Singh,Technology,Software Engineer,2026-06,2026-06-28,147000.00,8820.00,200.00,9550.00,18570.00,128430.00,8820.00,0.00,8820.00,155820.00,INR,BANK_004,PAID,PAYROLL_00000747
PYR_000748,EMP_000028,Vivaan Kulkarni,Customer Experience,CX Lead,2026-06,2026-06-28,156000.00,9360.00,200.00,10900.00,20460.00,135540.00,9360.00,0.00,9360.00,165360.00,INR,BANK_004,PAID,PAYROLL_00000748
PYR_000749,EMP_000029,Aditi Nair,Marketing,Marketing Manager,2026-06,2026-06-28,134000.00,8040.00,200.00,7600.00,15840.00,118160.00,8040.00,0.00,8040.00,142040.00,INR,BANK_004,PAID,PAYROLL_00000749
PYR_000750,EMP_000030,Neha Patel,Marketing,Marketing Manager,2026-06,2026-06-28,22000.00,1320.00,200.00,0.00,1520.00,20480.00,1320.00,0.00,1320.00,23320.00,INR,BANK_004,PAID,PAYROLL_00000750
PYR_000751,EMP_000031,Kavya Rao,Operations,Operations Executive,2026-06,2026-06-28,41000.00,2460.00,200.00,0.00,2660.00,38340.00,2460.00,0.00,2460.00,43460.00,INR,BANK_004,PAID,PAYROLL_00000751
PYR_000752,EMP_000032,Aditya Sharma,Marketing,Marketing Manager,2026-06,2026-06-28,25000.00,1500.00,200.00,0.00,1700.00,23300.00,1500.00,0.00,1500.00,26500.00,INR,BANK_004,PAID,PAYROLL_00000752
PYR_000753,EMP_000033,Vikram Das,Operations,Operations Manager,2026-06,2026-06-28,28000.00,1680.00,200.00,0.00,1880.00,26120.00,1680.00,0.00,1680.00,29680.00,INR,BANK_004,PAID,PAYROLL_00000753
PYR_000754,EMP_000034,Riya Das,Warehouse,Warehouse Associate,2026-06,2026-06-28,62000.00,3720.00,200.00,1016.67,4936.67,57063.33,3720.00,0.00,3720.00,65720.00,INR,BANK_004,PAID,PAYROLL_00000754
PYR_000755,EMP_000035,Aditi Nair,Customer Experience,CX Lead,2026-06,2026-06-28,53000.00,3180.00,200.00,566.67,3946.67,49053.33,3180.00,0.00,3180.00,56180.00,INR,BANK_004,PAID,PAYROLL_00000755
PYR_000756,EMP_000036,Priya Banerjee,Technology,Tech Lead,2026-06,2026-06-28,59000.00,3540.00,200.00,866.67,4606.67,54393.33,3540.00,0.00,3540.00,62540.00,INR,BANK_004,PAID,PAYROLL_00000756
PYR_000757,EMP_000037,Meera Pillai,Warehouse,Warehouse Manager,2026-06,2026-06-28,40000.00,2400.00,200.00,0.00,2600.00,37400.00,2400.00,0.00,2400.00,42400.00,INR,BANK_004,PAID,PAYROLL_00000757
PYR_000758,EMP_000038,Ananya Pillai,Customer Experience,CX Executive,2026-06,2026-06-28,31000.00,1860.00,200.00,0.00,2060.00,28940.00,1860.00,0.00,1860.00,32860.00,INR,BANK_004,PAID,PAYROLL_00000758
PYR_000759,EMP_000039,Sneha Pillai,Operations,Operations Analyst,2026-06,2026-06-28,39000.00,2340.00,200.00,0.00,2540.00,36460.00,2340.00,0.00,2340.00,41340.00,INR,BANK_004,PAID,PAYROLL_00000759
PYR_000760,EMP_000040,Diya Sharma,Operations,Operations Manager,2026-06,2026-06-28,46000.00,2760.00,200.00,216.67,3176.67,42823.33,2760.00,0.00,2760.00,48760.00,INR,BANK_004,PAID,PAYROLL_00000760
PYR_000761,EMP_000041,Aditya Mishra,Marketing,Marketing Manager,2026-06,2026-06-28,92000.00,5520.00,200.00,2950.00,8670.00,83330.00,5520.00,0.00,5520.00,97520.00,INR,BANK_004,PAID,PAYROLL_00000761
PYR_000762,EMP_000042,Rohan Joshi,Operations,Operations Executive,2026-06,2026-06-28,138000.00,8280.00,200.00,8200.00,16680.00,121320.00,8280.00,0.00,8280.00,146280.00,INR,BANK_004,PAID,PAYROLL_00000762
PYR_000763,EMP_000043,Aditya Banerjee,Warehouse,Warehouse Associate,2026-06,2026-06-28,74000.00,4440.00,200.00,1616.67,6256.67,67743.33,4440.00,0.00,4440.00,78440.00,INR,BANK_004,PAID,PAYROLL_00000763
PYR_000764,EMP_000044,Rohan Desai,Marketing,Marketing Executive,2026-06,2026-06-28,25000.00,1500.00,200.00,0.00,1700.00,23300.00,1500.00,0.00,1500.00,26500.00,INR,BANK_004,PAID,PAYROLL_00000764
PYR_000765,EMP_000045,Priya Bhat,Finance,Accountant,2026-06,2026-06-28,27000.00,1620.00,200.00,0.00,1820.00,25180.00,1620.00,0.00,1620.00,28620.00,INR,BANK_004,PAID,PAYROLL_00000765
PYR_000766,EMP_000046,Rohan Iyer,Customer Experience,CX Manager,2026-06,2026-06-28,92000.00,5520.00,200.00,2950.00,8670.00,83330.00,5520.00,0.00,5520.00,97520.00,INR,BANK_004,PAID,PAYROLL_00000766
PYR_000767,EMP_000047,Pooja Rao,Operations,Operations Manager,2026-06,2026-06-28,25000.00,1500.00,200.00,0.00,1700.00,23300.00,1500.00,0.00,1500.00,26500.00,INR,BANK_004,PAID,PAYROLL_00000767
PYR_000768,EMP_000048,Kavya Pillai,Marketing,Performance Marketer,2026-06,2026-06-28,150000.00,9000.00,200.00,10000.00,19200.00,130800.00,9000.00,0.00,9000.00,159000.00,INR,BANK_004,PAID,PAYROLL_00000768
PYR_000769,EMP_000049,Nisha Verma,Technology,QA Engineer,2026-06,2026-06-28,47000.00,2820.00,200.00,266.67,3286.67,43713.33,2820.00,0.00,2820.00,49820.00,INR,BANK_004,PAID,PAYROLL_00000769
PYR_000770,EMP_000050,Aditya Kapoor,Operations,Operations Executive,2026-06,2026-06-28,104000.00,6240.00,200.00,4150.00,10590.00,93410.00,6240.00,0.00,6240.00,110240.00,INR,BANK_004,PAID,PAYROLL_00000770
PYR_000771,EMP_000051,Vikram Das,Marketing,Marketing Executive,2026-06,2026-06-28,40000.00,2400.00,200.00,0.00,2600.00,37400.00,2400.00,0.00,2400.00,42400.00,INR,BANK_004,PAID,PAYROLL_00000771
PYR_000772,EMP_000052,Sneha Patel,Technology,QA Engineer,2026-06,2026-06-28,39000.00,2340.00,200.00,0.00,2540.00,36460.00,2340.00,0.00,2340.00,41340.00,INR,BANK_004,PAID,PAYROLL_00000772
PYR_000773,EMP_000053,Aditya Mishra,Finance,Finance Analyst,2026-06,2026-06-28,143000.00,8580.00,200.00,8950.00,17730.00,125270.00,8580.00,0.00,8580.00,151580.00,INR,BANK_004,PAID,PAYROLL_00000773
PYR_000774,EMP_000054,Diya Pillai,Finance,Finance Analyst,2026-06,2026-06-28,164000.00,9840.00,200.00,12100.00,22140.00,141860.00,9840.00,0.00,9840.00,173840.00,INR,BANK_004,PAID,PAYROLL_00000774
PYR_000775,EMP_000055,Priya Mehta,Marketing,Performance Marketer,2026-06,2026-06-28,161000.00,9660.00,200.00,11650.00,21510.00,139490.00,9660.00,0.00,9660.00,170660.00,INR,BANK_004,PAID,PAYROLL_00000775
PYR_000776,EMP_000056,Rohan Singh,Finance,Accountant,2026-06,2026-06-28,55000.00,3300.00,200.00,666.67,4166.67,50833.33,3300.00,0.00,3300.00,58300.00,INR,BANK_004,PAID,PAYROLL_00000776
PYR_000777,EMP_000057,Sneha Desai,Marketing,Marketing Manager,2026-06,2026-06-28,48000.00,2880.00,200.00,316.67,3396.67,44603.33,2880.00,0.00,2880.00,50880.00,INR,BANK_004,PAID,PAYROLL_00000777
PYR_000778,EMP_000058,Aditi Rao,Warehouse,Warehouse Associate,2026-06,2026-06-28,80000.00,4800.00,200.00,1916.67,6916.67,73083.33,4800.00,0.00,4800.00,84800.00,INR,BANK_004,PAID,PAYROLL_00000778
PYR_000779,EMP_000059,Aarav Desai,Technology,Product Analyst,2026-06,2026-06-28,23000.00,1380.00,200.00,0.00,1580.00,21420.00,1380.00,0.00,1380.00,24380.00,INR,BANK_004,PAID,PAYROLL_00000779
PYR_000780,EMP_000060,Vivaan Mishra,Warehouse,Warehouse Manager,2026-06,2026-06-28,37000.00,2220.00,200.00,0.00,2420.00,34580.00,2220.00,0.00,2220.00,39220.00,INR,BANK_004,PAID,PAYROLL_00000780
PYR_000781,EMP_000061,Shreya Rao,Finance,Finance Executive,2026-06,2026-06-28,79000.00,4740.00,200.00,1866.67,6806.67,72193.33,4740.00,0.00,4740.00,83740.00,INR,BANK_004,PAID,PAYROLL_00000781
PYR_000782,EMP_000062,Vikram Gupta,Operations,Operations Analyst,2026-06,2026-06-28,99000.00,5940.00,200.00,3650.00,9790.00,89210.00,5940.00,0.00,5940.00,104940.00,INR,BANK_004,PAID,PAYROLL_00000782
PYR_000783,EMP_000063,Priya Sharma,Customer Experience,CX Executive,2026-06,2026-06-28,169000.00,10140.00,200.00,12850.00,23190.00,145810.00,10140.00,0.00,10140.00,179140.00,INR,BANK_004,PAID,PAYROLL_00000783
PYR_000784,EMP_000064,Aditi Banerjee,Marketing,Marketing Manager,2026-06,2026-06-28,142000.00,8520.00,200.00,8800.00,17520.00,124480.00,8520.00,0.00,8520.00,150520.00,INR,BANK_004,PAID,PAYROLL_00000784
PYR_000785,EMP_000065,Aarav Pillai,Technology,Tech Lead,2026-06,2026-06-28,111000.00,6660.00,200.00,4850.00,11710.00,99290.00,6660.00,0.00,6660.00,117660.00,INR,BANK_004,PAID,PAYROLL_00000785
PYR_000786,EMP_000066,Shreya Kulkarni,Marketing,Performance Marketer,2026-06,2026-06-28,32000.00,1920.00,200.00,0.00,2120.00,29880.00,1920.00,0.00,1920.00,33920.00,INR,BANK_004,PAID,PAYROLL_00000786
PYR_000787,EMP_000067,Aditya Patel,Technology,Software Engineer,2026-06,2026-06-28,144000.00,8640.00,200.00,9100.00,17940.00,126060.00,8640.00,0.00,8640.00,152640.00,INR,BANK_004,PAID,PAYROLL_00000787
PYR_000788,EMP_000068,Ananya Reddy,Operations,Operations Manager,2026-06,2026-06-28,51000.00,3060.00,200.00,466.67,3726.67,47273.33,3060.00,0.00,3060.00,54060.00,INR,BANK_004,PAID,PAYROLL_00000788
PYR_000789,EMP_000069,Meera Kapoor,Warehouse,Warehouse Manager,2026-06,2026-06-28,61000.00,3660.00,200.00,966.67,4826.67,56173.33,3660.00,0.00,3660.00,64660.00,INR,BANK_004,PAID,PAYROLL_00000789
PYR_000790,EMP_000070,Aarav Reddy,Operations,Operations Manager,2026-06,2026-06-28,46000.00,2760.00,200.00,216.67,3176.67,42823.33,2760.00,0.00,2760.00,48760.00,INR,BANK_004,PAID,PAYROLL_00000790
PYR_000791,EMP_000071,Vivaan Bhat,Finance,Finance Analyst,2026-06,2026-06-28,26000.00,1560.00,200.00,0.00,1760.00,24240.00,1560.00,0.00,1560.00,27560.00,INR,BANK_004,PAID,PAYROLL_00000791
PYR_000792,EMP_000072,Rahul Joshi,Finance,Finance Manager,2026-06,2026-06-28,132000.00,7920.00,200.00,7300.00,15420.00,116580.00,7920.00,0.00,7920.00,139920.00,INR,BANK_004,PAID,PAYROLL_00000792
PYR_000793,EMP_000073,Rohan Verma,Customer Experience,CX Manager,2026-06,2026-06-28,123000.00,7380.00,200.00,6050.00,13630.00,109370.00,7380.00,0.00,7380.00,130380.00,INR,BANK_004,PAID,PAYROLL_00000793
PYR_000794,EMP_000074,Neha Joshi,Technology,Software Engineer,2026-06,2026-06-28,74000.00,4440.00,200.00,1616.67,6256.67,67743.33,4440.00,0.00,4440.00,78440.00,INR,BANK_004,PAID,PAYROLL_00000794
PYR_000795,EMP_000075,Shreya Mishra,Warehouse,Warehouse Supervisor,2026-06,2026-06-28,135000.00,8100.00,200.00,7750.00,16050.00,118950.00,8100.00,0.00,8100.00,143100.00,INR,BANK_004,PAID,PAYROLL_00000795
PYR_000796,EMP_000076,Vikram Rao,Customer Experience,CX Manager,2026-06,2026-06-28,43000.00,2580.00,200.00,66.67,2846.67,40153.33,2580.00,0.00,2580.00,45580.00,INR,BANK_004,PAID,PAYROLL_00000796
PYR_000797,EMP_000077,Ishaan Joshi,Warehouse,Warehouse Associate,2026-06,2026-06-28,48000.00,2880.00,200.00,316.67,3396.67,44603.33,2880.00,0.00,2880.00,50880.00,INR,BANK_004,PAID,PAYROLL_00000797
PYR_000798,EMP_000078,Riya Kapoor,Customer Experience,CX Lead,2026-06,2026-06-28,31000.00,1860.00,200.00,0.00,2060.00,28940.00,1860.00,0.00,1860.00,32860.00,INR,BANK_004,PAID,PAYROLL_00000798
PYR_000799,EMP_000079,Vivaan Nair,Finance,Finance Manager,2026-06,2026-06-28,63000.00,3780.00,200.00,1066.67,5046.67,57953.33,3780.00,0.00,3780.00,66780.00,INR,BANK_004,PAID,PAYROLL_00000799
PYR_000800,EMP_000080,Sneha Singh,Customer Experience,CX Manager,2026-06,2026-06-28,23000.00,1380.00,200.00,0.00,1580.00,21420.00,1380.00,0.00,1380.00,24380.00,INR,BANK_004,PAID,PAYROLL_00000800
PYR_000801,EMP_000001,Shreya Sharma,Marketing,Marketing Executive,2026-07,2026-07-28,22000.00,1320.00,200.00,0.00,1520.00,20480.00,1320.00,0.00,1320.00,23320.00,INR,BANK_004,PAID,PAYROLL_00000801
PYR_000802,EMP_000002,Pooja Gupta,Marketing,Marketing Manager,2026-07,2026-07-28,55000.00,3300.00,200.00,666.67,4166.67,50833.33,3300.00,0.00,3300.00,58300.00,INR,BANK_004,PAID,PAYROLL_00000802
PYR_000803,EMP_000003,Karan Pillai,Technology,Product Analyst,2026-07,2026-07-28,36000.00,2160.00,200.00,0.00,2360.00,33640.00,2160.00,0.00,2160.00,38160.00,INR,BANK_004,PAID,PAYROLL_00000803
PYR_000804,EMP_000004,Riya Kapoor,Technology,Product Analyst,2026-07,2026-07-28,32000.00,1920.00,200.00,0.00,2120.00,29880.00,1920.00,0.00,1920.00,33920.00,INR,BANK_004,PAID,PAYROLL_00000804
PYR_000805,EMP_000005,Rahul Singh,Warehouse,Warehouse Manager,2026-07,2026-07-28,121000.00,7260.00,200.00,5850.00,13310.00,107690.00,7260.00,0.00,7260.00,128260.00,INR,BANK_004,PAID,PAYROLL_00000805
PYR_000806,EMP_000006,Shreya Mishra,Marketing,Marketing Executive,2026-07,2026-07-28,164000.00,9840.00,200.00,12100.00,22140.00,141860.00,9840.00,0.00,9840.00,173840.00,INR,BANK_004,PAID,PAYROLL_00000806
PYR_000807,EMP_000007,Aditya Rao,Customer Experience,CX Manager,2026-07,2026-07-28,22000.00,1320.00,200.00,0.00,1520.00,20480.00,1320.00,0.00,1320.00,23320.00,INR,BANK_004,PAID,PAYROLL_00000807
PYR_000808,EMP_000008,Meera Patel,Technology,QA Engineer,2026-07,2026-07-28,25000.00,1500.00,200.00,0.00,1700.00,23300.00,1500.00,0.00,1500.00,26500.00,INR,BANK_004,PAID,PAYROLL_00000808
PYR_000809,EMP_000009,Rahul Gupta,Customer Experience,CX Lead,2026-07,2026-07-28,48000.00,2880.00,200.00,316.67,3396.67,44603.33,2880.00,0.00,2880.00,50880.00,INR,BANK_004,PAID,PAYROLL_00000809
PYR_000810,EMP_000010,Vivaan Menon,Technology,Tech Lead,2026-07,2026-07-28,113000.00,6780.00,200.00,5050.00,12030.00,100970.00,6780.00,0.00,6780.00,119780.00,INR,BANK_004,PAID,PAYROLL_00000810
PYR_000811,EMP_000011,Vikram Iyer,Customer Experience,CX Executive,2026-07,2026-07-28,135000.00,8100.00,200.00,7750.00,16050.00,118950.00,8100.00,0.00,8100.00,143100.00,INR,BANK_004,PAID,PAYROLL_00000811
PYR_000812,EMP_000012,Aditya Mishra,Warehouse,Warehouse Supervisor,2026-07,2026-07-28,163000.00,9780.00,200.00,11950.00,21930.00,141070.00,9780.00,0.00,9780.00,172780.00,INR,BANK_004,PAID,PAYROLL_00000812
PYR_000813,EMP_000013,Diya Patel,Customer Experience,CX Lead,2026-07,2026-07-28,46000.00,2760.00,200.00,216.67,3176.67,42823.33,2760.00,0.00,2760.00,48760.00,INR,BANK_004,PAID,PAYROLL_00000813
PYR_000814,EMP_000014,Nisha Rao,Technology,Tech Lead,2026-07,2026-07-28,145000.00,8700.00,200.00,9250.00,18150.00,126850.00,8700.00,0.00,8700.00,153700.00,INR,BANK_004,PAID,PAYROLL_00000814
PYR_000815,EMP_000015,Isha Kulkarni,Customer Experience,CX Executive,2026-07,2026-07-28,24000.00,1440.00,200.00,0.00,1640.00,22360.00,1440.00,0.00,1440.00,25440.00,INR,BANK_004,PAID,PAYROLL_00000815
PYR_000816,EMP_000016,Isha Mishra,Marketing,Marketing Manager,2026-07,2026-07-28,96000.00,5760.00,200.00,3350.00,9310.00,86690.00,5760.00,0.00,5760.00,101760.00,INR,BANK_004,PAID,PAYROLL_00000816
PYR_000817,EMP_000017,Ananya Mehta,Warehouse,Warehouse Supervisor,2026-07,2026-07-28,52000.00,3120.00,200.00,516.67,3836.67,48163.33,3120.00,0.00,3120.00,55120.00,INR,BANK_004,PAID,PAYROLL_00000817
PYR_000818,EMP_000018,Aditya Menon,Customer Experience,CX Lead,2026-07,2026-07-28,42000.00,2520.00,200.00,16.67,2736.67,39263.33,2520.00,0.00,2520.00,44520.00,INR,BANK_004,PAID,PAYROLL_00000818
PYR_000819,EMP_000019,Vikram Kapoor,Marketing,Marketing Manager,2026-07,2026-07-28,23000.00,1380.00,200.00,0.00,1580.00,21420.00,1380.00,0.00,1380.00,24380.00,INR,BANK_004,PAID,PAYROLL_00000819
PYR_000820,EMP_000020,Rohan Nair,Technology,Product Analyst,2026-07,2026-07-28,81000.00,4860.00,200.00,1966.67,7026.67,73973.33,4860.00,0.00,4860.00,85860.00,INR,BANK_004,PAID,PAYROLL_00000820
PYR_000821,EMP_000021,Meera Gupta,Warehouse,Warehouse Manager,2026-07,2026-07-28,75000.00,4500.00,200.00,1666.67,6366.67,68633.33,4500.00,0.00,4500.00,79500.00,INR,BANK_004,PAID,PAYROLL_00000821
PYR_000822,EMP_000022,Rohan Pillai,Marketing,Marketing Executive,2026-07,2026-07-28,67000.00,4020.00,200.00,1266.67,5486.67,61513.33,4020.00,0.00,4020.00,71020.00,INR,BANK_004,PAID,PAYROLL_00000822
PYR_000823,EMP_000023,Sneha Pillai,Technology,QA Engineer,2026-07,2026-07-28,73000.00,4380.00,200.00,1566.67,6146.67,66853.33,4380.00,0.00,4380.00,77380.00,INR,BANK_004,PAID,PAYROLL_00000823
PYR_000824,EMP_000024,Ananya Patel,Warehouse,Warehouse Manager,2026-07,2026-07-28,29000.00,1740.00,200.00,0.00,1940.00,27060.00,1740.00,0.00,1740.00,30740.00,INR,BANK_004,PAID,PAYROLL_00000824
PYR_000825,EMP_000025,Rohan Verma,Finance,Finance Manager,2026-07,2026-07-28,125000.00,7500.00,200.00,6250.00,13950.00,111050.00,7500.00,0.00,7500.00,132500.00,INR,BANK_004,PAID,PAYROLL_00000825
PYR_000826,EMP_000026,Karan Pillai,Customer Experience,CX Manager,2026-07,2026-07-28,80000.00,4800.00,200.00,1916.67,6916.67,73083.33,4800.00,0.00,4800.00,84800.00,INR,BANK_004,PAID,PAYROLL_00000826
PYR_000827,EMP_000027,Aditi Singh,Technology,Software Engineer,2026-07,2026-07-28,147000.00,8820.00,200.00,9550.00,18570.00,128430.00,8820.00,0.00,8820.00,155820.00,INR,BANK_004,PAID,PAYROLL_00000827
PYR_000828,EMP_000028,Vivaan Kulkarni,Customer Experience,CX Lead,2026-07,2026-07-28,156000.00,9360.00,200.00,10900.00,20460.00,135540.00,9360.00,0.00,9360.00,165360.00,INR,BANK_004,PAID,PAYROLL_00000828
PYR_000829,EMP_000029,Aditi Nair,Marketing,Marketing Manager,2026-07,2026-07-28,134000.00,8040.00,200.00,7600.00,15840.00,118160.00,8040.00,0.00,8040.00,142040.00,INR,BANK_004,PAID,PAYROLL_00000829
PYR_000830,EMP_000030,Neha Patel,Marketing,Marketing Manager,2026-07,2026-07-28,22000.00,1320.00,200.00,0.00,1520.00,20480.00,1320.00,0.00,1320.00,23320.00,INR,BANK_004,PAID,PAYROLL_00000830
PYR_000831,EMP_000031,Kavya Rao,Operations,Operations Executive,2026-07,2026-07-28,41000.00,2460.00,200.00,0.00,2660.00,38340.00,2460.00,0.00,2460.00,43460.00,INR,BANK_004,PAID,PAYROLL_00000831
PYR_000832,EMP_000032,Aditya Sharma,Marketing,Marketing Manager,2026-07,2026-07-28,25000.00,1500.00,200.00,0.00,1700.00,23300.00,1500.00,0.00,1500.00,26500.00,INR,BANK_004,PAID,PAYROLL_00000832
PYR_000833,EMP_000033,Vikram Das,Operations,Operations Manager,2026-07,2026-07-28,28000.00,1680.00,200.00,0.00,1880.00,26120.00,1680.00,0.00,1680.00,29680.00,INR,BANK_004,PAID,PAYROLL_00000833
PYR_000834,EMP_000034,Riya Das,Warehouse,Warehouse Associate,2026-07,2026-07-28,62000.00,3720.00,200.00,1016.67,4936.67,57063.33,3720.00,0.00,3720.00,65720.00,INR,BANK_004,PAID,PAYROLL_00000834
PYR_000835,EMP_000035,Aditi Nair,Customer Experience,CX Lead,2026-07,2026-07-28,53000.00,3180.00,200.00,566.67,3946.67,49053.33,3180.00,0.00,3180.00,56180.00,INR,BANK_004,PAID,PAYROLL_00000835
PYR_000836,EMP_000036,Priya Banerjee,Technology,Tech Lead,2026-07,2026-07-28,59000.00,3540.00,200.00,866.67,4606.67,54393.33,3540.00,0.00,3540.00,62540.00,INR,BANK_004,PAID,PAYROLL_00000836
PYR_000837,EMP_000037,Meera Pillai,Warehouse,Warehouse Manager,2026-07,2026-07-28,40000.00,2400.00,200.00,0.00,2600.00,37400.00,2400.00,0.00,2400.00,42400.00,INR,BANK_004,PAID,PAYROLL_00000837
PYR_000838,EMP_000038,Ananya Pillai,Customer Experience,CX Executive,2026-07,2026-07-28,31000.00,1860.00,200.00,0.00,2060.00,28940.00,1860.00,0.00,1860.00,32860.00,INR,BANK_004,PAID,PAYROLL_00000838
PYR_000839,EMP_000039,Sneha Pillai,Operations,Operations Analyst,2026-07,2026-07-28,39000.00,2340.00,200.00,0.00,2540.00,36460.00,2340.00,0.00,2340.00,41340.00,INR,BANK_004,PAID,PAYROLL_00000839
PYR_000840,EMP_000040,Diya Sharma,Operations,Operations Manager,2026-07,2026-07-28,46000.00,2760.00,200.00,216.67,3176.67,42823.33,2760.00,0.00,2760.00,48760.00,INR,BANK_004,PAID,PAYROLL_00000840
PYR_000841,EMP_000041,Aditya Mishra,Marketing,Marketing Manager,2026-07,2026-07-28,92000.00,5520.00,200.00,2950.00,8670.00,83330.00,5520.00,0.00,5520.00,97520.00,INR,BANK_004,PAID,PAYROLL_00000841
PYR_000842,EMP_000042,Rohan Joshi,Operations,Operations Executive,2026-07,2026-07-28,138000.00,8280.00,200.00,8200.00,16680.00,121320.00,8280.00,0.00,8280.00,146280.00,INR,BANK_004,PAID,PAYROLL_00000842
PYR_000843,EMP_000043,Aditya Banerjee,Warehouse,Warehouse Associate,2026-07,2026-07-28,74000.00,4440.00,200.00,1616.67,6256.67,67743.33,4440.00,0.00,4440.00,78440.00,INR,BANK_004,PAID,PAYROLL_00000843
PYR_000844,EMP_000044,Rohan Desai,Marketing,Marketing Executive,2026-07,2026-07-28,25000.00,1500.00,200.00,0.00,1700.00,23300.00,1500.00,0.00,1500.00,26500.00,INR,BANK_004,PAID,PAYROLL_00000844
PYR_000845,EMP_000045,Priya Bhat,Finance,Accountant,2026-07,2026-07-28,27000.00,1620.00,200.00,0.00,1820.00,25180.00,1620.00,0.00,1620.00,28620.00,INR,BANK_004,PAID,PAYROLL_00000845
PYR_000846,EMP_000046,Rohan Iyer,Customer Experience,CX Manager,2026-07,2026-07-28,92000.00,5520.00,200.00,2950.00,8670.00,83330.00,5520.00,0.00,5520.00,97520.00,INR,BANK_004,PAID,PAYROLL_00000846
PYR_000847,EMP_000047,Pooja Rao,Operations,Operations Manager,2026-07,2026-07-28,25000.00,1500.00,200.00,0.00,1700.00,23300.00,1500.00,0.00,1500.00,26500.00,INR,BANK_004,PAID,PAYROLL_00000847
PYR_000848,EMP_000048,Kavya Pillai,Marketing,Performance Marketer,2026-07,2026-07-28,150000.00,9000.00,200.00,10000.00,19200.00,130800.00,9000.00,0.00,9000.00,159000.00,INR,BANK_004,PAID,PAYROLL_00000848
PYR_000849,EMP_000049,Nisha Verma,Technology,QA Engineer,2026-07,2026-07-28,47000.00,2820.00,200.00,266.67,3286.67,43713.33,2820.00,0.00,2820.00,49820.00,INR,BANK_004,PAID,PAYROLL_00000849
PYR_000850,EMP_000050,Aditya Kapoor,Operations,Operations Executive,2026-07,2026-07-28,104000.00,6240.00,200.00,4150.00,10590.00,93410.00,6240.00,0.00,6240.00,110240.00,INR,BANK_004,PAID,PAYROLL_00000850
PYR_000851,EMP_000051,Vikram Das,Marketing,Marketing Executive,2026-07,2026-07-28,40000.00,2400.00,200.00,0.00,2600.00,37400.00,2400.00,0.00,2400.00,42400.00,INR,BANK_004,PAID,PAYROLL_00000851
PYR_000852,EMP_000052,Sneha Patel,Technology,QA Engineer,2026-07,2026-07-28,39000.00,2340.00,200.00,0.00,2540.00,36460.00,2340.00,0.00,2340.00,41340.00,INR,BANK_004,PAID,PAYROLL_00000852
PYR_000853,EMP_000053,Aditya Mishra,Finance,Finance Analyst,2026-07,2026-07-28,143000.00,8580.00,200.00,8950.00,17730.00,125270.00,8580.00,0.00,8580.00,151580.00,INR,BANK_004,PAID,PAYROLL_00000853
PYR_000854,EMP_000054,Diya Pillai,Finance,Finance Analyst,2026-07,2026-07-28,164000.00,9840.00,200.00,12100.00,22140.00,141860.00,9840.00,0.00,9840.00,173840.00,INR,BANK_004,PAID,PAYROLL_00000854
PYR_000855,EMP_000055,Priya Mehta,Marketing,Performance Marketer,2026-07,2026-07-28,161000.00,9660.00,200.00,11650.00,21510.00,139490.00,9660.00,0.00,9660.00,170660.00,INR,BANK_004,PAID,PAYROLL_00000855
PYR_000856,EMP_000056,Rohan Singh,Finance,Accountant,2026-07,2026-07-28,55000.00,3300.00,200.00,666.67,4166.67,50833.33,3300.00,0.00,3300.00,58300.00,INR,BANK_004,PAID,PAYROLL_00000856
PYR_000857,EMP_000057,Sneha Desai,Marketing,Marketing Manager,2026-07,2026-07-28,48000.00,2880.00,200.00,316.67,3396.67,44603.33,2880.00,0.00,2880.00,50880.00,INR,BANK_004,PAID,PAYROLL_00000857
PYR_000858,EMP_000058,Aditi Rao,Warehouse,Warehouse Associate,2026-07,2026-07-28,80000.00,4800.00,200.00,1916.67,6916.67,73083.33,4800.00,0.00,4800.00,84800.00,INR,BANK_004,PAID,PAYROLL_00000858
PYR_000859,EMP_000059,Aarav Desai,Technology,Product Analyst,2026-07,2026-07-28,23000.00,1380.00,200.00,0.00,1580.00,21420.00,1380.00,0.00,1380.00,24380.00,INR,BANK_004,PAID,PAYROLL_00000859
PYR_000860,EMP_000060,Vivaan Mishra,Warehouse,Warehouse Manager,2026-07,2026-07-28,37000.00,2220.00,200.00,0.00,2420.00,34580.00,2220.00,0.00,2220.00,39220.00,INR,BANK_004,PAID,PAYROLL_00000860
PYR_000861,EMP_000061,Shreya Rao,Finance,Finance Executive,2026-07,2026-07-28,79000.00,4740.00,200.00,1866.67,6806.67,72193.33,4740.00,0.00,4740.00,83740.00,INR,BANK_004,PAID,PAYROLL_00000861
PYR_000862,EMP_000062,Vikram Gupta,Operations,Operations Analyst,2026-07,2026-07-28,99000.00,5940.00,200.00,3650.00,9790.00,89210.00,5940.00,0.00,5940.00,104940.00,INR,BANK_004,PAID,PAYROLL_00000862
PYR_000863,EMP_000063,Priya Sharma,Customer Experience,CX Executive,2026-07,2026-07-28,169000.00,10140.00,200.00,12850.00,23190.00,145810.00,10140.00,0.00,10140.00,179140.00,INR,BANK_004,PAID,PAYROLL_00000863
PYR_000864,EMP_000064,Aditi Banerjee,Marketing,Marketing Manager,2026-07,2026-07-28,142000.00,8520.00,200.00,8800.00,17520.00,124480.00,8520.00,0.00,8520.00,150520.00,INR,BANK_004,PAID,PAYROLL_00000864
PYR_000865,EMP_000065,Aarav Pillai,Technology,Tech Lead,2026-07,2026-07-28,111000.00,6660.00,200.00,4850.00,11710.00,99290.00,6660.00,0.00,6660.00,117660.00,INR,BANK_004,PAID,PAYROLL_00000865
PYR_000866,EMP_000066,Shreya Kulkarni,Marketing,Performance Marketer,2026-07,2026-07-28,32000.00,1920.00,200.00,0.00,2120.00,29880.00,1920.00,0.00,1920.00,33920.00,INR,BANK_004,PAID,PAYROLL_00000866
PYR_000867,EMP_000067,Aditya Patel,Technology,Software Engineer,2026-07,2026-07-28,144000.00,8640.00,200.00,9100.00,17940.00,126060.00,8640.00,0.00,8640.00,152640.00,INR,BANK_004,PAID,PAYROLL_00000867
PYR_000868,EMP_000068,Ananya Reddy,Operations,Operations Manager,2026-07,2026-07-28,51000.00,3060.00,200.00,466.67,3726.67,47273.33,3060.00,0.00,3060.00,54060.00,INR,BANK_004,PAID,PAYROLL_00000868
PYR_000869,EMP_000069,Meera Kapoor,Warehouse,Warehouse Manager,2026-07,2026-07-28,61000.00,3660.00,200.00,966.67,4826.67,56173.33,3660.00,0.00,3660.00,64660.00,INR,BANK_004,PAID,PAYROLL_00000869
PYR_000870,EMP_000070,Aarav Reddy,Operations,Operations Manager,2026-07,2026-07-28,46000.00,2760.00,200.00,216.67,3176.67,42823.33,2760.00,0.00,2760.00,48760.00,INR,BANK_004,PAID,PAYROLL_00000870
PYR_000871,EMP_000071,Vivaan Bhat,Finance,Finance Analyst,2026-07,2026-07-28,26000.00,1560.00,200.00,0.00,1760.00,24240.00,1560.00,0.00,1560.00,27560.00,INR,BANK_004,PAID,PAYROLL_00000871
PYR_000872,EMP_000072,Rahul Joshi,Finance,Finance Manager,2026-07,2026-07-28,132000.00,7920.00,200.00,7300.00,15420.00,116580.00,7920.00,0.00,7920.00,139920.00,INR,BANK_004,PAID,PAYROLL_00000872
PYR_000873,EMP_000073,Rohan Verma,Customer Experience,CX Manager,2026-07,2026-07-28,123000.00,7380.00,200.00,6050.00,13630.00,109370.00,7380.00,0.00,7380.00,130380.00,INR,BANK_004,PAID,PAYROLL_00000873
PYR_000874,EMP_000074,Neha Joshi,Technology,Software Engineer,2026-07,2026-07-28,74000.00,4440.00,200.00,1616.67,6256.67,67743.33,4440.00,0.00,4440.00,78440.00,INR,BANK_004,PAID,PAYROLL_00000874
PYR_000875,EMP_000075,Shreya Mishra,Warehouse,Warehouse Supervisor,2026-07,2026-07-28,135000.00,8100.00,200.00,7750.00,16050.00,118950.00,8100.00,0.00,8100.00,143100.00,INR,BANK_004,PAID,PAYROLL_00000875
PYR_000876,EMP_000076,Vikram Rao,Customer Experience,CX Manager,2026-07,2026-07-28,43000.00,2580.00,200.00,66.67,2846.67,40153.33,2580.00,0.00,2580.00,45580.00,INR,BANK_004,PAID,PAYROLL_00000876
PYR_000877,EMP_000077,Ishaan Joshi,Warehouse,Warehouse Associate,2026-07,2026-07-28,48000.00,2880.00,200.00,316.67,3396.67,44603.33,2880.00,0.00,2880.00,50880.00,INR,BANK_004,PAID,PAYROLL_00000877
PYR_000878,EMP_000078,Riya Kapoor,Customer Experience,CX Lead,2026-07,2026-07-28,31000.00,1860.00,200.00,0.00,2060.00,28940.00,1860.00,0.00,1860.00,32860.00,INR,BANK_004,PAID,PAYROLL_00000878
PYR_000879,EMP_000079,Vivaan Nair,Finance,Finance Manager,2026-07,2026-07-28,63000.00,3780.00,200.00,1066.67,5046.67,57953.33,3780.00,0.00,3780.00,66780.00,INR,BANK_004,PAID,PAYROLL_00000879
PYR_000880,EMP_000080,Sneha Singh,Customer Experience,CX Manager,2026-07,2026-07-28,23000.00,1380.00,200.00,0.00,1580.00,21420.00,1380.00,0.00,1380.00,24380.00,INR,BANK_004,PAID,PAYROLL_00000880
PYR_000881,EMP_000001,Shreya Sharma,Marketing,Marketing Executive,2026-08,2026-08-28,22000.00,1320.00,200.00,0.00,1520.00,20480.00,1320.00,0.00,1320.00,23320.00,INR,BANK_004,PAID,PAYROLL_00000881
PYR_000882,EMP_000002,Pooja Gupta,Marketing,Marketing Manager,2026-08,2026-08-28,55000.00,3300.00,200.00,666.67,4166.67,50833.33,3300.00,0.00,3300.00,58300.00,INR,BANK_004,PAID,PAYROLL_00000882
PYR_000883,EMP_000003,Karan Pillai,Technology,Product Analyst,2026-08,2026-08-28,36000.00,2160.00,200.00,0.00,2360.00,33640.00,2160.00,0.00,2160.00,38160.00,INR,BANK_004,PAID,PAYROLL_00000883
PYR_000884,EMP_000004,Riya Kapoor,Technology,Product Analyst,2026-08,2026-08-28,32000.00,1920.00,200.00,0.00,2120.00,29880.00,1920.00,0.00,1920.00,33920.00,INR,BANK_004,PAID,PAYROLL_00000884
PYR_000885,EMP_000005,Rahul Singh,Warehouse,Warehouse Manager,2026-08,2026-08-28,121000.00,7260.00,200.00,5850.00,13310.00,107690.00,7260.00,0.00,7260.00,128260.00,INR,BANK_004,PAID,PAYROLL_00000885
PYR_000886,EMP_000006,Shreya Mishra,Marketing,Marketing Executive,2026-08,2026-08-28,164000.00,9840.00,200.00,12100.00,22140.00,141860.00,9840.00,0.00,9840.00,173840.00,INR,BANK_004,PAID,PAYROLL_00000886
PYR_000887,EMP_000007,Aditya Rao,Customer Experience,CX Manager,2026-08,2026-08-28,22000.00,1320.00,200.00,0.00,1520.00,20480.00,1320.00,0.00,1320.00,23320.00,INR,BANK_004,PAID,PAYROLL_00000887
PYR_000888,EMP_000008,Meera Patel,Technology,QA Engineer,2026-08,2026-08-28,25000.00,1500.00,200.00,0.00,1700.00,23300.00,1500.00,0.00,1500.00,26500.00,INR,BANK_004,PAID,PAYROLL_00000888
PYR_000889,EMP_000009,Rahul Gupta,Customer Experience,CX Lead,2026-08,2026-08-28,48000.00,2880.00,200.00,316.67,3396.67,44603.33,2880.00,0.00,2880.00,50880.00,INR,BANK_004,PAID,PAYROLL_00000889
PYR_000890,EMP_000010,Vivaan Menon,Technology,Tech Lead,2026-08,2026-08-28,113000.00,6780.00,200.00,5050.00,12030.00,100970.00,6780.00,0.00,6780.00,119780.00,INR,BANK_004,PAID,PAYROLL_00000890
PYR_000891,EMP_000011,Vikram Iyer,Customer Experience,CX Executive,2026-08,2026-08-28,135000.00,8100.00,200.00,7750.00,16050.00,118950.00,8100.00,0.00,8100.00,143100.00,INR,BANK_004,PAID,PAYROLL_00000891
PYR_000892,EMP_000012,Aditya Mishra,Warehouse,Warehouse Supervisor,2026-08,2026-08-28,163000.00,9780.00,200.00,11950.00,21930.00,141070.00,9780.00,0.00,9780.00,172780.00,INR,BANK_004,PAID,PAYROLL_00000892
PYR_000893,EMP_000013,Diya Patel,Customer Experience,CX Lead,2026-08,2026-08-28,46000.00,2760.00,200.00,216.67,3176.67,42823.33,2760.00,0.00,2760.00,48760.00,INR,BANK_004,PAID,PAYROLL_00000893
PYR_000894,EMP_000014,Nisha Rao,Technology,Tech Lead,2026-08,2026-08-28,145000.00,8700.00,200.00,9250.00,18150.00,126850.00,8700.00,0.00,8700.00,153700.00,INR,BANK_004,PAID,PAYROLL_00000894
PYR_000895,EMP_000015,Isha Kulkarni,Customer Experience,CX Executive,2026-08,2026-08-28,24000.00,1440.00,200.00,0.00,1640.00,22360.00,1440.00,0.00,1440.00,25440.00,INR,BANK_004,PAID,PAYROLL_00000895
PYR_000896,EMP_000016,Isha Mishra,Marketing,Marketing Manager,2026-08,2026-08-28,96000.00,5760.00,200.00,3350.00,9310.00,86690.00,5760.00,0.00,5760.00,101760.00,INR,BANK_004,PAID,PAYROLL_00000896
PYR_000897,EMP_000017,Ananya Mehta,Warehouse,Warehouse Supervisor,2026-08,2026-08-28,52000.00,3120.00,200.00,516.67,3836.67,48163.33,3120.00,0.00,3120.00,55120.00,INR,BANK_004,PAID,PAYROLL_00000897
PYR_000898,EMP_000018,Aditya Menon,Customer Experience,CX Lead,2026-08,2026-08-28,42000.00,2520.00,200.00,16.67,2736.67,39263.33,2520.00,0.00,2520.00,44520.00,INR,BANK_004,PAID,PAYROLL_00000898
PYR_000899,EMP_000019,Vikram Kapoor,Marketing,Marketing Manager,2026-08,2026-08-28,23000.00,1380.00,200.00,0.00,1580.00,21420.00,1380.00,0.00,1380.00,24380.00,INR,BANK_004,PAID,PAYROLL_00000899
PYR_000900,EMP_000020,Rohan Nair,Technology,Product Analyst,2026-08,2026-08-28,81000.00,4860.00,200.00,1966.67,7026.67,73973.33,4860.00,0.00,4860.00,85860.00,INR,BANK_004,PAID,PAYROLL_00000900
PYR_000901,EMP_000021,Meera Gupta,Warehouse,Warehouse Manager,2026-08,2026-08-28,75000.00,4500.00,200.00,1666.67,6366.67,68633.33,4500.00,0.00,4500.00,79500.00,INR,BANK_004,PAID,PAYROLL_00000901
PYR_000902,EMP_000022,Rohan Pillai,Marketing,Marketing Executive,2026-08,2026-08-28,67000.00,4020.00,200.00,1266.67,5486.67,61513.33,4020.00,0.00,4020.00,71020.00,INR,BANK_004,PAID,PAYROLL_00000902
PYR_000903,EMP_000023,Sneha Pillai,Technology,QA Engineer,2026-08,2026-08-28,73000.00,4380.00,200.00,1566.67,6146.67,66853.33,4380.00,0.00,4380.00,77380.00,INR,BANK_004,PAID,PAYROLL_00000903
PYR_000904,EMP_000024,Ananya Patel,Warehouse,Warehouse Manager,2026-08,2026-08-28,29000.00,1740.00,200.00,0.00,1940.00,27060.00,1740.00,0.00,1740.00,30740.00,INR,BANK_004,PAID,PAYROLL_00000904
PYR_000905,EMP_000025,Rohan Verma,Finance,Finance Manager,2026-08,2026-08-28,125000.00,7500.00,200.00,6250.00,13950.00,111050.00,7500.00,0.00,7500.00,132500.00,INR,BANK_004,PAID,PAYROLL_00000905
PYR_000906,EMP_000026,Karan Pillai,Customer Experience,CX Manager,2026-08,2026-08-28,80000.00,4800.00,200.00,1916.67,6916.67,73083.33,4800.00,0.00,4800.00,84800.00,INR,BANK_004,PAID,PAYROLL_00000906
PYR_000907,EMP_000027,Aditi Singh,Technology,Software Engineer,2026-08,2026-08-28,147000.00,8820.00,200.00,9550.00,18570.00,128430.00,8820.00,0.00,8820.00,155820.00,INR,BANK_004,PAID,PAYROLL_00000907
PYR_000908,EMP_000028,Vivaan Kulkarni,Customer Experience,CX Lead,2026-08,2026-08-28,156000.00,9360.00,200.00,10900.00,20460.00,135540.00,9360.00,0.00,9360.00,165360.00,INR,BANK_004,PAID,PAYROLL_00000908
PYR_000909,EMP_000029,Aditi Nair,Marketing,Marketing Manager,2026-08,2026-08-28,134000.00,8040.00,200.00,7600.00,15840.00,118160.00,8040.00,0.00,8040.00,142040.00,INR,BANK_004,PAID,PAYROLL_00000909
PYR_000910,EMP_000030,Neha Patel,Marketing,Marketing Manager,2026-08,2026-08-28,22000.00,1320.00,200.00,0.00,1520.00,20480.00,1320.00,0.00,1320.00,23320.00,INR,BANK_004,PAID,PAYROLL_00000910
PYR_000911,EMP_000031,Kavya Rao,Operations,Operations Executive,2026-08,2026-08-28,41000.00,2460.00,200.00,0.00,2660.00,38340.00,2460.00,0.00,2460.00,43460.00,INR,BANK_004,PAID,PAYROLL_00000911
PYR_000912,EMP_000032,Aditya Sharma,Marketing,Marketing Manager,2026-08,2026-08-28,25000.00,1500.00,200.00,0.00,1700.00,23300.00,1500.00,0.00,1500.00,26500.00,INR,BANK_004,PAID,PAYROLL_00000912
PYR_000913,EMP_000033,Vikram Das,Operations,Operations Manager,2026-08,2026-08-28,28000.00,1680.00,200.00,0.00,1880.00,26120.00,1680.00,0.00,1680.00,29680.00,INR,BANK_004,PAID,PAYROLL_00000913
PYR_000914,EMP_000034,Riya Das,Warehouse,Warehouse Associate,2026-08,2026-08-28,62000.00,3720.00,200.00,1016.67,4936.67,57063.33,3720.00,0.00,3720.00,65720.00,INR,BANK_004,PAID,PAYROLL_00000914
PYR_000915,EMP_000035,Aditi Nair,Customer Experience,CX Lead,2026-08,2026-08-28,53000.00,3180.00,200.00,566.67,3946.67,49053.33,3180.00,0.00,3180.00,56180.00,INR,BANK_004,PAID,PAYROLL_00000915
PYR_000916,EMP_000036,Priya Banerjee,Technology,Tech Lead,2026-08,2026-08-28,59000.00,3540.00,200.00,866.67,4606.67,54393.33,3540.00,0.00,3540.00,62540.00,INR,BANK_004,PAID,PAYROLL_00000916
PYR_000917,EMP_000037,Meera Pillai,Warehouse,Warehouse Manager,2026-08,2026-08-28,40000.00,2400.00,200.00,0.00,2600.00,37400.00,2400.00,0.00,2400.00,42400.00,INR,BANK_004,PAID,PAYROLL_00000917
PYR_000918,EMP_000038,Ananya Pillai,Customer Experience,CX Executive,2026-08,2026-08-28,31000.00,1860.00,200.00,0.00,2060.00,28940.00,1860.00,0.00,1860.00,32860.00,INR,BANK_004,PAID,PAYROLL_00000918
PYR_000919,EMP_000039,Sneha Pillai,Operations,Operations Analyst,2026-08,2026-08-28,39000.00,2340.00,200.00,0.00,2540.00,36460.00,2340.00,0.00,2340.00,41340.00,INR,BANK_004,PAID,PAYROLL_00000919
PYR_000920,EMP_000040,Diya Sharma,Operations,Operations Manager,2026-08,2026-08-28,46000.00,2760.00,200.00,216.67,3176.67,42823.33,2760.00,0.00,2760.00,48760.00,INR,BANK_004,PAID,PAYROLL_00000920
PYR_000921,EMP_000041,Aditya Mishra,Marketing,Marketing Manager,2026-08,2026-08-28,92000.00,5520.00,200.00,2950.00,8670.00,83330.00,5520.00,0.00,5520.00,97520.00,INR,BANK_004,PAID,PAYROLL_00000921
PYR_000922,EMP_000042,Rohan Joshi,Operations,Operations Executive,2026-08,2026-08-28,138000.00,8280.00,200.00,8200.00,16680.00,121320.00,8280.00,0.00,8280.00,146280.00,INR,BANK_004,PAID,PAYROLL_00000922
PYR_000923,EMP_000043,Aditya Banerjee,Warehouse,Warehouse Associate,2026-08,2026-08-28,74000.00,4440.00,200.00,1616.67,6256.67,67743.33,4440.00,0.00,4440.00,78440.00,INR,BANK_004,PAID,PAYROLL_00000923
PYR_000924,EMP_000044,Rohan Desai,Marketing,Marketing Executive,2026-08,2026-08-28,25000.00,1500.00,200.00,0.00,1700.00,23300.00,1500.00,0.00,1500.00,26500.00,INR,BANK_004,PAID,PAYROLL_00000924
PYR_000925,EMP_000045,Priya Bhat,Finance,Accountant,2026-08,2026-08-28,27000.00,1620.00,200.00,0.00,1820.00,25180.00,1620.00,0.00,1620.00,28620.00,INR,BANK_004,PAID,PAYROLL_00000925
PYR_000926,EMP_000046,Rohan Iyer,Customer Experience,CX Manager,2026-08,2026-08-28,92000.00,5520.00,200.00,2950.00,8670.00,83330.00,5520.00,0.00,5520.00,97520.00,INR,BANK_004,PAID,PAYROLL_00000926
PYR_000927,EMP_000047,Pooja Rao,Operations,Operations Manager,2026-08,2026-08-28,25000.00,1500.00,200.00,0.00,1700.00,23300.00,1500.00,0.00,1500.00,26500.00,INR,BANK_004,PAID,PAYROLL_00000927
PYR_000928,EMP_000048,Kavya Pillai,Marketing,Performance Marketer,2026-08,2026-08-28,150000.00,9000.00,200.00,10000.00,19200.00,130800.00,9000.00,0.00,9000.00,159000.00,INR,BANK_004,PAID,PAYROLL_00000928
PYR_000929,EMP_000049,Nisha Verma,Technology,QA Engineer,2026-08,2026-08-28,47000.00,2820.00,200.00,266.67,3286.67,43713.33,2820.00,0.00,2820.00,49820.00,INR,BANK_004,PAID,PAYROLL_00000929
PYR_000930,EMP_000050,Aditya Kapoor,Operations,Operations Executive,2026-08,2026-08-28,104000.00,6240.00,200.00,4150.00,10590.00,93410.00,6240.00,0.00,6240.00,110240.00,INR,BANK_004,PAID,PAYROLL_00000930
PYR_000931,EMP_000051,Vikram Das,Marketing,Marketing Executive,2026-08,2026-08-28,40000.00,2400.00,200.00,0.00,2600.00,37400.00,2400.00,0.00,2400.00,42400.00,INR,BANK_004,PAID,PAYROLL_00000931
PYR_000932,EMP_000052,Sneha Patel,Technology,QA Engineer,2026-08,2026-08-28,39000.00,2340.00,200.00,0.00,2540.00,36460.00,2340.00,0.00,2340.00,41340.00,INR,BANK_004,PAID,PAYROLL_00000932
PYR_000933,EMP_000053,Aditya Mishra,Finance,Finance Analyst,2026-08,2026-08-28,143000.00,8580.00,200.00,8950.00,17730.00,125270.00,8580.00,0.00,8580.00,151580.00,INR,BANK_004,PAID,PAYROLL_00000933
PYR_000934,EMP_000054,Diya Pillai,Finance,Finance Analyst,2026-08,2026-08-28,164000.00,9840.00,200.00,12100.00,22140.00,141860.00,9840.00,0.00,9840.00,173840.00,INR,BANK_004,PAID,PAYROLL_00000934
PYR_000935,EMP_000055,Priya Mehta,Marketing,Performance Marketer,2026-08,2026-08-28,161000.00,9660.00,200.00,11650.00,21510.00,139490.00,9660.00,0.00,9660.00,170660.00,INR,BANK_004,PAID,PAYROLL_00000935
PYR_000936,EMP_000056,Rohan Singh,Finance,Accountant,2026-08,2026-08-28,55000.00,3300.00,200.00,666.67,4166.67,50833.33,3300.00,0.00,3300.00,58300.00,INR,BANK_004,PAID,PAYROLL_00000936
PYR_000937,EMP_000057,Sneha Desai,Marketing,Marketing Manager,2026-08,2026-08-28,48000.00,2880.00,200.00,316.67,3396.67,44603.33,2880.00,0.00,2880.00,50880.00,INR,BANK_004,PAID,PAYROLL_00000937
PYR_000938,EMP_000058,Aditi Rao,Warehouse,Warehouse Associate,2026-08,2026-08-28,80000.00,4800.00,200.00,1916.67,6916.67,73083.33,4800.00,0.00,4800.00,84800.00,INR,BANK_004,PAID,PAYROLL_00000938
PYR_000939,EMP_000059,Aarav Desai,Technology,Product Analyst,2026-08,2026-08-28,23000.00,1380.00,200.00,0.00,1580.00,21420.00,1380.00,0.00,1380.00,24380.00,INR,BANK_004,PAID,PAYROLL_00000939
PYR_000940,EMP_000060,Vivaan Mishra,Warehouse,Warehouse Manager,2026-08,2026-08-28,37000.00,2220.00,200.00,0.00,2420.00,34580.00,2220.00,0.00,2220.00,39220.00,INR,BANK_004,PAID,PAYROLL_00000940
PYR_000941,EMP_000061,Shreya Rao,Finance,Finance Executive,2026-08,2026-08-28,79000.00,4740.00,200.00,1866.67,6806.67,72193.33,4740.00,0.00,4740.00,83740.00,INR,BANK_004,PAID,PAYROLL_00000941
PYR_000942,EMP_000062,Vikram Gupta,Operations,Operations Analyst,2026-08,2026-08-28,99000.00,5940.00,200.00,3650.00,9790.00,89210.00,5940.00,0.00,5940.00,104940.00,INR,BANK_004,PAID,PAYROLL_00000942
PYR_000943,EMP_000063,Priya Sharma,Customer Experience,CX Executive,2026-08,2026-08-28,169000.00,10140.00,200.00,12850.00,23190.00,145810.00,10140.00,0.00,10140.00,179140.00,INR,BANK_004,PAID,PAYROLL_00000943
PYR_000944,EMP_000064,Aditi Banerjee,Marketing,Marketing Manager,2026-08,2026-08-28,142000.00,8520.00,200.00,8800.00,17520.00,124480.00,8520.00,0.00,8520.00,150520.00,INR,BANK_004,PAID,PAYROLL_00000944
PYR_000945,EMP_000065,Aarav Pillai,Technology,Tech Lead,2026-08,2026-08-28,111000.00,6660.00,200.00,4850.00,11710.00,99290.00,6660.00,0.00,6660.00,117660.00,INR,BANK_004,PAID,PAYROLL_00000945
PYR_000946,EMP_000066,Shreya Kulkarni,Marketing,Performance Marketer,2026-08,2026-08-28,32000.00,1920.00,200.00,0.00,2120.00,29880.00,1920.00,0.00,1920.00,33920.00,INR,BANK_004,PAID,PAYROLL_00000946
PYR_000947,EMP_000067,Aditya Patel,Technology,Software Engineer,2026-08,2026-08-28,144000.00,8640.00,200.00,9100.00,17940.00,126060.00,8640.00,0.00,8640.00,152640.00,INR,BANK_004,PAID,PAYROLL_00000947
PYR_000948,EMP_000068,Ananya Reddy,Operations,Operations Manager,2026-08,2026-08-28,51000.00,3060.00,200.00,466.67,3726.67,47273.33,3060.00,0.00,3060.00,54060.00,INR,BANK_004,PAID,PAYROLL_00000948
PYR_000949,EMP_000069,Meera Kapoor,Warehouse,Warehouse Manager,2026-08,2026-08-28,61000.00,3660.00,200.00,966.67,4826.67,56173.33,3660.00,0.00,3660.00,64660.00,INR,BANK_004,PAID,PAYROLL_00000949
PYR_000950,EMP_000070,Aarav Reddy,Operations,Operations Manager,2026-08,2026-08-28,46000.00,2760.00,200.00,216.67,3176.67,42823.33,2760.00,0.00,2760.00,48760.00,INR,BANK_004,PAID,PAYROLL_00000950
PYR_000951,EMP_000071,Vivaan Bhat,Finance,Finance Analyst,2026-08,2026-08-28,26000.00,1560.00,200.00,0.00,1760.00,24240.00,1560.00,0.00,1560.00,27560.00,INR,BANK_004,PAID,PAYROLL_00000951
PYR_000952,EMP_000072,Rahul Joshi,Finance,Finance Manager,2026-08,2026-08-28,132000.00,7920.00,200.00,7300.00,15420.00,116580.00,7920.00,0.00,7920.00,139920.00,INR,BANK_004,PAID,PAYROLL_00000952
PYR_000953,EMP_000073,Rohan Verma,Customer Experience,CX Manager,2026-08,2026-08-28,123000.00,7380.00,200.00,6050.00,13630.00,109370.00,7380.00,0.00,7380.00,130380.00,INR,BANK_004,PAID,PAYROLL_00000953
PYR_000954,EMP_000074,Neha Joshi,Technology,Software Engineer,2026-08,2026-08-28,74000.00,4440.00,200.00,1616.67,6256.67,67743.33,4440.00,0.00,4440.00,78440.00,INR,BANK_004,PAID,PAYROLL_00000954
PYR_000955,EMP_000075,Shreya Mishra,Warehouse,Warehouse Supervisor,2026-08,2026-08-28,135000.00,8100.00,200.00,7750.00,16050.00,118950.00,8100.00,0.00,8100.00,143100.00,INR,BANK_004,PAID,PAYROLL_00000955
PYR_000956,EMP_000076,Vikram Rao,Customer Experience,CX Manager,2026-08,2026-08-28,43000.00,2580.00,200.00,66.67,2846.67,40153.33,2580.00,0.00,2580.00,45580.00,INR,BANK_004,PAID,PAYROLL_00000956
PYR_000957,EMP_000077,Ishaan Joshi,Warehouse,Warehouse Associate,2026-08,2026-08-28,48000.00,2880.00,200.00,316.67,3396.67,44603.33,2880.00,0.00,2880.00,50880.00,INR,BANK_004,PAID,PAYROLL_00000957
PYR_000958,EMP_000078,Riya Kapoor,Customer Experience,CX Lead,2026-08,2026-08-28,31000.00,1860.00,200.00,0.00,2060.00,28940.00,1860.00,0.00,1860.00,32860.00,INR,BANK_004,PAID,PAYROLL_00000958
PYR_000959,EMP_000079,Vivaan Nair,Finance,Finance Manager,2026-08,2026-08-28,63000.00,3780.00,200.00,1066.67,5046.67,57953.33,3780.00,0.00,3780.00,66780.00,INR,BANK_004,PAID,PAYROLL_00000959
PYR_000960,EMP_000080,Sneha Singh,Customer Experience,CX Manager,2026-08,2026-08-28,23000.00,1380.00,200.00,0.00,1580.00,21420.00,1380.00,0.00,1380.00,24380.00,INR,BANK_004,PAID,PAYROLL_00000960
