refund_id,order_id,payment_id,refund_date,refund_type,refund_reason,amount,currency,status,gateway,gateway_reference,customer_id
REF_000001,ORD_000003,PAY_000003,2025-10-04T07:38:07,FULL,RETURNED_ORDER,872.79,INR,SUCCESS,PayFlow,RF_00000001,CUST_005083
REF_000002,ORD_000028,PAY_000028,2025-09-17T02:53:11,FULL,CUSTOMER_REQUEST,1690.70,INR,SUCCESS,PayFlow,RF_00000002,CUST_002435
REF_000003,ORD_000068,,2025-09-30T05:44:52,FULL,RETURNED_ORDER,2600.64,INR,SUCCESS,,,CUST_002782
REF_000004,ORD_000136,PAY_000112,2025-09-29T21:08:08,FULL,CUSTOMER_REQUEST,3628.50,INR,SUCCESS,PayFlow,RF_00000004,CUST_003808
REF_000005,ORD_000138,,2025-09-29T12:47:45,FULL,RETURNED_ORDER,908.60,INR,SUCCESS,,,CUST_000576
REF_000006,ORD_000170,PAY_000137,2025-09-16T21:43:03,PARTIAL,CUSTOMER_REQUEST,309.15,INR,SUCCESS,PayFlow,RF_00000006,CUST_005998
REF_000007,ORD_000183,PAY_000147,2025-09-17T12:37:57,FULL,RETURNED_ORDER,1062.00,INR,SUCCESS,PayFlow,RF_00000007,CUST_001611
REF_000008,ORD_000229,PAY_000182,2025-09-29T16:04:30,FULL,RETURNED_ORDER,534.54,INR,SUCCESS,PayFlow,RF_00000008,CUST_007318
REF_000009,ORD_000351,PAY_000287,2025-09-08T02:39:29,FULL,CUSTOMER_REQUEST,848.02,INR,SUCCESS,PayFlow,RF_00000009,CUST_000566
REF_000010,ORD_000374,PAY_000302,2025-09-28T20:44:11,FULL,CUSTOMER_REQUEST,1342.96,INR,SUCCESS,PayFlow,RF_00000010,CUST_006294
REF_000011,ORD_000382,,2025-09-11T20:28:49,FULL,RETURNED_ORDER,788.18,INR,SUCCESS,,,CUST_004571
REF_000012,ORD_000383,PAY_000309,2025-10-02T20:34:34,FULL,CUSTOMER_REQUEST,354.00,INR,SUCCESS,PayFlow,RF_00000012,CUST_004519
REF_000013,ORD_000412,PAY_000335,2025-09-28T04:15:23,FULL,RETURNED_ORDER,295.00,INR,SUCCESS,PayFlow,RF_00000013,CUST_003382
REF_000014,ORD_000476,PAY_000386,2025-09-07T01:03:13,FULL,CUSTOMER_REQUEST,902.30,INR,SUCCESS,PayFlow,RF_00000014,CUST_003034
REF_000015,ORD_000499,PAY_000404,2025-09-06T15:21:39,FULL,RETURNED_ORDER,754.93,INR,SUCCESS,PayFlow,RF_00000015,CUST_003832
REF_000016,ORD_000508,PAY_000413,2025-09-11T01:11:18,PARTIAL,CUSTOMER_REQUEST,669.06,INR,SUCCESS,PayFlow,RF_00000016,CUST_008423
REF_000017,ORD_000541,PAY_000440,2025-09-25T12:43:42,FULL,RETURNED_ORDER,365.80,INR,SUCCESS,PayFlow,RF_00000017,CUST_002690
REF_000018,ORD_000552,PAY_000449,2025-09-21T16:53:05,FULL,CUSTOMER_REQUEST,3038.50,INR,SUCCESS,PayFlow,RF_00000018,CUST_000232
REF_000019,ORD_000561,PAY_000455,2025-09-14T11:37:56,FULL,RETURNED_ORDER,964.18,INR,SUCCESS,PayFlow,RF_00000019,CUST_002490
REF_000020,ORD_000615,,2025-09-16T04:58:26,FULL,RETURNED_ORDER,383.50,INR,SUCCESS,,,CUST_004535
REF_000021,ORD_000625,PAY_000505,2025-09-29T10:47:33,FULL,RETURNED_ORDER,1613.12,INR,SUCCESS,PayFlow,RF_00000021,CUST_001184
REF_000022,ORD_000626,,2025-10-07T17:36:09,FULL,RETURNED_ORDER,513.21,INR,SUCCESS,,,CUST_004797
REF_000023,ORD_000715,PAY_000576,2025-09-12T08:28:48,FULL,RETURNED_ORDER,1661.44,INR,SUCCESS,PayFlow,RF_00000023,CUST_007400
REF_000024,ORD_000716,PAY_000577,2025-10-07T06:53:44,FULL,RETURNED_ORDER,2460.70,INR,SUCCESS,PayFlow,RF_00000024,CUST_007798
REF_000025,ORD_000738,PAY_000594,2025-09-19T02:21:50,FULL,RETURNED_ORDER,546.34,INR,SUCCESS,PayFlow,RF_00000025,CUST_007361
REF_000026,ORD_000776,PAY_000629,2025-09-28T20:32:21,PARTIAL,CUSTOMER_REQUEST,1128.22,INR,SUCCESS,PayFlow,RF_00000026,CUST_000705
REF_000027,ORD_000807,PAY_000651,2025-09-29T13:58:59,FULL,RETURNED_ORDER,350.99,INR,SUCCESS,PayFlow,RF_00000027,CUST_001334
REF_000028,ORD_000832,PAY_000675,2025-09-28T01:51:52,PARTIAL,CUSTOMER_REQUEST,790.48,INR,SUCCESS,PayFlow,RF_00000028,CUST_007114
REF_000029,ORD_000840,PAY_000682,2025-09-23T09:24:54,FULL,RETURNED_ORDER,967.48,INR,SUCCESS,PayFlow,RF_00000029,CUST_004497
REF_000030,ORD_000891,PAY_000724,2025-09-24T17:40:18,FULL,CUSTOMER_REQUEST,318.60,INR,SUCCESS,PayFlow,RF_00000030,CUST_005958
REF_000031,ORD_001018,PAY_000828,2025-09-26T04:09:02,FULL,RETURNED_ORDER,949.32,INR,SUCCESS,PayFlow,RF_00000031,CUST_006609
REF_000032,ORD_001037,PAY_000844,2025-10-03T16:07:03,FULL,RETURNED_ORDER,978.22,INR,SUCCESS,PayFlow,RF_00000032,CUST_003136
REF_000033,ORD_001051,PAY_000854,2025-10-08T06:14:59,FULL,RETURNED_ORDER,295.00,INR,SUCCESS,PayFlow,RF_00000033,CUST_007953
REF_000034,ORD_001124,PAY_000916,2025-10-09T17:51:34,FULL,RETURNED_ORDER,791.78,INR,SUCCESS,PayFlow,RF_00000034,CUST_008216
REF_000035,ORD_001125,PAY_000917,2025-09-21T10:36:05,FULL,RETURNED_ORDER,731.60,INR,SUCCESS,PayFlow,RF_00000035,CUST_004863
REF_000036,ORD_001147,PAY_000930,2025-09-19T01:34:50,FULL,CUSTOMER_REQUEST,1070.08,INR,SUCCESS,PayFlow,RF_00000036,CUST_006252
REF_000037,ORD_001212,PAY_000978,2025-09-23T12:37:08,FULL,RETURNED_ORDER,371.70,INR,SUCCESS,PayFlow,RF_00000037,CUST_007205
REF_000038,ORD_001242,PAY_001003,2025-10-01T23:22:10,FULL,RETURNED_ORDER,2316.16,INR,SUCCESS,PayFlow,RF_00000038,CUST_004444
REF_000039,ORD_001243,,2025-09-22T11:27:06,FULL,RETURNED_ORDER,557.90,INR,SUCCESS,,,CUST_006482
REF_000040,ORD_001321,,2025-09-29T23:02:16,FULL,RETURNED_ORDER,295.00,INR,SUCCESS,,,CUST_007368
REF_000041,ORD_001332,PAY_001073,2025-09-07T01:14:34,FULL,CUSTOMER_REQUEST,1224.49,INR,SUCCESS,PayFlow,RF_00000041,CUST_005867
REF_000042,ORD_001341,,2025-09-18T05:27:47,FULL,RETURNED_ORDER,577.02,INR,SUCCESS,,,CUST_004442
REF_000043,ORD_001418,,2025-09-26T21:57:12,FULL,RETURNED_ORDER,879.57,INR,SUCCESS,,,CUST_000082
REF_000044,ORD_001469,PAY_001188,2025-10-02T01:08:04,FULL,CUSTOMER_REQUEST,463.03,INR,SUCCESS,PayFlow,RF_00000044,CUST_007694
REF_000045,ORD_001491,PAY_001206,2025-10-08T04:30:44,FULL,RETURNED_ORDER,638.38,INR,SUCCESS,PayFlow,RF_00000045,CUST_000486
REF_000046,ORD_001513,PAY_001226,2025-09-12T17:21:32,FULL,CUSTOMER_REQUEST,5384.34,INR,SUCCESS,PayFlow,RF_00000046,CUST_001632
REF_000047,ORD_001521,PAY_001232,2025-09-28T11:13:13,FULL,RETURNED_ORDER,638.38,INR,SUCCESS,PayFlow,RF_00000047,CUST_004576
REF_000048,ORD_001522,PAY_001233,2025-09-23T00:43:34,PARTIAL,CUSTOMER_REQUEST,435.96,INR,SUCCESS,PayFlow,RF_00000048,CUST_003453
REF_000049,ORD_001537,PAY_001246,2025-09-27T05:39:28,FULL,RETURNED_ORDER,695.89,INR,SUCCESS,PayFlow,RF_00000049,CUST_002169
REF_000050,ORD_001661,PAY_001350,2025-09-11T23:24:49,FULL,RETURNED_ORDER,1967.06,INR,SUCCESS,PayFlow,RF_00000050,CUST_002463
REF_000051,ORD_001666,,2025-10-07T07:35:51,FULL,RETURNED_ORDER,2306.90,INR,SUCCESS,,,CUST_005229
REF_000052,ORD_001692,PAY_001376,2025-09-16T17:52:38,FULL,RETURNED_ORDER,1383.42,INR,SUCCESS,PayFlow,RF_00000052,CUST_000029
REF_000053,ORD_001780,PAY_001454,2025-09-11T22:12:40,PARTIAL,CUSTOMER_REQUEST,423.67,INR,SUCCESS,PayFlow,RF_00000053,CUST_007027
REF_000054,ORD_001800,PAY_001469,2025-09-17T02:54:47,PARTIAL,CUSTOMER_REQUEST,168.86,INR,SUCCESS,PayFlow,RF_00000054,CUST_003162
REF_000055,ORD_001822,PAY_001488,2025-10-01T04:28:10,FULL,RETURNED_ORDER,766.78,INR,SUCCESS,PayFlow,RF_00000055,CUST_006358
REF_000056,ORD_001828,,2025-10-03T10:49:17,FULL,RETURNED_ORDER,1340.48,INR,SUCCESS,,,CUST_005554
REF_000057,ORD_001831,PAY_001496,2025-09-23T06:33:32,FULL,RETURNED_ORDER,354.00,INR,SUCCESS,PayFlow,RF_00000057,CUST_004121
REF_000058,ORD_001847,PAY_001510,2025-10-03T04:55:15,FULL,RETURNED_ORDER,2146.28,INR,SUCCESS,PayFlow,RF_00000058,CUST_007007
REF_000059,ORD_001891,PAY_001548,2025-10-01T14:01:23,FULL,RETURNED_ORDER,6733.08,INR,SUCCESS,PayFlow,RF_00000059,CUST_007964
REF_000060,ORD_001916,PAY_001567,2025-09-18T09:46:29,FULL,RETURNED_ORDER,348.73,INR,SUCCESS,PayFlow,RF_00000060,CUST_007937
REF_000061,ORD_001932,,2025-10-08T09:52:38,FULL,RETURNED_ORDER,495.01,INR,SUCCESS,,,CUST_000108
REF_000062,ORD_002013,PAY_001649,2025-09-18T03:37:24,FULL,RETURNED_ORDER,4029.02,INR,SUCCESS,PayFlow,RF_00000062,CUST_006591
REF_000063,ORD_002020,,2025-09-12T18:49:07,FULL,RETURNED_ORDER,1499.45,INR,SUCCESS,,,CUST_004020
REF_000064,ORD_002037,PAY_001670,2025-09-22T02:53:29,FULL,RETURNED_ORDER,712.72,INR,SUCCESS,PayFlow,RF_00000064,CUST_003678
REF_000065,ORD_002048,PAY_001680,2025-09-24T11:25:10,FULL,RETURNED_ORDER,960.64,INR,SUCCESS,PayFlow,RF_00000065,CUST_002848
REF_000066,ORD_002062,,2025-09-12T01:07:00,FULL,RETURNED_ORDER,670.88,INR,SUCCESS,,,CUST_000852
REF_000067,ORD_002075,PAY_001701,2025-09-18T07:23:35,FULL,RETURNED_ORDER,339.19,INR,SUCCESS,PayFlow,RF_00000067,CUST_008013
REF_000068,ORD_002085,PAY_001709,2025-10-09T11:02:06,FULL,RETURNED_ORDER,778.58,INR,SUCCESS,PayFlow,RF_00000068,CUST_007310
REF_000069,ORD_002087,PAY_001710,2025-09-18T03:53:20,FULL,RETURNED_ORDER,701.50,INR,SUCCESS,PayFlow,RF_00000069,CUST_002674
REF_000070,ORD_002100,PAY_001718,2025-09-26T08:57:11,FULL,RETURNED_ORDER,1855.31,INR,SUCCESS,PayFlow,RF_00000070,CUST_007503
REF_000071,ORD_002162,PAY_001765,2025-09-25T14:06:23,FULL,RETURNED_ORDER,1225.25,INR,SUCCESS,PayFlow,RF_00000071,CUST_005667
REF_000072,ORD_002199,PAY_001795,2025-09-14T01:32:18,FULL,RETURNED_ORDER,735.93,INR,SUCCESS,PayFlow,RF_00000072,CUST_000444
REF_000073,ORD_002201,PAY_001797,2025-09-22T09:22:39,FULL,RETURNED_ORDER,2461.72,INR,SUCCESS,PayFlow,RF_00000073,CUST_002338
REF_000074,ORD_002278,PAY_001861,2025-09-13T15:08:30,FULL,RETURNED_ORDER,653.21,INR,SUCCESS,PayFlow,RF_00000074,CUST_004626
REF_000075,ORD_002302,PAY_001881,2025-09-25T22:55:24,FULL,CUSTOMER_REQUEST,396.48,INR,SUCCESS,PayFlow,RF_00000075,CUST_001852
REF_000076,ORD_002326,PAY_001902,2025-09-17T07:54:26,FULL,RETURNED_ORDER,728.56,INR,SUCCESS,PayFlow,RF_00000076,CUST_002157
REF_000077,ORD_002339,PAY_001912,2025-09-07T23:10:15,FULL,CUSTOMER_REQUEST,390.58,INR,SUCCESS,PayFlow,RF_00000077,CUST_004275
REF_000078,ORD_002363,PAY_001932,2025-09-22T10:50:54,FULL,RETURNED_ORDER,295.00,INR,SUCCESS,PayFlow,RF_00000078,CUST_005298
REF_000079,ORD_002377,PAY_001944,2025-09-22T11:58:18,FULL,RETURNED_ORDER,799.98,INR,SUCCESS,PayFlow,RF_00000079,CUST_006404
REF_000080,ORD_002387,PAY_001953,2025-09-16T23:15:20,FULL,CUSTOMER_REQUEST,3231.67,INR,SUCCESS,PayFlow,RF_00000080,CUST_002778
REF_000081,ORD_002496,PAY_002046,2025-09-05T15:23:42,FULL,CUSTOMER_REQUEST,1175.59,INR,SUCCESS,PayFlow,RF_00000081,CUST_000349
REF_000082,ORD_002519,PAY_002064,2025-09-27T22:39:44,FULL,CUSTOMER_REQUEST,1241.36,INR,SUCCESS,PayFlow,RF_00000082,CUST_001514
REF_000083,ORD_002599,PAY_002131,2025-09-14T10:34:26,FULL,RETURNED_ORDER,1122.18,INR,SUCCESS,PayFlow,RF_00000083,CUST_001787
REF_000084,ORD_002602,PAY_002134,2025-09-20T21:50:47,FULL,CUSTOMER_REQUEST,1236.64,INR,SUCCESS,PayFlow,RF_00000084,CUST_003071
REF_000085,ORD_002603,PAY_002135,2025-09-11T05:47:23,FULL,RETURNED_ORDER,580.09,INR,SUCCESS,PayFlow,RF_00000085,CUST_005041
REF_000086,ORD_002615,PAY_002144,2025-10-01T03:29:20,FULL,RETURNED_ORDER,1312.69,INR,SUCCESS,PayFlow,RF_00000086,CUST_008026
REF_000087,ORD_002681,PAY_002198,2025-09-10T22:33:45,FULL,CUSTOMER_REQUEST,752.71,INR,SUCCESS,PayFlow,RF_00000087,CUST_001817
REF_000088,ORD_002692,,2025-10-05T07:59:06,FULL,RETURNED_ORDER,579.74,INR,SUCCESS,,,CUST_006309
REF_000089,ORD_002695,PAY_002210,2025-09-30T21:27:07,PARTIAL,CUSTOMER_REQUEST,221.46,INR,SUCCESS,PayFlow,RF_00000089,CUST_001748
REF_000090,ORD_002699,PAY_002214,2025-09-15T18:02:22,FULL,CUSTOMER_REQUEST,750.36,INR,SUCCESS,PayFlow,RF_00000090,CUST_003717
REF_000091,ORD_002733,PAY_002241,2025-09-16T00:04:21,FULL,CUSTOMER_REQUEST,387.06,INR,SUCCESS,PayFlow,RF_00000091,CUST_001966
REF_000092,ORD_002754,PAY_002258,2025-09-25T15:01:20,FULL,RETURNED_ORDER,3256.51,INR,SUCCESS,PayFlow,RF_00000092,CUST_000142
REF_000093,ORD_002771,PAY_002274,2025-10-04T20:44:45,FULL,RETURNED_ORDER,1027.49,INR,SUCCESS,PayFlow,RF_00000093,CUST_004340
REF_000094,ORD_002812,PAY_002309,2025-09-02T22:29:39,FULL,CUSTOMER_REQUEST,1230.98,INR,SUCCESS,PayFlow,RF_00000094,CUST_000154
REF_000095,ORD_002871,PAY_002358,2025-09-27T19:45:04,FULL,RETURNED_ORDER,306.80,INR,SUCCESS,PayFlow,RF_00000095,CUST_002313
REF_000096,ORD_002891,PAY_002377,2025-10-06T09:11:56,FULL,RETURNED_ORDER,336.93,INR,SUCCESS,PayFlow,RF_00000096,CUST_007968
REF_000097,ORD_002932,PAY_002410,2025-10-02T21:07:54,PARTIAL,CUSTOMER_REQUEST,477.04,INR,SUCCESS,PayFlow,RF_00000097,CUST_004436
REF_000098,ORD_002980,PAY_002453,2025-09-07T11:58:18,FULL,RETURNED_ORDER,1214.64,INR,SUCCESS,PayFlow,RF_00000098,CUST_004120
REF_000099,ORD_003046,PAY_002507,2025-09-23T18:48:24,FULL,CUSTOMER_REQUEST,3085.11,INR,SUCCESS,PayFlow,RF_00000099,CUST_002635
REF_000100,ORD_003048,,2025-09-17T14:43:29,FULL,RETURNED_ORDER,803.58,INR,SUCCESS,,,CUST_005621
REF_000101,ORD_003049,PAY_002509,2025-09-14T09:53:21,FULL,RETURNED_ORDER,867.18,INR,SUCCESS,PayFlow,RF_00000101,CUST_006397
REF_000102,ORD_003054,PAY_002513,2025-09-18T10:23:19,FULL,RETURNED_ORDER,364.69,INR,SUCCESS,PayFlow,RF_00000102,CUST_000573
REF_000103,ORD_003078,,2025-09-20T09:52:57,FULL,RETURNED_ORDER,395.30,INR,SUCCESS,,,CUST_002605
REF_000104,ORD_003083,,2025-10-02T02:14:46,FULL,RETURNED_ORDER,1312.69,INR,SUCCESS,,,CUST_003262
REF_000105,ORD_003156,PAY_002592,2025-09-11T20:20:56,PARTIAL,CUSTOMER_REQUEST,168.12,INR,SUCCESS,PayFlow,RF_00000105,CUST_004733
REF_000106,ORD_003159,PAY_002595,2025-09-11T03:44:52,FULL,RETURNED_ORDER,379.61,INR,SUCCESS,PayFlow,RF_00000106,CUST_005623
REF_000107,ORD_003163,PAY_002599,2025-09-17T13:45:56,FULL,RETURNED_ORDER,701.90,INR,SUCCESS,PayFlow,RF_00000107,CUST_005175
REF_000108,ORD_003179,PAY_002609,2025-09-22T03:45:41,FULL,RETURNED_ORDER,1911.60,INR,SUCCESS,PayFlow,RF_00000108,CUST_004982
REF_000109,ORD_003193,,2025-10-11T07:41:39,FULL,RETURNED_ORDER,678.30,INR,SUCCESS,,,CUST_006753
REF_000110,ORD_003194,,2025-10-05T13:49:54,FULL,RETURNED_ORDER,1439.60,INR,SUCCESS,,,CUST_004562
REF_000111,ORD_003199,PAY_002625,2025-09-24T18:20:09,FULL,RETURNED_ORDER,427.22,INR,SUCCESS,PayFlow,RF_00000111,CUST_007729
REF_000112,ORD_003217,PAY_002639,2025-09-11T00:22:11,FULL,CUSTOMER_REQUEST,897.98,INR,SUCCESS,PayFlow,RF_00000112,CUST_001638
REF_000113,ORD_003223,PAY_002645,2025-09-05T19:32:37,FULL,CUSTOMER_REQUEST,799.98,INR,SUCCESS,PayFlow,RF_00000113,CUST_003635
REF_000114,ORD_003245,PAY_002665,2025-09-09T18:43:22,FULL,CUSTOMER_REQUEST,339.19,INR,SUCCESS,PayFlow,RF_00000114,CUST_000937
REF_000115,ORD_003247,PAY_002667,2025-09-11T23:14:14,FULL,RETURNED_ORDER,271.28,INR,SUCCESS,PayFlow,RF_00000115,CUST_006081
REF_000116,ORD_003294,PAY_002709,2025-09-13T16:34:36,FULL,RETURNED_ORDER,283.02,INR,SUCCESS,PayFlow,RF_00000116,CUST_008490
REF_000117,ORD_003307,PAY_002721,2025-09-17T02:32:50,FULL,CUSTOMER_REQUEST,347.98,INR,SUCCESS,PayFlow,RF_00000117,CUST_001187
REF_000118,ORD_003413,PAY_002807,2025-09-18T14:02:17,FULL,RETURNED_ORDER,321.33,INR,SUCCESS,PayFlow,RF_00000118,CUST_000675
REF_000119,ORD_003432,PAY_002823,2025-09-15T02:39:06,FULL,CUSTOMER_REQUEST,2400.12,INR,SUCCESS,PayFlow,RF_00000119,CUST_007036
REF_000120,ORD_003447,PAY_002837,2025-09-19T18:57:00,FULL,CUSTOMER_REQUEST,596.02,INR,SUCCESS,PayFlow,RF_00000120,CUST_007306
REF_000121,ORD_003454,PAY_002843,2025-09-12T23:45:41,FULL,CUSTOMER_REQUEST,1202.20,INR,SUCCESS,PayFlow,RF_00000121,CUST_008215
REF_000122,ORD_003482,PAY_002869,2025-09-13T15:51:15,FULL,RETURNED_ORDER,379.55,INR,SUCCESS,PayFlow,RF_00000122,CUST_005316
REF_000123,ORD_003538,PAY_002916,2025-09-12T01:40:28,FULL,CUSTOMER_REQUEST,2562.96,INR,SUCCESS,PayFlow,RF_00000123,CUST_006375
REF_000124,ORD_003541,PAY_002919,2025-09-27T05:28:33,FULL,RETURNED_ORDER,1066.78,INR,SUCCESS,PayFlow,RF_00000124,CUST_008204
REF_000125,ORD_003578,PAY_002951,2025-09-18T08:13:17,FULL,RETURNED_ORDER,852.43,INR,SUCCESS,PayFlow,RF_00000125,CUST_002582
REF_000126,ORD_003668,PAY_003027,2025-09-13T00:20:08,FULL,CUSTOMER_REQUEST,4269.89,INR,SUCCESS,PayFlow,RF_00000126,CUST_007155
REF_000127,ORD_003679,PAY_003037,2025-10-10T01:28:48,FULL,RETURNED_ORDER,1206.43,INR,SUCCESS,PayFlow,RF_00000127,CUST_006428
REF_000128,ORD_003728,PAY_003083,2025-09-29T04:07:13,FULL,RETURNED_ORDER,1360.54,INR,SUCCESS,PayFlow,RF_00000128,CUST_002845
REF_000129,ORD_003747,PAY_003101,2025-09-12T13:24:44,FULL,CUSTOMER_REQUEST,715.43,INR,SUCCESS,PayFlow,RF_00000129,CUST_007478
REF_000130,ORD_003755,PAY_003107,2025-09-26T23:50:30,FULL,RETURNED_ORDER,386.21,INR,SUCCESS,PayFlow,RF_00000130,CUST_005052
REF_000131,ORD_003791,PAY_003136,2025-10-02T11:10:42,FULL,RETURNED_ORDER,1030.32,INR,SUCCESS,PayFlow,RF_00000131,CUST_007217
REF_000132,ORD_003830,PAY_003166,2025-09-30T02:05:08,FULL,RETURNED_ORDER,1197.70,INR,SUCCESS,PayFlow,RF_00000132,CUST_004207
REF_000133,ORD_003833,PAY_003169,2025-09-15T06:18:21,FULL,RETURNED_ORDER,295.00,INR,SUCCESS,PayFlow,RF_00000133,CUST_006404
REF_000134,ORD_003845,PAY_003180,2025-09-22T05:44:24,FULL,RETURNED_ORDER,801.15,INR,SUCCESS,PayFlow,RF_00000134,CUST_004533
REF_000135,ORD_003992,PAY_003305,2025-09-21T13:32:44,FULL,RETURNED_ORDER,408.28,INR,SUCCESS,PayFlow,RF_00000135,CUST_000037
REF_000136,ORD_004021,PAY_003330,2025-09-27T23:51:45,FULL,CUSTOMER_REQUEST,306.80,INR,SUCCESS,PayFlow,RF_00000136,CUST_005471
REF_000137,ORD_004025,PAY_003333,2025-09-27T23:33:09,FULL,CUSTOMER_REQUEST,1599.86,INR,SUCCESS,PayFlow,RF_00000137,CUST_006814
REF_000138,ORD_004163,PAY_003441,2025-09-17T22:27:01,FULL,CUSTOMER_REQUEST,385.38,INR,SUCCESS,PayFlow,RF_00000138,CUST_001667
REF_000139,ORD_004179,PAY_003453,2025-10-06T10:04:50,FULL,RETURNED_ORDER,3142.46,INR,SUCCESS,PayFlow,RF_00000139,CUST_001852
REF_000140,ORD_004186,,2025-09-24T01:32:58,FULL,RETURNED_ORDER,609.12,INR,SUCCESS,,,CUST_004072
REF_000141,ORD_004239,PAY_003501,2025-10-06T11:18:30,FULL,RETURNED_ORDER,2039.93,INR,SUCCESS,PayFlow,RF_00000141,CUST_006253
REF_000142,ORD_004282,PAY_003537,2025-09-06T01:11:42,FULL,CUSTOMER_REQUEST,826.00,INR,SUCCESS,PayFlow,RF_00000142,CUST_005242
REF_000143,ORD_004288,PAY_003542,2025-10-07T13:00:04,FULL,RETURNED_ORDER,892.83,INR,SUCCESS,PayFlow,RF_00000143,CUST_005063
REF_000144,ORD_004320,PAY_003571,2025-10-02T14:52:06,FULL,RETURNED_ORDER,803.58,INR,SUCCESS,PayFlow,RF_00000144,CUST_005311
REF_000145,ORD_004360,,2025-09-10T02:17:31,FULL,RETURNED_ORDER,569.22,INR,SUCCESS,,,CUST_005885
REF_000146,ORD_004407,PAY_003642,2025-09-24T08:46:23,FULL,RETURNED_ORDER,486.87,INR,SUCCESS,PayFlow,RF_00000146,CUST_000291
REF_000147,ORD_004415,PAY_003650,2025-09-23T21:35:14,FULL,CUSTOMER_REQUEST,3411.20,INR,SUCCESS,PayFlow,RF_00000147,CUST_007725
REF_000148,ORD_004435,PAY_003669,2025-09-28T12:53:44,FULL,RETURNED_ORDER,766.01,INR,SUCCESS,PayFlow,RF_00000148,CUST_000099
REF_000149,ORD_004500,PAY_003725,2025-09-06T01:27:52,FULL,RETURNED_ORDER,2302.37,INR,SUCCESS,PayFlow,RF_00000149,CUST_007543
REF_000150,ORD_004514,,2025-09-30T04:11:44,FULL,RETURNED_ORDER,850.78,INR,SUCCESS,,,CUST_008499
REF_000151,ORD_004555,PAY_003768,2025-09-13T01:21:09,FULL,RETURNED_ORDER,283.67,INR,SUCCESS,PayFlow,RF_00000151,CUST_006294
REF_000152,ORD_004564,PAY_003774,2025-10-02T07:44:49,FULL,RETURNED_ORDER,354.00,INR,SUCCESS,PayFlow,RF_00000152,CUST_006898
REF_000153,ORD_004590,PAY_003793,2025-10-10T00:14:24,FULL,RETURNED_ORDER,1086.96,INR,SUCCESS,PayFlow,RF_00000153,CUST_006252
REF_000154,ORD_004596,PAY_003799,2025-09-07T02:59:23,FULL,CUSTOMER_REQUEST,1071.44,INR,SUCCESS,PayFlow,RF_00000154,CUST_000521
REF_000155,ORD_004661,PAY_003853,2025-09-16T04:04:52,PARTIAL,CUSTOMER_REQUEST,171.81,INR,SUCCESS,PayFlow,RF_00000155,CUST_004373
REF_000156,ORD_004662,PAY_003854,2025-10-11T01:37:49,FULL,RETURNED_ORDER,520.86,INR,SUCCESS,PayFlow,RF_00000156,CUST_000894
REF_000157,ORD_004690,PAY_003878,2025-10-02T08:39:38,FULL,RETURNED_ORDER,600.62,INR,SUCCESS,PayFlow,RF_00000157,CUST_007439
REF_000158,ORD_004696,PAY_003884,2025-09-24T22:27:58,FULL,CUSTOMER_REQUEST,2389.50,INR,SUCCESS,PayFlow,RF_00000158,CUST_006203
REF_000159,ORD_004728,,2025-10-02T09:15:44,FULL,RETURNED_ORDER,752.17,INR,SUCCESS,,,CUST_000835
REF_000160,ORD_004739,PAY_003917,2025-09-17T15:31:21,FULL,RETURNED_ORDER,1106.84,INR,SUCCESS,PayFlow,RF_00000160,CUST_001829
REF_000161,ORD_004775,PAY_003945,2025-09-28T07:48:57,FULL,RETURNED_ORDER,1083.00,INR,SUCCESS,PayFlow,RF_00000161,CUST_006801
REF_000162,ORD_004778,PAY_003948,2025-10-01T02:01:09,FULL,CUSTOMER_REQUEST,1098.58,INR,SUCCESS,PayFlow,RF_00000162,CUST_005154
REF_000163,ORD_004821,,2025-09-28T13:01:55,FULL,RETURNED_ORDER,306.74,INR,SUCCESS,,,CUST_004634
REF_000164,ORD_004834,PAY_003992,2025-09-16T04:44:31,FULL,CUSTOMER_REQUEST,3906.98,INR,SUCCESS,PayFlow,RF_00000164,CUST_004394
REF_000165,ORD_004885,PAY_004038,2025-10-06T06:43:51,FULL,RETURNED_ORDER,380.90,INR,SUCCESS,PayFlow,RF_00000165,CUST_002960
REF_000166,ORD_004972,PAY_004113,2025-10-10T16:10:23,FULL,RETURNED_ORDER,271.28,INR,SUCCESS,PayFlow,RF_00000166,CUST_000349
REF_000167,ORD_005021,PAY_004156,2025-09-28T04:12:15,FULL,RETURNED_ORDER,803.58,INR,SUCCESS,PayFlow,RF_00000167,CUST_001140
REF_000168,ORD_005023,PAY_004158,2025-10-02T10:18:52,FULL,RETURNED_ORDER,679.33,INR,SUCCESS,PayFlow,RF_00000168,CUST_000437
REF_000169,ORD_005059,PAY_004187,2025-09-04T17:37:44,FULL,CUSTOMER_REQUEST,921.58,INR,SUCCESS,PayFlow,RF_00000169,CUST_004620
REF_000170,ORD_005084,PAY_004208,2025-09-12T08:42:15,FULL,RETURNED_ORDER,702.10,INR,SUCCESS,PayFlow,RF_00000170,CUST_006710
REF_000171,ORD_005106,,2025-09-15T13:11:47,FULL,RETURNED_ORDER,638.38,INR,SUCCESS,,,CUST_002030
REF_000172,ORD_005141,PAY_004252,2025-09-25T01:27:58,PARTIAL,CUSTOMER_REQUEST,242.42,INR,SUCCESS,PayFlow,RF_00000172,CUST_000369
REF_000173,ORD_005198,PAY_004295,2025-09-25T00:37:01,FULL,RETURNED_ORDER,3237.92,INR,SUCCESS,PayFlow,RF_00000173,CUST_001377
REF_000174,ORD_005205,,2025-09-25T14:29:28,FULL,RETURNED_ORDER,2113.38,INR,SUCCESS,,,CUST_002957
REF_000175,ORD_005213,PAY_004306,2025-09-27T14:46:18,FULL,RETURNED_ORDER,2187.07,INR,SUCCESS,PayFlow,RF_00000175,CUST_006178
REF_000176,ORD_005267,PAY_004350,2025-09-25T13:04:21,FULL,RETURNED_ORDER,1503.26,INR,SUCCESS,PayFlow,RF_00000176,CUST_004764
REF_000177,ORD_005272,,2025-09-13T07:31:39,FULL,RETURNED_ORDER,800.51,INR,SUCCESS,,,CUST_000956
REF_000178,ORD_005289,PAY_004367,2025-10-09T01:53:51,FULL,RETURNED_ORDER,623.39,INR,SUCCESS,PayFlow,RF_00000178,CUST_004034
REF_000179,ORD_005301,PAY_004375,2025-09-27T15:10:59,FULL,RETURNED_ORDER,790.38,INR,SUCCESS,PayFlow,RF_00000179,CUST_004657
REF_000180,ORD_005326,PAY_004395,2025-10-07T08:07:59,FULL,RETURNED_ORDER,1447.86,INR,SUCCESS,PayFlow,RF_00000180,CUST_002431
REF_000181,ORD_005335,,2025-09-27T16:43:29,FULL,RETURNED_ORDER,295.00,INR,SUCCESS,,,CUST_007664
REF_000182,ORD_005360,,2025-10-11T08:04:35,FULL,RETURNED_ORDER,379.61,INR,SUCCESS,,,CUST_005089
REF_000183,ORD_005365,PAY_004427,2025-09-22T07:40:18,FULL,RETURNED_ORDER,1707.46,INR,SUCCESS,PayFlow,RF_00000183,CUST_006838
REF_000184,ORD_005394,PAY_004453,2025-09-09T02:11:31,FULL,RETURNED_ORDER,1306.26,INR,SUCCESS,PayFlow,RF_00000184,CUST_005333
REF_000185,ORD_005427,PAY_004479,2025-10-08T12:39:06,FULL,RETURNED_ORDER,2334.04,INR,SUCCESS,PayFlow,RF_00000185,CUST_003089
REF_000186,ORD_005436,PAY_004486,2025-10-03T04:17:26,FULL,RETURNED_ORDER,598.63,INR,SUCCESS,PayFlow,RF_00000186,CUST_002184
REF_000187,ORD_005463,PAY_004510,2025-09-26T01:16:32,FULL,CUSTOMER_REQUEST,732.14,INR,SUCCESS,PayFlow,RF_00000187,CUST_004667
REF_000188,ORD_005471,PAY_004515,2025-09-09T21:25:37,PARTIAL,CUSTOMER_REQUEST,234.98,INR,SUCCESS,PayFlow,RF_00000188,CUST_001479
REF_000189,ORD_005477,PAY_004520,2025-09-08T06:22:01,FULL,CUSTOMER_REQUEST,354.13,INR,SUCCESS,PayFlow,RF_00000189,CUST_007514
REF_000190,ORD_005481,PAY_004522,2025-09-11T19:35:49,FULL,CUSTOMER_REQUEST,796.56,INR,SUCCESS,PayFlow,RF_00000190,CUST_002061
REF_000191,ORD_005561,PAY_004590,2025-10-11T04:46:01,FULL,RETURNED_ORDER,336.42,INR,SUCCESS,PayFlow,RF_00000191,CUST_004503
REF_000192,ORD_005593,PAY_004618,2025-09-19T23:23:11,PARTIAL,CUSTOMER_REQUEST,126.56,INR,SUCCESS,PayFlow,RF_00000192,CUST_004108
REF_000193,ORD_005598,,2025-10-05T08:19:31,FULL,RETURNED_ORDER,1021.94,INR,SUCCESS,,,CUST_005775
REF_000194,ORD_005653,,2025-10-01T00:29:54,FULL,RETURNED_ORDER,294.94,INR,SUCCESS,,,CUST_003875
REF_000195,ORD_005657,PAY_004669,2025-09-17T22:47:23,PARTIAL,CUSTOMER_REQUEST,64.43,INR,SUCCESS,PayFlow,RF_00000195,CUST_000166
REF_000196,ORD_005683,PAY_004691,2025-09-13T20:31:38,FULL,RETURNED_ORDER,318.60,INR,SUCCESS,PayFlow,RF_00000196,CUST_001488
REF_000197,ORD_005731,,2025-10-05T09:39:52,FULL,RETURNED_ORDER,1332.99,INR,SUCCESS,,,CUST_004729
REF_000198,ORD_005798,PAY_004784,2025-09-23T05:36:59,FULL,RETURNED_ORDER,720.86,INR,SUCCESS,PayFlow,RF_00000198,CUST_004806
REF_000199,ORD_005804,,2025-10-06T09:23:29,FULL,RETURNED_ORDER,762.28,INR,SUCCESS,,,CUST_008435
REF_000200,ORD_005834,,2025-09-17T11:26:21,FULL,RETURNED_ORDER,371.70,INR,SUCCESS,,,CUST_004337
REF_000201,ORD_005836,PAY_004811,2025-09-24T12:56:30,FULL,CUSTOMER_REQUEST,522.50,INR,SUCCESS,PayFlow,RF_00000201,CUST_004969
REF_000202,ORD_005883,PAY_004846,2025-09-22T12:55:57,FULL,RETURNED_ORDER,4079.26,INR,SUCCESS,PayFlow,RF_00000202,CUST_004882
REF_000203,ORD_005904,PAY_004863,2025-10-08T13:38:25,FULL,RETURNED_ORDER,294.94,INR,SUCCESS,PayFlow,RF_00000203,CUST_000567
REF_000204,ORD_005907,PAY_004866,2025-09-15T15:33:46,FULL,RETURNED_ORDER,518.61,INR,SUCCESS,PayFlow,RF_00000204,CUST_004921
REF_000205,ORD_005926,,2025-09-17T22:23:52,FULL,RETURNED_ORDER,1430.40,INR,SUCCESS,,,CUST_002190
REF_000206,ORD_005952,PAY_004906,2025-09-20T15:15:48,FULL,RETURNED_ORDER,732.14,INR,SUCCESS,PayFlow,RF_00000206,CUST_005820
REF_000207,ORD_005953,PAY_004907,2025-09-17T14:43:18,FULL,RETURNED_ORDER,938.10,INR,SUCCESS,PayFlow,RF_00000207,CUST_006805
REF_000208,ORD_005957,,2025-09-16T23:22:52,FULL,RETURNED_ORDER,914.50,INR,SUCCESS,,,CUST_005753
REF_000209,ORD_006089,PAY_005013,2025-09-08T00:55:39,FULL,CUSTOMER_REQUEST,715.62,INR,SUCCESS,PayFlow,RF_00000209,CUST_008211
REF_000210,ORD_006093,PAY_005017,2025-09-20T17:06:12,FULL,RETURNED_ORDER,295.00,INR,SUCCESS,PayFlow,RF_00000210,CUST_006703
REF_000211,ORD_006127,PAY_005045,2025-09-12T14:57:45,FULL,RETURNED_ORDER,2905.63,INR,SUCCESS,PayFlow,RF_00000211,CUST_000308
REF_000212,ORD_006166,PAY_005077,2025-09-19T21:14:12,FULL,RETURNED_ORDER,383.50,INR,SUCCESS,PayFlow,RF_00000212,CUST_001899
REF_000213,ORD_006205,PAY_005110,2025-09-20T13:40:22,FULL,RETURNED_ORDER,2272.27,INR,SUCCESS,PayFlow,RF_00000213,CUST_003348
REF_000214,ORD_006209,PAY_005112,2025-09-17T04:37:58,FULL,RETURNED_ORDER,2526.38,INR,SUCCESS,PayFlow,RF_00000214,CUST_007163
REF_000215,ORD_006211,PAY_005114,2025-09-16T01:36:15,FULL,CUSTOMER_REQUEST,3448.20,INR,SUCCESS,PayFlow,RF_00000215,CUST_002715
REF_000216,ORD_006291,PAY_005179,2025-09-26T02:09:46,FULL,CUSTOMER_REQUEST,1225.25,INR,SUCCESS,PayFlow,RF_00000216,CUST_007489
REF_000217,ORD_006302,PAY_005188,2025-09-29T00:03:24,FULL,CUSTOMER_REQUEST,350.99,INR,SUCCESS,PayFlow,RF_00000217,CUST_006990
REF_000218,ORD_006311,,2025-10-02T03:43:28,FULL,RETURNED_ORDER,728.24,INR,SUCCESS,,,CUST_006111
REF_000219,ORD_006384,PAY_005256,2025-09-09T12:16:16,FULL,RETURNED_ORDER,306.80,INR,SUCCESS,PayFlow,RF_00000219,CUST_007208
REF_000220,ORD_006401,PAY_005269,2025-09-16T07:45:31,PARTIAL,CUSTOMER_REQUEST,551.85,INR,SUCCESS,PayFlow,RF_00000220,CUST_003935
REF_000221,ORD_006433,,2025-09-28T19:30:32,FULL,RETURNED_ORDER,395.30,INR,SUCCESS,,,CUST_006728
REF_000222,ORD_006497,PAY_005346,2025-09-22T11:47:45,FULL,RETURNED_ORDER,354.00,INR,SUCCESS,PayFlow,RF_00000222,CUST_000606
REF_000223,ORD_006527,PAY_005371,2025-09-20T07:48:47,FULL,RETURNED_ORDER,826.00,INR,SUCCESS,PayFlow,RF_00000223,CUST_007741
REF_000224,ORD_006547,PAY_005390,2025-09-26T06:34:47,FULL,RETURNED_ORDER,2180.12,INR,SUCCESS,PayFlow,RF_00000224,CUST_006780
REF_000225,ORD_006567,PAY_005407,2025-09-09T17:44:51,FULL,CUSTOMER_REQUEST,1489.81,INR,SUCCESS,PayFlow,RF_00000225,CUST_003302
REF_000226,ORD_006590,PAY_005425,2025-09-10T21:23:14,PARTIAL,CUSTOMER_REQUEST,508.54,INR,SUCCESS,PayFlow,RF_00000226,CUST_000661
REF_000227,ORD_006630,PAY_005458,2025-09-23T00:54:13,FULL,CUSTOMER_REQUEST,723.75,INR,SUCCESS,PayFlow,RF_00000227,CUST_003786
REF_000228,ORD_006633,PAY_005461,2025-09-24T06:34:04,FULL,RETURNED_ORDER,680.86,INR,SUCCESS,PayFlow,RF_00000228,CUST_002727
REF_000229,ORD_006656,,2025-09-18T06:29:17,FULL,RETURNED_ORDER,339.19,INR,SUCCESS,,,CUST_006720
REF_000230,ORD_006708,PAY_005519,2025-10-03T11:30:48,FULL,RETURNED_ORDER,939.46,INR,SUCCESS,PayFlow,RF_00000230,CUST_005291
REF_000231,ORD_006735,PAY_005542,2025-09-25T00:10:54,FULL,CUSTOMER_REQUEST,527.52,INR,SUCCESS,PayFlow,RF_00000231,CUST_006103
REF_000232,ORD_006766,PAY_005569,2025-09-14T06:36:00,FULL,RETURNED_ORDER,997.10,INR,SUCCESS,PayFlow,RF_00000232,CUST_005613
REF_000233,ORD_006780,PAY_005580,2025-10-02T02:39:23,PARTIAL,CUSTOMER_REQUEST,201.99,INR,SUCCESS,PayFlow,RF_00000233,CUST_008435
REF_000234,ORD_006814,PAY_005609,2025-09-16T23:01:33,FULL,CUSTOMER_REQUEST,1193.87,INR,SUCCESS,PayFlow,RF_00000234,CUST_001118
REF_000235,ORD_006842,PAY_005634,2025-09-23T13:15:19,FULL,RETURNED_ORDER,271.28,INR,SUCCESS,PayFlow,RF_00000235,CUST_000883
REF_000236,ORD_006881,PAY_005668,2025-09-23T13:03:13,FULL,RETURNED_ORDER,1440.24,INR,SUCCESS,PayFlow,RF_00000236,CUST_006465
REF_000237,ORD_006882,PAY_005669,2025-09-28T11:36:36,FULL,RETURNED_ORDER,1360.54,INR,SUCCESS,PayFlow,RF_00000237,CUST_002076
REF_000238,ORD_006908,PAY_005689,2025-09-27T04:11:54,FULL,CUSTOMER_REQUEST,1906.88,INR,SUCCESS,PayFlow,RF_00000238,CUST_007158
REF_000239,ORD_006932,PAY_005710,2025-09-16T12:02:14,FULL,RETURNED_ORDER,708.00,INR,SUCCESS,PayFlow,RF_00000239,CUST_002711
REF_000240,ORD_006940,PAY_005718,2025-10-09T01:26:40,FULL,RETURNED_ORDER,1680.32,INR,SUCCESS,PayFlow,RF_00000240,CUST_000399
REF_000241,ORD_006945,,2025-09-20T04:21:47,FULL,RETURNED_ORDER,2216.10,INR,SUCCESS,,,CUST_004614
REF_000242,ORD_006960,PAY_005735,2025-09-26T12:48:45,FULL,RETURNED_ORDER,337.99,INR,SUCCESS,PayFlow,RF_00000242,CUST_000285
REF_000243,ORD_006993,PAY_005762,2025-09-30T00:09:00,FULL,RETURNED_ORDER,859.04,INR,SUCCESS,PayFlow,RF_00000243,CUST_008054
REF_000244,ORD_007035,PAY_005798,2025-09-23T20:03:23,FULL,CUSTOMER_REQUEST,434.24,INR,SUCCESS,PayFlow,RF_00000244,CUST_000688
REF_000245,ORD_007039,PAY_005800,2025-10-01T20:02:23,FULL,CUSTOMER_REQUEST,306.80,INR,SUCCESS,PayFlow,RF_00000245,CUST_008109
REF_000246,ORD_007065,PAY_005822,2025-09-19T03:59:46,FULL,CUSTOMER_REQUEST,690.30,INR,SUCCESS,PayFlow,RF_00000246,CUST_001092
REF_000247,ORD_007090,PAY_005844,2025-09-24T03:05:52,FULL,RETURNED_ORDER,1538.72,INR,SUCCESS,PayFlow,RF_00000247,CUST_007873
REF_000248,ORD_007109,,2025-10-03T05:07:38,FULL,RETURNED_ORDER,306.80,INR,SUCCESS,,,CUST_000386
REF_000249,ORD_007115,PAY_005864,2025-09-22T05:49:07,FULL,RETURNED_ORDER,788.66,INR,SUCCESS,PayFlow,RF_00000249,CUST_003598
REF_000250,ORD_007155,PAY_005899,2025-10-03T07:01:04,FULL,RETURNED_ORDER,334.87,INR,SUCCESS,PayFlow,RF_00000250,CUST_007281
REF_000251,ORD_007176,PAY_005917,2025-09-09T19:11:53,FULL,CUSTOMER_REQUEST,731.60,INR,SUCCESS,PayFlow,RF_00000251,CUST_001721
REF_000252,ORD_007189,PAY_005927,2025-10-07T08:01:48,FULL,RETURNED_ORDER,3349.92,INR,SUCCESS,PayFlow,RF_00000252,CUST_001748
REF_000253,ORD_007194,PAY_005930,2025-10-03T21:51:10,FULL,CUSTOMER_REQUEST,3569.26,INR,SUCCESS,PayFlow,RF_00000253,CUST_001741
REF_000254,ORD_007199,PAY_005935,2025-09-24T12:02:33,FULL,RETURNED_ORDER,295.00,INR,SUCCESS,PayFlow,RF_00000254,CUST_001564
REF_000255,ORD_007254,PAY_005984,2025-09-26T03:49:12,FULL,RETURNED_ORDER,2722.26,INR,SUCCESS,PayFlow,RF_00000255,CUST_001520
REF_000256,ORD_007271,PAY_005997,2025-10-03T16:03:26,FULL,RETURNED_ORDER,1208.44,INR,SUCCESS,PayFlow,RF_00000256,CUST_000097
REF_000257,ORD_007283,PAY_006005,2025-09-16T10:26:18,FULL,RETURNED_ORDER,1142.40,INR,SUCCESS,PayFlow,RF_00000257,CUST_004675
REF_000258,ORD_007314,PAY_006033,2025-10-14T23:48:47,FULL,RETURNED_ORDER,848.18,INR,SUCCESS,PayFlow,RF_00000258,CUST_003254
REF_000259,ORD_007349,PAY_006057,2025-09-24T14:01:27,FULL,RETURNED_ORDER,390.58,INR,SUCCESS,PayFlow,RF_00000259,CUST_003555
REF_000260,ORD_007388,PAY_006090,2025-09-13T01:59:23,PARTIAL,CUSTOMER_REQUEST,857.40,INR,SUCCESS,PayFlow,RF_00000260,CUST_005280
REF_000261,ORD_007415,PAY_006115,2025-10-06T16:12:40,FULL,RETURNED_ORDER,283.14,INR,SUCCESS,PayFlow,RF_00000261,CUST_008164
REF_000262,ORD_007498,PAY_006180,2025-09-22T00:16:40,FULL,CUSTOMER_REQUEST,522.50,INR,SUCCESS,PayFlow,RF_00000262,CUST_000809
REF_000263,ORD_007548,PAY_006225,2025-09-24T22:16:06,FULL,RETURNED_ORDER,347.98,INR,SUCCESS,PayFlow,RF_00000263,CUST_001141
REF_000264,ORD_007564,PAY_006238,2025-09-09T02:16:29,FULL,CUSTOMER_REQUEST,2073.85,INR,SUCCESS,PayFlow,RF_00000264,CUST_001477
REF_000265,ORD_007604,PAY_006273,2025-09-25T13:26:26,FULL,RETURNED_ORDER,978.22,INR,SUCCESS,PayFlow,RF_00000265,CUST_002886
REF_000266,ORD_007609,PAY_006277,2025-09-23T10:52:06,FULL,RETURNED_ORDER,3237.92,INR,SUCCESS,PayFlow,RF_00000266,CUST_006468
REF_000267,ORD_007655,PAY_006316,2025-09-26T10:30:41,FULL,CUSTOMER_REQUEST,734.48,INR,SUCCESS,PayFlow,RF_00000267,CUST_000955
REF_000268,ORD_007697,PAY_006353,2025-10-10T00:26:23,FULL,RETURNED_ORDER,408.28,INR,SUCCESS,PayFlow,RF_00000268,CUST_003268
REF_000269,ORD_007807,PAY_006450,2025-09-18T08:06:33,FULL,RETURNED_ORDER,1068.96,INR,SUCCESS,PayFlow,RF_00000269,CUST_000601
REF_000270,ORD_007821,PAY_006462,2025-09-18T00:08:59,FULL,RETURNED_ORDER,518.02,INR,SUCCESS,PayFlow,RF_00000270,CUST_005495
REF_000271,ORD_007902,PAY_006527,2025-09-10T10:30:09,FULL,RETURNED_ORDER,306.74,INR,SUCCESS,PayFlow,RF_00000271,CUST_002963
REF_000272,ORD_007986,PAY_006593,2025-09-12T08:01:46,FULL,RETURNED_ORDER,745.76,INR,SUCCESS,PayFlow,RF_00000272,CUST_008276
REF_000273,ORD_008032,,2025-09-20T08:55:46,FULL,RETURNED_ORDER,2231.38,INR,SUCCESS,,,CUST_005531
REF_000274,ORD_008052,PAY_006647,2025-09-28T22:29:31,FULL,RETURNED_ORDER,1948.30,INR,SUCCESS,PayFlow,RF_00000274,CUST_003011
REF_000275,ORD_008171,PAY_006743,2025-10-10T17:31:46,FULL,RETURNED_ORDER,306.80,INR,SUCCESS,PayFlow,RF_00000275,CUST_001989
REF_000276,ORD_008172,PAY_006744,2025-09-23T09:48:41,FULL,RETURNED_ORDER,638.21,INR,SUCCESS,PayFlow,RF_00000276,CUST_002998
REF_000277,ORD_008215,PAY_006780,2025-09-23T22:04:24,FULL,CUSTOMER_REQUEST,294.88,INR,SUCCESS,PayFlow,RF_00000277,CUST_005914
REF_000278,ORD_008328,PAY_006877,2025-09-24T21:46:43,FULL,RETURNED_ORDER,1189.44,INR,SUCCESS,PayFlow,RF_00000278,CUST_003559
REF_000279,ORD_008339,PAY_006887,2025-10-05T10:02:18,FULL,RETURNED_ORDER,4243.75,INR,SUCCESS,PayFlow,RF_00000279,CUST_006221
REF_000280,ORD_008343,PAY_006890,2025-09-10T00:46:14,FULL,CUSTOMER_REQUEST,848.02,INR,SUCCESS,PayFlow,RF_00000280,CUST_005085
REF_000281,ORD_008428,PAY_006959,2025-09-22T06:03:14,FULL,RETURNED_ORDER,383.50,INR,SUCCESS,PayFlow,RF_00000281,CUST_003244
REF_000282,ORD_008452,PAY_006978,2025-10-12T08:46:35,FULL,RETURNED_ORDER,2422.48,INR,SUCCESS,PayFlow,RF_00000282,CUST_001600
REF_000283,ORD_008454,PAY_006979,2025-09-23T08:58:38,FULL,RETURNED_ORDER,2406.02,INR,SUCCESS,PayFlow,RF_00000283,CUST_000282
REF_000284,ORD_008468,PAY_006990,2025-09-05T20:10:26,FULL,CUSTOMER_REQUEST,671.07,INR,SUCCESS,PayFlow,RF_00000284,CUST_003214
REF_000285,ORD_008490,PAY_007005,2025-09-23T02:55:32,FULL,CUSTOMER_REQUEST,402.38,INR,SUCCESS,PayFlow,RF_00000285,CUST_001724
REF_000286,ORD_008493,PAY_007007,2025-09-21T02:09:27,FULL,CUSTOMER_REQUEST,383.50,INR,SUCCESS,PayFlow,RF_00000286,CUST_001436
REF_000287,ORD_008526,PAY_007033,2025-09-18T18:53:46,FULL,CUSTOMER_REQUEST,702.10,INR,SUCCESS,PayFlow,RF_00000287,CUST_007509
REF_000288,ORD_008600,PAY_007093,2025-10-05T11:41:09,FULL,RETURNED_ORDER,377.60,INR,SUCCESS,PayFlow,RF_00000288,CUST_001956
REF_000289,ORD_008682,PAY_007160,2025-09-10T12:23:02,FULL,RETURNED_ORDER,738.56,INR,SUCCESS,PayFlow,RF_00000289,CUST_002170
REF_000290,ORD_008707,PAY_007183,2025-09-26T01:24:00,FULL,CUSTOMER_REQUEST,584.22,INR,SUCCESS,PayFlow,RF_00000290,CUST_000235
REF_000291,ORD_008711,PAY_007185,2025-10-09T18:50:36,FULL,RETURNED_ORDER,1495.30,INR,SUCCESS,PayFlow,RF_00000291,CUST_005572
REF_000292,ORD_008735,PAY_007208,2025-10-01T14:29:56,FULL,RETURNED_ORDER,4083.80,INR,SUCCESS,PayFlow,RF_00000292,CUST_006604
REF_000293,ORD_008738,,2025-09-19T03:28:04,FULL,RETURNED_ORDER,690.30,INR,SUCCESS,,,CUST_003993
REF_000294,ORD_008767,PAY_007234,2025-09-26T06:02:54,FULL,RETURNED_ORDER,954.62,INR,SUCCESS,PayFlow,RF_00000294,CUST_004261
REF_000295,ORD_008836,PAY_007292,2025-09-27T04:37:12,FULL,RETURNED_ORDER,645.61,INR,SUCCESS,PayFlow,RF_00000295,CUST_000130
REF_000296,ORD_008904,PAY_007353,2025-09-30T12:07:44,FULL,RETURNED_ORDER,919.44,INR,SUCCESS,PayFlow,RF_00000296,CUST_002001
REF_000297,ORD_008965,PAY_007401,2025-09-27T08:25:45,FULL,RETURNED_ORDER,603.34,INR,SUCCESS,PayFlow,RF_00000297,CUST_002457
REF_000298,ORD_009022,PAY_007451,2025-09-13T01:25:03,PARTIAL,CUSTOMER_REQUEST,1044.67,INR,SUCCESS,PayFlow,RF_00000298,CUST_001101
REF_000299,ORD_009030,PAY_007457,2025-09-28T05:32:10,FULL,CUSTOMER_REQUEST,664.34,INR,SUCCESS,PayFlow,RF_00000299,CUST_004480
REF_000300,ORD_009070,PAY_007488,2025-09-16T23:01:31,PARTIAL,CUSTOMER_REQUEST,75.66,INR,SUCCESS,PayFlow,RF_00000300,CUST_003668
REF_000301,ORD_009074,PAY_007491,2025-09-06T16:41:26,FULL,CUSTOMER_REQUEST,579.38,INR,SUCCESS,PayFlow,RF_00000301,CUST_002657
REF_000302,ORD_009079,PAY_007495,2025-10-03T06:09:23,FULL,RETURNED_ORDER,680.86,INR,SUCCESS,PayFlow,RF_00000302,CUST_004322
REF_000303,ORD_009089,PAY_007503,2025-10-03T15:14:17,FULL,RETURNED_ORDER,1913.96,INR,SUCCESS,PayFlow,RF_00000303,CUST_007806
REF_000304,ORD_009109,PAY_007517,2025-09-29T02:30:18,PARTIAL,CUSTOMER_REQUEST,810.14,INR,SUCCESS,PayFlow,RF_00000304,CUST_004306
REF_000305,ORD_009183,PAY_007583,2025-09-24T14:22:36,FULL,CUSTOMER_REQUEST,420.08,INR,SUCCESS,PayFlow,RF_00000305,CUST_007299
REF_000306,ORD_009208,,2025-10-09T00:37:15,FULL,RETURNED_ORDER,554.48,INR,SUCCESS,,,CUST_002505
REF_000307,ORD_009246,PAY_007633,2025-09-21T03:21:40,FULL,CUSTOMER_REQUEST,294.88,INR,SUCCESS,PayFlow,RF_00000307,CUST_001774
REF_000308,ORD_009290,PAY_007674,2025-09-08T00:28:19,FULL,CUSTOMER_REQUEST,294.94,INR,SUCCESS,PayFlow,RF_00000308,CUST_002987
REF_000309,ORD_009329,PAY_007704,2025-09-11T21:36:47,FULL,CUSTOMER_REQUEST,708.54,INR,SUCCESS,PayFlow,RF_00000309,CUST_002601
REF_000310,ORD_009371,PAY_007738,2025-09-14T16:40:43,FULL,RETURNED_ORDER,318.60,INR,SUCCESS,PayFlow,RF_00000310,CUST_007522
REF_000311,ORD_009374,PAY_007741,2025-09-29T11:23:45,FULL,RETURNED_ORDER,675.27,INR,SUCCESS,PayFlow,RF_00000311,CUST_006228
REF_000312,ORD_009429,PAY_007783,2025-09-26T03:18:59,FULL,RETURNED_ORDER,395.30,INR,SUCCESS,PayFlow,RF_00000312,CUST_005840
REF_000313,ORD_009486,PAY_007835,2025-10-10T11:51:30,FULL,RETURNED_ORDER,1164.31,INR,SUCCESS,PayFlow,RF_00000313,CUST_004848
REF_000314,ORD_009502,PAY_007847,2025-09-14T00:29:56,PARTIAL,CUSTOMER_REQUEST,413.00,INR,SUCCESS,PayFlow,RF_00000314,CUST_004609
REF_000315,ORD_009507,PAY_007852,2025-09-28T07:09:24,FULL,RETURNED_ORDER,874.68,INR,SUCCESS,PayFlow,RF_00000315,CUST_003597
REF_000316,ORD_009542,PAY_007884,2025-10-02T22:04:37,FULL,CUSTOMER_REQUEST,383.50,INR,SUCCESS,PayFlow,RF_00000316,CUST_002787
REF_000317,ORD_009543,PAY_007885,2025-10-03T11:45:12,FULL,RETURNED_ORDER,395.30,INR,SUCCESS,PayFlow,RF_00000317,CUST_004205
REF_000318,ORD_009602,PAY_007935,2025-10-08T12:34:39,FULL,RETURNED_ORDER,2106.72,INR,SUCCESS,PayFlow,RF_00000318,CUST_006321
REF_000319,ORD_009625,PAY_007955,2025-09-15T04:24:51,FULL,RETURNED_ORDER,932.20,INR,SUCCESS,PayFlow,RF_00000319,CUST_005930
REF_000320,ORD_009629,PAY_007958,2025-09-16T17:43:34,FULL,CUSTOMER_REQUEST,295.00,INR,SUCCESS,PayFlow,RF_00000320,CUST_001451
REF_000321,ORD_009647,PAY_007973,2025-09-19T12:20:55,FULL,RETURNED_ORDER,606.52,INR,SUCCESS,PayFlow,RF_00000321,CUST_008500
REF_000322,ORD_009699,PAY_008014,2025-09-21T03:39:55,FULL,CUSTOMER_REQUEST,391.35,INR,SUCCESS,PayFlow,RF_00000322,CUST_006736
REF_000323,ORD_009744,PAY_008051,2025-10-02T19:01:35,FULL,CUSTOMER_REQUEST,594.72,INR,SUCCESS,PayFlow,RF_00000323,CUST_000727
REF_000324,ORD_009751,PAY_008056,2025-10-08T01:15:29,FULL,RETURNED_ORDER,546.34,INR,SUCCESS,PayFlow,RF_00000324,CUST_005280
REF_000325,ORD_009804,PAY_008100,2025-09-23T13:52:02,FULL,RETURNED_ORDER,1967.06,INR,SUCCESS,PayFlow,RF_00000325,CUST_006126
REF_000326,ORD_009842,PAY_008130,2025-09-21T03:22:08,FULL,RETURNED_ORDER,356.01,INR,SUCCESS,PayFlow,RF_00000326,CUST_002534
REF_000327,ORD_009893,,2025-09-27T03:49:50,FULL,RETURNED_ORDER,593.19,INR,SUCCESS,,,CUST_007830
REF_000328,ORD_009953,PAY_008223,2025-09-28T20:47:55,FULL,CUSTOMER_REQUEST,594.72,INR,SUCCESS,PayFlow,RF_00000328,CUST_004623
REF_000329,ORD_009987,,2025-10-07T11:42:39,FULL,RETURNED_ORDER,761.18,INR,SUCCESS,,,CUST_008119
REF_000330,ORD_010001,PAY_008261,2025-10-03T21:59:20,FULL,CUSTOMER_REQUEST,4494.62,INR,SUCCESS,PayFlow,RF_00000330,CUST_007991
REF_000331,ORD_010016,PAY_008274,2025-09-21T01:43:34,FULL,RETURNED_ORDER,638.38,INR,SUCCESS,PayFlow,RF_00000331,CUST_005498
REF_000332,ORD_010023,PAY_008281,2025-10-11T14:26:10,FULL,RETURNED_ORDER,558.14,INR,SUCCESS,PayFlow,RF_00000332,CUST_002884
REF_000333,ORD_010027,PAY_008282,2025-09-20T23:26:29,FULL,RETURNED_ORDER,1381.78,INR,SUCCESS,PayFlow,RF_00000333,CUST_008001
REF_000334,ORD_010041,PAY_008293,2025-09-23T00:11:25,FULL,CUSTOMER_REQUEST,610.53,INR,SUCCESS,PayFlow,RF_00000334,CUST_000158
REF_000335,ORD_010058,PAY_008307,2025-09-13T19:45:35,FULL,RETURNED_ORDER,3890.99,INR,SUCCESS,PayFlow,RF_00000335,CUST_001500
REF_000336,ORD_010087,PAY_008326,2025-10-01T19:31:30,FULL,CUSTOMER_REQUEST,2592.46,INR,SUCCESS,PayFlow,RF_00000336,CUST_002743
REF_000337,ORD_010092,PAY_008331,2025-09-18T22:17:12,FULL,CUSTOMER_REQUEST,1080.76,INR,SUCCESS,PayFlow,RF_00000337,CUST_007879
REF_000338,ORD_010110,PAY_008345,2025-09-20T13:11:52,FULL,RETURNED_ORDER,980.23,INR,SUCCESS,PayFlow,RF_00000338,CUST_002721
REF_000339,ORD_010136,PAY_008368,2025-09-02T22:13:59,FULL,CUSTOMER_REQUEST,2597.18,INR,SUCCESS,PayFlow,RF_00000339,CUST_007222
REF_000340,ORD_010149,,2025-09-17T05:38:23,FULL,RETURNED_ORDER,680.86,INR,SUCCESS,,,CUST_003582
REF_000341,ORD_010154,PAY_008383,2025-10-04T06:13:58,FULL,RETURNED_ORDER,283.14,INR,SUCCESS,PayFlow,RF_00000341,CUST_002479
REF_000342,ORD_010209,PAY_008432,2025-10-05T14:28:01,FULL,RETURNED_ORDER,294.88,INR,SUCCESS,PayFlow,RF_00000342,CUST_007076
REF_000343,ORD_010226,PAY_008448,2025-10-06T15:40:35,FULL,RETURNED_ORDER,540.56,INR,SUCCESS,PayFlow,RF_00000343,CUST_005694
REF_000344,ORD_010231,PAY_008452,2025-09-26T13:24:04,FULL,RETURNED_ORDER,1116.28,INR,SUCCESS,PayFlow,RF_00000344,CUST_006183
REF_000345,ORD_010242,PAY_008460,2025-09-05T22:46:39,FULL,CUSTOMER_REQUEST,722.16,INR,SUCCESS,PayFlow,RF_00000345,CUST_005268
REF_000346,ORD_010257,PAY_008471,2025-10-07T09:17:10,FULL,RETURNED_ORDER,295.00,INR,SUCCESS,PayFlow,RF_00000346,CUST_000439
REF_000347,ORD_010338,PAY_008540,2025-09-13T00:12:09,FULL,RETURNED_ORDER,1300.30,INR,SUCCESS,PayFlow,RF_00000347,CUST_001419
REF_000348,ORD_010339,,2025-10-09T06:51:52,FULL,RETURNED_ORDER,668.03,INR,SUCCESS,,,CUST_001943
REF_000349,ORD_010456,PAY_008632,2025-09-12T16:13:10,PARTIAL,CUSTOMER_REQUEST,344.23,INR,SUCCESS,PayFlow,RF_00000349,CUST_003150
REF_000350,ORD_010475,PAY_008648,2025-10-09T12:46:33,FULL,RETURNED_ORDER,3228.48,INR,SUCCESS,PayFlow,RF_00000350,CUST_006890
REF_000351,ORD_010483,PAY_008654,2025-09-16T06:21:27,FULL,RETURNED_ORDER,1197.23,INR,SUCCESS,PayFlow,RF_00000351,CUST_003588
REF_000352,ORD_010535,PAY_008691,2025-09-04T21:39:31,FULL,CUSTOMER_REQUEST,2050.84,INR,SUCCESS,PayFlow,RF_00000352,CUST_003565
REF_000353,ORD_010566,PAY_008718,2025-09-24T23:25:42,FULL,CUSTOMER_REQUEST,2200.35,INR,SUCCESS,PayFlow,RF_00000353,CUST_001602
REF_000354,ORD_010652,PAY_008788,2025-10-07T10:48:02,FULL,RETURNED_ORDER,754.02,INR,SUCCESS,PayFlow,RF_00000354,CUST_000050
REF_000355,ORD_010671,PAY_008803,2025-09-20T11:26:37,FULL,RETURNED_ORDER,1439.60,INR,SUCCESS,PayFlow,RF_00000355,CUST_000581
REF_000356,ORD_010686,PAY_008812,2025-09-11T11:20:24,FULL,RETURNED_ORDER,325.13,INR,SUCCESS,PayFlow,RF_00000356,CUST_003677
REF_000357,ORD_010688,PAY_008814,2025-09-29T09:08:57,FULL,RETURNED_ORDER,383.50,INR,SUCCESS,PayFlow,RF_00000357,CUST_004349
REF_000358,ORD_010693,PAY_008818,2025-09-05T00:57:48,PARTIAL,CUSTOMER_REQUEST,418.78,INR,SUCCESS,PayFlow,RF_00000358,CUST_002429
REF_000359,ORD_010702,,2025-09-26T04:49:14,FULL,RETURNED_ORDER,690.30,INR,SUCCESS,,,CUST_004998
REF_000360,ORD_010787,PAY_008893,2025-09-17T17:10:59,FULL,RETURNED_ORDER,3621.42,INR,SUCCESS,PayFlow,RF_00000360,CUST_001960
REF_000361,ORD_010825,PAY_008924,2025-09-17T13:57:20,FULL,RETURNED_ORDER,2116.92,INR,SUCCESS,PayFlow,RF_00000361,CUST_007656
REF_000362,ORD_010850,PAY_008943,2025-09-18T21:58:25,PARTIAL,CUSTOMER_REQUEST,149.79,INR,SUCCESS,PayFlow,RF_00000362,CUST_007485
REF_000363,ORD_010878,PAY_008968,2025-09-15T20:49:40,FULL,RETURNED_ORDER,1345.35,INR,SUCCESS,PayFlow,RF_00000363,CUST_008440
REF_000364,ORD_010910,PAY_008998,2025-09-14T12:21:36,FULL,RETURNED_ORDER,639.85,INR,SUCCESS,PayFlow,RF_00000364,CUST_004603
REF_000365,ORD_010929,PAY_009014,2025-09-22T23:42:33,FULL,RETURNED_ORDER,2191.56,INR,SUCCESS,PayFlow,RF_00000365,CUST_007838
REF_000366,ORD_010937,PAY_009022,2025-10-10T15:11:27,FULL,RETURNED_ORDER,630.47,INR,SUCCESS,PayFlow,RF_00000366,CUST_003846
REF_000367,ORD_010939,PAY_009024,2025-09-11T04:57:04,FULL,RETURNED_ORDER,506.81,INR,SUCCESS,PayFlow,RF_00000367,CUST_002747
REF_000368,ORD_010958,PAY_009040,2025-09-11T18:15:03,FULL,CUSTOMER_REQUEST,501.74,INR,SUCCESS,PayFlow,RF_00000368,CUST_006070
REF_000369,ORD_010990,PAY_009068,2025-10-05T11:01:26,FULL,RETURNED_ORDER,1804.22,INR,SUCCESS,PayFlow,RF_00000369,CUST_008154
REF_000370,ORD_011048,PAY_009111,2025-09-15T01:25:56,PARTIAL,CUSTOMER_REQUEST,366.39,INR,SUCCESS,PayFlow,RF_00000370,CUST_008167
REF_000371,ORD_011068,,2025-10-08T12:50:35,FULL,RETURNED_ORDER,2182.41,INR,SUCCESS,,,CUST_002170
REF_000372,ORD_011124,PAY_009178,2025-09-20T15:28:30,FULL,CUSTOMER_REQUEST,4532.38,INR,SUCCESS,PayFlow,RF_00000372,CUST_007881
REF_000373,ORD_011137,PAY_009189,2025-10-11T05:15:15,FULL,RETURNED_ORDER,306.80,INR,SUCCESS,PayFlow,RF_00000373,CUST_005828
REF_000374,ORD_011175,PAY_009223,2025-09-07T13:44:41,FULL,CUSTOMER_REQUEST,415.42,INR,SUCCESS,PayFlow,RF_00000374,CUST_003530
REF_000375,ORD_011177,PAY_009225,2025-09-10T02:55:38,FULL,CUSTOMER_REQUEST,546.34,INR,SUCCESS,PayFlow,RF_00000375,CUST_003086
REF_000376,ORD_011238,PAY_009274,2025-09-05T13:15:57,FULL,CUSTOMER_REQUEST,340.31,INR,SUCCESS,PayFlow,RF_00000376,CUST_007113
REF_000377,ORD_011243,PAY_009277,2025-09-25T22:31:08,FULL,RETURNED_ORDER,408.28,INR,SUCCESS,PayFlow,RF_00000377,CUST_006642
REF_000378,ORD_011296,PAY_009325,2025-10-07T11:49:20,FULL,RETURNED_ORDER,318.60,INR,SUCCESS,PayFlow,RF_00000378,CUST_002460
REF_000379,ORD_011317,PAY_009344,2025-09-12T05:57:56,FULL,CUSTOMER_REQUEST,591.54,INR,SUCCESS,PayFlow,RF_00000379,CUST_003479
REF_000380,ORD_011411,,2025-10-05T13:21:51,FULL,RETURNED_ORDER,1140.69,INR,SUCCESS,,,CUST_003113
REF_000381,ORD_011413,PAY_009426,2025-09-30T16:17:37,FULL,RETURNED_ORDER,1086.78,INR,SUCCESS,PayFlow,RF_00000381,CUST_006412
REF_000382,ORD_011434,PAY_009441,2025-09-26T07:43:37,FULL,RETURNED_ORDER,1212.34,INR,SUCCESS,PayFlow,RF_00000382,CUST_007472
REF_000383,ORD_011440,,2025-10-09T07:04:25,FULL,RETURNED_ORDER,383.50,INR,SUCCESS,,,CUST_004664
REF_000384,ORD_011490,,2025-09-12T08:55:07,FULL,RETURNED_ORDER,3629.68,INR,SUCCESS,,,CUST_007140
REF_000385,ORD_011522,PAY_009511,2025-09-20T02:08:37,FULL,CUSTOMER_REQUEST,350.99,INR,SUCCESS,PayFlow,RF_00000385,CUST_001645
REF_000386,ORD_011523,,2025-09-28T18:23:40,FULL,RETURNED_ORDER,3516.75,INR,SUCCESS,,,CUST_001134
REF_000387,ORD_011538,PAY_009524,2025-09-18T21:20:10,FULL,RETURNED_ORDER,556.67,INR,SUCCESS,PayFlow,RF_00000387,CUST_005692
REF_000388,ORD_011548,PAY_009532,2025-10-03T23:01:05,FULL,CUSTOMER_REQUEST,339.19,INR,SUCCESS,PayFlow,RF_00000388,CUST_006464
REF_000389,ORD_011564,,2025-10-05T06:30:28,FULL,RETURNED_ORDER,283.14,INR,SUCCESS,,,CUST_005874
REF_000390,ORD_011567,PAY_009549,2025-09-23T23:51:21,FULL,CUSTOMER_REQUEST,1227.20,INR,SUCCESS,PayFlow,RF_00000390,CUST_001274
REF_000391,ORD_011571,PAY_009552,2025-09-09T15:50:25,FULL,CUSTOMER_REQUEST,1895.67,INR,SUCCESS,PayFlow,RF_00000391,CUST_005522
REF_000392,ORD_011634,PAY_009605,2025-09-22T03:19:57,FULL,RETURNED_ORDER,6780.28,INR,SUCCESS,PayFlow,RF_00000392,CUST_008408
REF_000393,ORD_011635,,2025-09-23T14:38:45,FULL,RETURNED_ORDER,1146.96,INR,SUCCESS,,,CUST_000213
REF_000394,ORD_011650,PAY_009617,2025-09-04T01:43:05,FULL,CUSTOMER_REQUEST,2293.09,INR,SUCCESS,PayFlow,RF_00000394,CUST_005452
REF_000395,ORD_011657,PAY_009622,2025-09-14T23:03:30,FULL,RETURNED_ORDER,2574.59,INR,SUCCESS,PayFlow,RF_00000395,CUST_000618
REF_000396,ORD_011698,PAY_009657,2025-10-07T11:24:36,FULL,RETURNED_ORDER,385.74,INR,SUCCESS,PayFlow,RF_00000396,CUST_006129
REF_000397,ORD_011749,PAY_009700,2025-10-02T03:00:28,FULL,RETURNED_ORDER,2903.98,INR,SUCCESS,PayFlow,RF_00000397,CUST_002402
REF_000398,ORD_011759,PAY_009707,2025-10-01T20:41:30,FULL,CUSTOMER_REQUEST,1210.68,INR,SUCCESS,PayFlow,RF_00000398,CUST_002598
REF_000399,ORD_011784,,2025-10-03T11:23:23,FULL,RETURNED_ORDER,2614.17,INR,SUCCESS,,,CUST_006386
REF_000400,ORD_011835,PAY_009766,2025-09-29T11:22:29,FULL,RETURNED_ORDER,1512.29,INR,SUCCESS,PayFlow,RF_00000400,CUST_007277
REF_000401,ORD_011859,PAY_009784,2025-09-14T01:53:08,FULL,CUSTOMER_REQUEST,584.22,INR,SUCCESS,PayFlow,RF_00000401,CUST_001459
REF_000402,ORD_011871,PAY_009795,2025-09-19T05:59:01,FULL,RETURNED_ORDER,1447.86,INR,SUCCESS,PayFlow,RF_00000402,CUST_002068
REF_000403,ORD_011930,PAY_009842,2025-09-26T12:52:42,FULL,RETURNED_ORDER,379.61,INR,SUCCESS,PayFlow,RF_00000403,CUST_007884
REF_000404,ORD_011935,PAY_009847,2025-09-08T05:05:36,FULL,CUSTOMER_REQUEST,283.67,INR,SUCCESS,PayFlow,RF_00000404,CUST_005271
REF_000405,ORD_011992,PAY_009896,2025-10-05T05:42:54,FULL,RETURNED_ORDER,2074.09,INR,SUCCESS,PayFlow,RF_00000405,CUST_004346
REF_000406,ORD_011998,PAY_009902,2025-09-13T19:12:43,FULL,CUSTOMER_REQUEST,1114.33,INR,SUCCESS,PayFlow,RF_00000406,CUST_003889
REF_000407,ORD_012004,PAY_009907,2025-09-09T05:53:44,FULL,RETURNED_ORDER,1340.48,INR,SUCCESS,PayFlow,RF_00000407,CUST_004291
REF_000408,ORD_012055,PAY_009948,2025-09-29T07:24:06,FULL,RETURNED_ORDER,762.28,INR,SUCCESS,PayFlow,RF_00000408,CUST_000667
REF_000409,ORD_012063,PAY_009953,2025-10-01T04:17:46,FULL,RETURNED_ORDER,5329.07,INR,SUCCESS,PayFlow,RF_00000409,CUST_003764
REF_000410,ORD_012106,,2025-09-29T14:02:43,FULL,RETURNED_ORDER,306.80,INR,SUCCESS,,,CUST_005678
REF_000411,ORD_012109,PAY_009988,2025-10-02T22:41:09,FULL,RETURNED_ORDER,295.00,INR,SUCCESS,PayFlow,RF_00000411,CUST_002694
REF_000412,ORD_012115,PAY_009994,2025-09-11T02:10:46,FULL,CUSTOMER_REQUEST,318.60,INR,SUCCESS,PayFlow,RF_00000412,CUST_002111
REF_000413,ORD_012155,PAY_010030,2025-10-28T00:54:06,FULL,CUSTOMER_REQUEST,712.13,INR,SUCCESS,PayFlow,RF_00000413,CUST_000700
REF_000414,ORD_012162,PAY_010034,2025-11-07T16:54:54,FULL,RETURNED_ORDER,528.64,INR,SUCCESS,PayFlow,RF_00000414,CUST_005966
REF_000415,ORD_012184,PAY_010051,2025-10-18T13:56:34,FULL,RETURNED_ORDER,657.41,INR,SUCCESS,PayFlow,RF_00000415,CUST_001266
REF_000416,ORD_012235,PAY_010095,2025-11-04T19:21:09,PARTIAL,CUSTOMER_REQUEST,1119.82,INR,SUCCESS,PayFlow,RF_00000416,CUST_008083
REF_000417,ORD_012245,,2025-10-26T04:20:33,FULL,RETURNED_ORDER,784.78,INR,SUCCESS,,,CUST_005013
REF_000418,ORD_012331,PAY_010178,2025-10-23T22:08:15,FULL,CUSTOMER_REQUEST,645.61,INR,SUCCESS,PayFlow,RF_00000418,CUST_002004
REF_000419,ORD_012364,PAY_010203,2025-10-04T19:13:44,FULL,CUSTOMER_REQUEST,579.38,INR,SUCCESS,PayFlow,RF_00000419,CUST_000054
REF_000420,ORD_012369,PAY_010207,2025-10-24T22:36:45,FULL,CUSTOMER_REQUEST,1963.99,INR,SUCCESS,PayFlow,RF_00000420,CUST_007251
REF_000421,ORD_012384,PAY_010218,2025-11-06T00:36:52,FULL,RETURNED_ORDER,354.00,INR,SUCCESS,PayFlow,RF_00000421,CUST_005314
REF_000422,ORD_012422,PAY_010245,2025-10-30T20:29:48,FULL,CUSTOMER_REQUEST,434.24,INR,SUCCESS,PayFlow,RF_00000422,CUST_000681
REF_000423,ORD_012437,PAY_010259,2025-10-14T09:00:21,FULL,RETURNED_ORDER,1028.67,INR,SUCCESS,PayFlow,RF_00000423,CUST_003539
REF_000424,ORD_012438,PAY_010260,2025-10-17T13:19:07,FULL,RETURNED_ORDER,820.16,INR,SUCCESS,PayFlow,RF_00000424,CUST_003984
REF_000425,ORD_012562,PAY_010359,2025-10-19T09:10:56,FULL,RETURNED_ORDER,3702.63,INR,SUCCESS,PayFlow,RF_00000425,CUST_007170
REF_000426,ORD_012605,PAY_010396,2025-10-27T03:03:19,FULL,RETURNED_ORDER,369.10,INR,SUCCESS,PayFlow,RF_00000426,CUST_006118
REF_000427,ORD_012633,PAY_010419,2025-11-06T12:46:33,FULL,RETURNED_ORDER,1241.36,INR,SUCCESS,PayFlow,RF_00000427,CUST_008443
REF_000428,ORD_012655,PAY_010436,2025-10-22T05:14:03,FULL,RETURNED_ORDER,680.86,INR,SUCCESS,PayFlow,RF_00000428,CUST_004665
REF_000429,ORD_012659,PAY_010440,2025-11-02T12:58:51,FULL,RETURNED_ORDER,1122.18,INR,SUCCESS,PayFlow,RF_00000429,CUST_004282
REF_000430,ORD_012686,PAY_010461,2025-10-07T13:48:27,FULL,RETURNED_ORDER,1027.54,INR,SUCCESS,PayFlow,RF_00000430,CUST_004448
REF_000431,ORD_012698,PAY_010473,2025-10-05T18:29:03,PARTIAL,CUSTOMER_REQUEST,79.65,INR,SUCCESS,PayFlow,RF_00000431,CUST_001818
REF_000432,ORD_012701,PAY_010476,2025-11-03T07:21:30,FULL,RETURNED_ORDER,347.98,INR,SUCCESS,PayFlow,RF_00000432,CUST_004801
REF_000433,ORD_012708,,2025-11-06T22:27:19,FULL,RETURNED_ORDER,909.54,INR,SUCCESS,,,CUST_003251
REF_000434,ORD_012775,PAY_010538,2025-10-10T08:13:24,FULL,RETURNED_ORDER,2050.84,INR,SUCCESS,PayFlow,RF_00000434,CUST_007713
REF_000435,ORD_012826,PAY_010579,2025-10-19T05:39:52,PARTIAL,CUSTOMER_REQUEST,55.34,INR,SUCCESS,PayFlow,RF_00000435,CUST_007311
REF_000436,ORD_012839,,2025-10-18T09:45:03,FULL,RETURNED_ORDER,498.67,INR,SUCCESS,,,CUST_003962
REF_000437,ORD_012944,,2025-10-20T12:33:31,FULL,RETURNED_ORDER,620.56,INR,SUCCESS,,,CUST_006753
REF_000438,ORD_012959,PAY_010685,2025-10-18T01:57:44,FULL,RETURNED_ORDER,669.21,INR,SUCCESS,PayFlow,RF_00000438,CUST_000749
REF_000439,ORD_013002,PAY_010721,2025-10-31T12:03:27,FULL,RETURNED_ORDER,2913.70,INR,SUCCESS,PayFlow,RF_00000439,CUST_007217
REF_000440,ORD_013010,PAY_010728,2025-10-24T11:47:46,FULL,RETURNED_ORDER,697.86,INR,SUCCESS,PayFlow,RF_00000440,CUST_000734
REF_000441,ORD_013014,,2025-10-25T16:15:46,FULL,RETURNED_ORDER,716.26,INR,SUCCESS,,,CUST_007943
REF_000442,ORD_013023,PAY_010737,2025-10-12T01:22:54,PARTIAL,CUSTOMER_REQUEST,313.74,INR,SUCCESS,PayFlow,RF_00000442,CUST_001482
REF_000443,ORD_013056,PAY_010766,2025-11-07T04:57:28,FULL,RETURNED_ORDER,510.47,INR,SUCCESS,PayFlow,RF_00000443,CUST_002007
REF_000444,ORD_013123,PAY_010817,2025-10-22T06:10:31,FULL,RETURNED_ORDER,933.38,INR,SUCCESS,PayFlow,RF_00000444,CUST_001443
REF_000445,ORD_013140,PAY_010833,2025-10-07T21:52:46,PARTIAL,CUSTOMER_REQUEST,307.92,INR,SUCCESS,PayFlow,RF_00000445,CUST_001271
REF_000446,ORD_013183,,2025-11-07T05:34:24,FULL,RETURNED_ORDER,469.82,INR,SUCCESS,,,CUST_002738
REF_000447,ORD_013198,PAY_010877,2025-11-05T15:52:28,PARTIAL,CUSTOMER_REQUEST,598.44,INR,SUCCESS,PayFlow,RF_00000447,CUST_006772
REF_000448,ORD_013216,PAY_010894,2025-10-10T21:15:39,FULL,CUSTOMER_REQUEST,283.14,INR,SUCCESS,PayFlow,RF_00000448,CUST_001996
REF_000449,ORD_013237,PAY_010912,2025-11-04T08:18:34,FULL,RETURNED_ORDER,1538.72,INR,SUCCESS,PayFlow,RF_00000449,CUST_002729
REF_000450,ORD_013303,PAY_010962,2025-10-30T09:27:55,FULL,RETURNED_ORDER,594.72,INR,SUCCESS,PayFlow,RF_00000450,CUST_004809
REF_000451,ORD_013352,,2025-10-17T05:45:38,FULL,RETURNED_ORDER,1080.76,INR,SUCCESS,,,CUST_004966
REF_000452,ORD_013379,PAY_011026,2025-10-13T01:32:40,PARTIAL,CUSTOMER_REQUEST,174.27,INR,SUCCESS,PayFlow,RF_00000452,CUST_003191
REF_000453,ORD_013407,PAY_011048,2025-11-10T06:53:02,FULL,RETURNED_ORDER,2100.78,INR,SUCCESS,PayFlow,RF_00000453,CUST_008294
REF_000454,ORD_013411,PAY_011051,2025-10-12T14:07:54,FULL,RETURNED_ORDER,1360.54,INR,SUCCESS,PayFlow,RF_00000454,CUST_002427
REF_000455,ORD_013418,PAY_011057,2025-10-21T13:27:54,FULL,RETURNED_ORDER,1209.50,INR,SUCCESS,PayFlow,RF_00000455,CUST_002273
REF_000456,ORD_013424,PAY_011062,2025-10-08T20:57:07,FULL,CUSTOMER_REQUEST,3162.64,INR,SUCCESS,PayFlow,RF_00000456,CUST_000163
REF_000457,ORD_013447,PAY_011081,2025-10-17T02:06:41,FULL,RETURNED_ORDER,377.60,INR,SUCCESS,PayFlow,RF_00000457,CUST_003191
REF_000458,ORD_013490,PAY_011114,2025-11-02T01:23:42,PARTIAL,CUSTOMER_REQUEST,177.77,INR,SUCCESS,PayFlow,RF_00000458,CUST_001660
REF_000459,ORD_013504,PAY_011126,2025-10-23T04:52:07,FULL,RETURNED_ORDER,1236.64,INR,SUCCESS,PayFlow,RF_00000459,CUST_003895
REF_000460,ORD_013509,PAY_011131,2025-11-08T07:34:58,FULL,RETURNED_ORDER,294.94,INR,SUCCESS,PayFlow,RF_00000460,CUST_002407
REF_000461,ORD_013525,PAY_011145,2025-10-16T11:00:52,FULL,RETURNED_ORDER,738.98,INR,SUCCESS,PayFlow,RF_00000461,CUST_003506
REF_000462,ORD_013590,PAY_011196,2025-11-15T09:26:56,FULL,RETURNED_ORDER,294.94,INR,SUCCESS,PayFlow,RF_00000462,CUST_006330
REF_000463,ORD_013617,PAY_011217,2025-10-05T00:31:17,FULL,CUSTOMER_REQUEST,306.80,INR,SUCCESS,PayFlow,RF_00000463,CUST_001681
REF_000464,ORD_013620,PAY_011220,2025-10-20T22:13:09,PARTIAL,CUSTOMER_REQUEST,1002.58,INR,SUCCESS,PayFlow,RF_00000464,CUST_002210
REF_000465,ORD_013667,PAY_011260,2025-10-10T19:36:37,FULL,CUSTOMER_REQUEST,1487.73,INR,SUCCESS,PayFlow,RF_00000465,CUST_004361
REF_000466,ORD_013669,PAY_011262,2025-10-27T08:24:32,FULL,RETURNED_ORDER,700.15,INR,SUCCESS,PayFlow,RF_00000466,CUST_007216
REF_000467,ORD_013694,PAY_011283,2025-10-24T13:03:40,FULL,RETURNED_ORDER,6733.08,INR,SUCCESS,PayFlow,RF_00000467,CUST_005737
REF_000468,ORD_013697,PAY_011286,2025-11-04T20:28:52,FULL,RETURNED_ORDER,295.00,INR,SUCCESS,PayFlow,RF_00000468,CUST_000050
REF_000469,ORD_013699,,2025-10-09T00:06:58,FULL,RETURNED_ORDER,1043.12,INR,SUCCESS,,,CUST_004148
REF_000470,ORD_013717,,2025-11-08T04:51:10,FULL,RETURNED_ORDER,377.60,INR,SUCCESS,,,CUST_007671
REF_000471,ORD_013727,PAY_011312,2025-10-19T04:25:59,FULL,RETURNED_ORDER,1388.92,INR,SUCCESS,PayFlow,RF_00000471,CUST_001861
REF_000472,ORD_013769,PAY_011348,2025-10-09T12:04:48,FULL,RETURNED_ORDER,687.80,INR,SUCCESS,PayFlow,RF_00000472,CUST_000972
REF_000473,ORD_013795,PAY_011371,2025-10-26T20:26:52,FULL,CUSTOMER_REQUEST,271.28,INR,SUCCESS,PayFlow,RF_00000473,CUST_000168
REF_000474,ORD_013803,PAY_011378,2025-10-10T12:00:23,FULL,RETURNED_ORDER,1212.45,INR,SUCCESS,PayFlow,RF_00000474,CUST_001284
REF_000475,ORD_013859,PAY_011430,2025-10-27T19:23:40,FULL,CUSTOMER_REQUEST,483.58,INR,SUCCESS,PayFlow,RF_00000475,CUST_002699
REF_000476,ORD_013935,PAY_011498,2025-10-28T01:34:42,FULL,CUSTOMER_REQUEST,776.16,INR,SUCCESS,PayFlow,RF_00000476,CUST_004943
REF_000477,ORD_013992,PAY_011545,2025-10-13T23:19:18,PARTIAL,CUSTOMER_REQUEST,245.61,INR,SUCCESS,PayFlow,RF_00000477,CUST_005054
REF_000478,ORD_013993,PAY_011546,2025-10-12T04:33:43,FULL,RETURNED_ORDER,823.52,INR,SUCCESS,PayFlow,RF_00000478,CUST_003575
REF_000479,ORD_014008,PAY_011560,2025-10-19T04:48:29,FULL,RETURNED_ORDER,1674.77,INR,SUCCESS,PayFlow,RF_00000479,CUST_000487
REF_000480,ORD_014030,PAY_011575,2025-10-08T04:02:37,FULL,RETURNED_ORDER,1536.71,INR,SUCCESS,PayFlow,RF_00000480,CUST_003362
REF_000481,ORD_014058,PAY_011599,2025-10-16T07:46:52,FULL,RETURNED_ORDER,2594.19,INR,SUCCESS,PayFlow,RF_00000481,CUST_008018
REF_000482,ORD_014093,,2025-10-29T17:00:14,FULL,RETURNED_ORDER,1048.78,INR,SUCCESS,,,CUST_000405
REF_000483,ORD_014165,,2025-11-03T22:01:30,FULL,RETURNED_ORDER,678.50,INR,SUCCESS,,,CUST_006016
REF_000484,ORD_014223,PAY_011732,2025-11-13T05:01:46,FULL,RETURNED_ORDER,306.80,INR,SUCCESS,PayFlow,RF_00000484,CUST_006927
REF_000485,ORD_014238,PAY_011746,2025-11-08T21:38:20,FULL,RETURNED_ORDER,295.00,INR,SUCCESS,PayFlow,RF_00000485,CUST_007336
REF_000486,ORD_014241,PAY_011748,2025-10-09T20:33:42,FULL,CUSTOMER_REQUEST,3315.92,INR,SUCCESS,PayFlow,RF_00000486,CUST_003530
REF_000487,ORD_014248,PAY_011755,2025-10-06T18:07:51,FULL,RETURNED_ORDER,1002.73,INR,SUCCESS,PayFlow,RF_00000487,CUST_001919
REF_000488,ORD_014278,PAY_011782,2025-10-26T13:02:55,FULL,RETURNED_ORDER,377.60,INR,SUCCESS,PayFlow,RF_00000488,CUST_006386
REF_000489,ORD_014342,PAY_011840,2025-10-18T16:24:03,FULL,RETURNED_ORDER,397.54,INR,SUCCESS,PayFlow,RF_00000489,CUST_002212
REF_000490,ORD_014358,PAY_011854,2025-10-11T10:36:08,FULL,RETURNED_ORDER,2453.92,INR,SUCCESS,PayFlow,RF_00000490,CUST_000652
REF_000491,ORD_014362,PAY_011858,2025-10-02T21:33:06,FULL,CUSTOMER_REQUEST,914.10,INR,SUCCESS,PayFlow,RF_00000491,CUST_004803
REF_000492,ORD_014430,PAY_011912,2025-11-02T02:39:01,FULL,RETURNED_ORDER,596.02,INR,SUCCESS,PayFlow,RF_00000492,CUST_000982
REF_000493,ORD_014431,PAY_011913,2025-10-12T13:13:28,FULL,RETURNED_ORDER,584.22,INR,SUCCESS,PayFlow,RF_00000493,CUST_003617
REF_000494,ORD_014461,PAY_011937,2025-10-25T05:14:18,PARTIAL,CUSTOMER_REQUEST,481.62,INR,SUCCESS,PayFlow,RF_00000494,CUST_007374
REF_000495,ORD_014473,PAY_011943,2025-11-05T03:58:37,FULL,RETURNED_ORDER,3070.42,INR,SUCCESS,PayFlow,RF_00000495,CUST_002505
REF_000496,ORD_014530,PAY_011989,2025-10-16T03:23:24,FULL,RETURNED_ORDER,741.23,INR,SUCCESS,PayFlow,RF_00000496,CUST_000271
REF_000497,ORD_014568,PAY_012020,2025-10-22T14:12:33,FULL,RETURNED_ORDER,2751.76,INR,SUCCESS,PayFlow,RF_00000497,CUST_001210
REF_000498,ORD_014636,PAY_012076,2025-11-03T10:19:34,FULL,RETURNED_ORDER,731.36,INR,SUCCESS,PayFlow,RF_00000498,CUST_000774
REF_000499,ORD_014638,PAY_012078,2025-10-21T12:53:25,FULL,RETURNED_ORDER,1648.46,INR,SUCCESS,PayFlow,RF_00000499,CUST_006495
REF_000500,ORD_014641,PAY_012081,2025-10-26T15:46:25,FULL,RETURNED_ORDER,484.74,INR,SUCCESS,PayFlow,RF_00000500,CUST_002539
REF_000501,ORD_014651,,2025-10-22T06:56:34,FULL,RETURNED_ORDER,306.80,INR,SUCCESS,,,CUST_008176
REF_000502,ORD_014670,,2025-11-04T12:39:18,FULL,RETURNED_ORDER,728.24,INR,SUCCESS,,,CUST_004764
REF_000503,ORD_014685,,2025-10-15T01:20:31,FULL,RETURNED_ORDER,283.14,INR,SUCCESS,,,CUST_006322
REF_000504,ORD_014702,PAY_012128,2025-10-10T23:32:05,FULL,CUSTOMER_REQUEST,1141.89,INR,SUCCESS,PayFlow,RF_00000504,CUST_004801
REF_000505,ORD_014768,,2025-10-27T09:29:01,FULL,RETURNED_ORDER,607.82,INR,SUCCESS,,,CUST_002492
REF_000506,ORD_014781,PAY_012193,2025-10-29T04:30:37,FULL,CUSTOMER_REQUEST,2191.56,INR,SUCCESS,PayFlow,RF_00000506,CUST_007709
REF_000507,ORD_014849,PAY_012252,2025-10-24T21:16:37,FULL,CUSTOMER_REQUEST,1273.46,INR,SUCCESS,PayFlow,RF_00000507,CUST_008384
REF_000508,ORD_014917,PAY_012311,2025-10-19T23:56:18,FULL,RETURNED_ORDER,397.54,INR,SUCCESS,PayFlow,RF_00000508,CUST_008271
REF_000509,ORD_014969,PAY_012358,2025-10-26T09:52:34,FULL,RETURNED_ORDER,283.14,INR,SUCCESS,PayFlow,RF_00000509,CUST_004620
REF_000510,ORD_014983,PAY_012371,2025-11-05T18:50:28,FULL,CUSTOMER_REQUEST,395.30,INR,SUCCESS,PayFlow,RF_00000510,CUST_002556
REF_000511,ORD_015018,PAY_012400,2025-10-28T08:20:38,FULL,RETURNED_ORDER,2919.03,INR,SUCCESS,PayFlow,RF_00000511,CUST_002694
REF_000512,ORD_015027,PAY_012407,2025-10-26T20:26:07,FULL,CUSTOMER_REQUEST,680.86,INR,SUCCESS,PayFlow,RF_00000512,CUST_002113
REF_000513,ORD_015067,PAY_012440,2025-10-21T00:05:19,PARTIAL,CUSTOMER_REQUEST,1842.61,INR,SUCCESS,PayFlow,RF_00000513,CUST_005564
REF_000514,ORD_015095,PAY_012463,2025-10-24T09:29:27,FULL,RETURNED_ORDER,271.28,INR,SUCCESS,PayFlow,RF_00000514,CUST_006021
REF_000515,ORD_015119,PAY_012482,2025-10-14T01:38:17,FULL,RETURNED_ORDER,261.15,INR,SUCCESS,PayFlow,RF_00000515,CUST_000603
REF_000516,ORD_015122,PAY_012485,2025-11-07T11:48:08,FULL,RETURNED_ORDER,2811.94,INR,SUCCESS,PayFlow,RF_00000516,CUST_007878
REF_000517,ORD_015146,PAY_012507,2025-11-04T05:45:56,FULL,RETURNED_ORDER,948.72,INR,SUCCESS,PayFlow,RF_00000517,CUST_000011
REF_000518,ORD_015156,PAY_012515,2025-10-27T07:42:45,FULL,RETURNED_ORDER,9182.05,INR,SUCCESS,PayFlow,RF_00000518,CUST_006913
REF_000519,ORD_015170,PAY_012528,2025-11-03T10:02:05,FULL,RETURNED_ORDER,414.18,INR,SUCCESS,PayFlow,RF_00000519,CUST_004127
REF_000520,ORD_015185,PAY_012542,2025-11-06T07:54:37,FULL,RETURNED_ORDER,402.38,INR,SUCCESS,PayFlow,RF_00000520,CUST_003687
REF_000521,ORD_015306,PAY_012636,2025-10-11T01:51:12,FULL,CUSTOMER_REQUEST,3281.17,INR,SUCCESS,PayFlow,RF_00000521,CUST_005793
REF_000522,ORD_015307,PAY_012637,2025-10-29T23:51:59,FULL,RETURNED_ORDER,2148.96,INR,SUCCESS,PayFlow,RF_00000522,CUST_000550
REF_000523,ORD_015360,PAY_012682,2025-11-04T01:37:28,FULL,RETURNED_ORDER,318.60,INR,SUCCESS,PayFlow,RF_00000523,CUST_002876
REF_000524,ORD_015415,PAY_012725,2025-10-21T20:54:05,FULL,CUSTOMER_REQUEST,318.60,INR,SUCCESS,PayFlow,RF_00000524,CUST_003572
REF_000525,ORD_015422,PAY_012730,2025-11-05T18:29:46,FULL,RETURNED_ORDER,1850.24,INR,SUCCESS,PayFlow,RF_00000525,CUST_000154
REF_000526,ORD_015480,PAY_012781,2025-10-29T23:38:08,FULL,CUSTOMER_REQUEST,510.70,INR,SUCCESS,PayFlow,RF_00000526,CUST_003372
REF_000527,ORD_015520,PAY_012816,2025-10-25T01:59:13,FULL,RETURNED_ORDER,283.14,INR,SUCCESS,PayFlow,RF_00000527,CUST_005968
REF_000528,ORD_015533,PAY_012823,2025-11-02T13:50:04,FULL,RETURNED_ORDER,5241.68,INR,SUCCESS,PayFlow,RF_00000528,CUST_007218
REF_000529,ORD_015611,PAY_012886,2025-10-24T10:26:18,FULL,RETURNED_ORDER,659.27,INR,SUCCESS,PayFlow,RF_00000529,CUST_001616
REF_000530,ORD_015614,PAY_012889,2025-10-26T04:58:36,FULL,RETURNED_ORDER,636.21,INR,SUCCESS,PayFlow,RF_00000530,CUST_007076
REF_000531,ORD_015621,,2025-10-20T01:57:32,FULL,RETURNED_ORDER,326.19,INR,SUCCESS,,,CUST_007237
REF_000532,ORD_015627,PAY_012901,2025-10-20T05:20:58,PARTIAL,CUSTOMER_REQUEST,78.31,INR,SUCCESS,PayFlow,RF_00000532,CUST_003129
REF_000533,ORD_015835,PAY_013067,2025-11-02T08:24:57,FULL,RETURNED_ORDER,908.60,INR,SUCCESS,PayFlow,RF_00000533,CUST_004675
REF_000534,ORD_015848,PAY_013078,2025-11-01T08:04:23,FULL,RETURNED_ORDER,606.52,INR,SUCCESS,PayFlow,RF_00000534,CUST_008448
REF_000535,ORD_015867,PAY_013090,2025-11-04T01:43:19,FULL,RETURNED_ORDER,294.94,INR,SUCCESS,PayFlow,RF_00000535,CUST_001162
REF_000536,ORD_015890,PAY_013108,2025-10-15T04:49:25,FULL,RETURNED_ORDER,357.30,INR,SUCCESS,PayFlow,RF_00000536,CUST_007476
REF_000537,ORD_015902,PAY_013119,2025-10-10T20:43:57,PARTIAL,CUSTOMER_REQUEST,539.66,INR,SUCCESS,PayFlow,RF_00000537,CUST_004125
REF_000538,ORD_015911,PAY_013125,2025-11-04T03:45:18,FULL,RETURNED_ORDER,2569.33,INR,SUCCESS,PayFlow,RF_00000538,CUST_006339
REF_000539,ORD_015983,PAY_013184,2025-10-20T03:58:33,FULL,RETURNED_ORDER,294.94,INR,SUCCESS,PayFlow,RF_00000539,CUST_004751
REF_000540,ORD_015993,,2025-10-22T22:12:36,FULL,RETURNED_ORDER,260.60,INR,SUCCESS,,,CUST_004390
REF_000541,ORD_016025,PAY_013214,2025-11-06T11:16:39,FULL,RETURNED_ORDER,363.91,INR,SUCCESS,PayFlow,RF_00000541,CUST_000331
REF_000542,ORD_016064,PAY_013248,2025-10-09T05:11:03,FULL,RETURNED_ORDER,354.00,INR,SUCCESS,PayFlow,RF_00000542,CUST_001579
REF_000543,ORD_016070,PAY_013252,2025-10-30T19:56:38,FULL,CUSTOMER_REQUEST,420.08,INR,SUCCESS,PayFlow,RF_00000543,CUST_007389
REF_000544,ORD_016071,,2025-10-23T06:15:07,FULL,RETURNED_ORDER,4532.38,INR,SUCCESS,,,CUST_002946
REF_000545,ORD_016082,PAY_013261,2025-10-16T05:27:41,FULL,RETURNED_ORDER,283.08,INR,SUCCESS,PayFlow,RF_00000545,CUST_000103
REF_000546,ORD_016098,PAY_013271,2025-10-08T15:13:10,FULL,CUSTOMER_REQUEST,1231.51,INR,SUCCESS,PayFlow,RF_00000546,CUST_003920
REF_000547,ORD_016119,PAY_013288,2025-10-08T23:45:13,FULL,CUSTOMER_REQUEST,524.75,INR,SUCCESS,PayFlow,RF_00000547,CUST_007115
REF_000548,ORD_016135,PAY_013302,2025-10-18T11:33:00,FULL,RETURNED_ORDER,383.50,INR,SUCCESS,PayFlow,RF_00000548,CUST_000987
REF_000549,ORD_016164,PAY_013329,2025-11-04T06:43:43,PARTIAL,CUSTOMER_REQUEST,243.17,INR,SUCCESS,PayFlow,RF_00000549,CUST_001924
REF_000550,ORD_016170,PAY_013334,2025-10-20T06:11:44,FULL,RETURNED_ORDER,601.91,INR,SUCCESS,PayFlow,RF_00000550,CUST_004201
REF_000551,ORD_016215,PAY_013371,2025-10-14T03:35:14,FULL,CUSTOMER_REQUEST,1709.53,INR,SUCCESS,PayFlow,RF_00000551,CUST_003746
REF_000552,ORD_016243,PAY_013392,2025-11-05T06:22:20,FULL,RETURNED_ORDER,4362.93,INR,SUCCESS,PayFlow,RF_00000552,CUST_006330
REF_000553,ORD_016255,PAY_013403,2025-10-15T17:13:04,FULL,CUSTOMER_REQUEST,1381.78,INR,SUCCESS,PayFlow,RF_00000553,CUST_002215
REF_000554,ORD_016280,PAY_013418,2025-11-02T06:27:14,FULL,RETURNED_ORDER,1095.04,INR,SUCCESS,PayFlow,RF_00000554,CUST_007792
REF_000555,ORD_016352,PAY_013479,2025-11-05T00:19:46,PARTIAL,CUSTOMER_REQUEST,118.72,INR,SUCCESS,PayFlow,RF_00000555,CUST_001954
REF_000556,ORD_016364,PAY_013490,2025-10-31T05:35:45,FULL,RETURNED_ORDER,1295.88,INR,SUCCESS,PayFlow,RF_00000556,CUST_008024
REF_000557,ORD_016366,PAY_013492,2025-10-22T15:48:06,FULL,RETURNED_ORDER,1709.53,INR,SUCCESS,PayFlow,RF_00000557,CUST_004316
REF_000558,ORD_016463,PAY_013575,2025-10-07T22:33:30,FULL,CUSTOMER_REQUEST,577.02,INR,SUCCESS,PayFlow,RF_00000558,CUST_005051
REF_000559,ORD_016525,PAY_013622,2025-11-04T06:14:46,FULL,RETURNED_ORDER,318.60,INR,SUCCESS,PayFlow,RF_00000559,CUST_003529
REF_000560,ORD_016543,PAY_013638,2025-10-24T21:09:09,FULL,CUSTOMER_REQUEST,1123.36,INR,SUCCESS,PayFlow,RF_00000560,CUST_000925
REF_000561,ORD_016546,PAY_013641,2025-10-22T02:18:37,PARTIAL,CUSTOMER_REQUEST,400.68,INR,SUCCESS,PayFlow,RF_00000561,CUST_002702
REF_000562,ORD_016548,PAY_013643,2025-10-30T01:17:47,FULL,CUSTOMER_REQUEST,283.08,INR,SUCCESS,PayFlow,RF_00000562,CUST_001790
REF_000563,ORD_016598,PAY_013690,2025-10-23T06:08:59,FULL,CUSTOMER_REQUEST,3068.41,INR,SUCCESS,PayFlow,RF_00000563,CUST_008065
REF_000564,ORD_016694,PAY_013772,2025-10-23T19:52:41,FULL,RETURNED_ORDER,377.78,INR,SUCCESS,PayFlow,RF_00000564,CUST_004289
REF_000565,ORD_016699,PAY_013777,2025-10-19T08:53:18,FULL,RETURNED_ORDER,2077.72,INR,SUCCESS,PayFlow,RF_00000565,CUST_005454
REF_000566,ORD_016705,,2025-11-09T00:06:20,FULL,RETURNED_ORDER,356.01,INR,SUCCESS,,,CUST_006448
REF_000567,ORD_016721,,2025-10-26T01:19:34,FULL,RETURNED_ORDER,664.34,INR,SUCCESS,,,CUST_008208
REF_000568,ORD_016723,PAY_013793,2025-10-16T09:39:59,FULL,RETURNED_ORDER,294.94,INR,SUCCESS,PayFlow,RF_00000568,CUST_006359
REF_000569,ORD_016724,PAY_013794,2025-10-11T11:42:41,FULL,RETURNED_ORDER,1757.02,INR,SUCCESS,PayFlow,RF_00000569,CUST_008181
REF_000570,ORD_016761,PAY_013822,2025-11-05T21:35:31,FULL,RETURNED_ORDER,498.67,INR,SUCCESS,PayFlow,RF_00000570,CUST_005417
REF_000571,ORD_016809,PAY_013864,2025-10-19T00:28:11,FULL,CUSTOMER_REQUEST,690.10,INR,SUCCESS,PayFlow,RF_00000571,CUST_005090
REF_000572,ORD_016834,PAY_013884,2025-10-26T02:22:31,FULL,RETURNED_ORDER,1273.46,INR,SUCCESS,PayFlow,RF_00000572,CUST_001189
REF_000573,ORD_016841,PAY_013890,2025-10-03T00:30:50,FULL,CUSTOMER_REQUEST,799.76,INR,SUCCESS,PayFlow,RF_00000573,CUST_000906
REF_000574,ORD_016851,PAY_013899,2025-11-10T02:08:49,FULL,RETURNED_ORDER,701.90,INR,SUCCESS,PayFlow,RF_00000574,CUST_004272
REF_000575,ORD_016879,PAY_013926,2025-10-12T09:04:43,FULL,RETURNED_ORDER,2046.47,INR,SUCCESS,PayFlow,RF_00000575,CUST_002518
REF_000576,ORD_016916,,2025-10-14T03:28:54,FULL,RETURNED_ORDER,3228.48,INR,SUCCESS,,,CUST_003810
REF_000577,ORD_016926,,2025-10-21T07:18:32,FULL,RETURNED_ORDER,1730.00,INR,SUCCESS,,,CUST_007198
REF_000578,ORD_016942,PAY_013975,2025-11-03T17:36:34,FULL,RETURNED_ORDER,611.76,INR,SUCCESS,PayFlow,RF_00000578,CUST_002460
REF_000579,ORD_016957,PAY_013987,2025-11-07T09:14:55,FULL,RETURNED_ORDER,283.08,INR,SUCCESS,PayFlow,RF_00000579,CUST_000080
REF_000580,ORD_016964,PAY_013993,2025-11-06T10:04:41,FULL,RETURNED_ORDER,623.39,INR,SUCCESS,PayFlow,RF_00000580,CUST_001026
REF_000581,ORD_016984,PAY_014011,2025-11-06T10:58:11,FULL,RETURNED_ORDER,1222.48,INR,SUCCESS,PayFlow,RF_00000581,CUST_004374
REF_000582,ORD_017052,PAY_014072,2025-10-14T13:58:14,FULL,RETURNED_ORDER,5208.05,INR,SUCCESS,PayFlow,RF_00000582,CUST_006424
REF_000583,ORD_017067,PAY_014085,2025-11-02T17:05:32,FULL,RETURNED_ORDER,379.61,INR,SUCCESS,PayFlow,RF_00000583,CUST_005786
REF_000584,ORD_017097,PAY_014107,2025-10-24T00:47:00,FULL,CUSTOMER_REQUEST,283.08,INR,SUCCESS,PayFlow,RF_00000584,CUST_003470
REF_000585,ORD_017132,PAY_014137,2025-10-16T04:53:40,FULL,CUSTOMER_REQUEST,1429.28,INR,SUCCESS,PayFlow,RF_00000585,CUST_004527
REF_000586,ORD_017164,PAY_014161,2025-11-02T00:07:26,FULL,RETURNED_ORDER,323.86,INR,SUCCESS,PayFlow,RF_00000586,CUST_008372
REF_000587,ORD_017302,PAY_014273,2025-10-16T05:04:59,FULL,CUSTOMER_REQUEST,1224.25,INR,SUCCESS,PayFlow,RF_00000587,CUST_007738
REF_000588,ORD_017332,PAY_014296,2025-10-10T06:40:48,PARTIAL,CUSTOMER_REQUEST,567.52,INR,SUCCESS,PayFlow,RF_00000588,CUST_003726
REF_000589,ORD_017339,PAY_014302,2025-11-09T13:41:48,FULL,RETURNED_ORDER,638.47,INR,SUCCESS,PayFlow,RF_00000589,CUST_008019
REF_000590,ORD_017340,,2025-11-02T00:06:38,FULL,RETURNED_ORDER,524.63,INR,SUCCESS,,,CUST_000798
REF_000591,ORD_017372,PAY_014326,2025-10-31T17:05:43,FULL,CUSTOMER_REQUEST,2562.96,INR,SUCCESS,PayFlow,RF_00000591,CUST_007761
REF_000592,ORD_017385,PAY_014336,2025-10-02T19:15:34,FULL,CUSTOMER_REQUEST,383.50,INR,SUCCESS,PayFlow,RF_00000592,CUST_006346
REF_000593,ORD_017486,PAY_014420,2025-10-10T12:11:09,FULL,CUSTOMER_REQUEST,1618.40,INR,SUCCESS,PayFlow,RF_00000593,CUST_001853
REF_000594,ORD_017551,PAY_014478,2025-10-23T11:53:42,FULL,RETURNED_ORDER,580.09,INR,SUCCESS,PayFlow,RF_00000594,CUST_005773
REF_000595,ORD_017598,PAY_014517,2025-11-03T22:41:52,PARTIAL,CUSTOMER_REQUEST,76.68,INR,SUCCESS,PayFlow,RF_00000595,CUST_007862
REF_000596,ORD_017612,PAY_014529,2025-10-13T03:21:56,FULL,CUSTOMER_REQUEST,2861.09,INR,SUCCESS,PayFlow,RF_00000596,CUST_003930
REF_000597,ORD_017720,PAY_014619,2025-10-25T03:57:12,FULL,RETURNED_ORDER,1343.23,INR,SUCCESS,PayFlow,RF_00000597,CUST_004497
REF_000598,ORD_017740,,2025-11-08T08:46:00,FULL,RETURNED_ORDER,1566.04,INR,SUCCESS,,,CUST_006728
REF_000599,ORD_017742,,2025-10-12T03:58:01,FULL,RETURNED_ORDER,434.24,INR,SUCCESS,,,CUST_006530
REF_000600,ORD_017762,PAY_014653,2025-10-25T03:11:16,FULL,CUSTOMER_REQUEST,960.52,INR,SUCCESS,PayFlow,RF_00000600,CUST_005681
REF_000601,ORD_017821,PAY_014702,2025-11-04T05:56:59,FULL,RETURNED_ORDER,704.46,INR,SUCCESS,PayFlow,RF_00000601,CUST_006752
REF_000602,ORD_017889,PAY_014755,2025-10-09T04:13:23,FULL,RETURNED_ORDER,1620.62,INR,SUCCESS,PayFlow,RF_00000602,CUST_003242
REF_000603,ORD_017899,PAY_014765,2025-10-18T04:35:32,FULL,CUSTOMER_REQUEST,5474.37,INR,SUCCESS,PayFlow,RF_00000603,CUST_006219
REF_000604,ORD_017908,PAY_014773,2025-11-03T22:45:49,FULL,RETURNED_ORDER,259.42,INR,SUCCESS,PayFlow,RF_00000604,CUST_007974
REF_000605,ORD_017934,PAY_014796,2025-10-25T20:14:39,FULL,RETURNED_ORDER,1437.24,INR,SUCCESS,PayFlow,RF_00000605,CUST_002455
REF_000606,ORD_017940,PAY_014802,2025-10-25T08:14:22,FULL,RETURNED_ORDER,271.22,INR,SUCCESS,PayFlow,RF_00000606,CUST_002238
REF_000607,ORD_017970,PAY_014825,2025-10-19T18:57:35,PARTIAL,CUSTOMER_REQUEST,312.44,INR,SUCCESS,PayFlow,RF_00000607,CUST_004214
REF_000608,ORD_018055,PAY_014897,2025-10-06T09:42:28,FULL,RETURNED_ORDER,295.00,INR,SUCCESS,PayFlow,RF_00000608,CUST_001147
REF_000609,ORD_018096,PAY_014930,2025-10-11T21:47:04,FULL,RETURNED_ORDER,668.77,INR,SUCCESS,PayFlow,RF_00000609,CUST_007178
REF_000610,ORD_018097,PAY_014931,2025-10-15T00:58:01,FULL,CUSTOMER_REQUEST,2483.46,INR,SUCCESS,PayFlow,RF_00000610,CUST_001509
REF_000611,ORD_018108,PAY_014941,2025-10-27T20:21:14,FULL,CUSTOMER_REQUEST,306.80,INR,SUCCESS,PayFlow,RF_00000611,CUST_007111
REF_000612,ORD_018117,PAY_014949,2025-11-11T12:28:43,FULL,RETURNED_ORDER,1123.24,INR,SUCCESS,PayFlow,RF_00000612,CUST_007510
REF_000613,ORD_018122,PAY_014953,2025-10-22T22:47:25,FULL,RETURNED_ORDER,966.42,INR,SUCCESS,PayFlow,RF_00000613,CUST_001660
REF_000614,ORD_018123,PAY_014954,2025-10-14T16:36:30,FULL,RETURNED_ORDER,1098.58,INR,SUCCESS,PayFlow,RF_00000614,CUST_005620
REF_000615,ORD_018128,PAY_014958,2025-11-04T06:57:10,FULL,RETURNED_ORDER,2677.42,INR,SUCCESS,PayFlow,RF_00000615,CUST_003015
REF_000616,ORD_018163,PAY_014990,2025-10-07T22:07:25,PARTIAL,CUSTOMER_REQUEST,187.17,INR,SUCCESS,PayFlow,RF_00000616,CUST_003875
REF_000617,ORD_018180,PAY_015004,2025-10-15T19:34:22,FULL,RETURNED_ORDER,2124.30,INR,SUCCESS,PayFlow,RF_00000617,CUST_007853
REF_000618,ORD_018191,PAY_015014,2025-11-11T10:03:39,FULL,RETURNED_ORDER,1146.96,INR,SUCCESS,PayFlow,RF_00000618,CUST_003630
REF_000619,ORD_018216,PAY_015034,2025-10-12T18:23:35,FULL,RETURNED_ORDER,1093.68,INR,SUCCESS,PayFlow,RF_00000619,CUST_006739
REF_000620,ORD_018222,PAY_015038,2025-11-06T10:26:07,FULL,RETURNED_ORDER,596.02,INR,SUCCESS,PayFlow,RF_00000620,CUST_002030
REF_000621,ORD_018233,PAY_015049,2025-10-11T06:06:55,FULL,RETURNED_ORDER,1005.66,INR,SUCCESS,PayFlow,RF_00000621,CUST_006424
REF_000622,ORD_018249,PAY_015063,2025-11-05T05:45:18,FULL,RETURNED_ORDER,402.38,INR,SUCCESS,PayFlow,RF_00000622,CUST_007602
REF_000623,ORD_018262,PAY_015072,2025-11-04T01:24:20,FULL,CUSTOMER_REQUEST,350.99,INR,SUCCESS,PayFlow,RF_00000623,CUST_005143
REF_000624,ORD_018268,PAY_015077,2025-10-14T22:44:23,FULL,CUSTOMER_REQUEST,324.38,INR,SUCCESS,PayFlow,RF_00000624,CUST_002152
REF_000625,ORD_018356,PAY_015146,2025-10-25T02:47:44,FULL,CUSTOMER_REQUEST,1495.05,INR,SUCCESS,PayFlow,RF_00000625,CUST_007639
REF_000626,ORD_018441,,2025-10-19T06:17:58,FULL,RETURNED_ORDER,336.18,INR,SUCCESS,,,CUST_001832
REF_000627,ORD_018500,PAY_015264,2025-11-11T08:11:08,FULL,RETURNED_ORDER,2185.43,INR,SUCCESS,PayFlow,RF_00000627,CUST_006566
REF_000628,ORD_018517,PAY_015276,2025-10-23T01:42:52,PARTIAL,CUSTOMER_REQUEST,214.05,INR,SUCCESS,PayFlow,RF_00000628,CUST_007051
REF_000629,ORD_018545,PAY_015301,2025-11-04T06:04:58,FULL,RETURNED_ORDER,3021.03,INR,SUCCESS,PayFlow,RF_00000629,CUST_005884
REF_000630,ORD_018574,PAY_015327,2025-10-20T23:38:34,FULL,CUSTOMER_REQUEST,982.00,INR,SUCCESS,PayFlow,RF_00000630,CUST_006888
REF_000631,ORD_018581,PAY_015332,2025-11-09T12:52:57,FULL,RETURNED_ORDER,339.19,INR,SUCCESS,PayFlow,RF_00000631,CUST_006952
REF_000632,ORD_018612,PAY_015360,2025-11-03T02:33:12,FULL,CUSTOMER_REQUEST,483.80,INR,SUCCESS,PayFlow,RF_00000632,CUST_000167
REF_000633,ORD_018626,PAY_015371,2025-10-23T03:45:57,FULL,RETURNED_ORDER,966.42,INR,SUCCESS,PayFlow,RF_00000633,CUST_001490
REF_000634,ORD_018630,PAY_015375,2025-10-31T19:46:04,PARTIAL,CUSTOMER_REQUEST,137.66,INR,SUCCESS,PayFlow,RF_00000634,CUST_006093
REF_000635,ORD_018664,PAY_015406,2025-10-30T05:22:50,FULL,RETURNED_ORDER,3988.52,INR,SUCCESS,PayFlow,RF_00000635,CUST_006520
REF_000636,ORD_018674,PAY_015414,2025-10-19T09:52:46,FULL,RETURNED_ORDER,1005.36,INR,SUCCESS,PayFlow,RF_00000636,CUST_004764
REF_000637,ORD_018682,PAY_015421,2025-10-08T09:49:56,FULL,RETURNED_ORDER,2287.96,INR,SUCCESS,PayFlow,RF_00000637,CUST_005576
REF_000638,ORD_018746,PAY_015473,2025-10-18T14:06:07,FULL,RETURNED_ORDER,3697.12,INR,SUCCESS,PayFlow,RF_00000638,CUST_003493
REF_000639,ORD_018787,PAY_015506,2025-11-05T01:00:48,FULL,RETURNED_ORDER,701.90,INR,SUCCESS,PayFlow,RF_00000639,CUST_008051
REF_000640,ORD_018791,PAY_015510,2025-10-25T23:36:49,FULL,CUSTOMER_REQUEST,619.26,INR,SUCCESS,PayFlow,RF_00000640,CUST_007547
REF_000641,ORD_018812,,2025-10-25T04:20:55,FULL,RETURNED_ORDER,336.93,INR,SUCCESS,,,CUST_002914
REF_000642,ORD_018816,,2025-10-30T00:56:38,FULL,RETURNED_ORDER,356.01,INR,SUCCESS,,,CUST_000490
REF_000643,ORD_018860,PAY_015568,2025-11-04T18:13:11,FULL,RETURNED_ORDER,1289.74,INR,SUCCESS,PayFlow,RF_00000643,CUST_005985
REF_000644,ORD_018882,PAY_015590,2025-11-07T06:02:21,FULL,RETURNED_ORDER,3087.70,INR,SUCCESS,PayFlow,RF_00000644,CUST_005794
REF_000645,ORD_018884,PAY_015592,2025-10-24T14:59:42,FULL,CUSTOMER_REQUEST,1034.03,INR,SUCCESS,PayFlow,RF_00000645,CUST_000460
REF_000646,ORD_018973,,2025-11-12T11:48:48,FULL,RETURNED_ORDER,774.08,INR,SUCCESS,,,CUST_006649
REF_000647,ORD_018979,PAY_015667,2025-10-25T16:15:36,FULL,RETURNED_ORDER,788.18,INR,SUCCESS,PayFlow,RF_00000647,CUST_005899
REF_000648,ORD_019070,PAY_015741,2025-10-08T16:12:17,PARTIAL,CUSTOMER_REQUEST,433.18,INR,SUCCESS,PayFlow,RF_00000648,CUST_000327
REF_000649,ORD_019073,PAY_015742,2025-10-31T18:26:32,PARTIAL,CUSTOMER_REQUEST,1015.17,INR,SUCCESS,PayFlow,RF_00000649,CUST_001884
REF_000650,ORD_019120,,2025-11-01T12:20:42,FULL,RETURNED_ORDER,729.43,INR,SUCCESS,,,CUST_001974
REF_000651,ORD_019128,PAY_015782,2025-10-10T20:43:42,FULL,CUSTOMER_REQUEST,1566.04,INR,SUCCESS,PayFlow,RF_00000651,CUST_006373
REF_000652,ORD_019135,PAY_015789,2025-10-13T23:02:06,FULL,RETURNED_ORDER,708.54,INR,SUCCESS,PayFlow,RF_00000652,CUST_004760
REF_000653,ORD_019168,PAY_015814,2025-11-06T04:40:10,FULL,RETURNED_ORDER,743.87,INR,SUCCESS,PayFlow,RF_00000653,CUST_007855
REF_000654,ORD_019172,PAY_015818,2025-10-30T01:04:24,FULL,RETURNED_ORDER,341.09,INR,SUCCESS,PayFlow,RF_00000654,CUST_007259
REF_000655,ORD_019174,,2025-10-29T09:25:31,FULL,RETURNED_ORDER,2183.00,INR,SUCCESS,,,CUST_006142
REF_000656,ORD_019199,,2025-10-20T10:09:38,FULL,RETURNED_ORDER,259.42,INR,SUCCESS,,,CUST_004428
REF_000657,ORD_019326,PAY_015941,2025-10-11T01:01:37,FULL,CUSTOMER_REQUEST,799.98,INR,SUCCESS,PayFlow,RF_00000657,CUST_007422
REF_000658,ORD_019337,PAY_015952,2025-10-28T02:59:49,FULL,CUSTOMER_REQUEST,628.05,INR,SUCCESS,PayFlow,RF_00000658,CUST_000715
REF_000659,ORD_019354,PAY_015967,2025-10-20T10:51:35,FULL,RETURNED_ORDER,2279.55,INR,SUCCESS,PayFlow,RF_00000659,CUST_008267
REF_000660,ORD_019367,PAY_015976,2025-11-01T11:17:51,FULL,CUSTOMER_REQUEST,309.57,INR,SUCCESS,PayFlow,RF_00000660,CUST_002510
REF_000661,ORD_019450,PAY_016038,2025-10-28T14:17:53,FULL,CUSTOMER_REQUEST,552.25,INR,SUCCESS,PayFlow,RF_00000661,CUST_006906
REF_000662,ORD_019479,PAY_016060,2025-10-11T06:49:50,FULL,RETURNED_ORDER,294.94,INR,SUCCESS,PayFlow,RF_00000662,CUST_000965
REF_000663,ORD_019496,PAY_016073,2025-10-30T10:46:54,FULL,RETURNED_ORDER,354.00,INR,SUCCESS,PayFlow,RF_00000663,CUST_001807
REF_000664,ORD_019544,PAY_016114,2025-10-25T01:59:30,FULL,CUSTOMER_REQUEST,2502.78,INR,SUCCESS,PayFlow,RF_00000664,CUST_001626
REF_000665,ORD_019557,PAY_016127,2025-10-12T14:54:31,FULL,RETURNED_ORDER,318.60,INR,SUCCESS,PayFlow,RF_00000665,CUST_000481
REF_000666,ORD_019577,PAY_016141,2025-11-12T07:30:41,FULL,RETURNED_ORDER,415.42,INR,SUCCESS,PayFlow,RF_00000666,CUST_003440
REF_000667,ORD_019583,PAY_016145,2025-11-06T20:46:52,FULL,RETURNED_ORDER,1063.36,INR,SUCCESS,PayFlow,RF_00000667,CUST_003837
REF_000668,ORD_019585,PAY_016147,2025-10-28T03:58:09,FULL,RETURNED_ORDER,4120.80,INR,SUCCESS,PayFlow,RF_00000668,CUST_000304
REF_000669,ORD_019594,PAY_016155,2025-10-19T15:38:26,FULL,RETURNED_ORDER,799.98,INR,SUCCESS,PayFlow,RF_00000669,CUST_006141
REF_000670,ORD_019608,PAY_016168,2025-10-28T09:22:16,FULL,RETURNED_ORDER,540.56,INR,SUCCESS,PayFlow,RF_00000670,CUST_007720
REF_000671,ORD_019621,PAY_016180,2025-10-14T13:38:56,FULL,RETURNED_ORDER,1080.76,INR,SUCCESS,PayFlow,RF_00000671,CUST_001998
REF_000672,ORD_019685,PAY_016236,2025-10-25T19:53:04,FULL,RETURNED_ORDER,795.22,INR,SUCCESS,PayFlow,RF_00000672,CUST_002888
REF_000673,ORD_019690,PAY_016240,2025-10-08T01:24:45,FULL,CUSTOMER_REQUEST,2597.18,INR,SUCCESS,PayFlow,RF_00000673,CUST_005236
REF_000674,ORD_019724,,2025-10-17T05:13:02,FULL,RETURNED_ORDER,951.06,INR,SUCCESS,,,CUST_004429
REF_000675,ORD_019744,,2025-11-10T18:58:52,FULL,RETURNED_ORDER,4269.89,INR,SUCCESS,,,CUST_003703
REF_000676,ORD_019748,PAY_016289,2025-11-02T19:34:39,FULL,CUSTOMER_REQUEST,1225.25,INR,SUCCESS,PayFlow,RF_00000676,CUST_001856
REF_000677,ORD_019802,PAY_016332,2025-10-13T18:50:58,FULL,RETURNED_ORDER,373.94,INR,SUCCESS,PayFlow,RF_00000677,CUST_000365
REF_000678,ORD_019851,PAY_016377,2025-10-31T09:22:26,FULL,RETURNED_ORDER,2306.90,INR,SUCCESS,PayFlow,RF_00000678,CUST_001560
REF_000679,ORD_019856,PAY_016382,2025-10-27T03:39:28,FULL,RETURNED_ORDER,2091.04,INR,SUCCESS,PayFlow,RF_00000679,CUST_003915
REF_000680,ORD_019859,PAY_016385,2025-10-14T08:31:09,FULL,RETURNED_ORDER,357.30,INR,SUCCESS,PayFlow,RF_00000680,CUST_000249
REF_000681,ORD_019872,PAY_016396,2025-10-27T15:57:07,FULL,RETURNED_ORDER,2302.37,INR,SUCCESS,PayFlow,RF_00000681,CUST_002462
REF_000682,ORD_019960,PAY_016467,2025-10-09T19:05:25,PARTIAL,CUSTOMER_REQUEST,233.70,INR,SUCCESS,PayFlow,RF_00000682,CUST_000902
REF_000683,ORD_019964,PAY_016471,2025-10-15T20:26:51,FULL,RETURNED_ORDER,342.33,INR,SUCCESS,PayFlow,RF_00000683,CUST_001651
REF_000684,ORD_019971,PAY_016477,2025-11-05T14:24:04,FULL,RETURNED_ORDER,580.27,INR,SUCCESS,PayFlow,RF_00000684,CUST_001381
REF_000685,ORD_020039,,2025-10-16T04:38:50,FULL,RETURNED_ORDER,779.98,INR,SUCCESS,,,CUST_000056
REF_000686,ORD_020040,PAY_016530,2025-11-01T14:18:12,FULL,RETURNED_ORDER,395.30,INR,SUCCESS,PayFlow,RF_00000686,CUST_001473
REF_000687,ORD_020065,PAY_016551,2025-10-30T20:36:35,FULL,CUSTOMER_REQUEST,2542.43,INR,SUCCESS,PayFlow,RF_00000687,CUST_005939
REF_000688,ORD_020068,PAY_016554,2025-10-25T13:49:27,FULL,RETURNED_ORDER,837.80,INR,SUCCESS,PayFlow,RF_00000688,CUST_005715
REF_000689,ORD_020105,PAY_016585,2025-10-11T10:47:32,FULL,RETURNED_ORDER,579.38,INR,SUCCESS,PayFlow,RF_00000689,CUST_001717
REF_000690,ORD_020120,PAY_016596,2025-11-08T15:51:57,FULL,RETURNED_ORDER,484.94,INR,SUCCESS,PayFlow,RF_00000690,CUST_002577
REF_000691,ORD_020226,PAY_016686,2025-10-28T00:19:42,PARTIAL,CUSTOMER_REQUEST,2064.67,INR,SUCCESS,PayFlow,RF_00000691,CUST_004212
REF_000692,ORD_020270,PAY_016725,2025-10-29T02:47:00,FULL,RETURNED_ORDER,1070.26,INR,SUCCESS,PayFlow,RF_00000692,CUST_002321
REF_000693,ORD_020279,PAY_016732,2025-10-11T03:36:40,FULL,CUSTOMER_REQUEST,2683.32,INR,SUCCESS,PayFlow,RF_00000693,CUST_006724
REF_000694,ORD_020288,PAY_016740,2025-10-26T09:39:59,FULL,RETURNED_ORDER,377.78,INR,SUCCESS,PayFlow,RF_00000694,CUST_005393
REF_000695,ORD_020334,PAY_016774,2025-10-20T03:32:12,FULL,RETURNED_ORDER,350.99,INR,SUCCESS,PayFlow,RF_00000695,CUST_003417
REF_000696,ORD_020338,,2025-11-05T05:15:16,FULL,RETURNED_ORDER,283.14,INR,SUCCESS,,,CUST_006907
REF_000697,ORD_020412,PAY_016834,2025-11-09T22:57:43,FULL,RETURNED_ORDER,306.80,INR,SUCCESS,PayFlow,RF_00000697,CUST_002577
REF_000698,ORD_020418,PAY_016840,2025-10-20T23:32:40,FULL,CUSTOMER_REQUEST,294.94,INR,SUCCESS,PayFlow,RF_00000698,CUST_006913
REF_000699,ORD_020513,PAY_016923,2025-10-31T05:21:13,PARTIAL,CUSTOMER_REQUEST,128.83,INR,SUCCESS,PayFlow,RF_00000699,CUST_005465
REF_000700,ORD_020529,,2025-11-07T09:52:05,FULL,RETURNED_ORDER,1167.14,INR,SUCCESS,,,CUST_003885
REF_000701,ORD_020570,,2025-10-12T00:59:58,FULL,RETURNED_ORDER,2175.86,INR,SUCCESS,,,CUST_006475
REF_000702,ORD_020616,,2025-11-10T06:04:34,FULL,RETURNED_ORDER,1951.84,INR,SUCCESS,,,CUST_004911
REF_000703,ORD_020635,PAY_017026,2025-11-03T06:05:28,FULL,RETURNED_ORDER,1120.65,INR,SUCCESS,PayFlow,RF_00000703,CUST_007974
REF_000704,ORD_020651,PAY_017040,2025-10-31T02:26:57,FULL,RETURNED_ORDER,1122.54,INR,SUCCESS,PayFlow,RF_00000704,CUST_006799
REF_000705,ORD_020690,PAY_017069,2025-11-06T10:11:47,FULL,RETURNED_ORDER,294.94,INR,SUCCESS,PayFlow,RF_00000705,CUST_003544
REF_000706,ORD_020694,PAY_017073,2025-10-22T03:27:01,FULL,RETURNED_ORDER,2400.06,INR,SUCCESS,PayFlow,RF_00000706,CUST_007034
REF_000707,ORD_020716,PAY_017089,2025-10-22T20:26:31,FULL,CUSTOMER_REQUEST,2467.32,INR,SUCCESS,PayFlow,RF_00000707,CUST_000864
REF_000708,ORD_020781,PAY_017145,2025-10-16T03:12:12,FULL,RETURNED_ORDER,712.90,INR,SUCCESS,PayFlow,RF_00000708,CUST_003617
REF_000709,ORD_020786,PAY_017149,2025-10-17T21:42:02,FULL,RETURNED_ORDER,1228.45,INR,SUCCESS,PayFlow,RF_00000709,CUST_000117
REF_000710,ORD_020795,PAY_017156,2025-10-10T00:32:55,FULL,CUSTOMER_REQUEST,283.14,INR,SUCCESS,PayFlow,RF_00000710,CUST_002858
REF_000711,ORD_020815,PAY_017175,2025-10-06T21:36:44,FULL,CUSTOMER_REQUEST,2656.77,INR,SUCCESS,PayFlow,RF_00000711,CUST_003651
REF_000712,ORD_020893,PAY_017240,2025-11-09T07:51:40,FULL,RETURNED_ORDER,363.91,INR,SUCCESS,PayFlow,RF_00000712,CUST_006258
REF_000713,ORD_020936,PAY_017272,2025-10-18T23:06:57,FULL,CUSTOMER_REQUEST,743.87,INR,SUCCESS,PayFlow,RF_00000713,CUST_005041
REF_000714,ORD_020944,PAY_017279,2025-10-29T07:21:15,FULL,RETURNED_ORDER,4095.78,INR,SUCCESS,PayFlow,RF_00000714,CUST_008203
REF_000715,ORD_020967,PAY_017301,2025-10-22T05:18:44,FULL,RETURNED_ORDER,1028.96,INR,SUCCESS,PayFlow,RF_00000715,CUST_005073
REF_000716,ORD_020972,,2025-11-01T13:26:41,FULL,RETURNED_ORDER,904.18,INR,SUCCESS,,,CUST_002762
REF_000717,ORD_021051,,2025-10-28T07:44:28,FULL,RETURNED_ORDER,546.34,INR,SUCCESS,,,CUST_001266
REF_000718,ORD_021054,PAY_017369,2025-10-24T22:59:04,PARTIAL,CUSTOMER_REQUEST,283.65,INR,SUCCESS,PayFlow,RF_00000718,CUST_000166
REF_000719,ORD_021064,PAY_017377,2025-10-30T19:58:38,FULL,RETURNED_ORDER,490.88,INR,SUCCESS,PayFlow,RF_00000719,CUST_001358
REF_000720,ORD_021075,PAY_017385,2025-10-11T02:51:27,PARTIAL,CUSTOMER_REQUEST,699.50,INR,SUCCESS,PayFlow,RF_00000720,CUST_003100
REF_000721,ORD_021078,PAY_017388,2025-10-19T07:03:25,FULL,RETURNED_ORDER,318.60,INR,SUCCESS,PayFlow,RF_00000721,CUST_006376
REF_000722,ORD_021104,PAY_017410,2025-10-14T18:26:17,FULL,RETURNED_ORDER,283.02,INR,SUCCESS,PayFlow,RF_00000722,CUST_005876
REF_000723,ORD_021113,,2025-11-12T05:00:13,FULL,RETURNED_ORDER,741.23,INR,SUCCESS,,,CUST_003895
REF_000724,ORD_021133,PAY_017435,2025-10-10T20:55:46,FULL,CUSTOMER_REQUEST,527.46,INR,SUCCESS,PayFlow,RF_00000724,CUST_008486
REF_000725,ORD_021154,PAY_017455,2025-10-22T18:52:19,FULL,CUSTOMER_REQUEST,2376.52,INR,SUCCESS,PayFlow,RF_00000725,CUST_003341
REF_000726,ORD_021203,PAY_017498,2025-11-06T00:01:47,FULL,RETURNED_ORDER,1936.38,INR,SUCCESS,PayFlow,RF_00000726,CUST_004045
REF_000727,ORD_021211,PAY_017505,2025-10-09T07:19:58,FULL,CUSTOMER_REQUEST,639.09,INR,SUCCESS,PayFlow,RF_00000727,CUST_001616
REF_000728,ORD_021215,,2025-11-09T09:07:10,FULL,RETURNED_ORDER,1066.72,INR,SUCCESS,,,CUST_006659
REF_000729,ORD_021216,,2025-11-01T07:07:06,FULL,RETURNED_ORDER,754.02,INR,SUCCESS,,,CUST_007516
REF_000730,ORD_021217,PAY_017509,2025-11-02T15:52:40,FULL,CUSTOMER_REQUEST,504.69,INR,SUCCESS,PayFlow,RF_00000730,CUST_001670
REF_000731,ORD_021260,PAY_017544,2025-11-10T11:46:54,FULL,RETURNED_ORDER,558.14,INR,SUCCESS,PayFlow,RF_00000731,CUST_008264
REF_000732,ORD_021312,PAY_017583,2025-10-10T10:00:51,FULL,RETURNED_ORDER,990.02,INR,SUCCESS,PayFlow,RF_00000732,CUST_007007
REF_000733,ORD_021317,PAY_017587,2025-10-12T18:44:54,FULL,CUSTOMER_REQUEST,957.98,INR,SUCCESS,PayFlow,RF_00000733,CUST_003879
REF_000734,ORD_021341,PAY_017610,2025-10-27T17:20:33,FULL,RETURNED_ORDER,859.63,INR,SUCCESS,PayFlow,RF_00000734,CUST_006217
REF_000735,ORD_021355,PAY_017622,2025-10-12T19:37:27,FULL,RETURNED_ORDER,937.52,INR,SUCCESS,PayFlow,RF_00000735,CUST_003719
REF_000736,ORD_021371,PAY_017636,2025-10-06T01:03:12,FULL,CUSTOMER_REQUEST,920.40,INR,SUCCESS,PayFlow,RF_00000736,CUST_003564
REF_000737,ORD_021372,PAY_017637,2025-11-03T06:34:17,FULL,RETURNED_ORDER,1222.48,INR,SUCCESS,PayFlow,RF_00000737,CUST_002488
REF_000738,ORD_021426,PAY_017684,2025-10-19T05:23:39,FULL,RETURNED_ORDER,371.70,INR,SUCCESS,PayFlow,RF_00000738,CUST_008474
REF_000739,ORD_021445,PAY_017699,2025-10-24T08:23:16,FULL,RETURNED_ORDER,362.79,INR,SUCCESS,PayFlow,RF_00000739,CUST_004475
REF_000740,ORD_021457,,2025-10-30T00:12:13,FULL,RETURNED_ORDER,367.81,INR,SUCCESS,,,CUST_002092
REF_000741,ORD_021460,,2025-11-04T07:46:23,FULL,RETURNED_ORDER,1082.06,INR,SUCCESS,,,CUST_001211
REF_000742,ORD_021537,PAY_017768,2025-11-04T04:06:37,PARTIAL,CUSTOMER_REQUEST,112.12,INR,SUCCESS,PayFlow,RF_00000742,CUST_004615
REF_000743,ORD_021582,,2025-10-29T01:40:21,FULL,RETURNED_ORDER,318.60,INR,SUCCESS,,,CUST_002784
REF_000744,ORD_021595,PAY_017810,2025-10-21T06:09:31,PARTIAL,CUSTOMER_REQUEST,218.87,INR,SUCCESS,PayFlow,RF_00000744,CUST_000515
REF_000745,ORD_021602,PAY_017814,2025-10-12T22:55:11,PARTIAL,CUSTOMER_REQUEST,1452.11,INR,SUCCESS,PayFlow,RF_00000745,CUST_005973
REF_000746,ORD_021606,PAY_017818,2025-10-17T19:59:48,FULL,CUSTOMER_REQUEST,510.47,INR,SUCCESS,PayFlow,RF_00000746,CUST_008275
REF_000747,ORD_021651,PAY_017855,2025-10-22T09:53:43,FULL,RETURNED_ORDER,1388.92,INR,SUCCESS,PayFlow,RF_00000747,CUST_000225
REF_000748,ORD_021660,PAY_017864,2025-10-08T04:13:54,FULL,RETURNED_ORDER,928.19,INR,SUCCESS,PayFlow,RF_00000748,CUST_006021
REF_000749,ORD_021670,PAY_017872,2025-10-09T00:15:37,PARTIAL,CUSTOMER_REQUEST,192.87,INR,SUCCESS,PayFlow,RF_00000749,CUST_006138
REF_000750,ORD_021713,,2025-10-22T05:46:19,FULL,RETURNED_ORDER,1086.96,INR,SUCCESS,,,CUST_006781
REF_000751,ORD_021766,PAY_017952,2025-10-24T02:12:40,FULL,CUSTOMER_REQUEST,306.80,INR,SUCCESS,PayFlow,RF_00000751,CUST_008339
REF_000752,ORD_021810,PAY_017990,2025-10-16T16:16:46,FULL,RETURNED_ORDER,1538.57,INR,SUCCESS,PayFlow,RF_00000752,CUST_007094
REF_000753,ORD_021819,PAY_017998,2025-11-08T10:49:27,FULL,RETURNED_ORDER,1340.48,INR,SUCCESS,PayFlow,RF_00000753,CUST_001529
REF_000754,ORD_021870,PAY_018042,2025-10-14T18:53:53,PARTIAL,CUSTOMER_REQUEST,166.03,INR,SUCCESS,PayFlow,RF_00000754,CUST_005522
REF_000755,ORD_021873,PAY_018045,2025-10-05T17:20:38,FULL,CUSTOMER_REQUEST,558.14,INR,SUCCESS,PayFlow,RF_00000755,CUST_003957
REF_000756,ORD_021946,PAY_018103,2025-10-27T23:50:56,FULL,RETURNED_ORDER,1593.17,INR,SUCCESS,PayFlow,RF_00000756,CUST_000639
REF_000757,ORD_021966,,2025-10-23T10:17:23,FULL,RETURNED_ORDER,635.78,INR,SUCCESS,,,CUST_006655
REF_000758,ORD_021980,PAY_018122,2025-10-16T14:02:18,FULL,RETURNED_ORDER,1718.55,INR,SUCCESS,PayFlow,RF_00000758,CUST_003749
REF_000759,ORD_021990,PAY_018131,2025-10-28T21:48:37,FULL,CUSTOMER_REQUEST,2548.00,INR,SUCCESS,PayFlow,RF_00000759,CUST_004729
REF_000760,ORD_022176,PAY_018289,2025-10-24T19:25:26,FULL,RETURNED_ORDER,1654.60,INR,SUCCESS,PayFlow,RF_00000760,CUST_000363
REF_000761,ORD_022177,PAY_018290,2025-10-23T01:24:25,FULL,RETURNED_ORDER,2008.24,INR,SUCCESS,PayFlow,RF_00000761,CUST_004912
REF_000762,ORD_022202,,2025-10-20T12:49:47,FULL,RETURNED_ORDER,306.74,INR,SUCCESS,,,CUST_002549
REF_000763,ORD_022244,PAY_018345,2025-11-12T06:55:24,FULL,RETURNED_ORDER,1461.78,INR,SUCCESS,PayFlow,RF_00000763,CUST_005995
REF_000764,ORD_022246,PAY_018347,2025-11-09T06:40:17,FULL,RETURNED_ORDER,1375.47,INR,SUCCESS,PayFlow,RF_00000764,CUST_007622
REF_000765,ORD_022293,PAY_018388,2025-10-17T02:12:11,FULL,RETURNED_ORDER,580.27,INR,SUCCESS,PayFlow,RF_00000765,CUST_004359
REF_000766,ORD_022311,PAY_018402,2025-10-09T03:37:53,FULL,CUSTOMER_REQUEST,779.98,INR,SUCCESS,PayFlow,RF_00000766,CUST_005784
REF_000767,ORD_022322,PAY_018410,2025-10-21T04:21:02,FULL,RETURNED_ORDER,2999.36,INR,SUCCESS,PayFlow,RF_00000767,CUST_001902
REF_000768,ORD_022369,PAY_018445,2025-11-03T17:03:50,FULL,RETURNED_ORDER,914.10,INR,SUCCESS,PayFlow,RF_00000768,CUST_005522
REF_000769,ORD_022447,PAY_018510,2025-10-22T22:56:49,FULL,RETURNED_ORDER,807.02,INR,SUCCESS,PayFlow,RF_00000769,CUST_006435
REF_000770,ORD_022453,PAY_018516,2025-10-23T05:34:25,FULL,RETURNED_ORDER,704.52,INR,SUCCESS,PayFlow,RF_00000770,CUST_003924
REF_000771,ORD_022454,PAY_018517,2025-10-10T23:07:49,PARTIAL,CUSTOMER_REQUEST,144.17,INR,SUCCESS,PayFlow,RF_00000771,CUST_008414
REF_000772,ORD_022475,PAY_018534,2025-10-10T23:11:36,FULL,RETURNED_ORDER,1327.50,INR,SUCCESS,PayFlow,RF_00000772,CUST_000853
REF_000773,ORD_022494,PAY_018548,2025-10-21T02:51:06,FULL,CUSTOMER_REQUEST,1023.06,INR,SUCCESS,PayFlow,RF_00000773,CUST_002161
REF_000774,ORD_022507,PAY_018561,2025-10-22T19:25:22,FULL,RETURNED_ORDER,869.61,INR,SUCCESS,PayFlow,RF_00000774,CUST_006743
REF_000775,ORD_022508,PAY_018562,2025-11-02T18:25:23,FULL,RETURNED_ORDER,2012.49,INR,SUCCESS,PayFlow,RF_00000775,CUST_007753
REF_000776,ORD_022510,PAY_018564,2025-10-20T22:37:19,FULL,CUSTOMER_REQUEST,7360.10,INR,SUCCESS,PayFlow,RF_00000776,CUST_008013
REF_000777,ORD_022520,PAY_018571,2025-10-12T06:52:23,FULL,CUSTOMER_REQUEST,2183.00,INR,SUCCESS,PayFlow,RF_00000777,CUST_006164
REF_000778,ORD_022554,PAY_018600,2025-11-10T08:19:43,FULL,RETURNED_ORDER,762.28,INR,SUCCESS,PayFlow,RF_00000778,CUST_003880
REF_000779,ORD_022595,PAY_018636,2025-11-04T06:05:13,FULL,RETURNED_ORDER,1099.64,INR,SUCCESS,PayFlow,RF_00000779,CUST_000333
REF_000780,ORD_022599,PAY_018640,2025-10-19T17:32:48,FULL,RETURNED_ORDER,939.46,INR,SUCCESS,PayFlow,RF_00000780,CUST_005554
REF_000781,ORD_022602,PAY_018642,2025-10-04T19:06:37,PARTIAL,CUSTOMER_REQUEST,73.62,INR,SUCCESS,PayFlow,RF_00000781,CUST_003182
REF_000782,ORD_022653,PAY_018682,2025-11-08T01:50:45,FULL,RETURNED_ORDER,354.00,INR,SUCCESS,PayFlow,RF_00000782,CUST_007060
REF_000783,ORD_022702,PAY_018718,2025-10-07T15:24:01,FULL,RETURNED_ORDER,2008.47,INR,SUCCESS,PayFlow,RF_00000783,CUST_007970
REF_000784,ORD_022734,PAY_018743,2025-11-02T00:29:20,FULL,CUSTOMER_REQUEST,484.94,INR,SUCCESS,PayFlow,RF_00000784,CUST_002529
REF_000785,ORD_022762,PAY_018769,2025-10-12T22:22:55,FULL,RETURNED_ORDER,1144.72,INR,SUCCESS,PayFlow,RF_00000785,CUST_005471
REF_000786,ORD_022900,PAY_018886,2025-10-27T19:34:52,FULL,CUSTOMER_REQUEST,525.10,INR,SUCCESS,PayFlow,RF_00000786,CUST_007914
REF_000787,ORD_022938,PAY_018915,2025-10-20T17:41:36,FULL,CUSTOMER_REQUEST,670.59,INR,SUCCESS,PayFlow,RF_00000787,CUST_006564
REF_000788,ORD_023065,PAY_019016,2025-10-21T23:54:16,PARTIAL,CUSTOMER_REQUEST,210.59,INR,SUCCESS,PayFlow,RF_00000788,CUST_000764
REF_000789,ORD_023110,PAY_019059,2025-11-02T07:58:03,FULL,RETURNED_ORDER,1618.40,INR,SUCCESS,PayFlow,RF_00000789,CUST_002762
REF_000790,ORD_023137,PAY_019082,2025-10-25T11:56:32,FULL,RETURNED_ORDER,2169.67,INR,SUCCESS,PayFlow,RF_00000790,CUST_000462
REF_000791,ORD_023186,PAY_019122,2025-10-13T18:58:01,FULL,RETURNED_ORDER,970.20,INR,SUCCESS,PayFlow,RF_00000791,CUST_006104
REF_000792,ORD_023202,PAY_019133,2025-10-07T04:37:25,PARTIAL,CUSTOMER_REQUEST,192.30,INR,SUCCESS,PayFlow,RF_00000792,CUST_003669
REF_000793,ORD_023211,PAY_019139,2025-10-19T07:08:33,FULL,RETURNED_ORDER,791.78,INR,SUCCESS,PayFlow,RF_00000793,CUST_000256
REF_000794,ORD_023216,PAY_019143,2025-10-15T18:07:15,PARTIAL,CUSTOMER_REQUEST,249.74,INR,SUCCESS,PayFlow,RF_00000794,CUST_004638
REF_000795,ORD_023233,PAY_019158,2025-10-15T07:33:14,FULL,RETURNED_ORDER,402.38,INR,SUCCESS,PayFlow,RF_00000795,CUST_001670
REF_000796,ORD_023242,PAY_019166,2025-10-14T15:50:54,FULL,RETURNED_ORDER,591.18,INR,SUCCESS,PayFlow,RF_00000796,CUST_008268
REF_000797,ORD_023280,,2025-11-06T08:56:42,FULL,RETURNED_ORDER,2280.11,INR,SUCCESS,,,CUST_003627
REF_000798,ORD_023295,,2025-10-28T09:53:06,FULL,RETURNED_ORDER,1702.80,INR,SUCCESS,,,CUST_004649
REF_000799,ORD_023296,PAY_019211,2025-11-04T02:45:55,PARTIAL,CUSTOMER_REQUEST,426.07,INR,SUCCESS,PayFlow,RF_00000799,CUST_005231
REF_000800,ORD_023303,PAY_019216,2025-10-10T00:02:43,FULL,CUSTOMER_REQUEST,2788.99,INR,SUCCESS,PayFlow,RF_00000800,CUST_003389
REF_000801,ORD_023317,,2025-10-13T21:41:20,FULL,RETURNED_ORDER,2000.99,INR,SUCCESS,,,CUST_004699
REF_000802,ORD_023329,PAY_019236,2025-10-17T02:46:13,FULL,RETURNED_ORDER,395.30,INR,SUCCESS,PayFlow,RF_00000802,CUST_007212
REF_000803,ORD_023368,PAY_019269,2025-11-01T12:41:36,FULL,RETURNED_ORDER,1447.86,INR,SUCCESS,PayFlow,RF_00000803,CUST_006130
REF_000804,ORD_023373,,2025-10-17T12:50:49,FULL,RETURNED_ORDER,1165.90,INR,SUCCESS,,,CUST_004682
REF_000805,ORD_023396,PAY_019293,2025-10-28T15:23:42,FULL,CUSTOMER_REQUEST,2902.59,INR,SUCCESS,PayFlow,RF_00000805,CUST_000920
REF_000806,ORD_023400,PAY_019297,2025-10-11T21:33:10,FULL,RETURNED_ORDER,3178.04,INR,SUCCESS,PayFlow,RF_00000806,CUST_002415
REF_000807,ORD_023453,PAY_019340,2025-11-01T02:44:18,PARTIAL,CUSTOMER_REQUEST,53.10,INR,SUCCESS,PayFlow,RF_00000807,CUST_003824
REF_000808,ORD_023457,,2025-10-20T08:06:52,FULL,RETURNED_ORDER,1292.51,INR,SUCCESS,,,CUST_008022
REF_000809,ORD_023541,PAY_019409,2025-10-30T04:59:33,FULL,CUSTOMER_REQUEST,750.66,INR,SUCCESS,PayFlow,RF_00000809,CUST_000747
REF_000810,ORD_023551,PAY_019418,2025-11-04T04:59:50,FULL,RETURNED_ORDER,2529.38,INR,SUCCESS,PayFlow,RF_00000810,CUST_007950
REF_000811,ORD_023580,PAY_019445,2025-10-18T03:17:29,FULL,CUSTOMER_REQUEST,365.80,INR,SUCCESS,PayFlow,RF_00000811,CUST_004212
REF_000812,ORD_023680,PAY_019526,2025-10-30T15:00:41,FULL,CUSTOMER_REQUEST,588.82,INR,SUCCESS,PayFlow,RF_00000812,CUST_006653
REF_000813,ORD_023805,PAY_019626,2025-10-22T20:12:43,FULL,CUSTOMER_REQUEST,271.28,INR,SUCCESS,PayFlow,RF_00000813,CUST_002990
REF_000814,ORD_023834,PAY_019651,2025-10-22T15:31:36,FULL,RETURNED_ORDER,271.22,INR,SUCCESS,PayFlow,RF_00000814,CUST_004912
REF_000815,ORD_023897,PAY_019699,2025-10-14T17:58:54,FULL,RETURNED_ORDER,584.22,INR,SUCCESS,PayFlow,RF_00000815,CUST_007164
REF_000816,ORD_023920,PAY_019719,2025-11-08T04:22:33,FULL,RETURNED_ORDER,927.78,INR,SUCCESS,PayFlow,RF_00000816,CUST_000122
REF_000817,ORD_023933,PAY_019731,2025-10-27T02:08:29,FULL,CUSTOMER_REQUEST,735.38,INR,SUCCESS,PayFlow,RF_00000817,CUST_000086
REF_000818,ORD_023944,PAY_019740,2025-10-19T15:45:25,FULL,RETURNED_ORDER,2289.08,INR,SUCCESS,PayFlow,RF_00000818,CUST_003349
REF_000819,ORD_023988,PAY_019772,2025-10-25T03:22:15,FULL,RETURNED_ORDER,294.94,INR,SUCCESS,PayFlow,RF_00000819,CUST_000882
REF_000820,ORD_024026,PAY_019803,2025-10-28T21:27:24,FULL,CUSTOMER_REQUEST,543.04,INR,SUCCESS,PayFlow,RF_00000820,CUST_005982
REF_000821,ORD_024039,PAY_019815,2025-10-23T09:06:07,FULL,RETURNED_ORDER,1054.92,INR,SUCCESS,PayFlow,RF_00000821,CUST_007998
REF_000822,ORD_024058,PAY_019831,2025-11-04T05:32:05,FULL,RETURNED_ORDER,570.88,INR,SUCCESS,PayFlow,RF_00000822,CUST_006126
REF_000823,ORD_024085,PAY_019856,2025-10-07T07:48:04,FULL,RETURNED_ORDER,6431.00,INR,SUCCESS,PayFlow,RF_00000823,CUST_000384
REF_000824,ORD_024096,PAY_019866,2025-11-13T08:16:06,FULL,RETURNED_ORDER,1026.72,INR,SUCCESS,PayFlow,RF_00000824,CUST_004925
REF_000825,ORD_024116,,2025-10-28T15:27:33,FULL,RETURNED_ORDER,402.38,INR,SUCCESS,,,CUST_001257
REF_000826,ORD_024148,PAY_019905,2025-10-16T16:09:40,FULL,CUSTOMER_REQUEST,765.82,INR,SUCCESS,PayFlow,RF_00000826,CUST_004635
REF_000827,ORD_024173,PAY_019925,2025-10-25T16:40:35,FULL,RETURNED_ORDER,4361.47,INR,SUCCESS,PayFlow,RF_00000827,CUST_005837
REF_000828,ORD_024179,PAY_019930,2025-10-28T18:44:43,FULL,CUSTOMER_REQUEST,1447.86,INR,SUCCESS,PayFlow,RF_00000828,CUST_000155
REF_000829,ORD_024191,PAY_019939,2025-11-04T20:37:33,FULL,RETURNED_ORDER,4592.56,INR,SUCCESS,PayFlow,RF_00000829,CUST_001565
REF_000830,ORD_024197,PAY_019944,2025-11-02T16:18:05,FULL,RETURNED_ORDER,730.44,INR,SUCCESS,PayFlow,RF_00000830,CUST_002855
REF_000831,ORD_024229,PAY_019971,2025-10-24T01:18:04,FULL,RETURNED_ORDER,2189.31,INR,SUCCESS,PayFlow,RF_00000831,CUST_001445
REF_000832,ORD_024272,PAY_020006,2025-11-01T20:34:54,FULL,RETURNED_ORDER,1709.53,INR,SUCCESS,PayFlow,RF_00000832,CUST_007848
REF_000833,ORD_024283,PAY_020017,2025-10-13T20:35:09,FULL,CUSTOMER_REQUEST,531.55,INR,SUCCESS,PayFlow,RF_00000833,CUST_002842
REF_000834,ORD_024304,PAY_020034,2025-10-20T10:44:03,FULL,RETURNED_ORDER,1431.62,INR,SUCCESS,PayFlow,RF_00000834,CUST_004118
REF_000835,ORD_024376,PAY_020095,2025-11-02T01:38:47,FULL,CUSTOMER_REQUEST,2165.37,INR,SUCCESS,PayFlow,RF_00000835,CUST_008499
REF_000836,ORD_024381,,2025-10-28T15:03:42,FULL,RETURNED_ORDER,336.18,INR,SUCCESS,,,CUST_006211
REF_000837,ORD_024421,,2025-10-25T22:41:38,FULL,RETURNED_ORDER,877.05,INR,SUCCESS,,,CUST_002226
REF_000838,ORD_024436,,2025-10-22T06:00:57,FULL,RETURNED_ORDER,1440.78,INR,SUCCESS,,,CUST_001746
REF_000839,ORD_024542,PAY_020234,2025-11-07T02:59:26,FULL,RETURNED_ORDER,670.59,INR,SUCCESS,PayFlow,RF_00000839,CUST_003910
REF_000840,ORD_024557,PAY_020245,2025-10-21T23:30:21,FULL,RETURNED_ORDER,324.38,INR,SUCCESS,PayFlow,RF_00000840,CUST_000823
REF_000841,ORD_024562,PAY_020249,2025-10-22T19:09:23,FULL,CUSTOMER_REQUEST,1641.92,INR,SUCCESS,PayFlow,RF_00000841,CUST_003802
REF_000842,ORD_024570,PAY_020256,2025-11-02T22:55:51,FULL,CUSTOMER_REQUEST,723.58,INR,SUCCESS,PayFlow,RF_00000842,CUST_005042
REF_000843,ORD_024573,PAY_020259,2025-10-07T10:21:13,PARTIAL,CUSTOMER_REQUEST,148.65,INR,SUCCESS,PayFlow,RF_00000843,CUST_006682
REF_000844,ORD_024589,PAY_020272,2025-10-07T22:43:52,FULL,CUSTOMER_REQUEST,1107.31,INR,SUCCESS,PayFlow,RF_00000844,CUST_007355
REF_000845,ORD_024624,PAY_020302,2025-10-25T01:15:40,FULL,RETURNED_ORDER,2300.29,INR,SUCCESS,PayFlow,RF_00000845,CUST_002543
REF_000846,ORD_024661,PAY_020331,2025-10-26T15:17:44,FULL,RETURNED_ORDER,766.78,INR,SUCCESS,PayFlow,RF_00000846,CUST_006920
REF_000847,ORD_024672,PAY_020341,2025-10-24T00:03:27,PARTIAL,CUSTOMER_REQUEST,357.49,INR,SUCCESS,PayFlow,RF_00000847,CUST_006256
REF_000848,ORD_024678,PAY_020346,2025-10-15T06:12:17,FULL,RETURNED_ORDER,457.84,INR,SUCCESS,PayFlow,RF_00000848,CUST_005601
REF_000849,ORD_024691,PAY_020357,2025-11-06T01:45:10,FULL,RETURNED_ORDER,2000.10,INR,SUCCESS,PayFlow,RF_00000849,CUST_003614
REF_000850,ORD_024737,PAY_020396,2025-10-18T19:12:37,FULL,CUSTOMER_REQUEST,2895.72,INR,SUCCESS,PayFlow,RF_00000850,CUST_000630
REF_000851,ORD_024757,PAY_020409,2025-11-02T20:24:26,FULL,RETURNED_ORDER,3645.85,INR,SUCCESS,PayFlow,RF_00000851,CUST_006825
REF_000852,ORD_024758,PAY_020410,2025-10-12T20:50:09,FULL,CUSTOMER_REQUEST,2076.21,INR,SUCCESS,PayFlow,RF_00000852,CUST_002971
REF_000853,ORD_024791,PAY_020440,2025-10-18T04:30:40,FULL,RETURNED_ORDER,776.86,INR,SUCCESS,PayFlow,RF_00000853,CUST_000067
REF_000854,ORD_024807,PAY_020455,2025-10-31T11:43:45,FULL,RETURNED_ORDER,2189.31,INR,SUCCESS,PayFlow,RF_00000854,CUST_003731
REF_000855,ORD_024829,PAY_020474,2025-10-31T08:43:42,FULL,RETURNED_ORDER,960.52,INR,SUCCESS,PayFlow,RF_00000855,CUST_004491
REF_000856,ORD_024831,PAY_020476,2025-10-23T01:07:35,PARTIAL,CUSTOMER_REQUEST,776.28,INR,SUCCESS,PayFlow,RF_00000856,CUST_000217
REF_000857,ORD_024925,PAY_020552,2025-11-01T18:05:03,FULL,RETURNED_ORDER,486.87,INR,SUCCESS,PayFlow,RF_00000857,CUST_001717
REF_000858,ORD_024941,PAY_020565,2025-10-15T10:31:21,FULL,CUSTOMER_REQUEST,915.98,INR,SUCCESS,PayFlow,RF_00000858,CUST_004992
REF_000859,ORD_024957,PAY_020578,2025-10-30T06:42:09,FULL,RETURNED_ORDER,546.34,INR,SUCCESS,PayFlow,RF_00000859,CUST_007271
REF_000860,ORD_024969,PAY_020588,2025-10-11T22:16:17,FULL,RETURNED_ORDER,347.98,INR,SUCCESS,PayFlow,RF_00000860,CUST_007323
REF_000861,ORD_024978,PAY_020597,2025-11-04T05:48:09,FULL,RETURNED_ORDER,1036.98,INR,SUCCESS,PayFlow,RF_00000861,CUST_003313
REF_000862,ORD_024983,,2025-11-11T06:44:27,FULL,RETURNED_ORDER,667.53,INR,SUCCESS,,,CUST_006026
REF_000863,ORD_025047,PAY_020654,2025-11-02T01:42:17,FULL,CUSTOMER_REQUEST,1861.92,INR,SUCCESS,PayFlow,RF_00000863,CUST_008342
REF_000864,ORD_025059,PAY_020665,2025-11-05T03:29:52,FULL,RETURNED_ORDER,2424.90,INR,SUCCESS,PayFlow,RF_00000864,CUST_000619
REF_000865,ORD_025065,PAY_020670,2025-10-05T01:02:32,FULL,CUSTOMER_REQUEST,1054.92,INR,SUCCESS,PayFlow,RF_00000865,CUST_008217
REF_000866,ORD_025080,PAY_020682,2025-10-29T18:32:39,FULL,RETURNED_ORDER,689.33,INR,SUCCESS,PayFlow,RF_00000866,CUST_004109
REF_000867,ORD_025101,PAY_020701,2025-10-06T17:45:25,FULL,CUSTOMER_REQUEST,1086.07,INR,SUCCESS,PayFlow,RF_00000867,CUST_005079
REF_000868,ORD_025111,PAY_020707,2025-10-21T19:44:23,FULL,CUSTOMER_REQUEST,283.14,INR,SUCCESS,PayFlow,RF_00000868,CUST_003064
REF_000869,ORD_025158,PAY_020743,2025-10-09T19:41:39,FULL,CUSTOMER_REQUEST,951.06,INR,SUCCESS,PayFlow,RF_00000869,CUST_005639
REF_000870,ORD_025175,PAY_020758,2025-11-04T07:18:38,FULL,RETURNED_ORDER,590.52,INR,SUCCESS,PayFlow,RF_00000870,CUST_000759
REF_000871,ORD_025187,,2025-10-21T09:58:31,FULL,RETURNED_ORDER,1958.39,INR,SUCCESS,,,CUST_008147
REF_000872,ORD_025211,PAY_020783,2025-11-07T06:17:03,FULL,RETURNED_ORDER,837.80,INR,SUCCESS,PayFlow,RF_00000872,CUST_002583
REF_000873,ORD_025237,PAY_020806,2025-10-28T01:17:17,FULL,RETURNED_ORDER,1075.16,INR,SUCCESS,PayFlow,RF_00000873,CUST_004361
REF_000874,ORD_025295,PAY_020855,2025-10-22T11:08:36,FULL,RETURNED_ORDER,306.74,INR,SUCCESS,PayFlow,RF_00000874,CUST_001529
REF_000875,ORD_025300,PAY_020859,2025-10-22T13:15:16,FULL,CUSTOMER_REQUEST,379.61,INR,SUCCESS,PayFlow,RF_00000875,CUST_002652
REF_000876,ORD_025318,PAY_020876,2025-11-05T13:13:52,FULL,RETURNED_ORDER,1174.10,INR,SUCCESS,PayFlow,RF_00000876,CUST_007663
REF_000877,ORD_025327,PAY_020885,2025-10-09T20:00:18,FULL,CUSTOMER_REQUEST,1003.12,INR,SUCCESS,PayFlow,RF_00000877,CUST_008253
REF_000878,ORD_025329,PAY_020887,2025-10-11T08:16:34,FULL,RETURNED_ORDER,1674.42,INR,SUCCESS,PayFlow,RF_00000878,CUST_006300
REF_000879,ORD_025336,PAY_020894,2025-10-18T08:08:37,FULL,RETURNED_ORDER,1661.44,INR,SUCCESS,PayFlow,RF_00000879,CUST_004721
REF_000880,ORD_025385,PAY_020936,2025-10-30T05:40:54,FULL,CUSTOMER_REQUEST,666.54,INR,SUCCESS,PayFlow,RF_00000880,CUST_002057
REF_000881,ORD_025398,PAY_020948,2025-11-05T05:49:05,FULL,RETURNED_ORDER,2410.74,INR,SUCCESS,PayFlow,RF_00000881,CUST_006565
REF_000882,ORD_025432,PAY_020976,2025-11-04T04:45:02,FULL,RETURNED_ORDER,962.53,INR,SUCCESS,PayFlow,RF_00000882,CUST_000130
REF_000883,ORD_025444,,2025-11-13T00:13:42,FULL,RETURNED_ORDER,318.60,INR,SUCCESS,,,CUST_004808
REF_000884,ORD_025451,PAY_020990,2025-10-29T14:57:24,FULL,RETURNED_ORDER,340.31,INR,SUCCESS,PayFlow,RF_00000884,CUST_005807
REF_000885,ORD_025459,PAY_020997,2025-10-21T09:42:08,FULL,RETURNED_ORDER,735.93,INR,SUCCESS,PayFlow,RF_00000885,CUST_007974
REF_000886,ORD_025515,PAY_021045,2025-10-13T03:33:43,FULL,CUSTOMER_REQUEST,709.53,INR,SUCCESS,PayFlow,RF_00000886,CUST_003973
REF_000887,ORD_025572,PAY_021091,2025-10-09T19:30:38,PARTIAL,CUSTOMER_REQUEST,608.48,INR,SUCCESS,PayFlow,RF_00000887,CUST_005899
REF_000888,ORD_025582,PAY_021097,2025-10-30T22:33:18,PARTIAL,CUSTOMER_REQUEST,476.14,INR,SUCCESS,PayFlow,RF_00000888,CUST_005415
REF_000889,ORD_025593,PAY_021106,2025-10-29T07:56:19,FULL,RETURNED_ORDER,1453.10,INR,SUCCESS,PayFlow,RF_00000889,CUST_003546
REF_000890,ORD_025613,PAY_021123,2025-10-25T00:13:18,FULL,CUSTOMER_REQUEST,306.74,INR,SUCCESS,PayFlow,RF_00000890,CUST_003837
REF_000891,ORD_025627,PAY_021135,2025-10-19T09:39:56,FULL,RETURNED_ORDER,3923.28,INR,SUCCESS,PayFlow,RF_00000891,CUST_002523
REF_000892,ORD_025654,PAY_021158,2025-10-29T15:30:13,FULL,RETURNED_ORDER,1143.18,INR,SUCCESS,PayFlow,RF_00000892,CUST_005396
REF_000893,ORD_025655,,2025-11-07T04:28:40,FULL,RETURNED_ORDER,887.36,INR,SUCCESS,,,CUST_007788
REF_000894,ORD_025665,PAY_021166,2025-10-20T03:06:36,FULL,RETURNED_ORDER,1093.68,INR,SUCCESS,PayFlow,RF_00000894,CUST_004494
REF_000895,ORD_025725,PAY_021216,2025-10-31T09:52:49,FULL,RETURNED_ORDER,669.06,INR,SUCCESS,PayFlow,RF_00000895,CUST_007628
REF_000896,ORD_025775,PAY_021255,2025-10-28T23:46:24,FULL,RETURNED_ORDER,532.18,INR,SUCCESS,PayFlow,RF_00000896,CUST_007963
REF_000897,ORD_025795,PAY_021272,2025-10-29T09:11:51,FULL,RETURNED_ORDER,948.72,INR,SUCCESS,PayFlow,RF_00000897,CUST_007016
REF_000898,ORD_025828,PAY_021294,2025-10-26T18:57:47,FULL,CUSTOMER_REQUEST,652.54,INR,SUCCESS,PayFlow,RF_00000898,CUST_008488
REF_000899,ORD_025833,,2025-10-18T05:07:21,FULL,RETURNED_ORDER,283.08,INR,SUCCESS,,,CUST_001775
REF_000900,ORD_025852,PAY_021314,2025-10-23T05:19:02,FULL,RETURNED_ORDER,606.52,INR,SUCCESS,PayFlow,RF_00000900,CUST_008329
REF_000901,ORD_025871,,2025-11-10T02:19:45,FULL,RETURNED_ORDER,960.52,INR,SUCCESS,,,CUST_000483
REF_000902,ORD_025897,PAY_021352,2025-10-22T16:41:06,FULL,RETURNED_ORDER,341.09,INR,SUCCESS,PayFlow,RF_00000902,CUST_003112
REF_000903,ORD_025907,PAY_021360,2025-11-02T13:28:43,FULL,RETURNED_ORDER,1375.47,INR,SUCCESS,PayFlow,RF_00000903,CUST_000246
REF_000904,ORD_025915,PAY_021368,2025-10-22T05:55:22,FULL,RETURNED_ORDER,594.25,INR,SUCCESS,PayFlow,RF_00000904,CUST_004233
REF_000905,ORD_025923,PAY_021373,2025-10-06T22:51:09,FULL,CUSTOMER_REQUEST,383.50,INR,SUCCESS,PayFlow,RF_00000905,CUST_004931
REF_000906,ORD_025949,PAY_021392,2025-10-04T23:57:33,FULL,CUSTOMER_REQUEST,318.60,INR,SUCCESS,PayFlow,RF_00000906,CUST_005151
REF_000907,ORD_025960,PAY_021401,2025-11-06T06:34:51,FULL,RETURNED_ORDER,2677.42,INR,SUCCESS,PayFlow,RF_00000907,CUST_000111
REF_000908,ORD_025966,PAY_021407,2025-10-26T22:33:58,PARTIAL,CUSTOMER_REQUEST,398.29,INR,SUCCESS,PayFlow,RF_00000908,CUST_003212
REF_000909,ORD_026060,PAY_021484,2025-10-23T14:36:29,PARTIAL,CUSTOMER_REQUEST,1604.26,INR,SUCCESS,PayFlow,RF_00000909,CUST_005200
REF_000910,ORD_026076,PAY_021499,2025-10-06T02:52:38,PARTIAL,CUSTOMER_REQUEST,764.64,INR,SUCCESS,PayFlow,RF_00000910,CUST_007392
REF_000911,ORD_026122,PAY_021534,2025-11-06T02:11:33,FULL,RETURNED_ORDER,912.98,INR,SUCCESS,PayFlow,RF_00000911,CUST_002308
REF_000912,ORD_026130,PAY_021541,2025-11-02T09:30:24,FULL,RETURNED_ORDER,1005.71,INR,SUCCESS,PayFlow,RF_00000912,CUST_005806
REF_000913,ORD_026136,PAY_021546,2025-10-21T04:20:02,FULL,CUSTOMER_REQUEST,640.74,INR,SUCCESS,PayFlow,RF_00000913,CUST_000380
REF_000914,ORD_026216,PAY_021617,2025-10-13T06:09:21,FULL,RETURNED_ORDER,921.58,INR,SUCCESS,PayFlow,RF_00000914,CUST_001329
REF_000915,ORD_026221,PAY_021620,2025-11-09T19:09:37,FULL,RETURNED_ORDER,283.08,INR,SUCCESS,PayFlow,RF_00000915,CUST_005765
REF_000916,ORD_026223,PAY_021622,2025-10-16T00:04:48,FULL,RETURNED_ORDER,837.80,INR,SUCCESS,PayFlow,RF_00000916,CUST_002061
REF_000917,ORD_026232,PAY_021630,2025-11-01T02:23:20,FULL,CUSTOMER_REQUEST,1106.84,INR,SUCCESS,PayFlow,RF_00000917,CUST_007951
REF_000918,ORD_026290,PAY_021674,2025-10-27T21:10:52,FULL,CUSTOMER_REQUEST,594.72,INR,SUCCESS,PayFlow,RF_00000918,CUST_000645
REF_000919,ORD_026313,PAY_021691,2025-10-15T16:12:47,PARTIAL,CUSTOMER_REQUEST,209.07,INR,SUCCESS,PayFlow,RF_00000919,CUST_005038
REF_000920,ORD_026321,PAY_021699,2025-10-21T04:24:03,FULL,RETURNED_ORDER,776.38,INR,SUCCESS,PayFlow,RF_00000920,CUST_004437
REF_000921,ORD_026340,,2025-10-21T12:12:57,FULL,RETURNED_ORDER,385.74,INR,SUCCESS,,,CUST_001891
REF_000922,ORD_026348,PAY_021724,2025-10-19T18:09:09,FULL,RETURNED_ORDER,4112.18,INR,SUCCESS,PayFlow,RF_00000922,CUST_005708
REF_000923,ORD_026375,,2025-10-22T11:58:16,FULL,RETURNED_ORDER,582.92,INR,SUCCESS,,,CUST_002175
REF_000924,ORD_026402,PAY_021768,2025-10-17T02:59:09,PARTIAL,CUSTOMER_REQUEST,629.14,INR,SUCCESS,PayFlow,RF_00000924,CUST_005484
REF_000925,ORD_026405,PAY_021771,2025-11-02T15:45:39,PARTIAL,CUSTOMER_REQUEST,123.84,INR,SUCCESS,PayFlow,RF_00000925,CUST_007864
REF_000926,ORD_026415,PAY_021778,2025-11-09T17:14:50,FULL,RETURNED_ORDER,294.88,INR,SUCCESS,PayFlow,RF_00000926,CUST_005757
REF_000927,ORD_026419,PAY_021782,2025-11-10T10:16:25,FULL,RETURNED_ORDER,1378.83,INR,SUCCESS,PayFlow,RF_00000927,CUST_008145
REF_000928,ORD_026431,PAY_021792,2025-10-19T01:37:01,FULL,CUSTOMER_REQUEST,362.79,INR,SUCCESS,PayFlow,RF_00000928,CUST_003405
REF_000929,ORD_026439,PAY_021798,2025-10-28T07:51:27,FULL,RETURNED_ORDER,4005.86,INR,SUCCESS,PayFlow,RF_00000929,CUST_002358
REF_000930,ORD_026461,PAY_021815,2025-11-02T03:15:51,FULL,CUSTOMER_REQUEST,1680.32,INR,SUCCESS,PayFlow,RF_00000930,CUST_003544
REF_000931,ORD_026476,,2025-10-18T05:20:53,FULL,RETURNED_ORDER,596.02,INR,SUCCESS,,,CUST_001483
REF_000932,ORD_026514,PAY_021859,2025-11-11T07:13:06,FULL,RETURNED_ORDER,814.20,INR,SUCCESS,PayFlow,RF_00000932,CUST_000880
REF_000933,ORD_026536,PAY_021879,2025-10-07T02:36:38,FULL,CUSTOMER_REQUEST,704.96,INR,SUCCESS,PayFlow,RF_00000933,CUST_002179
REF_000934,ORD_026540,PAY_021883,2025-11-05T10:56:56,FULL,RETURNED_ORDER,551.06,INR,SUCCESS,PayFlow,RF_00000934,CUST_002882
REF_000935,ORD_026541,PAY_021884,2025-10-29T09:50:26,FULL,RETURNED_ORDER,732.66,INR,SUCCESS,PayFlow,RF_00000935,CUST_007634
REF_000936,ORD_026623,PAY_021954,2025-10-23T01:44:51,FULL,RETURNED_ORDER,1373.12,INR,SUCCESS,PayFlow,RF_00000936,CUST_006977
REF_000937,ORD_026657,PAY_021985,2025-10-25T11:17:20,FULL,RETURNED_ORDER,427.22,INR,SUCCESS,PayFlow,RF_00000937,CUST_000955
REF_000938,ORD_026681,PAY_022006,2025-10-20T02:29:15,FULL,CUSTOMER_REQUEST,1148.68,INR,SUCCESS,PayFlow,RF_00000938,CUST_006000
REF_000939,ORD_026695,PAY_022016,2025-10-07T01:20:10,FULL,CUSTOMER_REQUEST,1227.20,INR,SUCCESS,PayFlow,RF_00000939,CUST_000499
REF_000940,ORD_026729,PAY_022044,2025-10-22T01:01:33,FULL,CUSTOMER_REQUEST,1306.26,INR,SUCCESS,PayFlow,RF_00000940,CUST_008253
REF_000941,ORD_026774,PAY_022079,2025-10-27T18:49:00,FULL,CUSTOMER_REQUEST,1300.79,INR,SUCCESS,PayFlow,RF_00000941,CUST_008321
REF_000942,ORD_026800,PAY_022102,2025-10-28T04:15:30,FULL,CUSTOMER_REQUEST,395.30,INR,SUCCESS,PayFlow,RF_00000942,CUST_006118
REF_000943,ORD_026804,PAY_022106,2025-11-05T03:12:38,FULL,CUSTOMER_REQUEST,731.60,INR,SUCCESS,PayFlow,RF_00000943,CUST_005909
REF_000944,ORD_026849,PAY_022147,2025-10-15T13:23:29,FULL,RETURNED_ORDER,294.88,INR,SUCCESS,PayFlow,RF_00000944,CUST_003455
REF_000945,ORD_026881,PAY_022169,2025-10-11T10:16:18,FULL,RETURNED_ORDER,814.20,INR,SUCCESS,PayFlow,RF_00000945,CUST_004576
REF_000946,ORD_026891,PAY_022179,2025-11-07T16:26:34,FULL,RETURNED_ORDER,645.61,INR,SUCCESS,PayFlow,RF_00000946,CUST_000540
REF_000947,ORD_026916,PAY_022198,2025-10-20T20:37:43,PARTIAL,CUSTOMER_REQUEST,187.06,INR,SUCCESS,PayFlow,RF_00000947,CUST_007188
REF_000948,ORD_026947,PAY_022217,2025-11-13T05:55:22,FULL,RETURNED_ORDER,519.02,INR,SUCCESS,PayFlow,RF_00000948,CUST_002438
REF_000949,ORD_026967,PAY_022235,2025-11-01T02:30:43,FULL,RETURNED_ORDER,395.30,INR,SUCCESS,PayFlow,RF_00000949,CUST_005856
REF_000950,ORD_026978,PAY_022245,2025-10-21T16:12:22,FULL,CUSTOMER_REQUEST,638.38,INR,SUCCESS,PayFlow,RF_00000950,CUST_005562
REF_000951,ORD_026985,PAY_022252,2025-10-30T01:27:15,FULL,CUSTOMER_REQUEST,2548.00,INR,SUCCESS,PayFlow,RF_00000951,CUST_002927
REF_000952,ORD_027003,PAY_022269,2025-10-14T01:12:52,FULL,RETURNED_ORDER,866.06,INR,SUCCESS,PayFlow,RF_00000952,CUST_002492
REF_000953,ORD_027007,PAY_022272,2025-10-10T03:48:44,FULL,RETURNED_ORDER,348.73,INR,SUCCESS,PayFlow,RF_00000953,CUST_003029
REF_000954,ORD_027044,PAY_022302,2025-10-08T05:10:49,PARTIAL,CUSTOMER_REQUEST,178.10,INR,SUCCESS,PayFlow,RF_00000954,CUST_005953
REF_000955,ORD_027069,PAY_022322,2025-10-06T23:33:34,FULL,CUSTOMER_REQUEST,1017.46,INR,SUCCESS,PayFlow,RF_00000955,CUST_008348
REF_000956,ORD_027088,PAY_022338,2025-10-20T21:42:13,FULL,CUSTOMER_REQUEST,397.54,INR,SUCCESS,PayFlow,RF_00000956,CUST_008203
REF_000957,ORD_027097,PAY_022346,2025-10-24T22:36:30,FULL,CUSTOMER_REQUEST,754.02,INR,SUCCESS,PayFlow,RF_00000957,CUST_000277
REF_000958,ORD_027118,PAY_022363,2025-10-28T15:53:49,FULL,RETURNED_ORDER,657.39,INR,SUCCESS,PayFlow,RF_00000958,CUST_007807
REF_000959,ORD_027156,PAY_022396,2025-10-12T22:49:11,FULL,CUSTOMER_REQUEST,733.96,INR,SUCCESS,PayFlow,RF_00000959,CUST_003224
REF_000960,ORD_027169,PAY_022403,2025-10-12T23:51:18,FULL,CUSTOMER_REQUEST,1538.72,INR,SUCCESS,PayFlow,RF_00000960,CUST_003417
REF_000961,ORD_027207,PAY_022438,2025-10-22T07:06:26,FULL,RETURNED_ORDER,2048.13,INR,SUCCESS,PayFlow,RF_00000961,CUST_008384
REF_000962,ORD_027224,,2025-11-09T09:03:12,FULL,RETURNED_ORDER,1364.67,INR,SUCCESS,,,CUST_004901
REF_000963,ORD_027236,PAY_022460,2025-10-31T03:02:39,FULL,CUSTOMER_REQUEST,2214.86,INR,SUCCESS,PayFlow,RF_00000963,CUST_000580
REF_000964,ORD_027257,PAY_022477,2025-10-24T21:36:13,FULL,CUSTOMER_REQUEST,356.01,INR,SUCCESS,PayFlow,RF_00000964,CUST_008274
REF_000965,ORD_027277,PAY_022494,2025-10-27T10:40:52,FULL,RETURNED_ORDER,2530.75,INR,SUCCESS,PayFlow,RF_00000965,CUST_000559
REF_000966,ORD_027287,PAY_022501,2025-10-22T02:31:40,PARTIAL,CUSTOMER_REQUEST,117.65,INR,SUCCESS,PayFlow,RF_00000966,CUST_002237
REF_000967,ORD_027357,PAY_022554,2025-10-15T18:47:18,FULL,RETURNED_ORDER,2646.82,INR,SUCCESS,PayFlow,RF_00000967,CUST_000363
REF_000968,ORD_027402,PAY_022593,2025-10-21T23:43:19,FULL,CUSTOMER_REQUEST,837.80,INR,SUCCESS,PayFlow,RF_00000968,CUST_000982
REF_000969,ORD_027469,PAY_022649,2025-10-11T16:41:25,FULL,CUSTOMER_REQUEST,354.00,INR,SUCCESS,PayFlow,RF_00000969,CUST_003162
REF_000970,ORD_027505,PAY_022678,2025-10-07T21:41:09,FULL,CUSTOMER_REQUEST,1086.56,INR,SUCCESS,PayFlow,RF_00000970,CUST_004429
REF_000971,ORD_027518,PAY_022690,2025-10-22T12:00:27,FULL,RETURNED_ORDER,386.21,INR,SUCCESS,PayFlow,RF_00000971,CUST_004420
REF_000972,ORD_027538,,2025-10-11T20:27:45,FULL,RETURNED_ORDER,3170.19,INR,SUCCESS,,,CUST_007873
REF_000973,ORD_027558,PAY_022719,2025-11-04T15:45:33,FULL,RETURNED_ORDER,800.46,INR,SUCCESS,PayFlow,RF_00000973,CUST_007503
REF_000974,ORD_027572,PAY_022732,2025-11-03T01:10:16,PARTIAL,CUSTOMER_REQUEST,428.95,INR,SUCCESS,PayFlow,RF_00000974,CUST_007588
REF_000975,ORD_027593,PAY_022751,2025-11-01T23:41:03,FULL,CUSTOMER_REQUEST,1439.60,INR,SUCCESS,PayFlow,RF_00000975,CUST_000449
REF_000976,ORD_027600,,2025-10-15T17:42:04,FULL,RETURNED_ORDER,1447.86,INR,SUCCESS,,,CUST_000522
REF_000977,ORD_027630,PAY_022780,2025-10-17T22:18:06,FULL,RETURNED_ORDER,1378.83,INR,SUCCESS,PayFlow,RF_00000977,CUST_003734
REF_000978,ORD_027637,,2025-11-14T11:13:47,FULL,RETURNED_ORDER,1221.30,INR,SUCCESS,,,CUST_001911
REF_000979,ORD_027660,PAY_022803,2025-10-14T21:35:08,PARTIAL,CUSTOMER_REQUEST,183.87,INR,SUCCESS,PayFlow,RF_00000979,CUST_003068
REF_000980,ORD_027699,PAY_022837,2025-10-16T04:59:03,FULL,RETURNED_ORDER,626.58,INR,SUCCESS,PayFlow,RF_00000980,CUST_001794
REF_000981,ORD_027772,PAY_022895,2025-10-12T02:20:49,FULL,RETURNED_ORDER,5109.52,INR,SUCCESS,PayFlow,RF_00000981,CUST_006309
REF_000982,ORD_027773,PAY_022896,2025-10-22T08:06:28,FULL,RETURNED_ORDER,1162.65,INR,SUCCESS,PayFlow,RF_00000982,CUST_000455
REF_000983,ORD_027907,PAY_023008,2025-11-05T10:34:57,FULL,RETURNED_ORDER,1152.51,INR,SUCCESS,PayFlow,RF_00000983,CUST_006770
REF_000984,ORD_027952,PAY_023044,2025-10-25T02:07:18,FULL,RETURNED_ORDER,1958.33,INR,SUCCESS,PayFlow,RF_00000984,CUST_006519
REF_000985,ORD_027987,PAY_023076,2025-10-12T07:07:11,FULL,RETURNED_ORDER,3947.10,INR,SUCCESS,PayFlow,RF_00000985,CUST_000987
REF_000986,ORD_028036,PAY_023113,2025-10-22T12:45:58,FULL,RETURNED_ORDER,554.48,INR,SUCCESS,PayFlow,RF_00000986,CUST_004012
REF_000987,ORD_028059,PAY_023131,2025-11-10T07:46:18,FULL,RETURNED_ORDER,1670.88,INR,SUCCESS,PayFlow,RF_00000987,CUST_000172
REF_000988,ORD_028085,PAY_023152,2025-10-31T22:10:20,FULL,RETURNED_ORDER,897.98,INR,SUCCESS,PayFlow,RF_00000988,CUST_001616
REF_000989,ORD_028102,PAY_023162,2025-11-07T00:08:01,FULL,RETURNED_ORDER,707.68,INR,SUCCESS,PayFlow,RF_00000989,CUST_001796
REF_000990,ORD_028120,PAY_023175,2025-10-21T04:04:27,FULL,RETURNED_ORDER,383.50,INR,SUCCESS,PayFlow,RF_00000990,CUST_006981
REF_000991,ORD_028122,PAY_023177,2025-10-29T21:51:36,FULL,CUSTOMER_REQUEST,1228.16,INR,SUCCESS,PayFlow,RF_00000991,CUST_002346
REF_000992,ORD_028202,PAY_023242,2025-10-16T08:41:10,FULL,RETURNED_ORDER,306.74,INR,SUCCESS,PayFlow,RF_00000992,CUST_004556
REF_000993,ORD_028221,PAY_023259,2025-10-20T11:03:52,FULL,RETURNED_ORDER,5285.57,INR,SUCCESS,PayFlow,RF_00000993,CUST_006351
REF_000994,ORD_028227,PAY_023265,2025-10-31T23:06:47,FULL,CUSTOMER_REQUEST,1351.04,INR,SUCCESS,PayFlow,RF_00000994,CUST_005548
REF_000995,ORD_028252,PAY_023284,2025-10-21T05:54:55,FULL,CUSTOMER_REQUEST,743.87,INR,SUCCESS,PayFlow,RF_00000995,CUST_004557
REF_000996,ORD_028253,PAY_023285,2025-10-28T04:43:53,FULL,CUSTOMER_REQUEST,522.50,INR,SUCCESS,PayFlow,RF_00000996,CUST_001615
REF_000997,ORD_028283,,2025-11-01T14:18:04,FULL,RETURNED_ORDER,703.63,INR,SUCCESS,,,CUST_005335
REF_000998,ORD_028285,PAY_023309,2025-10-25T18:45:05,FULL,RETURNED_ORDER,650.89,INR,SUCCESS,PayFlow,RF_00000998,CUST_003742
REF_000999,ORD_028302,,2025-10-13T03:57:21,FULL,RETURNED_ORDER,3645.85,INR,SUCCESS,,,CUST_008493
REF_001000,ORD_028309,PAY_023329,2025-11-04T09:05:51,FULL,RETURNED_ORDER,3257.42,INR,SUCCESS,PayFlow,RF_00001000,CUST_001562
REF_001001,ORD_028314,,2025-10-30T17:14:34,FULL,RETURNED_ORDER,754.02,INR,SUCCESS,,,CUST_003822
REF_001002,ORD_028395,PAY_023401,2025-10-17T23:46:45,FULL,CUSTOMER_REQUEST,701.90,INR,SUCCESS,PayFlow,RF_00001002,CUST_007369
REF_001003,ORD_028428,,2025-10-16T13:39:19,FULL,RETURNED_ORDER,271.22,INR,SUCCESS,,,CUST_007740
REF_001004,ORD_028443,PAY_023442,2025-10-27T15:20:36,FULL,RETURNED_ORDER,724.13,INR,SUCCESS,PayFlow,RF_00001004,CUST_001856
REF_001005,ORD_028452,PAY_023450,2025-10-21T20:17:32,FULL,RETURNED_ORDER,700.92,INR,SUCCESS,PayFlow,RF_00001005,CUST_003095
REF_001006,ORD_028499,PAY_023488,2025-10-22T16:02:54,FULL,RETURNED_ORDER,678.30,INR,SUCCESS,PayFlow,RF_00001006,CUST_003915
REF_001007,ORD_028500,PAY_023489,2025-11-01T08:28:01,FULL,RETURNED_ORDER,5245.10,INR,SUCCESS,PayFlow,RF_00001007,CUST_002437
REF_001008,ORD_028540,PAY_023524,2025-10-10T01:44:54,FULL,CUSTOMER_REQUEST,271.28,INR,SUCCESS,PayFlow,RF_00001008,CUST_007088
REF_001009,ORD_028565,PAY_023543,2025-10-14T07:56:35,FULL,RETURNED_ORDER,339.19,INR,SUCCESS,PayFlow,RF_00001009,CUST_008499
REF_001010,ORD_028582,PAY_023557,2025-10-15T20:23:03,FULL,CUSTOMER_REQUEST,1340.48,INR,SUCCESS,PayFlow,RF_00001010,CUST_004380
REF_001011,ORD_028584,PAY_023559,2025-10-18T16:27:38,FULL,RETURNED_ORDER,729.43,INR,SUCCESS,PayFlow,RF_00001011,CUST_007892
REF_001012,ORD_028596,PAY_023568,2025-10-15T03:35:49,FULL,RETURNED_ORDER,774.08,INR,SUCCESS,PayFlow,RF_00001012,CUST_007953
REF_001013,ORD_028640,PAY_023604,2025-11-01T21:33:38,FULL,RETURNED_ORDER,1285.34,INR,SUCCESS,PayFlow,RF_00001013,CUST_000427
REF_001014,ORD_028656,PAY_023617,2025-10-20T02:19:32,FULL,CUSTOMER_REQUEST,603.34,INR,SUCCESS,PayFlow,RF_00001014,CUST_004149
REF_001015,ORD_028737,PAY_023674,2025-10-23T23:19:52,FULL,CUSTOMER_REQUEST,1818.26,INR,SUCCESS,PayFlow,RF_00001015,CUST_008084
REF_001016,ORD_028743,PAY_023680,2025-10-15T03:09:21,PARTIAL,CUSTOMER_REQUEST,90.53,INR,SUCCESS,PayFlow,RF_00001016,CUST_002327
REF_001017,ORD_028848,PAY_023764,2025-10-31T15:30:48,FULL,RETURNED_ORDER,619.26,INR,SUCCESS,PayFlow,RF_00001017,CUST_007989
REF_001018,ORD_028850,PAY_023766,2025-10-21T05:29:31,FULL,RETURNED_ORDER,446.04,INR,SUCCESS,PayFlow,RF_00001018,CUST_006351
REF_001019,ORD_028874,PAY_023785,2025-10-25T23:39:12,FULL,CUSTOMER_REQUEST,1145.78,INR,SUCCESS,PayFlow,RF_00001019,CUST_002255
REF_001020,ORD_028886,PAY_023796,2025-10-20T23:17:02,FULL,CUSTOMER_REQUEST,1017.51,INR,SUCCESS,PayFlow,RF_00001020,CUST_005924
REF_001021,ORD_028956,PAY_023850,2025-10-23T02:37:24,PARTIAL,CUSTOMER_REQUEST,785.43,INR,SUCCESS,PayFlow,RF_00001021,CUST_003296
REF_001022,ORD_029031,PAY_023913,2025-11-02T22:19:00,FULL,CUSTOMER_REQUEST,1197.70,INR,SUCCESS,PayFlow,RF_00001022,CUST_004346
REF_001023,ORD_029062,,2025-10-12T09:04:57,FULL,RETURNED_ORDER,4068.94,INR,SUCCESS,,,CUST_002262
REF_001024,ORD_029099,PAY_023967,2025-11-05T20:25:07,PARTIAL,CUSTOMER_REQUEST,439.67,INR,SUCCESS,PayFlow,RF_00001024,CUST_008075
REF_001025,ORD_029106,PAY_023972,2025-11-02T20:20:42,FULL,CUSTOMER_REQUEST,711.95,INR,SUCCESS,PayFlow,RF_00001025,CUST_002048
REF_001026,ORD_029181,PAY_024030,2025-10-08T23:04:18,FULL,CUSTOMER_REQUEST,4282.88,INR,SUCCESS,PayFlow,RF_00001026,CUST_000669
REF_001027,ORD_029188,PAY_024035,2025-10-15T12:51:25,FULL,RETURNED_ORDER,778.58,INR,SUCCESS,PayFlow,RF_00001027,CUST_006680
REF_001028,ORD_029189,PAY_024036,2025-11-08T05:48:06,FULL,RETURNED_ORDER,306.80,INR,SUCCESS,PayFlow,RF_00001028,CUST_006858
REF_001029,ORD_029197,PAY_024044,2025-11-01T15:12:46,FULL,CUSTOMER_REQUEST,396.48,INR,SUCCESS,PayFlow,RF_00001029,CUST_004693
REF_001030,ORD_029215,PAY_024061,2025-10-08T16:15:41,FULL,CUSTOMER_REQUEST,295.00,INR,SUCCESS,PayFlow,RF_00001030,CUST_003217
REF_001031,ORD_029216,PAY_024062,2025-11-10T05:50:35,FULL,RETURNED_ORDER,1260.24,INR,SUCCESS,PayFlow,RF_00001031,CUST_005435
REF_001032,ORD_029239,,2025-10-12T02:52:08,FULL,RETURNED_ORDER,309.57,INR,SUCCESS,,,CUST_007070
REF_001033,ORD_029251,PAY_024090,2025-10-11T06:04:00,FULL,RETURNED_ORDER,271.28,INR,SUCCESS,PayFlow,RF_00001033,CUST_002138
REF_001034,ORD_029305,PAY_024132,2025-11-05T03:10:17,FULL,RETURNED_ORDER,1818.26,INR,SUCCESS,PayFlow,RF_00001034,CUST_005922
REF_001035,ORD_029312,PAY_024138,2025-10-19T06:27:26,FULL,RETURNED_ORDER,306.74,INR,SUCCESS,PayFlow,RF_00001035,CUST_003268
REF_001036,ORD_029319,PAY_024143,2025-10-31T14:13:12,FULL,RETURNED_ORDER,664.34,INR,SUCCESS,PayFlow,RF_00001036,CUST_001016
REF_001037,ORD_029329,PAY_024151,2025-11-08T07:18:58,FULL,RETURNED_ORDER,818.82,INR,SUCCESS,PayFlow,RF_00001037,CUST_001003
REF_001038,ORD_029344,PAY_024165,2025-10-23T01:29:12,FULL,RETURNED_ORDER,409.34,INR,SUCCESS,PayFlow,RF_00001038,CUST_005056
REF_001039,ORD_029351,PAY_024171,2025-10-26T22:43:36,FULL,RETURNED_ORDER,799.98,INR,SUCCESS,PayFlow,RF_00001039,CUST_001010
REF_001040,ORD_029394,PAY_024208,2025-11-03T20:35:24,FULL,RETURNED_ORDER,3450.72,INR,SUCCESS,PayFlow,RF_00001040,CUST_000580
REF_001041,ORD_029414,PAY_024226,2025-10-29T21:44:53,FULL,RETURNED_ORDER,2175.86,INR,SUCCESS,PayFlow,RF_00001041,CUST_004764
REF_001042,ORD_029429,PAY_024240,2025-10-07T21:13:23,FULL,CUSTOMER_REQUEST,420.20,INR,SUCCESS,PayFlow,RF_00001042,CUST_005338
REF_001043,ORD_029444,PAY_024253,2025-11-06T18:06:40,FULL,RETURNED_ORDER,638.38,INR,SUCCESS,PayFlow,RF_00001043,CUST_001481
REF_001044,ORD_029459,PAY_024266,2025-11-01T11:32:00,FULL,RETURNED_ORDER,2476.58,INR,SUCCESS,PayFlow,RF_00001044,CUST_000014
REF_001045,ORD_029467,PAY_024273,2025-11-02T02:09:59,FULL,RETURNED_ORDER,396.48,INR,SUCCESS,PayFlow,RF_00001045,CUST_003489
REF_001046,ORD_029486,PAY_024289,2025-10-21T04:20:19,FULL,CUSTOMER_REQUEST,1280.18,INR,SUCCESS,PayFlow,RF_00001046,CUST_002322
REF_001047,ORD_029531,PAY_024327,2025-11-03T22:15:43,PARTIAL,CUSTOMER_REQUEST,89.52,INR,SUCCESS,PayFlow,RF_00001047,CUST_006572
REF_001048,ORD_029540,PAY_024335,2025-10-03T00:05:05,FULL,CUSTOMER_REQUEST,374.41,INR,SUCCESS,PayFlow,RF_00001048,CUST_006063
REF_001049,ORD_029546,PAY_024339,2025-10-19T11:48:29,FULL,RETURNED_ORDER,5383.16,INR,SUCCESS,PayFlow,RF_00001049,CUST_005667
REF_001050,ORD_029561,PAY_024350,2025-10-28T14:16:58,FULL,RETURNED_ORDER,766.78,INR,SUCCESS,PayFlow,RF_00001050,CUST_005245
REF_001051,ORD_029599,PAY_024381,2025-10-28T08:18:09,FULL,RETURNED_ORDER,921.58,INR,SUCCESS,PayFlow,RF_00001051,CUST_001375
REF_001052,ORD_029605,PAY_024386,2025-10-30T19:03:32,FULL,CUSTOMER_REQUEST,731.60,INR,SUCCESS,PayFlow,RF_00001052,CUST_006978
REF_001053,ORD_029631,,2025-10-22T09:01:08,FULL,RETURNED_ORDER,570.88,INR,SUCCESS,,,CUST_006544
REF_001054,ORD_029652,PAY_024428,2025-10-16T22:18:26,FULL,CUSTOMER_REQUEST,294.88,INR,SUCCESS,PayFlow,RF_00001054,CUST_002978
REF_001055,ORD_029676,PAY_024448,2025-11-03T14:54:41,FULL,RETURNED_ORDER,271.22,INR,SUCCESS,PayFlow,RF_00001055,CUST_003095
REF_001056,ORD_029692,PAY_024460,2025-11-07T05:33:52,FULL,RETURNED_ORDER,585.17,INR,SUCCESS,PayFlow,RF_00001056,CUST_007604
REF_001057,ORD_029718,PAY_024482,2025-10-17T02:36:41,FULL,RETURNED_ORDER,283.08,INR,SUCCESS,PayFlow,RF_00001057,CUST_003434
REF_001058,ORD_029740,PAY_024501,2025-10-26T01:07:38,FULL,CUSTOMER_REQUEST,948.72,INR,SUCCESS,PayFlow,RF_00001058,CUST_003136
REF_001059,ORD_029769,PAY_024527,2025-11-02T09:28:15,FULL,RETURNED_ORDER,348.73,INR,SUCCESS,PayFlow,RF_00001059,CUST_008300
REF_001060,ORD_029811,PAY_024560,2025-11-05T05:57:28,FULL,RETURNED_ORDER,283.08,INR,SUCCESS,PayFlow,RF_00001060,CUST_005501
REF_001061,ORD_029848,PAY_024590,2025-10-22T22:09:46,FULL,CUSTOMER_REQUEST,306.80,INR,SUCCESS,PayFlow,RF_00001061,CUST_005255
REF_001062,ORD_029875,PAY_024613,2025-10-08T16:34:37,FULL,CUSTOMER_REQUEST,826.00,INR,SUCCESS,PayFlow,RF_00001062,CUST_006207
REF_001063,ORD_029954,PAY_024679,2025-10-29T01:45:46,FULL,RETURNED_ORDER,306.80,INR,SUCCESS,PayFlow,RF_00001063,CUST_004488
REF_001064,ORD_029964,,2025-11-04T23:27:55,FULL,RETURNED_ORDER,692.09,INR,SUCCESS,,,CUST_007231
REF_001065,ORD_030005,PAY_024719,2025-10-16T20:31:32,FULL,CUSTOMER_REQUEST,306.80,INR,SUCCESS,PayFlow,RF_00001065,CUST_006321
REF_001066,ORD_030018,PAY_024731,2025-11-05T22:26:19,PARTIAL,CUSTOMER_REQUEST,188.04,INR,SUCCESS,PayFlow,RF_00001066,CUST_008272
REF_001067,ORD_030071,,2025-11-09T02:52:00,FULL,RETURNED_ORDER,920.16,INR,SUCCESS,,,CUST_006822
REF_001068,ORD_030142,PAY_024840,2025-11-01T20:37:52,FULL,CUSTOMER_REQUEST,1461.78,INR,SUCCESS,PayFlow,RF_00001068,CUST_005612
REF_001069,ORD_030156,PAY_024850,2025-10-30T02:00:40,FULL,CUSTOMER_REQUEST,962.01,INR,SUCCESS,PayFlow,RF_00001069,CUST_004069
REF_001070,ORD_030232,,2025-10-25T16:55:56,FULL,RETURNED_ORDER,283.02,INR,SUCCESS,,,CUST_000242
REF_001071,ORD_030233,,2025-10-30T23:13:12,FULL,RETURNED_ORDER,2194.15,INR,SUCCESS,,,CUST_007536
REF_001072,ORD_030263,PAY_024937,2025-10-18T21:53:29,FULL,CUSTOMER_REQUEST,379.55,INR,SUCCESS,PayFlow,RF_00001072,CUST_007070
REF_001073,ORD_030277,,2025-10-21T09:55:19,FULL,RETURNED_ORDER,295.00,INR,SUCCESS,,,CUST_008189
REF_001074,ORD_030349,PAY_025005,2025-10-15T22:06:43,FULL,CUSTOMER_REQUEST,871.67,INR,SUCCESS,PayFlow,RF_00001074,CUST_007101
REF_001075,ORD_030383,PAY_025033,2025-10-14T18:11:17,PARTIAL,CUSTOMER_REQUEST,807.12,INR,SUCCESS,PayFlow,RF_00001075,CUST_007551
REF_001076,ORD_030409,PAY_025053,2025-10-06T17:12:34,FULL,CUSTOMER_REQUEST,993.86,INR,SUCCESS,PayFlow,RF_00001076,CUST_005256
REF_001077,ORD_030421,,2025-10-10T13:57:51,FULL,RETURNED_ORDER,309.57,INR,SUCCESS,,,CUST_004440
REF_001078,ORD_030465,PAY_025099,2025-10-31T11:19:43,FULL,RETURNED_ORDER,2975.61,INR,SUCCESS,PayFlow,RF_00001078,CUST_004667
REF_001079,ORD_030517,PAY_025144,2025-10-24T21:19:08,FULL,RETURNED_ORDER,3150.60,INR,SUCCESS,PayFlow,RF_00001079,CUST_004850
REF_001080,ORD_030537,PAY_025161,2025-10-16T21:43:48,FULL,CUSTOMER_REQUEST,3731.81,INR,SUCCESS,PayFlow,RF_00001080,CUST_005579
REF_001081,ORD_030538,PAY_025162,2025-11-04T21:44:01,FULL,RETURNED_ORDER,446.04,INR,SUCCESS,PayFlow,RF_00001081,CUST_008172
REF_001082,ORD_030564,PAY_025184,2025-10-23T14:56:00,FULL,RETURNED_ORDER,558.14,INR,SUCCESS,PayFlow,RF_00001082,CUST_005104
REF_001083,ORD_030565,PAY_025185,2025-10-31T03:30:10,FULL,RETURNED_ORDER,2229.27,INR,SUCCESS,PayFlow,RF_00001083,CUST_004395
REF_001084,ORD_030599,PAY_025213,2025-10-17T15:28:16,FULL,RETURNED_ORDER,2399.04,INR,SUCCESS,PayFlow,RF_00001084,CUST_001451
REF_001085,ORD_030640,,2025-10-24T04:54:32,FULL,RETURNED_ORDER,656.61,INR,SUCCESS,,,CUST_007365
REF_001086,ORD_030649,PAY_025253,2025-11-11T20:53:08,FULL,RETURNED_ORDER,1429.28,INR,SUCCESS,PayFlow,RF_00001086,CUST_005097
REF_001087,ORD_030663,,2025-11-11T12:07:06,FULL,RETURNED_ORDER,635.19,INR,SUCCESS,,,CUST_006714
REF_001088,ORD_030668,PAY_025271,2025-11-01T06:12:44,FULL,RETURNED_ORDER,1256.70,INR,SUCCESS,PayFlow,RF_00001088,CUST_008363
REF_001089,ORD_030683,PAY_025284,2025-10-10T23:21:35,FULL,CUSTOMER_REQUEST,295.00,INR,SUCCESS,PayFlow,RF_00001089,CUST_006270
REF_001090,ORD_030697,,2025-10-18T08:36:10,FULL,RETURNED_ORDER,1618.40,INR,SUCCESS,,,CUST_000236
REF_001091,ORD_030700,PAY_025297,2025-10-24T23:51:29,FULL,CUSTOMER_REQUEST,919.72,INR,SUCCESS,PayFlow,RF_00001091,CUST_005303
REF_001092,ORD_030716,PAY_025313,2025-11-09T00:36:55,FULL,RETURNED_ORDER,1046.66,INR,SUCCESS,PayFlow,RF_00001092,CUST_000982
REF_001093,ORD_030746,PAY_025333,2025-10-28T04:48:52,FULL,RETURNED_ORDER,2562.96,INR,SUCCESS,PayFlow,RF_00001093,CUST_007832
REF_001094,ORD_030760,PAY_025343,2025-10-29T23:59:55,FULL,RETURNED_ORDER,295.00,INR,SUCCESS,PayFlow,RF_00001094,CUST_008261
REF_001095,ORD_030785,PAY_025361,2025-10-22T02:47:43,FULL,CUSTOMER_REQUEST,1420.16,INR,SUCCESS,PayFlow,RF_00001095,CUST_003398
REF_001096,ORD_030803,,2025-10-14T18:45:16,FULL,RETURNED_ORDER,1993.02,INR,SUCCESS,,,CUST_002328
REF_001097,ORD_030887,PAY_025436,2025-11-28T11:06:09,FULL,RETURNED_ORDER,2400.06,INR,SUCCESS,PayFlow,RF_00001097,CUST_008119
REF_001098,ORD_030953,PAY_025496,2025-12-07T15:28:51,FULL,RETURNED_ORDER,2241.88,INR,SUCCESS,PayFlow,RF_00001098,CUST_006048
REF_001099,ORD_030970,PAY_025511,2025-12-06T02:38:44,FULL,RETURNED_ORDER,3189.19,INR,SUCCESS,PayFlow,RF_00001099,CUST_005262
REF_001100,ORD_031019,PAY_025545,2025-11-15T06:27:48,FULL,RETURNED_ORDER,609.12,INR,SUCCESS,PayFlow,RF_00001100,CUST_004871
REF_001101,ORD_031058,PAY_025580,2025-11-27T15:01:29,FULL,RETURNED_ORDER,838.98,INR,SUCCESS,PayFlow,RF_00001101,CUST_005638
REF_001102,ORD_031135,PAY_025643,2025-12-10T00:20:31,FULL,RETURNED_ORDER,556.49,INR,SUCCESS,PayFlow,RF_00001102,CUST_001703
REF_001103,ORD_031166,PAY_025672,2025-12-02T03:48:27,FULL,CUSTOMER_REQUEST,306.80,INR,SUCCESS,PayFlow,RF_00001103,CUST_002982
REF_001104,ORD_031212,PAY_025710,2025-12-02T05:21:06,FULL,CUSTOMER_REQUEST,788.71,INR,SUCCESS,PayFlow,RF_00001104,CUST_006893
REF_001105,ORD_031250,PAY_025739,2025-11-29T12:11:53,FULL,RETURNED_ORDER,989.37,INR,SUCCESS,PayFlow,RF_00001105,CUST_004644
REF_001106,ORD_031257,PAY_025745,2025-11-28T01:36:52,PARTIAL,CUSTOMER_REQUEST,352.19,INR,SUCCESS,PayFlow,RF_00001106,CUST_000203
REF_001107,ORD_031286,PAY_025771,2025-12-01T09:43:57,FULL,RETURNED_ORDER,4532.38,INR,SUCCESS,PayFlow,RF_00001107,CUST_000480
REF_001108,ORD_031341,PAY_025815,2025-11-05T01:16:11,PARTIAL,CUSTOMER_REQUEST,725.05,INR,SUCCESS,PayFlow,RF_00001108,CUST_005367
REF_001109,ORD_031342,,2025-11-22T07:21:39,FULL,RETURNED_ORDER,4305.76,INR,SUCCESS,,,CUST_001748
REF_001110,ORD_031343,PAY_025816,2025-11-15T15:20:42,FULL,RETURNED_ORDER,354.00,INR,SUCCESS,PayFlow,RF_00001110,CUST_002118
REF_001111,ORD_031369,PAY_025839,2025-11-23T23:26:24,FULL,RETURNED_ORDER,395.30,INR,SUCCESS,PayFlow,RF_00001111,CUST_007319
REF_001112,ORD_031408,PAY_025871,2025-12-05T05:17:20,FULL,RETURNED_ORDER,371.70,INR,SUCCESS,PayFlow,RF_00001112,CUST_002334
REF_001113,ORD_031421,PAY_025882,2025-11-16T01:09:11,FULL,CUSTOMER_REQUEST,2183.00,INR,SUCCESS,PayFlow,RF_00001113,CUST_000672
REF_001114,ORD_031446,PAY_025905,2025-11-06T02:08:12,FULL,CUSTOMER_REQUEST,1666.56,INR,SUCCESS,PayFlow,RF_00001114,CUST_003307
REF_001115,ORD_031447,PAY_025906,2025-12-05T00:35:54,FULL,RETURNED_ORDER,3104.58,INR,SUCCESS,PayFlow,RF_00001115,CUST_002565
REF_001116,ORD_031472,PAY_025930,2025-11-21T13:17:06,FULL,RETURNED_ORDER,1043.12,INR,SUCCESS,PayFlow,RF_00001116,CUST_007428
REF_001117,ORD_031519,PAY_025970,2025-11-27T14:55:41,FULL,RETURNED_ORDER,2456.52,INR,SUCCESS,PayFlow,RF_00001117,CUST_003526
REF_001118,ORD_031567,PAY_026007,2025-11-13T01:40:04,FULL,RETURNED_ORDER,403.15,INR,SUCCESS,PayFlow,RF_00001118,CUST_003637
REF_001119,ORD_031569,PAY_026009,2025-11-29T22:14:25,FULL,RETURNED_ORDER,2005.47,INR,SUCCESS,PayFlow,RF_00001119,CUST_001398
REF_001120,ORD_031587,PAY_026024,2025-11-30T23:15:59,PARTIAL,CUSTOMER_REQUEST,1339.69,INR,SUCCESS,PayFlow,RF_00001120,CUST_001395
REF_001121,ORD_031634,PAY_026059,2025-11-18T17:18:45,FULL,RETURNED_ORDER,1011.26,INR,SUCCESS,PayFlow,RF_00001121,CUST_004837
REF_001122,ORD_031654,PAY_026078,2025-12-05T19:18:54,FULL,RETURNED_ORDER,1289.74,INR,SUCCESS,PayFlow,RF_00001122,CUST_006323
REF_001123,ORD_031736,PAY_026145,2025-12-06T02:11:43,PARTIAL,CUSTOMER_REQUEST,864.45,INR,SUCCESS,PayFlow,RF_00001123,CUST_001863
REF_001124,ORD_031796,PAY_026194,2025-11-13T04:43:27,FULL,CUSTOMER_REQUEST,1082.06,INR,SUCCESS,PayFlow,RF_00001124,CUST_008346
REF_001125,ORD_031797,PAY_026195,2025-11-22T04:54:23,FULL,RETURNED_ORDER,1519.84,INR,SUCCESS,PayFlow,RF_00001125,CUST_004859
REF_001126,ORD_031804,PAY_026201,2025-11-22T02:51:17,FULL,CUSTOMER_REQUEST,586.93,INR,SUCCESS,PayFlow,RF_00001126,CUST_005768
REF_001127,ORD_031811,PAY_026207,2025-12-01T04:12:43,FULL,CUSTOMER_REQUEST,595.70,INR,SUCCESS,PayFlow,RF_00001127,CUST_008337
REF_001128,ORD_031850,PAY_026241,2025-11-06T21:43:43,PARTIAL,CUSTOMER_REQUEST,1388.25,INR,SUCCESS,PayFlow,RF_00001128,CUST_005726
REF_001129,ORD_031883,PAY_026268,2025-11-14T02:06:56,FULL,CUSTOMER_REQUEST,367.81,INR,SUCCESS,PayFlow,RF_00001129,CUST_002029
REF_001130,ORD_031897,PAY_026278,2025-12-01T09:33:18,FULL,RETURNED_ORDER,785.88,INR,SUCCESS,PayFlow,RF_00001130,CUST_003347
REF_001131,ORD_031904,PAY_026284,2025-11-28T09:36:36,FULL,RETURNED_ORDER,318.60,INR,SUCCESS,PayFlow,RF_00001131,CUST_003594
REF_001132,ORD_031934,PAY_026309,2025-11-26T08:43:18,FULL,RETURNED_ORDER,918.04,INR,SUCCESS,PayFlow,RF_00001132,CUST_007724
REF_001133,ORD_031953,PAY_026323,2025-11-12T03:00:42,FULL,RETURNED_ORDER,295.00,INR,SUCCESS,PayFlow,RF_00001133,CUST_005375
REF_001134,ORD_031970,PAY_026339,2025-12-09T20:38:34,FULL,RETURNED_ORDER,702.10,INR,SUCCESS,PayFlow,RF_00001134,CUST_000316
REF_001135,ORD_031992,,2025-11-20T05:48:00,FULL,RETURNED_ORDER,720.34,INR,SUCCESS,,,CUST_000010
REF_001136,ORD_031993,PAY_026360,2025-12-01T17:16:29,FULL,RETURNED_ORDER,731.33,INR,SUCCESS,PayFlow,RF_00001136,CUST_005521
REF_001137,ORD_032033,PAY_026393,2025-12-04T16:06:58,FULL,RETURNED_ORDER,2796.60,INR,SUCCESS,PayFlow,RF_00001137,CUST_003264
REF_001138,ORD_032076,PAY_026427,2025-11-26T07:40:22,FULL,RETURNED_ORDER,371.70,INR,SUCCESS,PayFlow,RF_00001138,CUST_003560
REF_001139,ORD_032087,PAY_026437,2025-11-24T17:45:36,FULL,CUSTOMER_REQUEST,577.72,INR,SUCCESS,PayFlow,RF_00001139,CUST_001734
REF_001140,ORD_032138,PAY_026482,2025-11-05T23:07:43,FULL,CUSTOMER_REQUEST,306.80,INR,SUCCESS,PayFlow,RF_00001140,CUST_007892
REF_001141,ORD_032166,PAY_026506,2025-11-10T12:13:13,FULL,RETURNED_ORDER,318.60,INR,SUCCESS,PayFlow,RF_00001141,CUST_000782
REF_001142,ORD_032204,PAY_026540,2025-11-24T10:42:56,FULL,RETURNED_ORDER,2895.72,INR,SUCCESS,PayFlow,RF_00001142,CUST_008148
REF_001143,ORD_032219,PAY_026550,2025-11-11T23:43:14,FULL,CUSTOMER_REQUEST,788.18,INR,SUCCESS,PayFlow,RF_00001143,CUST_008404
REF_001144,ORD_032250,PAY_026579,2025-11-23T02:58:24,FULL,RETURNED_ORDER,1212.80,INR,SUCCESS,PayFlow,RF_00001144,CUST_003549
REF_001145,ORD_032257,PAY_026583,2025-11-22T16:25:59,FULL,RETURNED_ORDER,671.07,INR,SUCCESS,PayFlow,RF_00001145,CUST_005475
REF_001146,ORD_032265,PAY_026591,2025-12-09T08:57:47,FULL,RETURNED_ORDER,2987.47,INR,SUCCESS,PayFlow,RF_00001146,CUST_006227
REF_001147,ORD_032409,PAY_026711,2025-11-27T16:50:14,FULL,RETURNED_ORDER,2103.94,INR,SUCCESS,PayFlow,RF_00001147,CUST_000128
REF_001148,ORD_032414,PAY_026716,2025-11-17T01:09:43,FULL,CUSTOMER_REQUEST,1766.81,INR,SUCCESS,PayFlow,RF_00001148,CUST_000871
REF_001149,ORD_032435,PAY_026733,2025-11-05T15:09:46,FULL,CUSTOMER_REQUEST,306.74,INR,SUCCESS,PayFlow,RF_00001149,CUST_000429
REF_001150,ORD_032461,PAY_026754,2025-11-17T09:55:18,FULL,RETURNED_ORDER,377.60,INR,SUCCESS,PayFlow,RF_00001150,CUST_007066
REF_001151,ORD_032519,PAY_026799,2025-11-30T09:59:17,FULL,RETURNED_ORDER,893.26,INR,SUCCESS,PayFlow,RF_00001151,CUST_000776
REF_001152,ORD_032521,PAY_026801,2025-11-18T08:43:26,FULL,RETURNED_ORDER,318.60,INR,SUCCESS,PayFlow,RF_00001152,CUST_002306
REF_001153,ORD_032549,PAY_026823,2025-11-20T05:38:12,FULL,RETURNED_ORDER,1619.55,INR,SUCCESS,PayFlow,RF_00001153,CUST_001919
REF_001154,ORD_032577,,2025-11-18T07:27:06,FULL,RETURNED_ORDER,842.52,INR,SUCCESS,,,CUST_002843
REF_001155,ORD_032629,PAY_026888,2025-11-11T23:57:49,PARTIAL,CUSTOMER_REQUEST,397.45,INR,SUCCESS,PayFlow,RF_00001155,CUST_005349
REF_001156,ORD_032656,PAY_026911,2025-11-12T06:48:08,FULL,RETURNED_ORDER,1998.74,INR,SUCCESS,PayFlow,RF_00001156,CUST_000434
REF_001157,ORD_032828,PAY_027038,2025-11-18T06:54:33,FULL,RETURNED_ORDER,643.71,INR,SUCCESS,PayFlow,RF_00001157,CUST_003672
REF_001158,ORD_032877,PAY_027073,2025-12-02T06:56:50,FULL,RETURNED_ORDER,1085.93,INR,SUCCESS,PayFlow,RF_00001158,CUST_005521
REF_001159,ORD_032952,PAY_027136,2025-12-10T14:48:11,FULL,RETURNED_ORDER,657.26,INR,SUCCESS,PayFlow,RF_00001159,CUST_001685
REF_001160,ORD_032981,PAY_027156,2025-12-07T02:40:38,FULL,RETURNED_ORDER,371.70,INR,SUCCESS,PayFlow,RF_00001160,CUST_002855
REF_001161,ORD_033020,PAY_027188,2025-11-13T02:17:34,FULL,CUSTOMER_REQUEST,1075.16,INR,SUCCESS,PayFlow,RF_00001161,CUST_001272
REF_001162,ORD_033028,PAY_027195,2025-11-21T23:59:41,FULL,RETURNED_ORDER,295.00,INR,SUCCESS,PayFlow,RF_00001162,CUST_004149
REF_001163,ORD_033031,PAY_027198,2025-11-30T08:56:04,FULL,RETURNED_ORDER,488.06,INR,SUCCESS,PayFlow,RF_00001163,CUST_005267
REF_001164,ORD_033035,PAY_027200,2025-12-04T15:17:35,FULL,RETURNED_ORDER,908.60,INR,SUCCESS,PayFlow,RF_00001164,CUST_006061
REF_001165,ORD_033036,PAY_027201,2025-11-30T11:44:22,FULL,RETURNED_ORDER,558.14,INR,SUCCESS,PayFlow,RF_00001165,CUST_000232
REF_001166,ORD_033039,PAY_027204,2025-11-05T18:23:43,FULL,CUSTOMER_REQUEST,1680.32,INR,SUCCESS,PayFlow,RF_00001166,CUST_002978
REF_001167,ORD_033049,PAY_027211,2025-11-11T11:41:36,FULL,CUSTOMER_REQUEST,283.14,INR,SUCCESS,PayFlow,RF_00001167,CUST_008280
REF_001168,ORD_033075,PAY_027234,2025-11-18T00:59:53,FULL,RETURNED_ORDER,371.70,INR,SUCCESS,PayFlow,RF_00001168,CUST_003229
REF_001169,ORD_033092,PAY_027249,2025-11-08T22:06:50,PARTIAL,CUSTOMER_REQUEST,144.77,INR,SUCCESS,PayFlow,RF_00001169,CUST_002925
REF_001170,ORD_033117,PAY_027272,2025-11-27T21:35:01,PARTIAL,CUSTOMER_REQUEST,181.65,INR,SUCCESS,PayFlow,RF_00001170,CUST_002107
REF_001171,ORD_033165,PAY_027315,2025-11-10T06:12:45,FULL,RETURNED_ORDER,972.32,INR,SUCCESS,PayFlow,RF_00001171,CUST_005939
REF_001172,ORD_033222,PAY_027363,2025-12-12T11:32:35,FULL,RETURNED_ORDER,1106.84,INR,SUCCESS,PayFlow,RF_00001172,CUST_005068
REF_001173,ORD_033258,PAY_027395,2025-12-08T09:20:50,FULL,RETURNED_ORDER,685.58,INR,SUCCESS,PayFlow,RF_00001173,CUST_003715
REF_001174,ORD_033260,PAY_027396,2025-12-05T03:40:12,FULL,RETURNED_ORDER,767.53,INR,SUCCESS,PayFlow,RF_00001174,CUST_004899
REF_001175,ORD_033269,,2025-12-03T11:02:21,FULL,RETURNED_ORDER,1358.18,INR,SUCCESS,,,CUST_006874
REF_001176,ORD_033338,,2025-11-25T08:09:48,FULL,RETURNED_ORDER,978.22,INR,SUCCESS,,,CUST_006216
REF_001177,ORD_033359,,2025-11-26T09:54:16,FULL,RETURNED_ORDER,283.14,INR,SUCCESS,,,CUST_006521
REF_001178,ORD_033364,PAY_027480,2025-12-07T08:42:08,FULL,RETURNED_ORDER,1213.04,INR,SUCCESS,PayFlow,RF_00001178,CUST_003226
REF_001179,ORD_033413,PAY_027518,2025-11-29T08:40:39,FULL,RETURNED_ORDER,2413.78,INR,SUCCESS,PayFlow,RF_00001179,CUST_002075
REF_001180,ORD_033445,PAY_027543,2025-12-01T19:47:26,FULL,RETURNED_ORDER,506.81,INR,SUCCESS,PayFlow,RF_00001180,CUST_000491
REF_001181,ORD_033453,PAY_027549,2025-11-24T00:57:15,FULL,CUSTOMER_REQUEST,611.59,INR,SUCCESS,PayFlow,RF_00001181,CUST_007585
REF_001182,ORD_033492,,2025-12-05T10:14:04,FULL,RETURNED_ORDER,554.48,INR,SUCCESS,,,CUST_001559
REF_001183,ORD_033503,PAY_027586,2025-11-12T17:15:54,FULL,RETURNED_ORDER,1002.68,INR,SUCCESS,PayFlow,RF_00001183,CUST_004226
REF_001184,ORD_033539,PAY_027614,2025-11-25T11:50:41,FULL,RETURNED_ORDER,2036.68,INR,SUCCESS,PayFlow,RF_00001184,CUST_001189
REF_001185,ORD_033543,PAY_027618,2025-11-12T23:33:11,PARTIAL,CUSTOMER_REQUEST,767.45,INR,SUCCESS,PayFlow,RF_00001185,CUST_001574
REF_001186,ORD_033567,PAY_027638,2025-12-04T09:39:33,FULL,RETURNED_ORDER,1059.64,INR,SUCCESS,PayFlow,RF_00001186,CUST_000529
REF_001187,ORD_033583,PAY_027649,2025-11-18T17:17:53,FULL,RETURNED_ORDER,733.96,INR,SUCCESS,PayFlow,RF_00001187,CUST_001860
REF_001188,ORD_033626,PAY_027680,2025-12-04T12:34:58,FULL,RETURNED_ORDER,1340.48,INR,SUCCESS,PayFlow,RF_00001188,CUST_004022
REF_001189,ORD_033652,PAY_027703,2025-11-17T19:38:12,FULL,CUSTOMER_REQUEST,4364.82,INR,SUCCESS,PayFlow,RF_00001189,CUST_002081
REF_001190,ORD_033698,PAY_027744,2025-11-22T07:55:39,FULL,RETURNED_ORDER,348.73,INR,SUCCESS,PayFlow,RF_00001190,CUST_002172
REF_001191,ORD_033733,,2025-11-13T18:28:50,FULL,RETURNED_ORDER,949.32,INR,SUCCESS,,,CUST_003601
REF_001192,ORD_033752,PAY_027782,2025-11-11T04:20:10,PARTIAL,CUSTOMER_REQUEST,296.53,INR,SUCCESS,PayFlow,RF_00001192,CUST_000920
REF_001193,ORD_033797,PAY_027818,2025-12-01T10:50:48,FULL,RETURNED_ORDER,607.82,INR,SUCCESS,PayFlow,RF_00001193,CUST_004991
REF_001194,ORD_033943,PAY_027933,2025-12-05T00:40:28,FULL,CUSTOMER_REQUEST,2644.48,INR,SUCCESS,PayFlow,RF_00001194,CUST_004282
REF_001195,ORD_033976,PAY_027961,2025-11-20T14:39:23,FULL,RETURNED_ORDER,294.94,INR,SUCCESS,PayFlow,RF_00001195,CUST_006688
REF_001196,ORD_034017,PAY_027997,2025-11-25T23:09:51,FULL,CUSTOMER_REQUEST,616.43,INR,SUCCESS,PayFlow,RF_00001196,CUST_000812
REF_001197,ORD_034021,PAY_028001,2025-11-24T18:25:47,FULL,CUSTOMER_REQUEST,727.06,INR,SUCCESS,PayFlow,RF_00001197,CUST_006066
REF_001198,ORD_034032,PAY_028011,2025-11-28T03:44:43,PARTIAL,CUSTOMER_REQUEST,1954.65,INR,SUCCESS,PayFlow,RF_00001198,CUST_001516
REF_001199,ORD_034060,PAY_028034,2025-11-25T04:16:14,FULL,RETURNED_ORDER,3858.48,INR,SUCCESS,PayFlow,RF_00001199,CUST_000506
REF_001200,ORD_034104,PAY_028072,2025-11-19T08:22:48,FULL,RETURNED_ORDER,1091.38,INR,SUCCESS,PayFlow,RF_00001200,CUST_001982
REF_001201,ORD_034162,PAY_028122,2025-11-09T02:07:43,FULL,RETURNED_ORDER,944.59,INR,SUCCESS,PayFlow,RF_00001201,CUST_004024
REF_001202,ORD_034165,PAY_028123,2025-11-25T17:24:14,FULL,RETURNED_ORDER,690.10,INR,SUCCESS,PayFlow,RF_00001202,CUST_002330
REF_001203,ORD_034212,PAY_028161,2025-11-12T15:58:59,FULL,RETURNED_ORDER,652.54,INR,SUCCESS,PayFlow,RF_00001203,CUST_000537
REF_001204,ORD_034219,PAY_028165,2025-11-27T22:37:30,FULL,CUSTOMER_REQUEST,1437.71,INR,SUCCESS,PayFlow,RF_00001204,CUST_004684
REF_001205,ORD_034277,PAY_028212,2025-11-15T10:52:52,FULL,RETURNED_ORDER,750.48,INR,SUCCESS,PayFlow,RF_00001205,CUST_007336
REF_001206,ORD_034289,,2025-11-23T15:56:01,FULL,RETURNED_ORDER,1140.71,INR,SUCCESS,,,CUST_006523
REF_001207,ORD_034292,PAY_028221,2025-12-03T19:29:28,FULL,CUSTOMER_REQUEST,5101.14,INR,SUCCESS,PayFlow,RF_00001207,CUST_005264
REF_001208,ORD_034328,PAY_028248,2025-11-19T17:08:01,FULL,RETURNED_ORDER,1618.40,INR,SUCCESS,PayFlow,RF_00001208,CUST_004870
REF_001209,ORD_034342,PAY_028259,2025-11-22T23:45:50,FULL,CUSTOMER_REQUEST,558.14,INR,SUCCESS,PayFlow,RF_00001209,CUST_001919
REF_001210,ORD_034346,PAY_028263,2025-11-18T20:42:38,PARTIAL,CUSTOMER_REQUEST,225.62,INR,SUCCESS,PayFlow,RF_00001210,CUST_003192
REF_001211,ORD_034353,PAY_028270,2025-11-19T18:53:43,FULL,RETURNED_ORDER,1181.12,INR,SUCCESS,PayFlow,RF_00001211,CUST_004039
REF_001212,ORD_034357,PAY_028274,2025-11-21T01:19:43,FULL,RETURNED_ORDER,2306.90,INR,SUCCESS,PayFlow,RF_00001212,CUST_006153
REF_001213,ORD_034388,PAY_028298,2025-12-01T01:42:37,FULL,CUSTOMER_REQUEST,1780.97,INR,SUCCESS,PayFlow,RF_00001213,CUST_005938
REF_001214,ORD_034401,PAY_028309,2025-11-15T23:14:29,FULL,CUSTOMER_REQUEST,4105.22,INR,SUCCESS,PayFlow,RF_00001214,CUST_004994
REF_001215,ORD_034415,PAY_028319,2025-11-10T07:09:36,FULL,RETURNED_ORDER,1538.72,INR,SUCCESS,PayFlow,RF_00001215,CUST_006016
REF_001216,ORD_034416,PAY_028320,2025-11-27T10:08:34,FULL,RETURNED_ORDER,848.77,INR,SUCCESS,PayFlow,RF_00001216,CUST_000396
REF_001217,ORD_034445,PAY_028341,2025-11-15T01:37:31,FULL,CUSTOMER_REQUEST,354.00,INR,SUCCESS,PayFlow,RF_00001217,CUST_008152
REF_001218,ORD_034480,PAY_028371,2025-12-02T05:56:16,FULL,RETURNED_ORDER,272.40,INR,SUCCESS,PayFlow,RF_00001218,CUST_007856
REF_001219,ORD_034606,PAY_028472,2025-12-05T06:04:40,FULL,RETURNED_ORDER,555.32,INR,SUCCESS,PayFlow,RF_00001219,CUST_008256
REF_001220,ORD_034610,PAY_028476,2025-11-20T13:55:11,FULL,RETURNED_ORDER,597.32,INR,SUCCESS,PayFlow,RF_00001220,CUST_002303
REF_001221,ORD_034621,PAY_028486,2025-12-01T05:48:17,FULL,CUSTOMER_REQUEST,578.21,INR,SUCCESS,PayFlow,RF_00001221,CUST_004525
REF_001222,ORD_034627,PAY_028492,2025-11-14T07:28:28,FULL,RETURNED_ORDER,3170.19,INR,SUCCESS,PayFlow,RF_00001222,CUST_001964
REF_001223,ORD_034646,PAY_028505,2025-12-04T05:30:23,FULL,RETURNED_ORDER,932.20,INR,SUCCESS,PayFlow,RF_00001223,CUST_005911
REF_001224,ORD_034695,PAY_028549,2025-11-17T11:56:11,FULL,RETURNED_ORDER,761.18,INR,SUCCESS,PayFlow,RF_00001224,CUST_008122
REF_001225,ORD_034764,PAY_028611,2025-12-03T17:44:36,PARTIAL,CUSTOMER_REQUEST,204.99,INR,SUCCESS,PayFlow,RF_00001225,CUST_006864
REF_001226,ORD_034852,PAY_028681,2025-11-21T14:35:08,FULL,RETURNED_ORDER,541.87,INR,SUCCESS,PayFlow,RF_00001226,CUST_006420
REF_001227,ORD_034869,PAY_028697,2025-11-03T22:54:59,FULL,CUSTOMER_REQUEST,434.24,INR,SUCCESS,PayFlow,RF_00001227,CUST_000788
REF_001228,ORD_034875,PAY_028703,2025-12-05T15:56:08,FULL,RETURNED_ORDER,1906.88,INR,SUCCESS,PayFlow,RF_00001228,CUST_002461
REF_001229,ORD_034878,PAY_028705,2025-12-07T00:17:53,FULL,RETURNED_ORDER,3694.70,INR,SUCCESS,PayFlow,RF_00001229,CUST_002437
REF_001230,ORD_034899,PAY_028724,2025-11-13T01:14:12,FULL,RETURNED_ORDER,318.60,INR,SUCCESS,PayFlow,RF_00001230,CUST_002028
REF_001231,ORD_034958,PAY_028772,2025-11-30T01:23:47,FULL,CUSTOMER_REQUEST,318.60,INR,SUCCESS,PayFlow,RF_00001231,CUST_008327
REF_001232,ORD_034998,PAY_028805,2025-11-28T21:43:38,PARTIAL,CUSTOMER_REQUEST,116.11,INR,SUCCESS,PayFlow,RF_00001232,CUST_003136
REF_001233,ORD_035007,,2025-11-16T07:27:38,FULL,RETURNED_ORDER,689.95,INR,SUCCESS,,,CUST_001645
REF_001234,ORD_035043,,2025-11-29T14:03:31,FULL,RETURNED_ORDER,379.61,INR,SUCCESS,,,CUST_006628
REF_001235,ORD_035073,PAY_028866,2025-12-03T19:05:17,FULL,CUSTOMER_REQUEST,396.48,INR,SUCCESS,PayFlow,RF_00001235,CUST_003203
REF_001236,ORD_035084,PAY_028875,2025-12-06T11:30:26,FULL,RETURNED_ORDER,2091.04,INR,SUCCESS,PayFlow,RF_00001236,CUST_002658
REF_001237,ORD_035087,PAY_028878,2025-11-23T23:20:33,FULL,RETURNED_ORDER,577.02,INR,SUCCESS,PayFlow,RF_00001237,CUST_003731
REF_001238,ORD_035146,PAY_028929,2025-11-17T22:29:05,FULL,CUSTOMER_REQUEST,731.60,INR,SUCCESS,PayFlow,RF_00001238,CUST_003167
REF_001239,ORD_035167,PAY_028948,2025-12-05T16:17:43,FULL,RETURNED_ORDER,1648.46,INR,SUCCESS,PayFlow,RF_00001239,CUST_003791
REF_001240,ORD_035214,PAY_028987,2025-11-15T12:06:59,FULL,CUSTOMER_REQUEST,339.19,INR,SUCCESS,PayFlow,RF_00001240,CUST_001658
REF_001241,ORD_035261,PAY_029028,2025-12-06T18:32:38,FULL,RETURNED_ORDER,679.33,INR,SUCCESS,PayFlow,RF_00001241,CUST_002489
REF_001242,ORD_035275,PAY_029041,2025-12-04T13:14:26,FULL,RETURNED_ORDER,1050.32,INR,SUCCESS,PayFlow,RF_00001242,CUST_000941
REF_001243,ORD_035278,PAY_029044,2025-11-19T21:27:28,FULL,CUSTOMER_REQUEST,657.41,INR,SUCCESS,PayFlow,RF_00001243,CUST_000301
REF_001244,ORD_035279,,2025-11-30T08:29:03,FULL,RETURNED_ORDER,1058.93,INR,SUCCESS,,,CUST_008462
REF_001245,ORD_035334,PAY_029087,2025-12-04T17:12:11,FULL,RETURNED_ORDER,306.80,INR,SUCCESS,PayFlow,RF_00001245,CUST_001998
REF_001246,ORD_035373,PAY_029120,2025-12-01T19:19:43,PARTIAL,CUSTOMER_REQUEST,68.09,INR,SUCCESS,PayFlow,RF_00001246,CUST_000665
REF_001247,ORD_035381,PAY_029128,2025-12-01T00:11:19,FULL,CUSTOMER_REQUEST,439.02,INR,SUCCESS,PayFlow,RF_00001247,CUST_007751
REF_001248,ORD_035422,PAY_029157,2025-11-19T15:25:00,FULL,RETURNED_ORDER,812.95,INR,SUCCESS,PayFlow,RF_00001248,CUST_007188
REF_001249,ORD_035458,PAY_029187,2025-12-09T06:27:36,FULL,RETURNED_ORDER,1312.69,INR,SUCCESS,PayFlow,RF_00001249,CUST_006270
REF_001250,ORD_035482,PAY_029209,2025-11-06T00:29:59,FULL,CUSTOMER_REQUEST,1197.70,INR,SUCCESS,PayFlow,RF_00001250,CUST_003663
REF_001251,ORD_035575,,2025-12-11T15:26:48,FULL,RETURNED_ORDER,732.14,INR,SUCCESS,,,CUST_006012
REF_001252,ORD_035594,PAY_029296,2025-11-30T11:50:50,FULL,RETURNED_ORDER,294.94,INR,SUCCESS,PayFlow,RF_00001252,CUST_006205
REF_001253,ORD_035618,PAY_029314,2025-12-06T04:06:54,FULL,RETURNED_ORDER,415.42,INR,SUCCESS,PayFlow,RF_00001253,CUST_007019
REF_001254,ORD_035684,PAY_029376,2025-11-24T14:25:09,FULL,RETURNED_ORDER,577.24,INR,SUCCESS,PayFlow,RF_00001254,CUST_002445
REF_001255,ORD_035689,PAY_029380,2025-11-27T18:13:03,FULL,CUSTOMER_REQUEST,2228.08,INR,SUCCESS,PayFlow,RF_00001255,CUST_000946
REF_001256,ORD_035699,PAY_029389,2025-12-01T21:16:15,FULL,CUSTOMER_REQUEST,3353.72,INR,SUCCESS,PayFlow,RF_00001256,CUST_001390
REF_001257,ORD_035706,PAY_029394,2025-11-22T09:03:24,FULL,RETURNED_ORDER,362.79,INR,SUCCESS,PayFlow,RF_00001257,CUST_005000
REF_001258,ORD_035744,,2025-12-07T13:18:18,FULL,RETURNED_ORDER,2846.16,INR,SUCCESS,,,CUST_002782
REF_001259,ORD_035785,PAY_029452,2025-11-21T15:14:35,FULL,CUSTOMER_REQUEST,3696.00,INR,SUCCESS,PayFlow,RF_00001259,CUST_002626
REF_001260,ORD_035796,PAY_029460,2025-11-12T15:06:59,FULL,CUSTOMER_REQUEST,1327.65,INR,SUCCESS,PayFlow,RF_00001260,CUST_008222
REF_001261,ORD_035817,PAY_029478,2025-11-27T04:13:06,FULL,RETURNED_ORDER,1381.78,INR,SUCCESS,PayFlow,RF_00001261,CUST_000213
REF_001262,ORD_035864,PAY_029518,2025-12-08T12:29:21,FULL,RETURNED_ORDER,284.20,INR,SUCCESS,PayFlow,RF_00001262,CUST_007658
REF_001263,ORD_035881,PAY_029529,2025-11-14T01:31:59,FULL,CUSTOMER_REQUEST,1340.48,INR,SUCCESS,PayFlow,RF_00001263,CUST_005880
REF_001264,ORD_035906,PAY_029552,2025-11-30T23:57:02,FULL,RETURNED_ORDER,674.07,INR,SUCCESS,PayFlow,RF_00001264,CUST_007137
REF_001265,ORD_035922,,2025-12-03T10:42:20,FULL,RETURNED_ORDER,826.00,INR,SUCCESS,,,CUST_001221
REF_001266,ORD_035945,,2025-12-12T05:57:57,FULL,RETURNED_ORDER,2304.54,INR,SUCCESS,,,CUST_000900
REF_001267,ORD_035954,PAY_029590,2025-11-09T23:45:38,FULL,CUSTOMER_REQUEST,271.28,INR,SUCCESS,PayFlow,RF_00001267,CUST_000607
REF_001268,ORD_035966,PAY_029601,2025-11-19T23:16:42,PARTIAL,CUSTOMER_REQUEST,421.19,INR,SUCCESS,PayFlow,RF_00001268,CUST_005376
REF_001269,ORD_035987,PAY_029619,2025-11-23T22:09:57,FULL,CUSTOMER_REQUEST,558.14,INR,SUCCESS,PayFlow,RF_00001269,CUST_005778
REF_001270,ORD_036005,PAY_029631,2025-11-28T02:16:24,FULL,RETURNED_ORDER,797.30,INR,SUCCESS,PayFlow,RF_00001270,CUST_006090
REF_001271,ORD_036124,PAY_029725,2025-12-02T00:00:34,FULL,RETURNED_ORDER,1845.76,INR,SUCCESS,PayFlow,RF_00001271,CUST_007346
REF_001272,ORD_036234,PAY_029816,2025-11-25T19:29:07,PARTIAL,CUSTOMER_REQUEST,95.20,INR,SUCCESS,PayFlow,RF_00001272,CUST_000148
REF_001273,ORD_036264,PAY_029840,2025-12-04T10:00:49,FULL,RETURNED_ORDER,538.20,INR,SUCCESS,PayFlow,RF_00001273,CUST_003548
REF_001274,ORD_036327,,2025-11-15T08:58:12,FULL,RETURNED_ORDER,762.28,INR,SUCCESS,,,CUST_003873
REF_001275,ORD_036409,PAY_029963,2025-12-05T18:48:48,FULL,RETURNED_ORDER,624.73,INR,SUCCESS,PayFlow,RF_00001275,CUST_002086
REF_001276,ORD_036433,PAY_029983,2025-11-25T15:16:17,FULL,RETURNED_ORDER,568.47,INR,SUCCESS,PayFlow,RF_00001276,CUST_000606
REF_001277,ORD_036439,PAY_029989,2025-11-10T13:55:29,FULL,RETURNED_ORDER,978.22,INR,SUCCESS,PayFlow,RF_00001277,CUST_005171
REF_001278,ORD_036504,PAY_030042,2025-11-24T11:56:47,FULL,RETURNED_ORDER,283.14,INR,SUCCESS,PayFlow,RF_00001278,CUST_006014
REF_001279,ORD_036512,PAY_030049,2025-12-07T09:22:27,FULL,RETURNED_ORDER,294.94,INR,SUCCESS,PayFlow,RF_00001279,CUST_002645
REF_001280,ORD_036538,PAY_030070,2025-11-07T02:40:39,FULL,CUSTOMER_REQUEST,626.58,INR,SUCCESS,PayFlow,RF_00001280,CUST_002627
REF_001281,ORD_036567,PAY_030096,2025-11-19T09:51:06,FULL,RETURNED_ORDER,678.30,INR,SUCCESS,PayFlow,RF_00001281,CUST_006918
REF_001282,ORD_036594,PAY_030116,2025-12-03T12:00:11,FULL,RETURNED_ORDER,1499.45,INR,SUCCESS,PayFlow,RF_00001282,CUST_004704
REF_001283,ORD_036628,,2025-11-11T16:59:48,FULL,RETURNED_ORDER,4532.38,INR,SUCCESS,,,CUST_002568
REF_001284,ORD_036643,PAY_030157,2025-11-27T21:22:21,FULL,RETURNED_ORDER,295.00,INR,SUCCESS,PayFlow,RF_00001284,CUST_000274
REF_001285,ORD_036681,,2025-11-24T07:59:33,FULL,RETURNED_ORDER,434.24,INR,SUCCESS,,,CUST_004479
REF_001286,ORD_036696,PAY_030201,2025-11-03T05:28:59,FULL,CUSTOMER_REQUEST,3366.30,INR,SUCCESS,PayFlow,RF_00001286,CUST_000240
REF_001287,ORD_036717,PAY_030218,2025-12-02T13:55:36,FULL,CUSTOMER_REQUEST,651.60,INR,SUCCESS,PayFlow,RF_00001287,CUST_004008
REF_001288,ORD_036785,PAY_030276,2025-11-06T23:27:51,PARTIAL,CUSTOMER_REQUEST,174.84,INR,SUCCESS,PayFlow,RF_00001288,CUST_003606
REF_001289,ORD_036884,PAY_030349,2025-11-06T21:56:18,FULL,CUSTOMER_REQUEST,2076.20,INR,SUCCESS,PayFlow,RF_00001289,CUST_004780
REF_001290,ORD_036910,PAY_030368,2025-11-19T03:18:02,FULL,RETURNED_ORDER,848.18,INR,SUCCESS,PayFlow,RF_00001290,CUST_005772
REF_001291,ORD_036933,PAY_030386,2025-11-26T12:52:19,FULL,RETURNED_ORDER,2073.85,INR,SUCCESS,PayFlow,RF_00001291,CUST_005271
REF_001292,ORD_036987,PAY_030428,2025-11-11T09:40:34,PARTIAL,CUSTOMER_REQUEST,167.90,INR,SUCCESS,PayFlow,RF_00001292,CUST_001790
REF_001293,ORD_036988,,2025-11-27T21:27:49,FULL,RETURNED_ORDER,925.90,INR,SUCCESS,,,CUST_003313
REF_001294,ORD_037021,PAY_030456,2025-11-20T17:26:09,FULL,CUSTOMER_REQUEST,606.52,INR,SUCCESS,PayFlow,RF_00001294,CUST_003357
REF_001295,ORD_037099,PAY_030515,2025-11-24T05:55:50,PARTIAL,CUSTOMER_REQUEST,176.38,INR,SUCCESS,PayFlow,RF_00001295,CUST_000807
REF_001296,ORD_037163,PAY_030569,2025-11-12T14:03:01,FULL,RETURNED_ORDER,434.24,INR,SUCCESS,PayFlow,RF_00001296,CUST_008185
REF_001297,ORD_037166,PAY_030571,2025-11-13T02:49:51,FULL,RETURNED_ORDER,373.94,INR,SUCCESS,PayFlow,RF_00001297,CUST_003240
REF_001298,ORD_037170,PAY_030575,2025-11-13T12:44:06,FULL,RETURNED_ORDER,283.67,INR,SUCCESS,PayFlow,RF_00001298,CUST_001158
REF_001299,ORD_037204,PAY_030606,2025-12-01T12:33:15,FULL,RETURNED_ORDER,1098.58,INR,SUCCESS,PayFlow,RF_00001299,CUST_000513
REF_001300,ORD_037219,PAY_030619,2025-11-17T03:32:14,FULL,RETURNED_ORDER,522.50,INR,SUCCESS,PayFlow,RF_00001300,CUST_000882
REF_001301,ORD_037259,,2025-11-30T20:41:48,FULL,RETURNED_ORDER,4305.76,INR,SUCCESS,,,CUST_007990
REF_001302,ORD_037276,PAY_030659,2025-11-03T01:17:23,FULL,CUSTOMER_REQUEST,702.10,INR,SUCCESS,PayFlow,RF_00001302,CUST_004821
REF_001303,ORD_037305,PAY_030684,2025-12-03T08:10:03,FULL,RETURNED_ORDER,699.49,INR,SUCCESS,PayFlow,RF_00001303,CUST_001993
REF_001304,ORD_037327,,2025-11-21T07:42:36,FULL,RETURNED_ORDER,295.00,INR,SUCCESS,,,CUST_002685
REF_001305,ORD_037357,PAY_030725,2025-11-14T20:52:23,FULL,CUSTOMER_REQUEST,1536.71,INR,SUCCESS,PayFlow,RF_00001305,CUST_002335
REF_001306,ORD_037392,PAY_030753,2025-11-21T22:46:45,FULL,CUSTOMER_REQUEST,488.06,INR,SUCCESS,PayFlow,RF_00001306,CUST_007045
REF_001307,ORD_037402,PAY_030762,2025-12-07T15:21:08,FULL,RETURNED_ORDER,1320.90,INR,SUCCESS,PayFlow,RF_00001307,CUST_001717
REF_001308,ORD_037454,,2025-11-21T08:38:35,FULL,RETURNED_ORDER,584.22,INR,SUCCESS,,,CUST_004202
REF_001309,ORD_037461,PAY_030811,2025-11-21T08:44:33,FULL,RETURNED_ORDER,1453.76,INR,SUCCESS,PayFlow,RF_00001309,CUST_008034
REF_001310,ORD_037480,PAY_030827,2025-11-24T21:54:33,FULL,CUSTOMER_REQUEST,1490.98,INR,SUCCESS,PayFlow,RF_00001310,CUST_002655
REF_001311,ORD_037514,PAY_030851,2025-11-24T23:27:14,FULL,RETURNED_ORDER,691.63,INR,SUCCESS,PayFlow,RF_00001311,CUST_001884
REF_001312,ORD_037519,,2025-12-09T13:48:04,FULL,RETURNED_ORDER,611.59,INR,SUCCESS,,,CUST_003258
REF_001313,ORD_037540,PAY_030871,2025-11-27T15:57:38,FULL,RETURNED_ORDER,2600.64,INR,SUCCESS,PayFlow,RF_00001313,CUST_001948
REF_001314,ORD_037554,PAY_030883,2025-11-07T23:09:08,FULL,CUSTOMER_REQUEST,975.98,INR,SUCCESS,PayFlow,RF_00001314,CUST_005707
REF_001315,ORD_037598,PAY_030920,2025-12-05T09:34:56,FULL,RETURNED_ORDER,680.86,INR,SUCCESS,PayFlow,RF_00001315,CUST_002083
REF_001316,ORD_037599,PAY_030921,2025-11-25T17:14:53,FULL,RETURNED_ORDER,859.82,INR,SUCCESS,PayFlow,RF_00001316,CUST_004373
REF_001317,ORD_037640,PAY_030957,2025-11-29T03:56:48,FULL,RETURNED_ORDER,395.30,INR,SUCCESS,PayFlow,RF_00001317,CUST_008068
REF_001318,ORD_037659,PAY_030973,2025-11-12T23:42:49,FULL,RETURNED_ORDER,6376.84,INR,SUCCESS,PayFlow,RF_00001318,CUST_001855
REF_001319,ORD_037699,PAY_031005,2025-11-19T23:57:12,FULL,CUSTOMER_REQUEST,4700.35,INR,SUCCESS,PayFlow,RF_00001319,CUST_006616
REF_001320,ORD_037716,,2025-11-17T09:41:22,FULL,RETURNED_ORDER,395.30,INR,SUCCESS,,,CUST_007776
REF_001321,ORD_037745,,2025-12-05T10:40:32,FULL,RETURNED_ORDER,1198.88,INR,SUCCESS,,,CUST_001091
REF_001322,ORD_037750,PAY_031045,2025-11-17T21:40:24,PARTIAL,CUSTOMER_REQUEST,142.99,INR,SUCCESS,PayFlow,RF_00001322,CUST_007015
REF_001323,ORD_037800,PAY_031084,2025-11-09T00:32:07,FULL,CUSTOMER_REQUEST,318.60,INR,SUCCESS,PayFlow,RF_00001323,CUST_003015
REF_001324,ORD_037801,PAY_031085,2025-11-14T12:40:08,PARTIAL,CUSTOMER_REQUEST,276.81,INR,SUCCESS,PayFlow,RF_00001324,CUST_000110
REF_001325,ORD_037873,PAY_031148,2025-11-14T06:06:12,FULL,RETURNED_ORDER,1373.12,INR,SUCCESS,PayFlow,RF_00001325,CUST_002542
REF_001326,ORD_037947,PAY_031208,2025-11-20T22:20:19,FULL,CUSTOMER_REQUEST,414.18,INR,SUCCESS,PayFlow,RF_00001326,CUST_005418
REF_001327,ORD_037991,PAY_031242,2025-11-16T04:22:28,FULL,RETURNED_ORDER,655.73,INR,SUCCESS,PayFlow,RF_00001327,CUST_008090
REF_001328,ORD_038000,PAY_031249,2025-12-04T00:20:39,FULL,CUSTOMER_REQUEST,2932.80,INR,SUCCESS,PayFlow,RF_00001328,CUST_002865
REF_001329,ORD_038014,PAY_031259,2025-12-09T01:47:01,FULL,RETURNED_ORDER,341.09,INR,SUCCESS,PayFlow,RF_00001329,CUST_006298
REF_001330,ORD_038105,PAY_031334,2025-12-05T15:56:14,FULL,RETURNED_ORDER,753.43,INR,SUCCESS,PayFlow,RF_00001330,CUST_000945
REF_001331,ORD_038112,PAY_031340,2025-11-06T17:01:01,PARTIAL,CUSTOMER_REQUEST,143.17,INR,SUCCESS,PayFlow,RF_00001331,CUST_007101
REF_001332,ORD_038132,PAY_031357,2025-11-09T15:25:49,PARTIAL,CUSTOMER_REQUEST,566.50,INR,SUCCESS,PayFlow,RF_00001332,CUST_000091
REF_001333,ORD_038206,PAY_031422,2025-11-27T15:37:40,FULL,RETURNED_ORDER,295.00,INR,SUCCESS,PayFlow,RF_00001333,CUST_006681
REF_001334,ORD_038218,PAY_031432,2025-11-30T04:11:48,FULL,RETURNED_ORDER,379.61,INR,SUCCESS,PayFlow,RF_00001334,CUST_005281
REF_001335,ORD_038264,,2025-12-01T09:39:53,FULL,RETURNED_ORDER,731.60,INR,SUCCESS,,,CUST_003685
REF_001336,ORD_038393,PAY_031574,2025-11-22T18:21:35,FULL,CUSTOMER_REQUEST,2600.64,INR,SUCCESS,PayFlow,RF_00001336,CUST_005175
REF_001337,ORD_038395,PAY_031576,2025-11-26T20:50:58,PARTIAL,CUSTOMER_REQUEST,452.20,INR,SUCCESS,PayFlow,RF_00001337,CUST_001581
REF_001338,ORD_038403,PAY_031582,2025-11-16T12:42:22,FULL,CUSTOMER_REQUEST,864.94,INR,SUCCESS,PayFlow,RF_00001338,CUST_005870
REF_001339,ORD_038434,PAY_031609,2025-11-22T18:04:16,FULL,CUSTOMER_REQUEST,283.14,INR,SUCCESS,PayFlow,RF_00001339,CUST_005884
REF_001340,ORD_038435,PAY_031610,2025-11-28T12:04:36,FULL,RETURNED_ORDER,556.67,INR,SUCCESS,PayFlow,RF_00001340,CUST_008477
REF_001341,ORD_038446,PAY_031621,2025-11-20T09:46:30,FULL,RETURNED_ORDER,639.56,INR,SUCCESS,PayFlow,RF_00001341,CUST_003678
REF_001342,ORD_038546,PAY_031704,2025-11-08T23:37:45,FULL,CUSTOMER_REQUEST,859.82,INR,SUCCESS,PayFlow,RF_00001342,CUST_005937
REF_001343,ORD_038608,PAY_031755,2025-12-02T15:53:19,FULL,RETURNED_ORDER,951.77,INR,SUCCESS,PayFlow,RF_00001343,CUST_004952
REF_001344,ORD_038636,PAY_031777,2025-11-10T00:16:15,PARTIAL,CUSTOMER_REQUEST,648.52,INR,SUCCESS,PayFlow,RF_00001344,CUST_007796
REF_001345,ORD_038647,PAY_031788,2025-12-11T02:22:15,FULL,RETURNED_ORDER,2567.68,INR,SUCCESS,PayFlow,RF_00001345,CUST_000243
REF_001346,ORD_038649,PAY_031790,2025-11-09T19:42:09,FULL,CUSTOMER_REQUEST,562.86,INR,SUCCESS,PayFlow,RF_00001346,CUST_000030
REF_001347,ORD_038679,PAY_031813,2025-11-23T12:13:37,FULL,RETURNED_ORDER,1980.89,INR,SUCCESS,PayFlow,RF_00001347,CUST_004261
REF_001348,ORD_038692,PAY_031825,2025-11-27T10:30:46,FULL,RETURNED_ORDER,606.52,INR,SUCCESS,PayFlow,RF_00001348,CUST_002278
REF_001349,ORD_038735,PAY_031856,2025-11-30T02:15:11,FULL,CUSTOMER_REQUEST,6556.08,INR,SUCCESS,PayFlow,RF_00001349,CUST_005522
REF_001350,ORD_038755,PAY_031872,2025-11-27T09:10:23,FULL,RETURNED_ORDER,623.39,INR,SUCCESS,PayFlow,RF_00001350,CUST_004657
REF_001351,ORD_038759,PAY_031875,2025-11-30T01:34:56,FULL,RETURNED_ORDER,1345.35,INR,SUCCESS,PayFlow,RF_00001351,CUST_005545
REF_001352,ORD_038786,PAY_031898,2025-11-27T04:08:28,FULL,CUSTOMER_REQUEST,600.62,INR,SUCCESS,PayFlow,RF_00001352,CUST_004503
REF_001353,ORD_038883,PAY_031977,2025-12-03T08:38:03,FULL,RETURNED_ORDER,532.18,INR,SUCCESS,PayFlow,RF_00001353,CUST_004044
REF_001354,ORD_038906,PAY_031995,2025-12-05T12:48:18,FULL,RETURNED_ORDER,636.53,INR,SUCCESS,PayFlow,RF_00001354,CUST_006467
REF_001355,ORD_038922,PAY_032008,2025-12-03T04:25:58,FULL,CUSTOMER_REQUEST,580.27,INR,SUCCESS,PayFlow,RF_00001355,CUST_002342
REF_001356,ORD_038931,PAY_032016,2025-11-14T04:42:08,FULL,RETURNED_ORDER,2041.51,INR,SUCCESS,PayFlow,RF_00001356,CUST_001455
REF_001357,ORD_038950,PAY_032033,2025-11-17T23:34:13,FULL,CUSTOMER_REQUEST,332.13,INR,SUCCESS,PayFlow,RF_00001357,CUST_003349
REF_001358,ORD_039005,PAY_032073,2025-11-10T04:57:01,FULL,RETURNED_ORDER,295.00,INR,SUCCESS,PayFlow,RF_00001358,CUST_005772
REF_001359,ORD_039006,PAY_032074,2025-11-13T13:18:08,PARTIAL,CUSTOMER_REQUEST,2631.64,INR,SUCCESS,PayFlow,RF_00001359,CUST_006320
REF_001360,ORD_039034,PAY_032094,2025-11-28T16:26:29,FULL,RETURNED_ORDER,951.06,INR,SUCCESS,PayFlow,RF_00001360,CUST_004273
REF_001361,ORD_039036,PAY_032096,2025-11-29T21:13:25,FULL,CUSTOMER_REQUEST,339.19,INR,SUCCESS,PayFlow,RF_00001361,CUST_006249
REF_001362,ORD_039162,PAY_032202,2025-11-23T07:43:35,FULL,RETURNED_ORDER,1617.43,INR,SUCCESS,PayFlow,RF_00001362,CUST_006492
REF_001363,ORD_039212,,2025-11-27T05:42:54,FULL,RETURNED_ORDER,567.58,INR,SUCCESS,,,CUST_002267
REF_001364,ORD_039230,PAY_032259,2025-12-04T13:06:14,FULL,RETURNED_ORDER,506.81,INR,SUCCESS,PayFlow,RF_00001364,CUST_007080
REF_001365,ORD_039240,PAY_032266,2025-11-29T05:56:36,FULL,RETURNED_ORDER,2406.02,INR,SUCCESS,PayFlow,RF_00001365,CUST_005532
REF_001366,ORD_039288,PAY_032303,2025-12-06T05:36:12,FULL,RETURNED_ORDER,2072.14,INR,SUCCESS,PayFlow,RF_00001366,CUST_008377
REF_001367,ORD_039308,PAY_032321,2025-11-12T18:56:54,FULL,CUSTOMER_REQUEST,283.14,INR,SUCCESS,PayFlow,RF_00001367,CUST_004360
REF_001368,ORD_039368,PAY_032369,2025-12-01T07:23:18,FULL,RETURNED_ORDER,932.20,INR,SUCCESS,PayFlow,RF_00001368,CUST_002043
REF_001369,ORD_039376,PAY_032376,2025-11-02T21:01:49,FULL,CUSTOMER_REQUEST,354.00,INR,SUCCESS,PayFlow,RF_00001369,CUST_006672
REF_001370,ORD_039404,PAY_032398,2025-11-14T21:25:28,FULL,CUSTOMER_REQUEST,1336.96,INR,SUCCESS,PayFlow,RF_00001370,CUST_005564
REF_001371,ORD_039434,PAY_032422,2025-11-16T14:10:13,FULL,RETURNED_ORDER,295.00,INR,SUCCESS,PayFlow,RF_00001371,CUST_001728
REF_001372,ORD_039451,PAY_032438,2025-11-20T04:50:10,FULL,RETURNED_ORDER,306.74,INR,SUCCESS,PayFlow,RF_00001372,CUST_007429
REF_001373,ORD_039464,PAY_032449,2025-11-06T21:54:57,FULL,CUSTOMER_REQUEST,2312.80,INR,SUCCESS,PayFlow,RF_00001373,CUST_001492
REF_001374,ORD_039539,PAY_032514,2025-11-18T11:26:25,FULL,RETURNED_ORDER,1461.78,INR,SUCCESS,PayFlow,RF_00001374,CUST_004316
REF_001375,ORD_039542,PAY_032517,2025-11-10T00:37:12,FULL,CUSTOMER_REQUEST,306.74,INR,SUCCESS,PayFlow,RF_00001375,CUST_005655
REF_001376,ORD_039607,PAY_032574,2025-11-21T13:53:12,FULL,RETURNED_ORDER,2246.72,INR,SUCCESS,PayFlow,RF_00001376,CUST_001011
REF_001377,ORD_039618,PAY_032581,2025-11-27T02:49:12,FULL,CUSTOMER_REQUEST,667.53,INR,SUCCESS,PayFlow,RF_00001377,CUST_005321
REF_001378,ORD_039652,PAY_032611,2025-11-17T18:05:11,FULL,RETURNED_ORDER,1845.76,INR,SUCCESS,PayFlow,RF_00001378,CUST_007591
REF_001379,ORD_039674,PAY_032626,2025-11-21T17:22:46,FULL,RETURNED_ORDER,5109.52,INR,SUCCESS,PayFlow,RF_00001379,CUST_002461
REF_001380,ORD_039709,PAY_032655,2025-11-19T11:17:36,FULL,RETURNED_ORDER,1340.48,INR,SUCCESS,PayFlow,RF_00001380,CUST_003882
REF_001381,ORD_039722,PAY_032664,2025-11-09T21:53:34,FULL,CUSTOMER_REQUEST,2283.71,INR,SUCCESS,PayFlow,RF_00001381,CUST_005118
REF_001382,ORD_039733,PAY_032671,2025-11-07T00:26:59,FULL,CUSTOMER_REQUEST,765.82,INR,SUCCESS,PayFlow,RF_00001382,CUST_006977
REF_001383,ORD_039735,PAY_032672,2025-11-30T10:14:47,FULL,RETURNED_ORDER,3261.12,INR,SUCCESS,PayFlow,RF_00001383,CUST_004272
REF_001384,ORD_039820,PAY_032738,2025-12-02T15:15:13,FULL,CUSTOMER_REQUEST,373.94,INR,SUCCESS,PayFlow,RF_00001384,CUST_005692
REF_001385,ORD_039834,,2025-11-17T06:06:44,FULL,RETURNED_ORDER,556.67,INR,SUCCESS,,,CUST_005271
REF_001386,ORD_039837,PAY_032752,2025-11-26T09:30:48,PARTIAL,CUSTOMER_REQUEST,293.06,INR,SUCCESS,PayFlow,RF_00001386,CUST_005424
REF_001387,ORD_039895,PAY_032795,2025-11-07T05:45:16,FULL,RETURNED_ORDER,716.26,INR,SUCCESS,PayFlow,RF_00001387,CUST_004809
REF_001388,ORD_039919,PAY_032815,2025-11-28T23:43:37,FULL,CUSTOMER_REQUEST,295.00,INR,SUCCESS,PayFlow,RF_00001388,CUST_002256
REF_001389,ORD_039922,PAY_032818,2025-11-10T22:23:35,FULL,CUSTOMER_REQUEST,1040.41,INR,SUCCESS,PayFlow,RF_00001389,CUST_001308
REF_001390,ORD_040027,PAY_032898,2025-12-05T03:42:42,FULL,RETURNED_ORDER,690.10,INR,SUCCESS,PayFlow,RF_00001390,CUST_007196
REF_001391,ORD_040045,PAY_032910,2025-12-03T13:27:08,FULL,RETURNED_ORDER,762.28,INR,SUCCESS,PayFlow,RF_00001391,CUST_006807
REF_001392,ORD_040087,PAY_032945,2025-11-20T12:06:03,FULL,RETURNED_ORDER,990.02,INR,SUCCESS,PayFlow,RF_00001392,CUST_003155
REF_001393,ORD_040157,PAY_032997,2025-11-11T09:40:32,FULL,RETURNED_ORDER,778.58,INR,SUCCESS,PayFlow,RF_00001393,CUST_006743
REF_001394,ORD_040187,PAY_033023,2025-11-07T11:59:08,FULL,RETURNED_ORDER,3590.74,INR,SUCCESS,PayFlow,RF_00001394,CUST_002336
REF_001395,ORD_040225,PAY_033056,2025-11-30T11:48:31,FULL,RETURNED_ORDER,318.60,INR,SUCCESS,PayFlow,RF_00001395,CUST_007950
REF_001396,ORD_040233,PAY_033063,2025-11-06T05:17:45,PARTIAL,CUSTOMER_REQUEST,669.59,INR,SUCCESS,PayFlow,RF_00001396,CUST_002066
REF_001397,ORD_040243,PAY_033071,2025-11-05T22:47:02,FULL,CUSTOMER_REQUEST,925.90,INR,SUCCESS,PayFlow,RF_00001397,CUST_006729
REF_001398,ORD_040260,PAY_033088,2025-11-10T04:47:03,FULL,RETURNED_ORDER,596.02,INR,SUCCESS,PayFlow,RF_00001398,CUST_006326
REF_001399,ORD_040301,PAY_033125,2025-11-15T10:38:27,FULL,RETURNED_ORDER,1462.02,INR,SUCCESS,PayFlow,RF_00001399,CUST_007267
REF_001400,ORD_040303,PAY_033126,2025-11-16T04:50:27,FULL,CUSTOMER_REQUEST,1428.15,INR,SUCCESS,PayFlow,RF_00001400,CUST_000060
REF_001401,ORD_040360,PAY_033174,2025-12-03T05:34:32,FULL,RETURNED_ORDER,695.73,INR,SUCCESS,PayFlow,RF_00001401,CUST_000451
REF_001402,ORD_040374,PAY_033186,2025-12-13T12:23:29,FULL,RETURNED_ORDER,669.30,INR,SUCCESS,PayFlow,RF_00001402,CUST_005145
REF_001403,ORD_040403,PAY_033206,2025-11-09T16:41:07,FULL,CUSTOMER_REQUEST,295.00,INR,SUCCESS,PayFlow,RF_00001403,CUST_003020
REF_001404,ORD_040449,PAY_033248,2025-11-19T20:12:52,FULL,RETURNED_ORDER,312.06,INR,SUCCESS,PayFlow,RF_00001404,CUST_004615
REF_001405,ORD_040482,PAY_033275,2025-11-08T19:18:08,FULL,CUSTOMER_REQUEST,403.25,INR,SUCCESS,PayFlow,RF_00001405,CUST_006488
REF_001406,ORD_040494,PAY_033286,2025-11-19T23:01:54,PARTIAL,CUSTOMER_REQUEST,313.99,INR,SUCCESS,PayFlow,RF_00001406,CUST_007352
REF_001407,ORD_040509,PAY_033299,2025-12-05T11:03:29,FULL,RETURNED_ORDER,2231.38,INR,SUCCESS,PayFlow,RF_00001407,CUST_003393
REF_001408,ORD_040634,PAY_033400,2025-11-29T06:07:39,FULL,CUSTOMER_REQUEST,722.16,INR,SUCCESS,PayFlow,RF_00001408,CUST_004527
REF_001409,ORD_040637,PAY_033402,2025-11-22T00:41:51,FULL,CUSTOMER_REQUEST,408.28,INR,SUCCESS,PayFlow,RF_00001409,CUST_000158
REF_001410,ORD_040654,PAY_033418,2025-12-05T08:03:10,FULL,RETURNED_ORDER,4079.14,INR,SUCCESS,PayFlow,RF_00001410,CUST_001485
REF_001411,ORD_040656,PAY_033420,2025-12-01T06:41:52,FULL,RETURNED_ORDER,391.35,INR,SUCCESS,PayFlow,RF_00001411,CUST_005189
REF_001412,ORD_040673,,2025-12-08T22:56:45,FULL,RETURNED_ORDER,383.50,INR,SUCCESS,,,CUST_002648
REF_001413,ORD_040721,PAY_033469,2025-11-23T07:12:53,FULL,RETURNED_ORDER,788.18,INR,SUCCESS,PayFlow,RF_00001413,CUST_004134
REF_001414,ORD_040757,PAY_033502,2025-11-28T07:46:33,FULL,RETURNED_ORDER,712.72,INR,SUCCESS,PayFlow,RF_00001414,CUST_004884
REF_001415,ORD_040760,,2025-11-26T05:52:04,FULL,RETURNED_ORDER,306.74,INR,SUCCESS,,,CUST_004936
REF_001416,ORD_040787,PAY_033526,2025-11-25T00:31:38,FULL,CUSTOMER_REQUEST,3477.46,INR,SUCCESS,PayFlow,RF_00001416,CUST_007901
REF_001417,ORD_040792,PAY_033531,2025-12-03T12:30:09,FULL,RETURNED_ORDER,568.47,INR,SUCCESS,PayFlow,RF_00001417,CUST_002841
REF_001418,ORD_040804,PAY_033540,2025-11-10T10:30:31,FULL,RETURNED_ORDER,1893.37,INR,SUCCESS,PayFlow,RF_00001418,CUST_004151
REF_001419,ORD_040821,,2025-11-20T09:06:24,FULL,RETURNED_ORDER,522.50,INR,SUCCESS,,,CUST_000077
REF_001420,ORD_040839,,2025-11-23T13:56:26,FULL,RETURNED_ORDER,1209.50,INR,SUCCESS,,,CUST_000416
REF_001421,ORD_040893,PAY_033607,2025-12-03T00:31:50,FULL,RETURNED_ORDER,700.74,INR,SUCCESS,PayFlow,RF_00001421,CUST_004245
REF_001422,ORD_040925,PAY_033632,2025-12-06T16:50:57,FULL,RETURNED_ORDER,543.98,INR,SUCCESS,PayFlow,RF_00001422,CUST_006893
REF_001423,ORD_040996,PAY_033689,2025-12-05T00:31:35,PARTIAL,CUSTOMER_REQUEST,228.92,INR,SUCCESS,PayFlow,RF_00001423,CUST_003669
REF_001424,ORD_041067,PAY_033744,2025-11-17T20:28:51,FULL,RETURNED_ORDER,1315.82,INR,SUCCESS,PayFlow,RF_00001424,CUST_007130
REF_001425,ORD_041085,PAY_033761,2025-11-23T09:45:47,FULL,RETURNED_ORDER,2293.09,INR,SUCCESS,PayFlow,RF_00001425,CUST_004865
REF_001426,ORD_041088,PAY_033764,2025-12-06T00:44:20,FULL,CUSTOMER_REQUEST,2621.70,INR,SUCCESS,PayFlow,RF_00001426,CUST_003160
REF_001427,ORD_041160,,2025-12-02T10:22:15,FULL,RETURNED_ORDER,582.92,INR,SUCCESS,,,CUST_005626
REF_001428,ORD_041198,PAY_033850,2025-11-18T00:26:22,PARTIAL,CUSTOMER_REQUEST,202.30,INR,SUCCESS,PayFlow,RF_00001428,CUST_002827
REF_001429,ORD_041313,PAY_033943,2025-11-11T04:10:05,PARTIAL,CUSTOMER_REQUEST,280.08,INR,SUCCESS,PayFlow,RF_00001429,CUST_003349
REF_001430,ORD_041321,,2025-11-19T07:53:17,FULL,RETURNED_ORDER,383.50,INR,SUCCESS,,,CUST_007451
REF_001431,ORD_041338,PAY_033966,2025-11-15T10:51:44,FULL,RETURNED_ORDER,2168.32,INR,SUCCESS,PayFlow,RF_00001431,CUST_006377
REF_001432,ORD_041370,PAY_033994,2025-11-14T09:40:35,FULL,RETURNED_ORDER,888.47,INR,SUCCESS,PayFlow,RF_00001432,CUST_003846
REF_001433,ORD_041418,PAY_034034,2025-12-05T08:42:25,FULL,RETURNED_ORDER,1487.86,INR,SUCCESS,PayFlow,RF_00001433,CUST_006928
REF_001434,ORD_041433,PAY_034046,2025-12-04T03:18:18,FULL,RETURNED_ORDER,354.00,INR,SUCCESS,PayFlow,RF_00001434,CUST_004375
REF_001435,ORD_041464,PAY_034072,2025-11-30T03:55:10,PARTIAL,CUSTOMER_REQUEST,502.68,INR,SUCCESS,PayFlow,RF_00001435,CUST_004475
REF_001436,ORD_041465,PAY_034073,2025-11-04T23:18:45,PARTIAL,CUSTOMER_REQUEST,574.65,INR,SUCCESS,PayFlow,RF_00001436,CUST_002198
REF_001437,ORD_041516,PAY_034118,2025-12-01T00:41:38,FULL,CUSTOMER_REQUEST,680.86,INR,SUCCESS,PayFlow,RF_00001437,CUST_008337
REF_001438,ORD_041552,,2025-11-26T20:49:36,FULL,RETURNED_ORDER,408.40,INR,SUCCESS,,,CUST_002349
REF_001439,ORD_041582,PAY_034174,2025-11-16T02:06:11,FULL,CUSTOMER_REQUEST,2846.16,INR,SUCCESS,PayFlow,RF_00001439,CUST_008093
REF_001440,ORD_041625,PAY_034207,2025-11-07T13:38:42,FULL,CUSTOMER_REQUEST,2742.32,INR,SUCCESS,PayFlow,RF_00001440,CUST_003360
REF_001441,ORD_041628,PAY_034209,2025-11-30T20:55:38,FULL,RETURNED_ORDER,2306.90,INR,SUCCESS,PayFlow,RF_00001441,CUST_005740
REF_001442,ORD_041633,PAY_034214,2025-11-11T04:25:08,FULL,CUSTOMER_REQUEST,1203.93,INR,SUCCESS,PayFlow,RF_00001442,CUST_002918
REF_001443,ORD_041636,PAY_034216,2025-12-02T03:34:42,FULL,RETURNED_ORDER,379.61,INR,SUCCESS,PayFlow,RF_00001443,CUST_002151
REF_001444,ORD_041639,PAY_034218,2025-11-15T15:56:34,FULL,CUSTOMER_REQUEST,1816.02,INR,SUCCESS,PayFlow,RF_00001444,CUST_001201
REF_001445,ORD_041644,PAY_034221,2025-11-29T10:03:53,FULL,RETURNED_ORDER,2519.43,INR,SUCCESS,PayFlow,RF_00001445,CUST_006020
REF_001446,ORD_041718,PAY_034280,2025-12-01T06:50:58,FULL,RETURNED_ORDER,690.10,INR,SUCCESS,PayFlow,RF_00001446,CUST_004850
REF_001447,ORD_041764,PAY_034318,2025-12-01T01:15:56,FULL,CUSTOMER_REQUEST,1622.09,INR,SUCCESS,PayFlow,RF_00001447,CUST_005643
REF_001448,ORD_041787,PAY_034335,2025-11-19T06:15:40,FULL,RETURNED_ORDER,1618.40,INR,SUCCESS,PayFlow,RF_00001448,CUST_002043
REF_001449,ORD_041812,PAY_034355,2025-12-04T22:19:41,FULL,RETURNED_ORDER,339.19,INR,SUCCESS,PayFlow,RF_00001449,CUST_005054
REF_001450,ORD_041822,PAY_034363,2025-11-10T19:01:17,PARTIAL,CUSTOMER_REQUEST,325.82,INR,SUCCESS,PayFlow,RF_00001450,CUST_001882
REF_001451,ORD_041825,PAY_034366,2025-11-15T22:37:23,FULL,CUSTOMER_REQUEST,306.80,INR,SUCCESS,PayFlow,RF_00001451,CUST_006130
REF_001452,ORD_041844,PAY_034383,2025-12-08T04:50:18,FULL,RETURNED_ORDER,738.98,INR,SUCCESS,PayFlow,RF_00001452,CUST_004302
REF_001453,ORD_041849,,2025-11-15T09:17:03,FULL,RETURNED_ORDER,1158.05,INR,SUCCESS,,,CUST_002894
REF_001454,ORD_041890,PAY_034421,2025-12-05T17:20:26,FULL,RETURNED_ORDER,581.50,INR,SUCCESS,PayFlow,RF_00001454,CUST_003148
REF_001455,ORD_041948,PAY_034468,2025-11-14T19:41:19,PARTIAL,CUSTOMER_REQUEST,153.35,INR,SUCCESS,PayFlow,RF_00001455,CUST_008226
REF_001456,ORD_042020,PAY_034519,2025-11-16T11:35:51,FULL,RETURNED_ORDER,318.60,INR,SUCCESS,PayFlow,RF_00001456,CUST_003003
REF_001457,ORD_042079,PAY_034566,2025-11-16T13:17:25,FULL,RETURNED_ORDER,318.60,INR,SUCCESS,PayFlow,RF_00001457,CUST_007016
REF_001458,ORD_042128,PAY_034606,2025-11-19T09:12:55,FULL,RETURNED_ORDER,1255.11,INR,SUCCESS,PayFlow,RF_00001458,CUST_004461
REF_001459,ORD_042170,PAY_034638,2025-11-05T03:08:54,FULL,CUSTOMER_REQUEST,3281.17,INR,SUCCESS,PayFlow,RF_00001459,CUST_002665
REF_001460,ORD_042177,,2025-11-15T10:49:16,FULL,RETURNED_ORDER,778.58,INR,SUCCESS,,,CUST_001931
REF_001461,ORD_042195,PAY_034657,2025-11-21T21:52:49,FULL,RETURNED_ORDER,2578.30,INR,SUCCESS,PayFlow,RF_00001461,CUST_007423
REF_001462,ORD_042242,PAY_034691,2025-11-26T16:49:49,FULL,CUSTOMER_REQUEST,925.90,INR,SUCCESS,PayFlow,RF_00001462,CUST_006614
REF_001463,ORD_042255,PAY_034702,2025-11-13T11:01:30,PARTIAL,CUSTOMER_REQUEST,179.19,INR,SUCCESS,PayFlow,RF_00001463,CUST_006306
REF_001464,ORD_042269,PAY_034714,2025-11-14T14:57:42,FULL,RETURNED_ORDER,618.56,INR,SUCCESS,PayFlow,RF_00001464,CUST_004261
REF_001465,ORD_042371,PAY_034798,2025-11-24T05:36:03,FULL,CUSTOMER_REQUEST,790.38,INR,SUCCESS,PayFlow,RF_00001465,CUST_002824
REF_001466,ORD_042392,PAY_034817,2025-11-24T04:23:40,FULL,RETURNED_ORDER,645.61,INR,SUCCESS,PayFlow,RF_00001466,CUST_006010
REF_001467,ORD_042417,PAY_034836,2025-11-11T00:32:02,FULL,CUSTOMER_REQUEST,295.00,INR,SUCCESS,PayFlow,RF_00001467,CUST_004531
REF_001468,ORD_042443,PAY_034857,2025-11-20T11:10:03,FULL,RETURNED_ORDER,377.60,INR,SUCCESS,PayFlow,RF_00001468,CUST_001801
REF_001469,ORD_042449,PAY_034863,2025-12-02T10:04:34,FULL,RETURNED_ORDER,2600.64,INR,SUCCESS,PayFlow,RF_00001469,CUST_000865
REF_001470,ORD_042453,PAY_034866,2025-11-08T02:47:20,FULL,RETURNED_ORDER,2334.04,INR,SUCCESS,PayFlow,RF_00001470,CUST_002809
REF_001471,ORD_042511,PAY_034908,2025-11-11T17:48:14,FULL,CUSTOMER_REQUEST,640.74,INR,SUCCESS,PayFlow,RF_00001471,CUST_001169
REF_001472,ORD_042529,PAY_034926,2025-12-09T09:39:35,FULL,RETURNED_ORDER,1116.28,INR,SUCCESS,PayFlow,RF_00001472,CUST_006789
REF_001473,ORD_042535,PAY_034932,2025-11-15T10:27:11,FULL,RETURNED_ORDER,1437.24,INR,SUCCESS,PayFlow,RF_00001473,CUST_000427
REF_001474,ORD_042550,PAY_034945,2025-11-26T02:03:26,FULL,CUSTOMER_REQUEST,1447.86,INR,SUCCESS,PayFlow,RF_00001474,CUST_002186
REF_001475,ORD_042597,PAY_034982,2025-11-30T14:35:37,FULL,CUSTOMER_REQUEST,363.91,INR,SUCCESS,PayFlow,RF_00001475,CUST_003858
REF_001476,ORD_042649,PAY_035031,2025-11-22T10:06:24,FULL,RETURNED_ORDER,678.50,INR,SUCCESS,PayFlow,RF_00001476,CUST_007953
REF_001477,ORD_042723,,2025-11-20T20:28:25,FULL,RETURNED_ORDER,306.80,INR,SUCCESS,,,CUST_000860
REF_001478,ORD_042738,PAY_035103,2025-11-30T20:36:24,FULL,CUSTOMER_REQUEST,396.48,INR,SUCCESS,PayFlow,RF_00001478,CUST_000791
REF_001479,ORD_042751,PAY_035113,2025-11-19T02:14:24,FULL,CUSTOMER_REQUEST,2410.74,INR,SUCCESS,PayFlow,RF_00001479,CUST_004693
REF_001480,ORD_042776,PAY_035133,2025-11-29T02:56:46,PARTIAL,CUSTOMER_REQUEST,252.08,INR,SUCCESS,PayFlow,RF_00001480,CUST_001988
REF_001481,ORD_042777,,2025-12-04T22:41:49,FULL,RETURNED_ORDER,762.03,INR,SUCCESS,,,CUST_006973
REF_001482,ORD_042821,PAY_035166,2025-12-09T08:54:16,FULL,RETURNED_ORDER,2116.92,INR,SUCCESS,PayFlow,RF_00001482,CUST_005885
REF_001483,ORD_042833,PAY_035174,2025-11-20T00:27:36,FULL,CUSTOMER_REQUEST,457.84,INR,SUCCESS,PayFlow,RF_00001483,CUST_003526
REF_001484,ORD_042845,PAY_035184,2025-12-04T15:06:55,FULL,RETURNED_ORDER,1409.43,INR,SUCCESS,PayFlow,RF_00001484,CUST_008391
REF_001485,ORD_042878,PAY_035212,2025-11-15T03:09:20,PARTIAL,CUSTOMER_REQUEST,494.30,INR,SUCCESS,PayFlow,RF_00001485,CUST_001378
REF_001486,ORD_042883,PAY_035217,2025-11-15T18:57:00,FULL,RETURNED_ORDER,6338.56,INR,SUCCESS,PayFlow,RF_00001486,CUST_002788
REF_001487,ORD_042892,PAY_035224,2025-11-17T07:51:02,FULL,RETURNED_ORDER,1462.02,INR,SUCCESS,PayFlow,RF_00001487,CUST_005970
REF_001488,ORD_042893,PAY_035225,2025-11-23T05:09:10,FULL,CUSTOMER_REQUEST,600.62,INR,SUCCESS,PayFlow,RF_00001488,CUST_005166
REF_001489,ORD_042955,,2025-11-14T11:47:41,FULL,RETURNED_ORDER,5101.14,INR,SUCCESS,,,CUST_008143
REF_001490,ORD_043030,PAY_035337,2025-11-19T17:06:43,FULL,RETURNED_ORDER,295.00,INR,SUCCESS,PayFlow,RF_00001490,CUST_004420
REF_001491,ORD_043071,PAY_035371,2025-11-11T00:08:23,FULL,CUSTOMER_REQUEST,754.02,INR,SUCCESS,PayFlow,RF_00001491,CUST_004161
REF_001492,ORD_043147,,2025-11-25T12:37:20,FULL,RETURNED_ORDER,463.03,INR,SUCCESS,,,CUST_000655
REF_001493,ORD_043174,PAY_035455,2025-12-06T13:29:04,FULL,RETURNED_ORDER,2684.80,INR,SUCCESS,PayFlow,RF_00001493,CUST_005076
REF_001494,ORD_043178,PAY_035459,2025-11-24T12:48:32,FULL,RETURNED_ORDER,3501.89,INR,SUCCESS,PayFlow,RF_00001494,CUST_000464
REF_001495,ORD_043192,PAY_035471,2025-12-03T19:24:44,FULL,RETURNED_ORDER,2505.14,INR,SUCCESS,PayFlow,RF_00001495,CUST_003881
REF_001496,ORD_043197,,2025-11-19T10:08:32,FULL,RETURNED_ORDER,306.74,INR,SUCCESS,,,CUST_001864
REF_001497,ORD_043247,PAY_035515,2025-11-08T01:37:04,PARTIAL,CUSTOMER_REQUEST,909.78,INR,SUCCESS,PayFlow,RF_00001497,CUST_007076
REF_001498,ORD_043260,,2025-11-16T10:16:32,FULL,RETURNED_ORDER,650.89,INR,SUCCESS,,,CUST_003431
REF_001499,ORD_043322,,2025-11-16T16:09:09,FULL,RETURNED_ORDER,294.94,INR,SUCCESS,,,CUST_005834
REF_001500,ORD_043430,PAY_035666,2025-11-17T03:05:29,FULL,CUSTOMER_REQUEST,295.47,INR,SUCCESS,PayFlow,RF_00001500,CUST_002080
REF_001501,ORD_043451,PAY_035684,2025-11-25T00:10:58,FULL,CUSTOMER_REQUEST,1538.72,INR,SUCCESS,PayFlow,RF_00001501,CUST_004274
REF_001502,ORD_043459,PAY_035690,2025-11-27T14:34:39,FULL,CUSTOMER_REQUEST,1536.71,INR,SUCCESS,PayFlow,RF_00001502,CUST_002884
REF_001503,ORD_043484,PAY_035710,2025-11-27T18:33:06,FULL,RETURNED_ORDER,1086.96,INR,SUCCESS,PayFlow,RF_00001503,CUST_005297
REF_001504,ORD_043486,PAY_035711,2025-11-27T01:18:03,FULL,RETURNED_ORDER,1215.40,INR,SUCCESS,PayFlow,RF_00001504,CUST_002897
REF_001505,ORD_043504,,2025-11-29T12:01:31,FULL,RETURNED_ORDER,5008.39,INR,SUCCESS,,,CUST_006126
REF_001506,ORD_043508,PAY_035726,2025-11-14T09:01:03,FULL,RETURNED_ORDER,750.36,INR,SUCCESS,PayFlow,RF_00001506,CUST_007110
REF_001507,ORD_043520,PAY_035736,2025-12-09T06:42:32,FULL,RETURNED_ORDER,4295.20,INR,SUCCESS,PayFlow,RF_00001507,CUST_006720
REF_001508,ORD_043551,PAY_035760,2025-11-27T11:14:50,FULL,RETURNED_ORDER,365.80,INR,SUCCESS,PayFlow,RF_00001508,CUST_000644
REF_001509,ORD_043677,,2025-11-20T20:10:12,FULL,RETURNED_ORDER,712.54,INR,SUCCESS,,,CUST_001451
REF_001510,ORD_043716,PAY_035899,2025-12-07T07:49:39,FULL,RETURNED_ORDER,3345.30,INR,SUCCESS,PayFlow,RF_00001510,CUST_003096
REF_001511,ORD_043730,PAY_035908,2025-11-05T05:59:59,FULL,CUSTOMER_REQUEST,306.80,INR,SUCCESS,PayFlow,RF_00001511,CUST_002936
REF_001512,ORD_043734,PAY_035910,2025-11-20T16:11:42,FULL,CUSTOMER_REQUEST,773.02,INR,SUCCESS,PayFlow,RF_00001512,CUST_005077
REF_001513,ORD_043761,PAY_035933,2025-12-02T17:52:20,FULL,RETURNED_ORDER,1141.89,INR,SUCCESS,PayFlow,RF_00001513,CUST_006304
REF_001514,ORD_043763,PAY_035935,2025-11-09T14:18:36,FULL,RETURNED_ORDER,294.94,INR,SUCCESS,PayFlow,RF_00001514,CUST_004503
REF_001515,ORD_043838,PAY_035996,2025-11-21T17:05:40,FULL,RETURNED_ORDER,5089.46,INR,SUCCESS,PayFlow,RF_00001515,CUST_000353
REF_001516,ORD_043851,PAY_036008,2025-12-03T11:13:49,FULL,RETURNED_ORDER,371.70,INR,SUCCESS,PayFlow,RF_00001516,CUST_001681
REF_001517,ORD_043885,PAY_036036,2025-11-28T06:01:11,FULL,RETURNED_ORDER,1699.20,INR,SUCCESS,PayFlow,RF_00001517,CUST_004644
REF_001518,ORD_043893,PAY_036044,2025-11-26T09:07:04,FULL,RETURNED_ORDER,603.34,INR,SUCCESS,PayFlow,RF_00001518,CUST_007398
REF_001519,ORD_043900,PAY_036051,2025-11-21T02:45:04,FULL,RETURNED_ORDER,1811.54,INR,SUCCESS,PayFlow,RF_00001519,CUST_004937
REF_001520,ORD_043913,PAY_036061,2025-11-24T06:03:01,FULL,RETURNED_ORDER,4046.57,INR,SUCCESS,PayFlow,RF_00001520,CUST_001207
REF_001521,ORD_043969,PAY_036107,2025-11-24T13:40:22,FULL,RETURNED_ORDER,2290.38,INR,SUCCESS,PayFlow,RF_00001521,CUST_003115
REF_001522,ORD_044001,PAY_036133,2025-11-29T16:15:03,FULL,RETURNED_ORDER,1680.32,INR,SUCCESS,PayFlow,RF_00001522,CUST_001617
REF_001523,ORD_044005,,2025-11-19T10:45:08,FULL,RETURNED_ORDER,546.34,INR,SUCCESS,,,CUST_002846
REF_001524,ORD_044010,PAY_036141,2025-11-18T05:00:53,FULL,CUSTOMER_REQUEST,377.60,INR,SUCCESS,PayFlow,RF_00001524,CUST_001186
REF_001525,ORD_044023,PAY_036153,2025-11-22T23:12:40,PARTIAL,CUSTOMER_REQUEST,640.97,INR,SUCCESS,PayFlow,RF_00001525,CUST_003392
REF_001526,ORD_044050,PAY_036174,2025-11-23T22:32:05,FULL,RETURNED_ORDER,4424.29,INR,SUCCESS,PayFlow,RF_00001526,CUST_005231
REF_001527,ORD_044063,PAY_036185,2025-12-13T21:32:16,FULL,RETURNED_ORDER,1228.50,INR,SUCCESS,PayFlow,RF_00001527,CUST_003798
REF_001528,ORD_044074,PAY_036195,2025-11-16T04:55:15,FULL,CUSTOMER_REQUEST,2217.60,INR,SUCCESS,PayFlow,RF_00001528,CUST_008476
REF_001529,ORD_044078,PAY_036199,2025-11-25T03:24:17,FULL,CUSTOMER_REQUEST,683.93,INR,SUCCESS,PayFlow,RF_00001529,CUST_000024
REF_001530,ORD_044087,PAY_036208,2025-11-22T14:02:19,FULL,RETURNED_ORDER,672.13,INR,SUCCESS,PayFlow,RF_00001530,CUST_003711
REF_001531,ORD_044126,,2025-11-16T12:13:19,FULL,RETURNED_ORDER,577.02,INR,SUCCESS,,,CUST_000117
REF_001532,ORD_044175,PAY_036283,2025-11-25T10:01:08,FULL,RETURNED_ORDER,1026.28,INR,SUCCESS,PayFlow,RF_00001532,CUST_006652
REF_001533,ORD_044183,,2025-12-06T12:38:32,FULL,RETURNED_ORDER,3179.23,INR,SUCCESS,,,CUST_007773
REF_001534,ORD_044253,PAY_036351,2025-11-26T22:21:50,FULL,RETURNED_ORDER,383.50,INR,SUCCESS,PayFlow,RF_00001534,CUST_000526
REF_001535,ORD_044265,PAY_036362,2025-11-17T21:57:17,FULL,CUSTOMER_REQUEST,2334.04,INR,SUCCESS,PayFlow,RF_00001535,CUST_006624
REF_001536,ORD_044287,PAY_036380,2025-11-07T12:33:54,FULL,CUSTOMER_REQUEST,294.94,INR,SUCCESS,PayFlow,RF_00001536,CUST_001645
REF_001537,ORD_044305,PAY_036396,2025-11-22T00:02:02,FULL,RETURNED_ORDER,2326.64,INR,SUCCESS,PayFlow,RF_00001537,CUST_003648
REF_001538,ORD_044308,PAY_036399,2025-11-09T23:13:18,FULL,CUSTOMER_REQUEST,722.16,INR,SUCCESS,PayFlow,RF_00001538,CUST_008375
REF_001539,ORD_044316,PAY_036406,2025-12-03T00:40:06,PARTIAL,CUSTOMER_REQUEST,41.30,INR,SUCCESS,PayFlow,RF_00001539,CUST_005028
REF_001540,ORD_044334,PAY_036420,2025-11-13T06:19:10,FULL,RETURNED_ORDER,396.60,INR,SUCCESS,PayFlow,RF_00001540,CUST_006462
REF_001541,ORD_044340,,2025-11-23T03:16:53,FULL,RETURNED_ORDER,2060.17,INR,SUCCESS,,,CUST_005834
REF_001542,ORD_044341,PAY_036426,2025-12-03T02:52:07,FULL,CUSTOMER_REQUEST,3784.26,INR,SUCCESS,PayFlow,RF_00001542,CUST_003131
REF_001543,ORD_044350,PAY_036432,2025-11-14T15:47:09,FULL,RETURNED_ORDER,1381.78,INR,SUCCESS,PayFlow,RF_00001543,CUST_003955
REF_001544,ORD_044371,PAY_036451,2025-12-02T00:32:33,FULL,RETURNED_ORDER,626.58,INR,SUCCESS,PayFlow,RF_00001544,CUST_006953
REF_001545,ORD_044383,PAY_036461,2025-11-26T23:58:16,FULL,CUSTOMER_REQUEST,733.96,INR,SUCCESS,PayFlow,RF_00001545,CUST_004853
REF_001546,ORD_044391,PAY_036469,2025-11-07T14:08:48,FULL,CUSTOMER_REQUEST,383.50,INR,SUCCESS,PayFlow,RF_00001546,CUST_001506
REF_001547,ORD_044482,PAY_036548,2025-11-25T11:43:26,FULL,RETURNED_ORDER,843.13,INR,SUCCESS,PayFlow,RF_00001547,CUST_004718
REF_001548,ORD_044485,PAY_036551,2025-11-26T08:37:24,FULL,RETURNED_ORDER,653.60,INR,SUCCESS,PayFlow,RF_00001548,CUST_007111
REF_001549,ORD_044486,PAY_036552,2025-11-27T17:30:07,PARTIAL,CUSTOMER_REQUEST,899.56,INR,SUCCESS,PayFlow,RF_00001549,CUST_000900
REF_001550,ORD_044496,PAY_036559,2025-11-17T14:57:49,FULL,RETURNED_ORDER,318.60,INR,SUCCESS,PayFlow,RF_00001550,CUST_005935
REF_001551,ORD_044512,PAY_036573,2025-11-22T21:06:36,PARTIAL,CUSTOMER_REQUEST,919.26,INR,SUCCESS,PayFlow,RF_00001551,CUST_005544
REF_001552,ORD_044563,PAY_036612,2025-11-21T01:28:40,FULL,CUSTOMER_REQUEST,732.14,INR,SUCCESS,PayFlow,RF_00001552,CUST_000335
REF_001553,ORD_044637,PAY_036679,2025-11-13T20:13:15,FULL,CUSTOMER_REQUEST,522.50,INR,SUCCESS,PayFlow,RF_00001553,CUST_003020
REF_001554,ORD_044665,,2025-11-16T02:44:03,FULL,RETURNED_ORDER,295.00,INR,SUCCESS,,,CUST_006433
REF_001555,ORD_044713,PAY_036744,2025-11-21T09:17:32,FULL,RETURNED_ORDER,829.89,INR,SUCCESS,PayFlow,RF_00001555,CUST_000098
REF_001556,ORD_044740,PAY_036767,2025-12-23T00:45:31,FULL,RETURNED_ORDER,999.46,INR,SUCCESS,PayFlow,RF_00001556,CUST_003111
REF_001557,ORD_044776,PAY_036797,2026-01-03T21:51:39,PARTIAL,CUSTOMER_REQUEST,494.44,INR,SUCCESS,PayFlow,RF_00001557,CUST_005455
REF_001558,ORD_044780,PAY_036799,2026-01-07T02:25:01,FULL,RETURNED_ORDER,1118.29,INR,SUCCESS,PayFlow,RF_00001558,CUST_002787
REF_001559,ORD_044788,PAY_036804,2025-12-25T17:37:39,FULL,RETURNED_ORDER,647.47,INR,SUCCESS,PayFlow,RF_00001559,CUST_003945
REF_001560,ORD_044791,,2025-12-14T09:27:35,FULL,RETURNED_ORDER,402.38,INR,SUCCESS,,,CUST_006397
REF_001561,ORD_044903,PAY_036899,2025-12-04T23:20:52,FULL,CUSTOMER_REQUEST,584.08,INR,SUCCESS,PayFlow,RF_00001561,CUST_002453
REF_001562,ORD_044919,PAY_036911,2025-12-26T23:25:26,FULL,CUSTOMER_REQUEST,403.15,INR,SUCCESS,PayFlow,RF_00001562,CUST_006511
REF_001563,ORD_044921,,2026-01-04T18:31:21,FULL,RETURNED_ORDER,1443.85,INR,SUCCESS,,,CUST_003082
REF_001564,ORD_044945,PAY_036935,2025-12-16T09:19:46,FULL,RETURNED_ORDER,732.14,INR,SUCCESS,PayFlow,RF_00001564,CUST_008303
REF_001565,ORD_044960,PAY_036949,2025-12-21T18:40:38,FULL,CUSTOMER_REQUEST,1170.80,INR,SUCCESS,PayFlow,RF_00001565,CUST_004032
REF_001566,ORD_044982,PAY_036968,2026-01-01T23:58:54,FULL,RETURNED_ORDER,1340.48,INR,SUCCESS,PayFlow,RF_00001566,CUST_000257
REF_001567,ORD_044986,PAY_036971,2025-12-28T05:53:10,FULL,RETURNED_ORDER,5061.02,INR,SUCCESS,PayFlow,RF_00001567,CUST_003129
REF_001568,ORD_045016,PAY_036997,2026-01-02T07:06:37,FULL,RETURNED_ORDER,607.82,INR,SUCCESS,PayFlow,RF_00001568,CUST_000901
REF_001569,ORD_045029,PAY_037010,2025-12-16T23:08:48,FULL,RETURNED_ORDER,421.14,INR,SUCCESS,PayFlow,RF_00001569,CUST_001039
REF_001570,ORD_045049,PAY_037027,2026-01-08T14:20:59,FULL,RETURNED_ORDER,531.72,INR,SUCCESS,PayFlow,RF_00001570,CUST_001097
REF_001571,ORD_045111,PAY_037079,2025-12-30T19:27:13,FULL,RETURNED_ORDER,294.88,INR,SUCCESS,PayFlow,RF_00001571,CUST_004310
REF_001572,ORD_045137,PAY_037101,2025-12-11T00:36:08,PARTIAL,CUSTOMER_REQUEST,942.74,INR,SUCCESS,PayFlow,RF_00001572,CUST_004300
REF_001573,ORD_045157,,2025-12-20T01:24:14,FULL,RETURNED_ORDER,952.38,INR,SUCCESS,,,CUST_007921
REF_001574,ORD_045178,PAY_037136,2025-12-30T02:55:47,FULL,RETURNED_ORDER,1209.50,INR,SUCCESS,PayFlow,RF_00001574,CUST_005844
REF_001575,ORD_045210,PAY_037163,2025-12-26T11:57:37,FULL,RETURNED_ORDER,577.02,INR,SUCCESS,PayFlow,RF_00001575,CUST_005161
REF_001576,ORD_045263,PAY_037205,2025-12-31T15:50:06,FULL,RETURNED_ORDER,753.03,INR,SUCCESS,PayFlow,RF_00001576,CUST_004771
REF_001577,ORD_045313,PAY_037246,2025-12-14T17:34:41,FULL,RETURNED_ORDER,362.79,INR,SUCCESS,PayFlow,RF_00001577,CUST_008245
REF_001578,ORD_045320,PAY_037251,2025-12-12T02:54:29,FULL,RETURNED_ORDER,671.07,INR,SUCCESS,PayFlow,RF_00001578,CUST_001302
REF_001579,ORD_045356,PAY_037280,2025-12-16T09:31:07,FULL,RETURNED_ORDER,306.80,INR,SUCCESS,PayFlow,RF_00001579,CUST_005115
REF_001580,ORD_045398,PAY_037311,2026-01-02T07:42:33,FULL,RETURNED_ORDER,371.70,INR,SUCCESS,PayFlow,RF_00001580,CUST_007694
REF_001581,ORD_045401,PAY_037314,2026-01-01T16:34:24,FULL,RETURNED_ORDER,1430.40,INR,SUCCESS,PayFlow,RF_00001581,CUST_001355
REF_001582,ORD_045411,PAY_037324,2025-12-30T18:52:46,FULL,CUSTOMER_REQUEST,295.00,INR,SUCCESS,PayFlow,RF_00001582,CUST_003302
REF_001583,ORD_045459,,2026-01-13T22:02:55,FULL,RETURNED_ORDER,1340.48,INR,SUCCESS,,,CUST_002814
REF_001584,ORD_045495,PAY_037393,2025-12-12T00:40:46,FULL,CUSTOMER_REQUEST,2853.17,INR,SUCCESS,PayFlow,RF_00001584,CUST_004389
REF_001585,ORD_045503,PAY_037399,2025-12-19T23:28:48,FULL,RETURNED_ORDER,1217.63,INR,SUCCESS,PayFlow,RF_00001585,CUST_005536
REF_001586,ORD_045563,PAY_037449,2026-01-02T10:42:33,FULL,RETURNED_ORDER,362.79,INR,SUCCESS,PayFlow,RF_00001586,CUST_001517
REF_001587,ORD_045580,PAY_037464,2025-12-19T02:13:16,FULL,RETURNED_ORDER,558.14,INR,SUCCESS,PayFlow,RF_00001587,CUST_008190
REF_001588,ORD_045617,PAY_037494,2025-12-21T23:42:37,FULL,CUSTOMER_REQUEST,306.80,INR,SUCCESS,PayFlow,RF_00001588,CUST_005126
REF_001589,ORD_045633,PAY_037510,2025-12-27T08:07:24,FULL,RETURNED_ORDER,866.06,INR,SUCCESS,PayFlow,RF_00001589,CUST_000429
REF_001590,ORD_045670,PAY_037542,2025-12-22T23:10:48,FULL,CUSTOMER_REQUEST,638.38,INR,SUCCESS,PayFlow,RF_00001590,CUST_001658
REF_001591,ORD_045675,PAY_037546,2025-12-24T01:38:11,PARTIAL,CUSTOMER_REQUEST,343.63,INR,SUCCESS,PayFlow,RF_00001591,CUST_003871
REF_001592,ORD_045726,,2026-01-11T20:18:55,FULL,RETURNED_ORDER,356.01,INR,SUCCESS,,,CUST_007386
REF_001593,ORD_045752,PAY_037611,2026-01-05T17:06:11,FULL,RETURNED_ORDER,671.07,INR,SUCCESS,PayFlow,RF_00001593,CUST_008122
REF_001594,ORD_045763,PAY_037620,2025-12-28T04:10:53,FULL,CUSTOMER_REQUEST,973.98,INR,SUCCESS,PayFlow,RF_00001594,CUST_005346
REF_001595,ORD_045782,,2025-12-17T05:06:09,FULL,RETURNED_ORDER,347.98,INR,SUCCESS,,,CUST_008097
REF_001596,ORD_045794,PAY_037646,2025-12-19T01:01:52,FULL,CUSTOMER_REQUEST,352.11,INR,SUCCESS,PayFlow,RF_00001596,CUST_006321
REF_001597,ORD_045795,PAY_037647,2025-12-13T02:15:10,FULL,CUSTOMER_REQUEST,1106.50,INR,SUCCESS,PayFlow,RF_00001597,CUST_006435
REF_001598,ORD_045807,PAY_037656,2025-12-06T22:46:07,FULL,CUSTOMER_REQUEST,318.60,INR,SUCCESS,PayFlow,RF_00001598,CUST_004016
REF_001599,ORD_045823,,2025-12-26T18:58:21,FULL,RETURNED_ORDER,383.50,INR,SUCCESS,,,CUST_005284
REF_001600,ORD_045847,PAY_037691,2025-12-24T06:50:33,FULL,RETURNED_ORDER,616.43,INR,SUCCESS,PayFlow,RF_00001600,CUST_002167
REF_001601,ORD_045921,PAY_037753,2025-12-27T10:40:11,FULL,RETURNED_ORDER,1440.49,INR,SUCCESS,PayFlow,RF_00001601,CUST_007497
REF_001602,ORD_045949,PAY_037775,2025-12-28T01:16:48,FULL,CUSTOMER_REQUEST,766.78,INR,SUCCESS,PayFlow,RF_00001602,CUST_007560
REF_001603,ORD_045968,PAY_037792,2025-12-29T06:48:04,FULL,RETURNED_ORDER,623.39,INR,SUCCESS,PayFlow,RF_00001603,CUST_000291
REF_001604,ORD_045995,PAY_037813,2026-01-01T02:53:34,FULL,RETURNED_ORDER,306.80,INR,SUCCESS,PayFlow,RF_00001604,CUST_002225
REF_001605,ORD_045996,PAY_037814,2025-12-27T04:26:59,FULL,RETURNED_ORDER,283.14,INR,SUCCESS,PayFlow,RF_00001605,CUST_007629
REF_001606,ORD_046011,PAY_037826,2025-12-15T05:16:52,FULL,CUSTOMER_REQUEST,2103.94,INR,SUCCESS,PayFlow,RF_00001606,CUST_001329
REF_001607,ORD_046016,PAY_037829,2025-12-30T11:22:25,FULL,RETURNED_ORDER,721.47,INR,SUCCESS,PayFlow,RF_00001607,CUST_005359
REF_001608,ORD_046022,PAY_037834,2025-12-06T20:51:07,FULL,CUSTOMER_REQUEST,1901.22,INR,SUCCESS,PayFlow,RF_00001608,CUST_003530
REF_001609,ORD_046029,PAY_037840,2025-12-24T08:46:03,FULL,RETURNED_ORDER,295.00,INR,SUCCESS,PayFlow,RF_00001609,CUST_001696
REF_001610,ORD_046075,PAY_037878,2025-12-10T11:02:31,FULL,RETURNED_ORDER,1146.96,INR,SUCCESS,PayFlow,RF_00001610,CUST_001818
REF_001611,ORD_046105,PAY_037904,2026-01-03T10:34:17,FULL,RETURNED_ORDER,806.96,INR,SUCCESS,PayFlow,RF_00001611,CUST_002577
REF_001612,ORD_046119,PAY_037914,2025-12-26T12:26:31,FULL,RETURNED_ORDER,892.83,INR,SUCCESS,PayFlow,RF_00001612,CUST_008401
REF_001613,ORD_046242,PAY_038017,2025-12-05T01:26:24,PARTIAL,CUSTOMER_REQUEST,1100.47,INR,SUCCESS,PayFlow,RF_00001613,CUST_003687
REF_001614,ORD_046245,PAY_038019,2025-12-30T22:15:41,FULL,CUSTOMER_REQUEST,283.08,INR,SUCCESS,PayFlow,RF_00001614,CUST_001456
REF_001615,ORD_046272,PAY_038043,2025-12-11T14:32:19,FULL,RETURNED_ORDER,879.57,INR,SUCCESS,PayFlow,RF_00001615,CUST_002247
REF_001616,ORD_046304,PAY_038070,2025-12-06T00:36:24,FULL,CUSTOMER_REQUEST,616.43,INR,SUCCESS,PayFlow,RF_00001616,CUST_003594
REF_001617,ORD_046334,PAY_038091,2025-12-31T12:27:15,FULL,RETURNED_ORDER,520.76,INR,SUCCESS,PayFlow,RF_00001617,CUST_004031
REF_001618,ORD_046372,PAY_038124,2025-12-26T00:08:21,PARTIAL,CUSTOMER_REQUEST,338.25,INR,SUCCESS,PayFlow,RF_00001618,CUST_006771
REF_001619,ORD_046390,,2025-12-19T23:54:33,FULL,RETURNED_ORDER,2680.96,INR,SUCCESS,,,CUST_008300
REF_001620,ORD_046391,,2026-01-12T02:45:44,FULL,RETURNED_ORDER,371.70,INR,SUCCESS,,,CUST_005498
REF_001621,ORD_046418,PAY_038158,2025-12-29T21:52:49,FULL,CUSTOMER_REQUEST,701.90,INR,SUCCESS,PayFlow,RF_00001621,CUST_001069
REF_001622,ORD_046450,PAY_038182,2026-01-04T01:04:48,FULL,RETURNED_ORDER,318.60,INR,SUCCESS,PayFlow,RF_00001622,CUST_000457
REF_001623,ORD_046457,PAY_038189,2026-01-10T13:04:23,FULL,RETURNED_ORDER,2906.75,INR,SUCCESS,PayFlow,RF_00001623,CUST_002525
REF_001624,ORD_046514,PAY_038239,2026-01-05T04:14:29,FULL,RETURNED_ORDER,1114.98,INR,SUCCESS,PayFlow,RF_00001624,CUST_005249
REF_001625,ORD_046545,PAY_038260,2026-01-02T21:21:20,PARTIAL,CUSTOMER_REQUEST,664.60,INR,SUCCESS,PayFlow,RF_00001625,CUST_000742
REF_001626,ORD_046569,PAY_038276,2026-01-05T00:37:12,FULL,RETURNED_ORDER,820.16,INR,SUCCESS,PayFlow,RF_00001626,CUST_000754
REF_001627,ORD_046588,,2025-12-24T04:09:07,FULL,RETURNED_ORDER,788.18,INR,SUCCESS,,,CUST_007803
REF_001628,ORD_046608,,2025-12-25T09:13:13,FULL,RETURNED_ORDER,295.00,INR,SUCCESS,,,CUST_003617
REF_001629,ORD_046611,,2025-12-31T08:48:55,FULL,RETURNED_ORDER,383.50,INR,SUCCESS,,,CUST_006475
REF_001630,ORD_046621,PAY_038318,2025-12-24T09:00:57,FULL,RETURNED_ORDER,327.36,INR,SUCCESS,PayFlow,RF_00001630,CUST_001204
REF_001631,ORD_046623,PAY_038320,2026-01-08T10:13:49,FULL,RETURNED_ORDER,515.66,INR,SUCCESS,PayFlow,RF_00001631,CUST_007881
REF_001632,ORD_046648,PAY_038340,2025-12-24T19:13:08,FULL,RETURNED_ORDER,1589.46,INR,SUCCESS,PayFlow,RF_00001632,CUST_004664
REF_001633,ORD_046658,PAY_038347,2026-01-03T13:48:33,FULL,RETURNED_ORDER,826.00,INR,SUCCESS,PayFlow,RF_00001633,CUST_000694
REF_001634,ORD_046675,,2025-12-27T02:30:45,FULL,RETURNED_ORDER,1793.72,INR,SUCCESS,,,CUST_001727
REF_001635,ORD_046678,PAY_038363,2025-12-13T02:50:15,FULL,CUSTOMER_REQUEST,659.27,INR,SUCCESS,PayFlow,RF_00001635,CUST_003816
REF_001636,ORD_046695,PAY_038376,2025-12-04T20:49:01,FULL,CUSTOMER_REQUEST,1345.35,INR,SUCCESS,PayFlow,RF_00001636,CUST_007440
REF_001637,ORD_046720,PAY_038397,2025-12-26T09:44:21,FULL,RETURNED_ORDER,684.57,INR,SUCCESS,PayFlow,RF_00001637,CUST_006298
REF_001638,ORD_046737,PAY_038408,2025-12-23T10:06:20,FULL,RETURNED_ORDER,517.78,INR,SUCCESS,PayFlow,RF_00001638,CUST_003238
REF_001639,ORD_046775,PAY_038440,2026-01-06T06:38:43,FULL,CUSTOMER_REQUEST,738.56,INR,SUCCESS,PayFlow,RF_00001639,CUST_007015
REF_001640,ORD_046776,PAY_038441,2025-12-06T06:19:07,FULL,RETURNED_ORDER,373.94,INR,SUCCESS,PayFlow,RF_00001640,CUST_007656
REF_001641,ORD_046865,PAY_038518,2025-12-11T08:51:11,FULL,RETURNED_ORDER,306.74,INR,SUCCESS,PayFlow,RF_00001641,CUST_006786
REF_001642,ORD_046883,,2026-01-01T05:40:34,FULL,RETURNED_ORDER,318.60,INR,SUCCESS,,,CUST_007251
REF_001643,ORD_046894,PAY_038540,2026-01-04T03:06:29,FULL,CUSTOMER_REQUEST,371.70,INR,SUCCESS,PayFlow,RF_00001643,CUST_000298
REF_001644,ORD_046911,PAY_038553,2025-12-19T15:41:23,FULL,RETURNED_ORDER,766.78,INR,SUCCESS,PayFlow,RF_00001644,CUST_007833
REF_001645,ORD_046915,,2026-01-04T11:39:01,FULL,RETURNED_ORDER,1145.78,INR,SUCCESS,,,CUST_007209
REF_001646,ORD_046955,PAY_038588,2026-01-03T21:22:41,FULL,RETURNED_ORDER,3450.72,INR,SUCCESS,PayFlow,RF_00001646,CUST_004364
REF_001647,ORD_046957,PAY_038589,2026-01-01T10:14:49,FULL,RETURNED_ORDER,1906.88,INR,SUCCESS,PayFlow,RF_00001647,CUST_001218
REF_001648,ORD_046959,,2025-12-18T11:31:31,FULL,RETURNED_ORDER,354.00,INR,SUCCESS,,,CUST_004060
REF_001649,ORD_046989,PAY_038614,2026-01-03T01:05:14,FULL,CUSTOMER_REQUEST,2478.94,INR,SUCCESS,PayFlow,RF_00001649,CUST_004357
REF_001650,ORD_047021,,2025-12-21T09:45:51,FULL,RETURNED_ORDER,678.30,INR,SUCCESS,,,CUST_002480
REF_001651,ORD_047042,PAY_038659,2026-01-01T22:06:14,FULL,CUSTOMER_REQUEST,636.61,INR,SUCCESS,PayFlow,RF_00001651,CUST_001623
REF_001652,ORD_047050,PAY_038666,2025-12-29T10:13:06,FULL,RETURNED_ORDER,4473.26,INR,SUCCESS,PayFlow,RF_00001652,CUST_000946
REF_001653,ORD_047071,PAY_038683,2025-12-11T22:53:23,FULL,CUSTOMER_REQUEST,577.02,INR,SUCCESS,PayFlow,RF_00001653,CUST_005862
REF_001654,ORD_047085,PAY_038695,2025-12-06T22:37:47,FULL,CUSTOMER_REQUEST,2015.68,INR,SUCCESS,PayFlow,RF_00001654,CUST_004631
REF_001655,ORD_047100,,2025-12-30T07:39:50,FULL,RETURNED_ORDER,2425.84,INR,SUCCESS,,,CUST_007812
REF_001656,ORD_047173,PAY_038766,2025-12-24T12:14:50,FULL,RETURNED_ORDER,579.74,INR,SUCCESS,PayFlow,RF_00001656,CUST_001375
REF_001657,ORD_047201,,2025-12-17T13:46:21,FULL,RETURNED_ORDER,371.70,INR,SUCCESS,,,CUST_005732
REF_001658,ORD_047223,PAY_038808,2025-12-16T07:15:12,FULL,RETURNED_ORDER,1095.51,INR,SUCCESS,PayFlow,RF_00001658,CUST_006438
REF_001659,ORD_047287,PAY_038863,2025-12-20T04:44:53,FULL,RETURNED_ORDER,4591.03,INR,SUCCESS,PayFlow,RF_00001659,CUST_006784
REF_001660,ORD_047320,PAY_038891,2025-12-24T23:57:46,FULL,CUSTOMER_REQUEST,1020.23,INR,SUCCESS,PayFlow,RF_00001660,CUST_003086
REF_001661,ORD_047348,PAY_038913,2025-12-08T21:37:37,FULL,CUSTOMER_REQUEST,999.46,INR,SUCCESS,PayFlow,RF_00001661,CUST_004581
REF_001662,ORD_047360,PAY_038921,2025-12-27T23:38:01,FULL,CUSTOMER_REQUEST,295.00,INR,SUCCESS,PayFlow,RF_00001662,CUST_005679
REF_001663,ORD_047374,PAY_038931,2026-01-06T07:41:41,FULL,RETURNED_ORDER,568.47,INR,SUCCESS,PayFlow,RF_00001663,CUST_000073
REF_001664,ORD_047407,,2026-01-08T14:13:14,FULL,RETURNED_ORDER,1998.92,INR,SUCCESS,,,CUST_000285
REF_001665,ORD_047438,PAY_038979,2025-12-07T00:00:36,FULL,CUSTOMER_REQUEST,1462.02,INR,SUCCESS,PayFlow,RF_00001665,CUST_005089
REF_001666,ORD_047458,PAY_038994,2025-12-17T21:28:40,PARTIAL,CUSTOMER_REQUEST,427.28,INR,SUCCESS,PayFlow,RF_00001666,CUST_003577
REF_001667,ORD_047472,PAY_039007,2025-12-31T01:44:14,FULL,CUSTOMER_REQUEST,837.80,INR,SUCCESS,PayFlow,RF_00001667,CUST_002727
REF_001668,ORD_047493,PAY_039025,2025-12-31T12:43:19,FULL,RETURNED_ORDER,687.80,INR,SUCCESS,PayFlow,RF_00001668,CUST_007101
REF_001669,ORD_047543,PAY_039063,2025-12-15T09:58:36,FULL,RETURNED_ORDER,966.42,INR,SUCCESS,PayFlow,RF_00001669,CUST_007802
REF_001670,ORD_047597,PAY_039105,2025-12-16T04:50:08,FULL,RETURNED_ORDER,3872.76,INR,SUCCESS,PayFlow,RF_00001670,CUST_000255
REF_001671,ORD_047598,PAY_039106,2025-12-26T00:01:54,FULL,CUSTOMER_REQUEST,306.80,INR,SUCCESS,PayFlow,RF_00001671,CUST_000666
REF_001672,ORD_047611,PAY_039113,2025-12-21T02:42:41,FULL,CUSTOMER_REQUEST,1804.22,INR,SUCCESS,PayFlow,RF_00001672,CUST_002530
REF_001673,ORD_047641,PAY_039135,2025-12-26T10:29:45,FULL,RETURNED_ORDER,1622.09,INR,SUCCESS,PayFlow,RF_00001673,CUST_004543
REF_001674,ORD_047647,PAY_039138,2025-12-21T12:21:00,FULL,RETURNED_ORDER,395.30,INR,SUCCESS,PayFlow,RF_00001674,CUST_008239
REF_001675,ORD_047702,PAY_039179,2025-12-26T19:18:48,PARTIAL,CUSTOMER_REQUEST,1139.79,INR,SUCCESS,PayFlow,RF_00001675,CUST_007852
REF_001676,ORD_047711,PAY_039187,2025-12-29T01:38:07,FULL,RETURNED_ORDER,408.28,INR,SUCCESS,PayFlow,RF_00001676,CUST_001801
REF_001677,ORD_047761,PAY_039225,2025-12-15T13:17:14,FULL,RETURNED_ORDER,1523.38,INR,SUCCESS,PayFlow,RF_00001677,CUST_007550
REF_001678,ORD_047788,PAY_039246,2026-01-04T04:14:28,FULL,CUSTOMER_REQUEST,295.47,INR,SUCCESS,PayFlow,RF_00001678,CUST_005420
REF_001679,ORD_047828,PAY_039280,2025-12-29T08:42:22,FULL,RETURNED_ORDER,1146.96,INR,SUCCESS,PayFlow,RF_00001679,CUST_001762
REF_001680,ORD_047903,PAY_039340,2025-12-17T22:35:17,FULL,CUSTOMER_REQUEST,674.26,INR,SUCCESS,PayFlow,RF_00001680,CUST_005178
REF_001681,ORD_047912,PAY_039348,2025-12-23T15:28:19,FULL,RETURNED_ORDER,2751.76,INR,SUCCESS,PayFlow,RF_00001681,CUST_005200
REF_001682,ORD_047913,PAY_039349,2025-12-27T13:12:45,FULL,RETURNED_ORDER,1083.71,INR,SUCCESS,PayFlow,RF_00001682,CUST_003757
REF_001683,ORD_047916,PAY_039351,2025-12-27T17:09:21,PARTIAL,CUSTOMER_REQUEST,273.41,INR,SUCCESS,PayFlow,RF_00001683,CUST_002206
REF_001684,ORD_047979,PAY_039399,2025-12-14T09:50:09,FULL,RETURNED_ORDER,3170.19,INR,SUCCESS,PayFlow,RF_00001684,CUST_006602
REF_001685,ORD_048020,PAY_039433,2025-12-15T17:38:06,FULL,RETURNED_ORDER,800.46,INR,SUCCESS,PayFlow,RF_00001685,CUST_004571
REF_001686,ORD_048027,PAY_039438,2025-12-27T01:14:51,FULL,CUSTOMER_REQUEST,1145.78,INR,SUCCESS,PayFlow,RF_00001686,CUST_006010
REF_001687,ORD_048046,PAY_039453,2025-12-27T22:08:09,FULL,CUSTOMER_REQUEST,657.26,INR,SUCCESS,PayFlow,RF_00001687,CUST_007773
REF_001688,ORD_048064,PAY_039467,2025-12-08T00:53:35,FULL,CUSTOMER_REQUEST,758.98,INR,SUCCESS,PayFlow,RF_00001688,CUST_007656
REF_001689,ORD_048085,PAY_039484,2026-01-01T15:24:04,FULL,RETURNED_ORDER,1447.86,INR,SUCCESS,PayFlow,RF_00001689,CUST_000218
REF_001690,ORD_048124,PAY_039510,2025-12-21T17:27:46,FULL,RETURNED_ORDER,408.28,INR,SUCCESS,PayFlow,RF_00001690,CUST_002028
REF_001691,ORD_048131,PAY_039514,2026-01-12T13:21:26,FULL,RETURNED_ORDER,738.98,INR,SUCCESS,PayFlow,RF_00001691,CUST_006111
REF_001692,ORD_048199,PAY_039575,2025-12-24T00:56:27,PARTIAL,CUSTOMER_REQUEST,1341.42,INR,SUCCESS,PayFlow,RF_00001692,CUST_006090
REF_001693,ORD_048229,PAY_039600,2025-12-14T21:58:39,FULL,CUSTOMER_REQUEST,295.00,INR,SUCCESS,PayFlow,RF_00001693,CUST_006385
REF_001694,ORD_048331,PAY_039684,2025-12-17T00:38:20,FULL,RETURNED_ORDER,1066.78,INR,SUCCESS,PayFlow,RF_00001694,CUST_006249
REF_001695,ORD_048358,PAY_039707,2025-12-20T23:03:08,FULL,RETURNED_ORDER,524.75,INR,SUCCESS,PayFlow,RF_00001695,CUST_001534
REF_001696,ORD_048397,PAY_039737,2025-12-30T09:21:53,FULL,RETURNED_ORDER,534.54,INR,SUCCESS,PayFlow,RF_00001696,CUST_007090
REF_001697,ORD_048398,,2026-01-07T10:48:34,FULL,RETURNED_ORDER,732.14,INR,SUCCESS,,,CUST_007277
REF_001698,ORD_048462,PAY_039788,2025-12-30T03:15:01,FULL,RETURNED_ORDER,1722.56,INR,SUCCESS,PayFlow,RF_00001698,CUST_007032
REF_001699,ORD_048482,PAY_039804,2025-12-28T10:52:25,FULL,CUSTOMER_REQUEST,1489.81,INR,SUCCESS,PayFlow,RF_00001699,CUST_007619
REF_001700,ORD_048495,,2026-01-04T05:15:07,FULL,RETURNED_ORDER,306.74,INR,SUCCESS,,,CUST_005749
REF_001701,ORD_048510,PAY_039828,2025-12-14T17:44:50,FULL,RETURNED_ORDER,358.13,INR,SUCCESS,PayFlow,RF_00001701,CUST_005711
REF_001702,ORD_048540,PAY_039851,2025-12-25T10:50:21,FULL,RETURNED_ORDER,5202.62,INR,SUCCESS,PayFlow,RF_00001702,CUST_004229
REF_001703,ORD_048554,,2025-12-20T23:49:55,FULL,RETURNED_ORDER,414.18,INR,SUCCESS,,,CUST_003622
REF_001704,ORD_048572,PAY_039876,2025-12-28T09:37:20,FULL,RETURNED_ORDER,546.34,INR,SUCCESS,PayFlow,RF_00001704,CUST_005439
REF_001705,ORD_048591,PAY_039892,2025-12-15T04:34:44,FULL,RETURNED_ORDER,554.48,INR,SUCCESS,PayFlow,RF_00001705,CUST_000974
REF_001706,ORD_048598,PAY_039898,2025-12-27T02:58:12,FULL,RETURNED_ORDER,605.70,INR,SUCCESS,PayFlow,RF_00001706,CUST_006082
REF_001707,ORD_048626,PAY_039924,2025-12-19T23:23:53,PARTIAL,CUSTOMER_REQUEST,1754.93,INR,SUCCESS,PayFlow,RF_00001707,CUST_006563
REF_001708,ORD_048660,PAY_039955,2025-12-29T09:29:31,FULL,RETURNED_ORDER,283.14,INR,SUCCESS,PayFlow,RF_00001708,CUST_000498
REF_001709,ORD_048741,PAY_040026,2025-12-27T10:31:00,FULL,RETURNED_ORDER,781.95,INR,SUCCESS,PayFlow,RF_00001709,CUST_007029
REF_001710,ORD_048749,PAY_040034,2025-12-23T12:01:39,FULL,RETURNED_ORDER,2534.56,INR,SUCCESS,PayFlow,RF_00001710,CUST_006369
REF_001711,ORD_048803,PAY_040082,2025-12-29T10:13:54,FULL,RETURNED_ORDER,283.14,INR,SUCCESS,PayFlow,RF_00001711,CUST_002766
REF_001712,ORD_048838,PAY_040112,2025-12-15T05:02:50,FULL,RETURNED_ORDER,1092.56,INR,SUCCESS,PayFlow,RF_00001712,CUST_007311
REF_001713,ORD_048839,,2026-01-04T04:07:19,FULL,RETURNED_ORDER,1143.10,INR,SUCCESS,,,CUST_005786
REF_001714,ORD_048840,PAY_040113,2025-12-31T11:10:36,FULL,RETURNED_ORDER,742.22,INR,SUCCESS,PayFlow,RF_00001714,CUST_008276
REF_001715,ORD_048896,PAY_040162,2025-12-22T18:57:20,FULL,RETURNED_ORDER,510.70,INR,SUCCESS,PayFlow,RF_00001715,CUST_003903
REF_001716,ORD_048915,PAY_040177,2025-12-29T05:05:58,FULL,RETURNED_ORDER,2262.06,INR,SUCCESS,PayFlow,RF_00001716,CUST_006710
REF_001717,ORD_048917,PAY_040179,2025-12-09T17:39:25,FULL,CUSTOMER_REQUEST,383.50,INR,SUCCESS,PayFlow,RF_00001717,CUST_007565
REF_001718,ORD_049005,PAY_040249,2025-12-22T06:20:57,FULL,RETURNED_ORDER,607.82,INR,SUCCESS,PayFlow,RF_00001718,CUST_001271
REF_001719,ORD_049016,PAY_040260,2026-01-03T08:21:49,FULL,RETURNED_ORDER,420.08,INR,SUCCESS,PayFlow,RF_00001719,CUST_001976
REF_001720,ORD_049104,PAY_040332,2025-12-21T07:46:19,FULL,RETURNED_ORDER,1244.13,INR,SUCCESS,PayFlow,RF_00001720,CUST_002373
REF_001721,ORD_049119,,2025-12-27T08:17:24,FULL,RETURNED_ORDER,863.88,INR,SUCCESS,,,CUST_005991
REF_001722,ORD_049141,PAY_040362,2026-01-05T10:33:48,FULL,RETURNED_ORDER,2410.74,INR,SUCCESS,PayFlow,RF_00001722,CUST_002447
REF_001723,ORD_049190,PAY_040404,2025-12-12T08:16:31,FULL,RETURNED_ORDER,5840.41,INR,SUCCESS,PayFlow,RF_00001723,CUST_000665
REF_001724,ORD_049233,PAY_040439,2025-12-24T03:25:09,FULL,CUSTOMER_REQUEST,876.74,INR,SUCCESS,PayFlow,RF_00001724,CUST_003863
REF_001725,ORD_049292,,2025-12-21T11:22:54,FULL,RETURNED_ORDER,1053.74,INR,SUCCESS,,,CUST_000958
REF_001726,ORD_049297,PAY_040492,2026-01-05T14:26:54,FULL,RETURNED_ORDER,1224.25,INR,SUCCESS,PayFlow,RF_00001726,CUST_005994
REF_001727,ORD_049372,,2025-12-12T11:42:49,FULL,RETURNED_ORDER,522.50,INR,SUCCESS,,,CUST_005341
REF_001728,ORD_049389,PAY_040569,2025-12-31T07:03:15,FULL,RETURNED_ORDER,778.58,INR,SUCCESS,PayFlow,RF_00001728,CUST_001178
REF_001729,ORD_049421,PAY_040594,2025-12-18T01:22:04,FULL,CUSTOMER_REQUEST,1146.96,INR,SUCCESS,PayFlow,RF_00001729,CUST_003733
REF_001730,ORD_049464,PAY_040631,2025-12-09T00:15:47,FULL,CUSTOMER_REQUEST,712.54,INR,SUCCESS,PayFlow,RF_00001730,CUST_005814
REF_001731,ORD_049490,PAY_040650,2025-12-17T06:56:59,FULL,RETURNED_ORDER,379.55,INR,SUCCESS,PayFlow,RF_00001731,CUST_007092
REF_001732,ORD_049534,,2025-12-19T06:48:42,FULL,RETURNED_ORDER,295.00,INR,SUCCESS,,,CUST_000333
REF_001733,ORD_049535,PAY_040687,2025-12-30T22:24:55,PARTIAL,CUSTOMER_REQUEST,208.51,INR,SUCCESS,PayFlow,RF_00001733,CUST_001371
REF_001734,ORD_049616,PAY_040752,2025-12-16T01:54:07,PARTIAL,CUSTOMER_REQUEST,328.16,INR,SUCCESS,PayFlow,RF_00001734,CUST_006628
REF_001735,ORD_049662,PAY_040787,2025-12-21T01:45:54,PARTIAL,CUSTOMER_REQUEST,1768.63,INR,SUCCESS,PayFlow,RF_00001735,CUST_000686
REF_001736,ORD_049668,PAY_040792,2025-12-15T19:47:31,FULL,RETURNED_ORDER,958.40,INR,SUCCESS,PayFlow,RF_00001736,CUST_000426
REF_001737,ORD_049672,PAY_040796,2025-12-21T02:07:27,FULL,CUSTOMER_REQUEST,565.22,INR,SUCCESS,PayFlow,RF_00001737,CUST_002729
REF_001738,ORD_049708,PAY_040828,2025-12-03T10:10:08,FULL,CUSTOMER_REQUEST,678.50,INR,SUCCESS,PayFlow,RF_00001738,CUST_006214
REF_001739,ORD_049715,PAY_040835,2025-12-23T07:43:46,FULL,RETURNED_ORDER,680.86,INR,SUCCESS,PayFlow,RF_00001739,CUST_000786
REF_001740,ORD_049723,PAY_040842,2025-12-17T17:35:03,FULL,RETURNED_ORDER,1589.46,INR,SUCCESS,PayFlow,RF_00001740,CUST_004299
REF_001741,ORD_049739,PAY_040856,2025-12-23T08:05:07,FULL,RETURNED_ORDER,731.36,INR,SUCCESS,PayFlow,RF_00001741,CUST_006253
REF_001742,ORD_049753,PAY_040870,2026-01-01T16:06:06,FULL,RETURNED_ORDER,647.28,INR,SUCCESS,PayFlow,RF_00001742,CUST_007685
REF_001743,ORD_049815,PAY_040920,2026-01-01T13:13:37,FULL,RETURNED_ORDER,2475.64,INR,SUCCESS,PayFlow,RF_00001743,CUST_000096
REF_001744,ORD_049845,PAY_040948,2026-01-02T02:54:29,PARTIAL,CUSTOMER_REQUEST,1381.20,INR,SUCCESS,PayFlow,RF_00001744,CUST_002340
REF_001745,ORD_049860,PAY_040961,2025-12-07T02:29:21,FULL,CUSTOMER_REQUEST,530.37,INR,SUCCESS,PayFlow,RF_00001745,CUST_003246
REF_001746,ORD_049861,PAY_040962,2025-12-19T02:10:21,FULL,CUSTOMER_REQUEST,306.80,INR,SUCCESS,PayFlow,RF_00001746,CUST_003624
REF_001747,ORD_049940,PAY_041026,2025-12-20T03:11:58,FULL,CUSTOMER_REQUEST,3513.21,INR,SUCCESS,PayFlow,RF_00001747,CUST_001664
REF_001748,ORD_049945,PAY_041030,2025-12-30T18:37:51,FULL,RETURNED_ORDER,960.52,INR,SUCCESS,PayFlow,RF_00001748,CUST_000579
REF_001749,ORD_049980,PAY_041063,2025-12-21T20:31:55,FULL,CUSTOMER_REQUEST,352.47,INR,SUCCESS,PayFlow,RF_00001749,CUST_000485
REF_001750,ORD_050044,PAY_041113,2025-12-15T01:47:51,FULL,RETURNED_ORDER,914.50,INR,SUCCESS,PayFlow,RF_00001750,CUST_002320
REF_001751,ORD_050054,PAY_041123,2025-12-31T01:48:17,FULL,RETURNED_ORDER,1236.64,INR,SUCCESS,PayFlow,RF_00001751,CUST_000449
REF_001752,ORD_050087,PAY_041154,2025-12-26T18:14:28,FULL,CUSTOMER_REQUEST,683.93,INR,SUCCESS,PayFlow,RF_00001752,CUST_002942
REF_001753,ORD_050100,PAY_041163,2025-12-27T02:41:03,FULL,RETURNED_ORDER,966.42,INR,SUCCESS,PayFlow,RF_00001753,CUST_002517
REF_001754,ORD_050117,PAY_041177,2025-12-29T08:09:41,FULL,RETURNED_ORDER,1906.88,INR,SUCCESS,PayFlow,RF_00001754,CUST_005821
REF_001755,ORD_050126,,2026-01-03T09:14:21,FULL,RETURNED_ORDER,3487.11,INR,SUCCESS,,,CUST_002485
REF_001756,ORD_050164,PAY_041210,2026-01-01T12:29:15,FULL,RETURNED_ORDER,295.00,INR,SUCCESS,PayFlow,RF_00001756,CUST_003674
REF_001757,ORD_050170,,2026-01-02T12:18:30,FULL,RETURNED_ORDER,1173.04,INR,SUCCESS,,,CUST_001496
REF_001758,ORD_050182,PAY_041225,2025-12-24T21:58:37,FULL,CUSTOMER_REQUEST,951.06,INR,SUCCESS,PayFlow,RF_00001758,CUST_005469
REF_001759,ORD_050200,PAY_041241,2025-12-14T20:31:36,FULL,CUSTOMER_REQUEST,690.30,INR,SUCCESS,PayFlow,RF_00001759,CUST_006486
REF_001760,ORD_050298,PAY_041322,2026-01-04T00:51:24,FULL,CUSTOMER_REQUEST,2871.12,INR,SUCCESS,PayFlow,RF_00001760,CUST_004461
REF_001761,ORD_050300,PAY_041324,2025-12-22T16:34:39,FULL,RETURNED_ORDER,1462.02,INR,SUCCESS,PayFlow,RF_00001761,CUST_006619
REF_001762,ORD_050343,PAY_041360,2025-12-27T15:47:10,FULL,RETURNED_ORDER,5965.94,INR,SUCCESS,PayFlow,RF_00001762,CUST_007576
REF_001763,ORD_050380,PAY_041393,2026-01-04T09:09:41,FULL,RETURNED_ORDER,836.22,INR,SUCCESS,PayFlow,RF_00001763,CUST_004679
REF_001764,ORD_050389,PAY_041401,2025-12-23T20:22:00,FULL,CUSTOMER_REQUEST,546.34,INR,SUCCESS,PayFlow,RF_00001764,CUST_006530
REF_001765,ORD_050445,,2026-01-02T16:41:23,FULL,RETURNED_ORDER,657.26,INR,SUCCESS,,,CUST_007016
REF_001766,ORD_050460,PAY_041461,2025-12-21T13:30:44,FULL,RETURNED_ORDER,719.80,INR,SUCCESS,PayFlow,RF_00001766,CUST_000277
REF_001767,ORD_050468,PAY_041468,2025-12-12T06:21:40,FULL,RETURNED_ORDER,294.94,INR,SUCCESS,PayFlow,RF_00001767,CUST_004190
REF_001768,ORD_050498,PAY_041495,2025-12-16T15:35:45,FULL,RETURNED_ORDER,2127.66,INR,SUCCESS,PayFlow,RF_00001768,CUST_002269
REF_001769,ORD_050545,PAY_041533,2026-01-09T19:08:43,FULL,RETURNED_ORDER,720.86,INR,SUCCESS,PayFlow,RF_00001769,CUST_001843
REF_001770,ORD_050571,PAY_041558,2025-12-19T20:09:51,FULL,CUSTOMER_REQUEST,1170.80,INR,SUCCESS,PayFlow,RF_00001770,CUST_005715
REF_001771,ORD_050611,,2025-12-19T08:01:33,FULL,RETURNED_ORDER,1289.74,INR,SUCCESS,,,CUST_005704
REF_001772,ORD_050629,,2025-12-16T02:20:13,FULL,RETURNED_ORDER,557.62,INR,SUCCESS,,,CUST_004741
REF_001773,ORD_050643,PAY_041612,2025-12-25T22:09:09,PARTIAL,CUSTOMER_REQUEST,274.33,INR,SUCCESS,PayFlow,RF_00001773,CUST_004247
REF_001774,ORD_050671,PAY_041635,2026-01-03T02:25:53,FULL,RETURNED_ORDER,754.93,INR,SUCCESS,PayFlow,RF_00001774,CUST_000518
REF_001775,ORD_050684,PAY_041646,2026-01-07T16:23:46,FULL,RETURNED_ORDER,831.90,INR,SUCCESS,PayFlow,RF_00001775,CUST_006883
REF_001776,ORD_050703,PAY_041663,2025-12-23T10:36:38,FULL,RETURNED_ORDER,871.43,INR,SUCCESS,PayFlow,RF_00001776,CUST_004414
REF_001777,ORD_050711,PAY_041670,2025-12-20T20:01:27,FULL,CUSTOMER_REQUEST,626.58,INR,SUCCESS,PayFlow,RF_00001777,CUST_008334
REF_001778,ORD_050713,PAY_041672,2026-01-07T07:50:52,FULL,RETURNED_ORDER,842.52,INR,SUCCESS,PayFlow,RF_00001778,CUST_002548
REF_001779,ORD_050715,PAY_041674,2025-12-22T03:38:23,FULL,RETURNED_ORDER,271.87,INR,SUCCESS,PayFlow,RF_00001779,CUST_003244
REF_001780,ORD_050726,,2025-12-19T07:14:34,FULL,RETURNED_ORDER,294.88,INR,SUCCESS,,,CUST_006435
REF_001781,ORD_050768,PAY_041714,2025-12-14T11:34:27,FULL,CUSTOMER_REQUEST,2856.78,INR,SUCCESS,PayFlow,RF_00001781,CUST_002852
REF_001782,ORD_050778,PAY_041722,2026-01-04T05:51:23,FULL,RETURNED_ORDER,3346.48,INR,SUCCESS,PayFlow,RF_00001782,CUST_004875
REF_001783,ORD_050819,,2025-12-20T02:35:25,FULL,RETURNED_ORDER,600.62,INR,SUCCESS,,,CUST_006458
REF_001784,ORD_050826,PAY_041763,2025-12-27T10:42:09,PARTIAL,CUSTOMER_REQUEST,269.38,INR,SUCCESS,PayFlow,RF_00001784,CUST_000289
REF_001785,ORD_050834,PAY_041770,2026-01-07T17:40:25,FULL,RETURNED_ORDER,747.18,INR,SUCCESS,PayFlow,RF_00001785,CUST_002360
REF_001786,ORD_050917,PAY_041846,2026-01-11T05:01:24,FULL,RETURNED_ORDER,542.68,INR,SUCCESS,PayFlow,RF_00001786,CUST_002624
REF_001787,ORD_050929,PAY_041856,2025-12-15T07:44:24,FULL,RETURNED_ORDER,534.30,INR,SUCCESS,PayFlow,RF_00001787,CUST_008361
REF_001788,ORD_051019,,2026-01-05T13:00:14,FULL,RETURNED_ORDER,1095.04,INR,SUCCESS,,,CUST_001184
REF_001789,ORD_051033,PAY_041938,2025-12-03T05:39:27,FULL,CUSTOMER_REQUEST,339.19,INR,SUCCESS,PayFlow,RF_00001789,CUST_005875
REF_001790,ORD_051034,PAY_041939,2025-12-29T00:24:54,FULL,RETURNED_ORDER,837.80,INR,SUCCESS,PayFlow,RF_00001790,CUST_002144
REF_001791,ORD_051035,PAY_041940,2025-12-16T04:26:19,FULL,RETURNED_ORDER,1210.81,INR,SUCCESS,PayFlow,RF_00001791,CUST_003526
REF_001792,ORD_051048,PAY_041950,2025-12-27T18:13:08,FULL,CUSTOMER_REQUEST,3934.30,INR,SUCCESS,PayFlow,RF_00001792,CUST_004589
REF_001793,ORD_051097,PAY_041992,2026-01-08T07:31:52,FULL,RETURNED_ORDER,1699.20,INR,SUCCESS,PayFlow,RF_00001793,CUST_004543
REF_001794,ORD_051099,PAY_041993,2025-12-21T21:54:27,FULL,CUSTOMER_REQUEST,306.80,INR,SUCCESS,PayFlow,RF_00001794,CUST_005041
REF_001795,ORD_051127,PAY_042020,2025-12-28T01:43:24,FULL,CUSTOMER_REQUEST,669.06,INR,SUCCESS,PayFlow,RF_00001795,CUST_008270
REF_001796,ORD_051154,PAY_042043,2025-12-16T12:28:01,FULL,RETURNED_ORDER,402.38,INR,SUCCESS,PayFlow,RF_00001796,CUST_008422
REF_001797,ORD_051155,PAY_042044,2025-12-05T20:47:25,PARTIAL,CUSTOMER_REQUEST,221.58,INR,SUCCESS,PayFlow,RF_00001797,CUST_000961
REF_001798,ORD_051181,PAY_042069,2025-12-16T23:17:22,FULL,CUSTOMER_REQUEST,606.52,INR,SUCCESS,PayFlow,RF_00001798,CUST_008267
REF_001799,ORD_051182,PAY_042070,2026-01-05T21:14:50,FULL,RETURNED_ORDER,377.60,INR,SUCCESS,PayFlow,RF_00001799,CUST_006524
REF_001800,ORD_051191,PAY_042078,2026-01-02T16:32:59,FULL,RETURNED_ORDER,348.73,INR,SUCCESS,PayFlow,RF_00001800,CUST_001312
REF_001801,ORD_051271,PAY_042146,2026-01-03T02:32:21,FULL,CUSTOMER_REQUEST,3281.17,INR,SUCCESS,PayFlow,RF_00001801,CUST_003571
REF_001802,ORD_051274,PAY_042149,2025-12-21T06:06:20,FULL,RETURNED_ORDER,871.67,INR,SUCCESS,PayFlow,RF_00001802,CUST_004564
REF_001803,ORD_051300,PAY_042168,2026-01-06T08:53:59,FULL,RETURNED_ORDER,2183.00,INR,SUCCESS,PayFlow,RF_00001803,CUST_000013
REF_001804,ORD_051352,PAY_042211,2025-12-26T06:54:43,FULL,RETURNED_ORDER,554.01,INR,SUCCESS,PayFlow,RF_00001804,CUST_008109
REF_001805,ORD_051366,PAY_042225,2025-12-11T03:06:26,PARTIAL,CUSTOMER_REQUEST,625.19,INR,SUCCESS,PayFlow,RF_00001805,CUST_002053
REF_001806,ORD_051381,PAY_042239,2025-12-14T10:38:36,FULL,RETURNED_ORDER,2104.12,INR,SUCCESS,PayFlow,RF_00001806,CUST_007971
REF_001807,ORD_051400,PAY_042254,2025-12-10T06:57:49,FULL,CUSTOMER_REQUEST,823.52,INR,SUCCESS,PayFlow,RF_00001807,CUST_006438
REF_001808,ORD_051482,PAY_042318,2025-12-17T02:28:09,PARTIAL,CUSTOMER_REQUEST,133.41,INR,SUCCESS,PayFlow,RF_00001808,CUST_001791
REF_001809,ORD_051521,,2026-01-11T06:21:15,FULL,RETURNED_ORDER,295.47,INR,SUCCESS,,,CUST_006083
REF_001810,ORD_051544,PAY_042369,2025-12-27T07:39:50,FULL,RETURNED_ORDER,371.70,INR,SUCCESS,PayFlow,RF_00001810,CUST_007069
REF_001811,ORD_051626,PAY_042437,2025-12-23T14:02:39,FULL,RETURNED_ORDER,907.13,INR,SUCCESS,PayFlow,RF_00001811,CUST_007817
REF_001812,ORD_051675,PAY_042478,2025-12-19T00:30:30,PARTIAL,CUSTOMER_REQUEST,1035.71,INR,SUCCESS,PayFlow,RF_00001812,CUST_006663
REF_001813,ORD_051682,,2025-12-17T16:08:20,FULL,RETURNED_ORDER,791.78,INR,SUCCESS,,,CUST_004436
REF_001814,ORD_051724,,2025-12-21T08:07:01,FULL,RETURNED_ORDER,1998.74,INR,SUCCESS,,,CUST_004254
REF_001815,ORD_051734,PAY_042522,2025-12-19T12:57:12,FULL,RETURNED_ORDER,365.80,INR,SUCCESS,PayFlow,RF_00001815,CUST_003604
REF_001816,ORD_051745,,2025-12-12T16:19:20,FULL,RETURNED_ORDER,306.74,INR,SUCCESS,,,CUST_004187
REF_001817,ORD_051853,PAY_042610,2025-12-27T14:09:12,FULL,RETURNED_ORDER,283.08,INR,SUCCESS,PayFlow,RF_00001817,CUST_007348
REF_001818,ORD_051890,PAY_042643,2025-12-12T22:34:10,FULL,CUSTOMER_REQUEST,3123.46,INR,SUCCESS,PayFlow,RF_00001818,CUST_003258
REF_001819,ORD_051892,PAY_042645,2025-12-29T08:16:19,FULL,RETURNED_ORDER,1269.56,INR,SUCCESS,PayFlow,RF_00001819,CUST_000590
REF_001820,ORD_051906,PAY_042656,2025-12-31T02:37:58,FULL,CUSTOMER_REQUEST,284.20,INR,SUCCESS,PayFlow,RF_00001820,CUST_005105
REF_001821,ORD_051931,PAY_042678,2025-12-29T03:04:51,FULL,CUSTOMER_REQUEST,306.80,INR,SUCCESS,PayFlow,RF_00001821,CUST_008119
REF_001822,ORD_051934,,2026-01-07T02:46:01,FULL,RETURNED_ORDER,271.87,INR,SUCCESS,,,CUST_004036
REF_001823,ORD_051938,,2025-12-09T02:19:49,FULL,RETURNED_ORDER,638.38,INR,SUCCESS,,,CUST_006443
REF_001824,ORD_051939,PAY_042683,2026-01-04T17:28:13,FULL,RETURNED_ORDER,881.46,INR,SUCCESS,PayFlow,RF_00001824,CUST_004818
REF_001825,ORD_051958,PAY_042700,2025-12-06T00:26:53,FULL,CUSTOMER_REQUEST,356.01,INR,SUCCESS,PayFlow,RF_00001825,CUST_000727
REF_001826,ORD_051959,PAY_042701,2025-12-14T02:41:06,FULL,CUSTOMER_REQUEST,814.20,INR,SUCCESS,PayFlow,RF_00001826,CUST_002853
REF_001827,ORD_051962,PAY_042704,2025-12-15T06:43:14,FULL,RETURNED_ORDER,686.06,INR,SUCCESS,PayFlow,RF_00001827,CUST_007744
REF_001828,ORD_051976,PAY_042714,2026-01-02T09:07:07,FULL,RETURNED_ORDER,295.47,INR,SUCCESS,PayFlow,RF_00001828,CUST_007981
REF_001829,ORD_051988,PAY_042723,2025-12-17T03:22:37,FULL,RETURNED_ORDER,692.09,INR,SUCCESS,PayFlow,RF_00001829,CUST_003278
REF_001830,ORD_052025,PAY_042753,2025-12-30T17:30:02,FULL,RETURNED_ORDER,607.82,INR,SUCCESS,PayFlow,RF_00001830,CUST_004601
REF_001831,ORD_052041,PAY_042764,2025-12-24T17:08:11,FULL,RETURNED_ORDER,661.51,INR,SUCCESS,PayFlow,RF_00001831,CUST_007950
REF_001832,ORD_052054,,2025-12-29T23:46:22,FULL,RETURNED_ORDER,354.00,INR,SUCCESS,,,CUST_007203
REF_001833,ORD_052075,PAY_042794,2025-12-17T04:32:20,FULL,RETURNED_ORDER,766.78,INR,SUCCESS,PayFlow,RF_00001833,CUST_004927
REF_001834,ORD_052133,PAY_042840,2025-12-10T18:22:47,PARTIAL,CUSTOMER_REQUEST,315.80,INR,SUCCESS,PayFlow,RF_00001834,CUST_001813
REF_001835,ORD_052182,PAY_042882,2025-12-16T23:28:56,PARTIAL,CUSTOMER_REQUEST,375.64,INR,SUCCESS,PayFlow,RF_00001835,CUST_006382
REF_001836,ORD_052186,PAY_042885,2025-12-11T01:57:32,FULL,CUSTOMER_REQUEST,952.61,INR,SUCCESS,PayFlow,RF_00001836,CUST_001894
REF_001837,ORD_052232,PAY_042926,2025-12-28T00:59:49,FULL,RETURNED_ORDER,5946.02,INR,SUCCESS,PayFlow,RF_00001837,CUST_007868
REF_001838,ORD_052246,PAY_042937,2025-12-10T09:32:13,FULL,RETURNED_ORDER,847.84,INR,SUCCESS,PayFlow,RF_00001838,CUST_008316
REF_001839,ORD_052250,PAY_042941,2025-12-13T19:31:13,FULL,CUSTOMER_REQUEST,383.50,INR,SUCCESS,PayFlow,RF_00001839,CUST_007631
REF_001840,ORD_052276,PAY_042964,2026-01-02T09:51:48,FULL,RETURNED_ORDER,837.80,INR,SUCCESS,PayFlow,RF_00001840,CUST_002854
REF_001841,ORD_052285,PAY_042973,2025-12-24T06:00:53,FULL,RETURNED_ORDER,558.14,INR,SUCCESS,PayFlow,RF_00001841,CUST_003859
REF_001842,ORD_052322,PAY_043003,2026-01-02T01:51:21,FULL,CUSTOMER_REQUEST,700.92,INR,SUCCESS,PayFlow,RF_00001842,CUST_001022
REF_001843,ORD_052361,PAY_043039,2025-12-23T12:06:27,FULL,RETURNED_ORDER,886.18,INR,SUCCESS,PayFlow,RF_00001843,CUST_001025
REF_001844,ORD_052364,PAY_043042,2025-12-30T16:16:55,FULL,RETURNED_ORDER,356.01,INR,SUCCESS,PayFlow,RF_00001844,CUST_005532
REF_001845,ORD_052417,PAY_043083,2025-12-29T19:42:42,PARTIAL,CUSTOMER_REQUEST,1101.22,INR,SUCCESS,PayFlow,RF_00001845,CUST_001748
REF_001846,ORD_052435,PAY_043095,2025-12-20T01:18:05,FULL,CUSTOMER_REQUEST,354.00,INR,SUCCESS,PayFlow,RF_00001846,CUST_008013
REF_001847,ORD_052455,PAY_043112,2025-12-28T23:06:32,FULL,CUSTOMER_REQUEST,352.11,INR,SUCCESS,PayFlow,RF_00001847,CUST_005626
REF_001848,ORD_052459,PAY_043116,2025-12-13T23:43:20,FULL,CUSTOMER_REQUEST,1247.67,INR,SUCCESS,PayFlow,RF_00001848,CUST_004828
REF_001849,ORD_052463,PAY_043120,2025-12-24T18:56:28,FULL,RETURNED_ORDER,390.58,INR,SUCCESS,PayFlow,RF_00001849,CUST_001343
REF_001850,ORD_052466,PAY_043122,2025-12-24T14:59:39,PARTIAL,CUSTOMER_REQUEST,79.65,INR,SUCCESS,PayFlow,RF_00001850,CUST_008005
REF_001851,ORD_052502,PAY_043151,2025-12-27T23:03:06,FULL,CUSTOMER_REQUEST,831.33,INR,SUCCESS,PayFlow,RF_00001851,CUST_000298
REF_001852,ORD_052506,PAY_043155,2026-01-04T00:32:34,FULL,CUSTOMER_REQUEST,4990.22,INR,SUCCESS,PayFlow,RF_00001852,CUST_007932
REF_001853,ORD_052525,PAY_043173,2025-12-12T02:28:37,FULL,RETURNED_ORDER,403.25,INR,SUCCESS,PayFlow,RF_00001853,CUST_000330
REF_001854,ORD_052544,,2026-01-05T18:30:45,FULL,RETURNED_ORDER,623.39,INR,SUCCESS,,,CUST_008342
REF_001855,ORD_052571,,2025-12-17T17:01:55,FULL,RETURNED_ORDER,414.18,INR,SUCCESS,,,CUST_006530
REF_001856,ORD_052650,PAY_043269,2026-01-07T05:46:07,FULL,RETURNED_ORDER,1908.71,INR,SUCCESS,PayFlow,RF_00001856,CUST_003266
REF_001857,ORD_052734,PAY_043337,2026-01-10T12:04:02,FULL,RETURNED_ORDER,339.19,INR,SUCCESS,PayFlow,RF_00001857,CUST_001285
REF_001858,ORD_052735,PAY_043338,2025-12-27T06:55:53,FULL,RETURNED_ORDER,738.56,INR,SUCCESS,PayFlow,RF_00001858,CUST_000644
REF_001859,ORD_052744,PAY_043344,2025-12-14T05:59:41,FULL,RETURNED_ORDER,1290.27,INR,SUCCESS,PayFlow,RF_00001859,CUST_006308
REF_001860,ORD_052749,,2025-12-14T12:15:31,FULL,RETURNED_ORDER,541.62,INR,SUCCESS,,,CUST_002340
REF_001861,ORD_052765,,2025-12-11T21:54:22,FULL,RETURNED_ORDER,582.68,INR,SUCCESS,,,CUST_000210
REF_001862,ORD_052785,PAY_043377,2026-01-01T01:17:39,FULL,RETURNED_ORDER,1256.70,INR,SUCCESS,PayFlow,RF_00001862,CUST_003127
REF_001863,ORD_052853,PAY_043437,2025-12-14T21:35:52,PARTIAL,CUSTOMER_REQUEST,316.12,INR,SUCCESS,PayFlow,RF_00001863,CUST_006341
REF_001864,ORD_052875,PAY_043455,2025-12-27T22:48:37,PARTIAL,CUSTOMER_REQUEST,120.83,INR,SUCCESS,PayFlow,RF_00001864,CUST_005544
REF_001865,ORD_052946,PAY_043508,2025-12-13T01:24:05,FULL,RETURNED_ORDER,784.82,INR,SUCCESS,PayFlow,RF_00001865,CUST_001396
REF_001866,ORD_052948,PAY_043510,2025-12-10T22:25:12,FULL,RETURNED_ORDER,667.05,INR,SUCCESS,PayFlow,RF_00001866,CUST_004002
REF_001867,ORD_053001,,2026-01-03T05:50:01,FULL,RETURNED_ORDER,738.68,INR,SUCCESS,,,CUST_002482
REF_001868,ORD_053029,PAY_043580,2025-12-26T13:11:09,FULL,RETURNED_ORDER,1367.62,INR,SUCCESS,PayFlow,RF_00001868,CUST_005355
REF_001869,ORD_053046,PAY_043592,2026-01-08T14:09:46,FULL,RETURNED_ORDER,283.08,INR,SUCCESS,PayFlow,RF_00001869,CUST_003871
REF_001870,ORD_053068,PAY_043609,2025-12-18T20:05:48,FULL,CUSTOMER_REQUEST,271.28,INR,SUCCESS,PayFlow,RF_00001870,CUST_003802
REF_001871,ORD_053123,PAY_043655,2025-12-25T07:56:00,FULL,RETURNED_ORDER,390.58,INR,SUCCESS,PayFlow,RF_00001871,CUST_005118
REF_001872,ORD_053127,PAY_043659,2025-12-10T06:17:51,FULL,RETURNED_ORDER,582.92,INR,SUCCESS,PayFlow,RF_00001872,CUST_007126
REF_001873,ORD_053190,PAY_043713,2026-01-05T07:36:31,FULL,RETURNED_ORDER,948.72,INR,SUCCESS,PayFlow,RF_00001873,CUST_003994
REF_001874,ORD_053209,,2025-12-23T21:08:54,FULL,RETURNED_ORDER,446.04,INR,SUCCESS,,,CUST_005567
REF_001875,ORD_053239,PAY_043750,2025-12-14T22:48:16,FULL,CUSTOMER_REQUEST,477.22,INR,SUCCESS,PayFlow,RF_00001875,CUST_001666
REF_001876,ORD_053285,,2026-01-01T20:50:22,FULL,RETURNED_ORDER,1316.05,INR,SUCCESS,,,CUST_008352
REF_001877,ORD_053287,PAY_043785,2025-12-17T21:51:18,FULL,CUSTOMER_REQUEST,350.99,INR,SUCCESS,PayFlow,RF_00001877,CUST_002927
REF_001878,ORD_053354,,2026-01-10T15:16:41,FULL,RETURNED_ORDER,1972.39,INR,SUCCESS,,,CUST_006509
REF_001879,ORD_053367,PAY_043851,2025-12-31T02:36:39,FULL,RETURNED_ORDER,2311.62,INR,SUCCESS,PayFlow,RF_00001879,CUST_004724
REF_001880,ORD_053398,PAY_043872,2026-01-01T20:11:47,PARTIAL,CUSTOMER_REQUEST,559.58,INR,SUCCESS,PayFlow,RF_00001880,CUST_004743
REF_001881,ORD_053406,PAY_043880,2026-01-02T14:20:56,FULL,RETURNED_ORDER,318.60,INR,SUCCESS,PayFlow,RF_00001881,CUST_008076
REF_001882,ORD_053410,PAY_043883,2025-12-29T02:29:30,FULL,CUSTOMER_REQUEST,403.15,INR,SUCCESS,PayFlow,RF_00001882,CUST_000556
REF_001883,ORD_053457,PAY_043922,2025-12-30T16:09:38,FULL,CUSTOMER_REQUEST,659.27,INR,SUCCESS,PayFlow,RF_00001883,CUST_001650
REF_001884,ORD_053503,PAY_043961,2025-12-27T06:34:13,FULL,RETURNED_ORDER,294.94,INR,SUCCESS,PayFlow,RF_00001884,CUST_006022
REF_001885,ORD_053507,PAY_043964,2025-12-12T20:18:46,PARTIAL,CUSTOMER_REQUEST,329.10,INR,SUCCESS,PayFlow,RF_00001885,CUST_000256
REF_001886,ORD_053520,PAY_043974,2025-12-19T12:03:21,FULL,RETURNED_ORDER,357.30,INR,SUCCESS,PayFlow,RF_00001886,CUST_003313
REF_001887,ORD_053570,PAY_044013,2025-12-14T01:34:07,FULL,RETURNED_ORDER,612.93,INR,SUCCESS,PayFlow,RF_00001887,CUST_000696
REF_001888,ORD_053609,PAY_044045,2025-12-10T00:17:54,PARTIAL,CUSTOMER_REQUEST,145.94,INR,SUCCESS,PayFlow,RF_00001888,CUST_007114
REF_001889,ORD_053668,PAY_044090,2025-12-21T23:51:53,FULL,RETURNED_ORDER,1246.08,INR,SUCCESS,PayFlow,RF_00001889,CUST_004001
REF_001890,ORD_053685,PAY_044102,2025-12-19T17:26:50,FULL,RETURNED_ORDER,318.60,INR,SUCCESS,PayFlow,RF_00001890,CUST_002060
REF_001891,ORD_053697,,2025-12-28T08:39:31,FULL,RETURNED_ORDER,720.34,INR,SUCCESS,,,CUST_004731
REF_001892,ORD_053777,PAY_044176,2025-12-12T15:23:01,FULL,CUSTOMER_REQUEST,283.14,INR,SUCCESS,PayFlow,RF_00001892,CUST_001074
REF_001893,ORD_053792,PAY_044186,2025-12-31T05:33:15,FULL,RETURNED_ORDER,2661.25,INR,SUCCESS,PayFlow,RF_00001893,CUST_005338
REF_001894,ORD_053829,PAY_044215,2026-01-01T20:19:57,PARTIAL,CUSTOMER_REQUEST,475.53,INR,SUCCESS,PayFlow,RF_00001894,CUST_003769
REF_001895,ORD_053837,PAY_044223,2025-12-12T19:31:39,FULL,CUSTOMER_REQUEST,1462.02,INR,SUCCESS,PayFlow,RF_00001895,CUST_006603
REF_001896,ORD_053881,PAY_044257,2025-12-19T01:23:44,FULL,CUSTOMER_REQUEST,2103.94,INR,SUCCESS,PayFlow,RF_00001896,CUST_001100
REF_001897,ORD_053883,PAY_044259,2026-01-02T12:05:29,FULL,RETURNED_ORDER,272.40,INR,SUCCESS,PayFlow,RF_00001897,CUST_001664
REF_001898,ORD_053885,,2025-12-27T13:40:13,FULL,RETURNED_ORDER,283.02,INR,SUCCESS,,,CUST_000115
REF_001899,ORD_053902,PAY_044276,2025-12-26T20:32:17,PARTIAL,CUSTOMER_REQUEST,306.06,INR,SUCCESS,PayFlow,RF_00001899,CUST_000689
REF_001900,ORD_053986,PAY_044344,2026-01-05T14:36:52,FULL,RETURNED_ORDER,294.88,INR,SUCCESS,PayFlow,RF_00001900,CUST_005151
REF_001901,ORD_054002,,2026-01-07T06:53:13,FULL,RETURNED_ORDER,1536.71,INR,SUCCESS,,,CUST_002289
REF_001902,ORD_054042,PAY_044389,2026-01-02T09:37:58,FULL,RETURNED_ORDER,367.81,INR,SUCCESS,PayFlow,RF_00001902,CUST_006557
REF_001903,ORD_054078,,2025-12-28T18:19:43,FULL,RETURNED_ORDER,477.22,INR,SUCCESS,,,CUST_004059
REF_001904,ORD_054086,PAY_044423,2025-12-18T20:13:21,FULL,CUSTOMER_REQUEST,1439.60,INR,SUCCESS,PayFlow,RF_00001904,CUST_006133
REF_001905,ORD_054087,,2026-01-01T10:23:20,FULL,RETURNED_ORDER,1146.96,INR,SUCCESS,,,CUST_006382
REF_001906,ORD_054101,,2026-01-09T03:42:47,FULL,RETURNED_ORDER,2389.50,INR,SUCCESS,,,CUST_004458
REF_001907,ORD_054127,PAY_044453,2025-12-15T10:01:09,FULL,RETURNED_ORDER,5383.16,INR,SUCCESS,PayFlow,RF_00001907,CUST_007963
REF_001908,ORD_054157,PAY_044479,2025-12-27T00:33:36,FULL,CUSTOMER_REQUEST,295.00,INR,SUCCESS,PayFlow,RF_00001908,CUST_001614
REF_001909,ORD_054274,PAY_044574,2025-12-30T22:13:10,FULL,CUSTOMER_REQUEST,363.91,INR,SUCCESS,PayFlow,RF_00001909,CUST_004097
REF_001910,ORD_054275,PAY_044575,2025-12-18T03:14:46,FULL,RETURNED_ORDER,776.38,INR,SUCCESS,PayFlow,RF_00001910,CUST_000504
REF_001911,ORD_054307,PAY_044599,2025-12-17T22:34:45,FULL,RETURNED_ORDER,1420.16,INR,SUCCESS,PayFlow,RF_00001911,CUST_003582
REF_001912,ORD_054318,PAY_044610,2026-01-02T19:11:55,FULL,RETURNED_ORDER,704.64,INR,SUCCESS,PayFlow,RF_00001912,CUST_006244
REF_001913,ORD_054345,PAY_044633,2025-12-22T05:33:36,FULL,RETURNED_ORDER,4129.76,INR,SUCCESS,PayFlow,RF_00001913,CUST_006444
REF_001914,ORD_054346,PAY_044634,2025-12-05T06:24:49,FULL,RETURNED_ORDER,1247.67,INR,SUCCESS,PayFlow,RF_00001914,CUST_003489
REF_001915,ORD_054385,PAY_044669,2026-01-02T06:23:01,FULL,RETURNED_ORDER,3337.04,INR,SUCCESS,PayFlow,RF_00001915,CUST_008403
REF_001916,ORD_054419,PAY_044699,2025-12-26T00:27:28,FULL,CUSTOMER_REQUEST,758.38,INR,SUCCESS,PayFlow,RF_00001916,CUST_001184
REF_001917,ORD_054425,PAY_044704,2026-01-05T08:04:53,FULL,RETURNED_ORDER,2154.33,INR,SUCCESS,PayFlow,RF_00001917,CUST_002946
REF_001918,ORD_054428,PAY_044706,2025-12-08T07:15:20,FULL,RETURNED_ORDER,395.30,INR,SUCCESS,PayFlow,RF_00001918,CUST_002720
REF_001919,ORD_054453,PAY_044725,2025-12-14T13:22:59,FULL,RETURNED_ORDER,556.49,INR,SUCCESS,PayFlow,RF_00001919,CUST_000014
REF_001920,ORD_054479,PAY_044744,2025-12-21T01:46:46,FULL,RETURNED_ORDER,1797.14,INR,SUCCESS,PayFlow,RF_00001920,CUST_000289
REF_001921,ORD_054492,PAY_044756,2025-12-09T01:19:49,FULL,CUSTOMER_REQUEST,3094.55,INR,SUCCESS,PayFlow,RF_00001921,CUST_000434
REF_001922,ORD_054536,PAY_044792,2025-12-27T19:16:48,FULL,CUSTOMER_REQUEST,542.68,INR,SUCCESS,PayFlow,RF_00001922,CUST_006413
REF_001923,ORD_054541,PAY_044797,2025-12-16T11:16:09,FULL,RETURNED_ORDER,294.94,INR,SUCCESS,PayFlow,RF_00001923,CUST_000256
REF_001924,ORD_054543,PAY_044799,2025-12-29T05:45:20,PARTIAL,CUSTOMER_REQUEST,434.94,INR,SUCCESS,PayFlow,RF_00001924,CUST_006599
REF_001925,ORD_054545,PAY_044801,2026-01-01T22:47:12,PARTIAL,CUSTOMER_REQUEST,890.57,INR,SUCCESS,PayFlow,RF_00001925,CUST_001187
REF_001926,ORD_054551,PAY_044805,2025-12-19T03:47:26,FULL,RETURNED_ORDER,616.79,INR,SUCCESS,PayFlow,RF_00001926,CUST_007456
REF_001927,ORD_054555,PAY_044808,2025-12-30T23:55:08,FULL,CUSTOMER_REQUEST,1946.53,INR,SUCCESS,PayFlow,RF_00001927,CUST_003294
REF_001928,ORD_054557,PAY_044810,2025-12-15T05:28:43,FULL,RETURNED_ORDER,3700.48,INR,SUCCESS,PayFlow,RF_00001928,CUST_002902
REF_001929,ORD_054667,,2025-12-25T15:12:49,FULL,RETURNED_ORDER,565.22,INR,SUCCESS,,,CUST_000763
REF_001930,ORD_054678,PAY_044905,2025-12-22T01:46:28,FULL,CUSTOMER_REQUEST,1145.78,INR,SUCCESS,PayFlow,RF_00001930,CUST_003685
REF_001931,ORD_054680,PAY_044907,2025-12-20T12:33:56,FULL,RETURNED_ORDER,534.30,INR,SUCCESS,PayFlow,RF_00001931,CUST_001685
REF_001932,ORD_054700,PAY_044923,2025-12-12T06:02:46,FULL,RETURNED_ORDER,2764.74,INR,SUCCESS,PayFlow,RF_00001932,CUST_004821
REF_001933,ORD_054810,PAY_045019,2026-01-02T16:51:00,FULL,RETURNED_ORDER,814.20,INR,SUCCESS,PayFlow,RF_00001933,CUST_002314
REF_001934,ORD_054811,PAY_045020,2025-12-27T11:55:59,FULL,RETURNED_ORDER,645.61,INR,SUCCESS,PayFlow,RF_00001934,CUST_004971
REF_001935,ORD_054817,PAY_045026,2025-12-27T03:59:22,FULL,CUSTOMER_REQUEST,1313.34,INR,SUCCESS,PayFlow,RF_00001935,CUST_006142
REF_001936,ORD_054822,PAY_045031,2025-12-22T13:14:42,FULL,RETURNED_ORDER,377.60,INR,SUCCESS,PayFlow,RF_00001936,CUST_006543
REF_001937,ORD_054855,PAY_045061,2025-12-09T02:15:21,FULL,CUSTOMER_REQUEST,814.20,INR,SUCCESS,PayFlow,RF_00001937,CUST_004935
REF_001938,ORD_054887,PAY_045083,2026-01-02T05:12:58,FULL,RETURNED_ORDER,283.14,INR,SUCCESS,PayFlow,RF_00001938,CUST_002637
REF_001939,ORD_054938,PAY_045126,2025-12-22T09:00:16,FULL,RETURNED_ORDER,381.73,INR,SUCCESS,PayFlow,RF_00001939,CUST_001410
REF_001940,ORD_054974,,2025-12-31T11:25:52,FULL,RETURNED_ORDER,318.60,INR,SUCCESS,,,CUST_003559
REF_001941,ORD_054986,PAY_045163,2025-12-26T22:53:32,PARTIAL,CUSTOMER_REQUEST,626.42,INR,SUCCESS,PayFlow,RF_00001941,CUST_006632
REF_001942,ORD_055015,PAY_045189,2025-12-12T01:14:04,FULL,RETURNED_ORDER,875.56,INR,SUCCESS,PayFlow,RF_00001942,CUST_007770
REF_001943,ORD_055037,PAY_045206,2026-01-02T21:57:44,PARTIAL,CUSTOMER_REQUEST,734.55,INR,SUCCESS,PayFlow,RF_00001943,CUST_002182
REF_001944,ORD_055078,PAY_045241,2025-12-24T00:16:21,FULL,CUSTOMER_REQUEST,1208.44,INR,SUCCESS,PayFlow,RF_00001944,CUST_007778
REF_001945,ORD_055092,PAY_045254,2026-01-01T09:03:06,FULL,RETURNED_ORDER,962.86,INR,SUCCESS,PayFlow,RF_00001945,CUST_001828
REF_001946,ORD_055108,PAY_045268,2025-12-27T23:12:08,FULL,RETURNED_ORDER,1122.18,INR,SUCCESS,PayFlow,RF_00001946,CUST_006550
REF_001947,ORD_055159,PAY_045310,2025-12-13T14:30:16,FULL,RETURNED_ORDER,651.78,INR,SUCCESS,PayFlow,RF_00001947,CUST_001695
REF_001948,ORD_055203,PAY_045347,2025-12-16T21:59:04,PARTIAL,CUSTOMER_REQUEST,156.33,INR,SUCCESS,PayFlow,RF_00001948,CUST_005730
REF_001949,ORD_055204,PAY_045348,2026-01-01T23:08:41,PARTIAL,CUSTOMER_REQUEST,815.36,INR,SUCCESS,PayFlow,RF_00001949,CUST_007450
REF_001950,ORD_055207,PAY_045351,2025-12-23T19:19:42,FULL,RETURNED_ORDER,373.94,INR,SUCCESS,PayFlow,RF_00001950,CUST_005245
REF_001951,ORD_055236,PAY_045373,2026-01-04T08:32:44,FULL,RETURNED_ORDER,534.54,INR,SUCCESS,PayFlow,RF_00001951,CUST_007172
REF_001952,ORD_055260,PAY_045392,2025-12-07T21:21:22,PARTIAL,CUSTOMER_REQUEST,163.55,INR,SUCCESS,PayFlow,RF_00001952,CUST_006161
REF_001953,ORD_055288,,2025-12-31T13:49:02,FULL,RETURNED_ORDER,1420.16,INR,SUCCESS,,,CUST_001208
REF_001954,ORD_055344,PAY_045464,2025-12-06T21:52:50,PARTIAL,CUSTOMER_REQUEST,137.75,INR,SUCCESS,PayFlow,RF_00001954,CUST_003691
REF_001955,ORD_055391,PAY_045505,2025-12-24T07:15:41,FULL,RETURNED_ORDER,354.00,INR,SUCCESS,PayFlow,RF_00001955,CUST_001921
REF_001956,ORD_055404,PAY_045517,2025-12-11T22:45:57,FULL,CUSTOMER_REQUEST,776.38,INR,SUCCESS,PayFlow,RF_00001956,CUST_001313
REF_001957,ORD_055409,PAY_045521,2025-12-19T06:08:09,FULL,RETURNED_ORDER,4735.10,INR,SUCCESS,PayFlow,RF_00001957,CUST_003526
REF_001958,ORD_055431,PAY_045542,2025-12-28T19:05:25,FULL,CUSTOMER_REQUEST,785.63,INR,SUCCESS,PayFlow,RF_00001958,CUST_007167
REF_001959,ORD_055491,PAY_045592,2025-12-29T23:01:34,FULL,RETURNED_ORDER,2930.48,INR,SUCCESS,PayFlow,RF_00001959,CUST_002791
REF_001960,ORD_055540,PAY_045631,2025-12-28T16:18:38,FULL,RETURNED_ORDER,2350.12,INR,SUCCESS,PayFlow,RF_00001960,CUST_004316
REF_001961,ORD_055546,PAY_045635,2025-12-29T21:11:21,FULL,CUSTOMER_REQUEST,1353.55,INR,SUCCESS,PayFlow,RF_00001961,CUST_007878
REF_001962,ORD_055672,PAY_045745,2026-01-07T15:35:24,FULL,RETURNED_ORDER,1151.68,INR,SUCCESS,PayFlow,RF_00001962,CUST_000393
REF_001963,ORD_055686,PAY_045758,2025-12-09T05:50:58,FULL,CUSTOMER_REQUEST,565.22,INR,SUCCESS,PayFlow,RF_00001963,CUST_004838
REF_001964,ORD_055700,PAY_045771,2025-12-21T09:08:36,FULL,RETURNED_ORDER,356.01,INR,SUCCESS,PayFlow,RF_00001964,CUST_000082
REF_001965,ORD_055730,PAY_045795,2026-01-02T10:50:49,FULL,RETURNED_ORDER,397.54,INR,SUCCESS,PayFlow,RF_00001965,CUST_005677
REF_001966,ORD_055810,PAY_045855,2025-12-20T03:38:14,FULL,RETURNED_ORDER,2334.04,INR,SUCCESS,PayFlow,RF_00001966,CUST_000460
REF_001967,ORD_055815,PAY_045860,2025-12-13T20:10:17,FULL,CUSTOMER_REQUEST,1653.18,INR,SUCCESS,PayFlow,RF_00001967,CUST_001445
REF_001968,ORD_055845,PAY_045885,2025-12-13T19:49:55,FULL,CUSTOMER_REQUEST,379.55,INR,SUCCESS,PayFlow,RF_00001968,CUST_003398
REF_001969,ORD_055855,PAY_045892,2025-12-29T19:09:42,FULL,RETURNED_ORDER,295.00,INR,SUCCESS,PayFlow,RF_00001969,CUST_003167
REF_001970,ORD_055905,PAY_045931,2025-12-13T05:13:41,FULL,RETURNED_ORDER,552.36,INR,SUCCESS,PayFlow,RF_00001970,CUST_006880
REF_001971,ORD_056048,PAY_046048,2025-12-21T16:29:41,FULL,RETURNED_ORDER,740.45,INR,SUCCESS,PayFlow,RF_00001971,CUST_000595
REF_001972,ORD_056066,PAY_046060,2025-12-23T07:04:51,FULL,RETURNED_ORDER,1197.70,INR,SUCCESS,PayFlow,RF_00001972,CUST_004087
REF_001973,ORD_056091,,2026-01-03T11:02:44,FULL,RETURNED_ORDER,761.18,INR,SUCCESS,,,CUST_004212
REF_001974,ORD_056116,PAY_046099,2025-12-31T09:01:06,FULL,RETURNED_ORDER,367.81,INR,SUCCESS,PayFlow,RF_00001974,CUST_008119
REF_001975,ORD_056131,,2025-12-09T02:15:52,FULL,RETURNED_ORDER,283.14,INR,SUCCESS,,,CUST_003031
REF_001976,ORD_056144,PAY_046121,2025-12-21T09:51:51,FULL,RETURNED_ORDER,2908.82,INR,SUCCESS,PayFlow,RF_00001976,CUST_008371
REF_001977,ORD_056167,PAY_046143,2025-12-16T00:47:55,FULL,RETURNED_ORDER,362.79,INR,SUCCESS,PayFlow,RF_00001977,CUST_006260
REF_001978,ORD_056182,PAY_046154,2025-12-25T10:38:18,FULL,RETURNED_ORDER,1614.24,INR,SUCCESS,PayFlow,RF_00001978,CUST_003064
REF_001979,ORD_056193,,2025-12-30T09:35:42,FULL,RETURNED_ORDER,1451.40,INR,SUCCESS,,,CUST_008028
REF_001980,ORD_056219,PAY_046186,2025-12-16T21:08:13,PARTIAL,CUSTOMER_REQUEST,35.40,INR,SUCCESS,PayFlow,RF_00001980,CUST_004989
REF_001981,ORD_056230,PAY_046195,2025-12-21T15:49:03,FULL,RETURNED_ORDER,6792.92,INR,SUCCESS,PayFlow,RF_00001981,CUST_000437
REF_001982,ORD_056261,PAY_046221,2025-12-18T05:53:43,FULL,RETURNED_ORDER,306.74,INR,SUCCESS,PayFlow,RF_00001982,CUST_005007
REF_001983,ORD_056308,PAY_046257,2025-12-27T09:12:52,FULL,RETURNED_ORDER,836.22,INR,SUCCESS,PayFlow,RF_00001983,CUST_002248
REF_001984,ORD_056314,PAY_046260,2025-12-28T02:27:11,FULL,CUSTOMER_REQUEST,765.82,INR,SUCCESS,PayFlow,RF_00001984,CUST_002963
REF_001985,ORD_056370,PAY_046304,2025-12-27T18:00:19,FULL,CUSTOMER_REQUEST,683.87,INR,SUCCESS,PayFlow,RF_00001985,CUST_004819
REF_001986,ORD_056394,PAY_046324,2025-12-22T20:46:05,FULL,RETURNED_ORDER,4695.21,INR,SUCCESS,PayFlow,RF_00001986,CUST_007237
REF_001987,ORD_056449,PAY_046370,2025-12-27T01:33:46,PARTIAL,CUSTOMER_REQUEST,516.56,INR,SUCCESS,PayFlow,RF_00001987,CUST_006787
REF_001988,ORD_056453,PAY_046373,2025-12-14T13:24:42,FULL,RETURNED_ORDER,712.72,INR,SUCCESS,PayFlow,RF_00001988,CUST_007841
REF_001989,ORD_056461,,2025-12-30T11:19:43,FULL,RETURNED_ORDER,1340.48,INR,SUCCESS,,,CUST_003791
REF_001990,ORD_056476,PAY_046391,2025-12-19T22:40:24,FULL,CUSTOMER_REQUEST,692.66,INR,SUCCESS,PayFlow,RF_00001990,CUST_001306
REF_001991,ORD_056485,PAY_046397,2026-01-10T07:05:38,FULL,RETURNED_ORDER,2207.25,INR,SUCCESS,PayFlow,RF_00001991,CUST_002691
REF_001992,ORD_056530,PAY_046433,2025-12-23T08:06:43,FULL,RETURNED_ORDER,652.54,INR,SUCCESS,PayFlow,RF_00001992,CUST_001882
REF_001993,ORD_056537,PAY_046439,2026-01-08T10:06:09,FULL,RETURNED_ORDER,582.92,INR,SUCCESS,PayFlow,RF_00001993,CUST_003153
REF_001994,ORD_056538,,2025-12-22T00:57:06,FULL,RETURNED_ORDER,803.88,INR,SUCCESS,,,CUST_003648
REF_001995,ORD_056583,PAY_046478,2026-01-02T09:27:04,FULL,CUSTOMER_REQUEST,6929.43,INR,SUCCESS,PayFlow,RF_00001995,CUST_000366
REF_001996,ORD_056596,,2025-12-24T10:12:25,FULL,RETURNED_ORDER,420.20,INR,SUCCESS,,,CUST_001756
REF_001997,ORD_056681,,2026-01-14T11:43:04,FULL,RETURNED_ORDER,1082.06,INR,SUCCESS,,,CUST_002143
REF_001998,ORD_056708,PAY_046575,2026-01-08T07:27:53,FULL,RETURNED_ORDER,1100.94,INR,SUCCESS,PayFlow,RF_00001998,CUST_004572
REF_001999,ORD_056724,,2025-12-22T08:15:13,FULL,RETURNED_ORDER,1993.02,INR,SUCCESS,,,CUST_007137
REF_002000,ORD_056792,PAY_046648,2025-12-22T09:09:43,FULL,RETURNED_ORDER,1305.08,INR,SUCCESS,PayFlow,RF_00002000,CUST_003575
REF_002001,ORD_056818,PAY_046673,2025-12-31T06:53:09,FULL,RETURNED_ORDER,488.06,INR,SUCCESS,PayFlow,RF_00002001,CUST_002138
REF_002002,ORD_056860,PAY_046712,2025-12-24T12:01:39,FULL,RETURNED_ORDER,477.22,INR,SUCCESS,PayFlow,RF_00002002,CUST_008267
REF_002003,ORD_056878,PAY_046728,2025-12-17T21:17:02,FULL,RETURNED_ORDER,365.80,INR,SUCCESS,PayFlow,RF_00002003,CUST_004145
REF_002004,ORD_056991,PAY_046826,2026-01-01T03:00:50,FULL,CUSTOMER_REQUEST,978.22,INR,SUCCESS,PayFlow,RF_00002004,CUST_007599
REF_002005,ORD_056997,PAY_046832,2025-12-14T01:39:11,FULL,RETURNED_ORDER,2625.84,INR,SUCCESS,PayFlow,RF_00002005,CUST_006355
REF_002006,ORD_057003,PAY_046838,2026-01-01T13:00:46,FULL,RETURNED_ORDER,836.22,INR,SUCCESS,PayFlow,RF_00002006,CUST_004469
REF_002007,ORD_057048,PAY_046878,2025-12-17T09:12:38,FULL,RETURNED_ORDER,799.98,INR,SUCCESS,PayFlow,RF_00002007,CUST_002626
REF_002008,ORD_057053,PAY_046882,2025-12-27T08:48:12,FULL,RETURNED_ORDER,626.58,INR,SUCCESS,PayFlow,RF_00002008,CUST_004268
REF_002009,ORD_057103,PAY_046923,2026-01-03T11:10:27,FULL,RETURNED_ORDER,881.46,INR,SUCCESS,PayFlow,RF_00002009,CUST_001063
REF_002010,ORD_057118,PAY_046934,2025-12-19T03:02:25,FULL,RETURNED_ORDER,1726.34,INR,SUCCESS,PayFlow,RF_00002010,CUST_006706
REF_002011,ORD_057127,PAY_046942,2026-01-06T01:44:30,FULL,RETURNED_ORDER,377.60,INR,SUCCESS,PayFlow,RF_00002011,CUST_001903
REF_002012,ORD_057169,PAY_046975,2025-12-14T00:03:51,FULL,CUSTOMER_REQUEST,1222.48,INR,SUCCESS,PayFlow,RF_00002012,CUST_001447
REF_002013,ORD_057199,PAY_047001,2025-12-29T14:27:36,FULL,RETURNED_ORDER,960.52,INR,SUCCESS,PayFlow,RF_00002013,CUST_003112
REF_002014,ORD_057215,PAY_047012,2026-01-01T02:06:43,FULL,RETURNED_ORDER,352.11,INR,SUCCESS,PayFlow,RF_00002014,CUST_006325
REF_002015,ORD_057222,PAY_047018,2025-12-23T01:39:47,FULL,RETURNED_ORDER,993.86,INR,SUCCESS,PayFlow,RF_00002015,CUST_004115
REF_002016,ORD_057255,PAY_047047,2025-12-24T11:49:10,FULL,RETURNED_ORDER,1538.66,INR,SUCCESS,PayFlow,RF_00002016,CUST_002724
REF_002017,ORD_057282,PAY_047071,2025-12-12T23:58:26,FULL,CUSTOMER_REQUEST,1139.88,INR,SUCCESS,PayFlow,RF_00002017,CUST_002352
REF_002018,ORD_057319,PAY_047104,2026-01-01T10:32:56,FULL,RETURNED_ORDER,403.15,INR,SUCCESS,PayFlow,RF_00002018,CUST_006688
REF_002019,ORD_057337,,2026-01-03T10:38:09,FULL,RETURNED_ORDER,993.86,INR,SUCCESS,,,CUST_004981
REF_002020,ORD_057402,PAY_047174,2025-12-29T21:53:21,FULL,CUSTOMER_REQUEST,858.51,INR,SUCCESS,PayFlow,RF_00002020,CUST_005483
REF_002021,ORD_057415,PAY_047184,2025-12-22T21:08:58,FULL,CUSTOMER_REQUEST,283.67,INR,SUCCESS,PayFlow,RF_00002021,CUST_005658
REF_002022,ORD_057431,PAY_047197,2025-12-29T01:04:01,PARTIAL,CUSTOMER_REQUEST,167.44,INR,SUCCESS,PayFlow,RF_00002022,CUST_000972
REF_002023,ORD_057515,PAY_047262,2025-12-19T08:42:05,FULL,RETURNED_ORDER,4185.44,INR,SUCCESS,PayFlow,RF_00002023,CUST_007452
REF_002024,ORD_057529,PAY_047275,2025-12-07T18:10:47,FULL,CUSTOMER_REQUEST,720.86,INR,SUCCESS,PayFlow,RF_00002024,CUST_001086
REF_002025,ORD_057571,,2025-12-23T22:11:57,FULL,RETURNED_ORDER,2014.15,INR,SUCCESS,,,CUST_003081
REF_002026,ORD_057636,PAY_047357,2025-12-05T21:16:15,FULL,CUSTOMER_REQUEST,1063.36,INR,SUCCESS,PayFlow,RF_00002026,CUST_005778
REF_002027,ORD_057645,PAY_047366,2025-12-25T05:09:34,FULL,RETURNED_ORDER,318.60,INR,SUCCESS,PayFlow,RF_00002027,CUST_006238
REF_002028,ORD_057697,PAY_047409,2025-12-06T23:24:09,FULL,CUSTOMER_REQUEST,383.50,INR,SUCCESS,PayFlow,RF_00002028,CUST_005100
REF_002029,ORD_057860,PAY_047542,2025-12-15T20:53:36,FULL,CUSTOMER_REQUEST,295.00,INR,SUCCESS,PayFlow,RF_00002029,CUST_007462
REF_002030,ORD_057870,PAY_047550,2025-12-29T07:54:50,FULL,RETURNED_ORDER,383.50,INR,SUCCESS,PayFlow,RF_00002030,CUST_002227
REF_002031,ORD_057880,PAY_047558,2025-12-26T09:09:16,FULL,RETURNED_ORDER,3104.34,INR,SUCCESS,PayFlow,RF_00002031,CUST_001728
REF_002032,ORD_057888,PAY_047566,2025-12-31T22:37:55,FULL,RETURNED_ORDER,3315.92,INR,SUCCESS,PayFlow,RF_00002032,CUST_006699
REF_002033,ORD_057904,PAY_047579,2026-01-12T08:53:38,FULL,RETURNED_ORDER,3889.34,INR,SUCCESS,PayFlow,RF_00002033,CUST_008018
REF_002034,ORD_057966,PAY_047630,2025-12-21T03:16:50,FULL,RETURNED_ORDER,678.50,INR,SUCCESS,PayFlow,RF_00002034,CUST_000454
REF_002035,ORD_057998,PAY_047656,2025-12-31T04:09:50,FULL,CUSTOMER_REQUEST,414.18,INR,SUCCESS,PayFlow,RF_00002035,CUST_006007
REF_002036,ORD_058056,PAY_047703,2025-12-05T17:04:29,FULL,CUSTOMER_REQUEST,260.60,INR,SUCCESS,PayFlow,RF_00002036,CUST_006612
REF_002037,ORD_058073,PAY_047717,2025-12-19T14:57:17,PARTIAL,CUSTOMER_REQUEST,2203.11,INR,SUCCESS,PayFlow,RF_00002037,CUST_001489
REF_002038,ORD_058121,PAY_047752,2025-12-10T02:04:17,FULL,CUSTOMER_REQUEST,1139.88,INR,SUCCESS,PayFlow,RF_00002038,CUST_004680
REF_002039,ORD_058261,PAY_047868,2025-12-29T07:09:14,FULL,RETURNED_ORDER,1003.12,INR,SUCCESS,PayFlow,RF_00002039,CUST_003313
REF_002040,ORD_058277,PAY_047881,2025-12-29T18:25:57,FULL,RETURNED_ORDER,295.00,INR,SUCCESS,PayFlow,RF_00002040,CUST_000108
REF_002041,ORD_058282,PAY_047886,2025-12-12T08:08:14,FULL,RETURNED_ORDER,2316.16,INR,SUCCESS,PayFlow,RF_00002041,CUST_001997
REF_002042,ORD_058290,PAY_047893,2025-12-29T19:12:27,FULL,CUSTOMER_REQUEST,3337.04,INR,SUCCESS,PayFlow,RF_00002042,CUST_004659
REF_002043,ORD_058305,PAY_047906,2025-12-19T21:53:41,FULL,CUSTOMER_REQUEST,741.23,INR,SUCCESS,PayFlow,RF_00002043,CUST_000351
REF_002044,ORD_058318,PAY_047917,2026-01-12T08:04:09,FULL,RETURNED_ORDER,1095.04,INR,SUCCESS,PayFlow,RF_00002044,CUST_001015
REF_002045,ORD_058335,PAY_047930,2026-01-13T02:01:01,FULL,RETURNED_ORDER,383.50,INR,SUCCESS,PayFlow,RF_00002045,CUST_000429
REF_002046,ORD_058339,PAY_047932,2025-12-27T08:03:20,FULL,RETURNED_ORDER,607.82,INR,SUCCESS,PayFlow,RF_00002046,CUST_003226
REF_002047,ORD_058343,PAY_047936,2025-12-15T12:13:52,FULL,RETURNED_ORDER,938.10,INR,SUCCESS,PayFlow,RF_00002047,CUST_002639
REF_002048,ORD_058380,PAY_047966,2025-12-15T00:37:32,FULL,RETURNED_ORDER,738.56,INR,SUCCESS,PayFlow,RF_00002048,CUST_002031
REF_002049,ORD_058389,PAY_047972,2025-12-20T17:41:25,FULL,CUSTOMER_REQUEST,742.22,INR,SUCCESS,PayFlow,RF_00002049,CUST_000335
REF_002050,ORD_058439,,2026-01-10T05:51:35,FULL,RETURNED_ORDER,1974.68,INR,SUCCESS,,,CUST_004177
REF_002051,ORD_058441,PAY_048014,2025-12-30T00:43:26,PARTIAL,CUSTOMER_REQUEST,64.43,INR,SUCCESS,PayFlow,RF_00002051,CUST_006219
REF_002052,ORD_058473,PAY_048041,2025-12-07T15:22:00,FULL,CUSTOMER_REQUEST,2502.78,INR,SUCCESS,PayFlow,RF_00002052,CUST_001976
REF_002053,ORD_058526,PAY_048083,2025-12-19T06:14:54,FULL,RETURNED_ORDER,306.80,INR,SUCCESS,PayFlow,RF_00002053,CUST_004285
REF_002054,ORD_058564,PAY_048114,2026-01-05T07:56:57,FULL,RETURNED_ORDER,318.60,INR,SUCCESS,PayFlow,RF_00002054,CUST_006287
REF_002055,ORD_058571,,2026-01-14T15:31:08,FULL,RETURNED_ORDER,628.05,INR,SUCCESS,,,CUST_001817
REF_002056,ORD_058593,PAY_048138,2026-01-03T02:41:03,FULL,CUSTOMER_REQUEST,1083.71,INR,SUCCESS,PayFlow,RF_00002056,CUST_003616
REF_002057,ORD_058594,PAY_048139,2025-12-18T12:45:12,FULL,RETURNED_ORDER,1118.64,INR,SUCCESS,PayFlow,RF_00002057,CUST_005413
REF_002058,ORD_058645,PAY_048178,2025-12-06T23:11:02,FULL,CUSTOMER_REQUEST,1259.85,INR,SUCCESS,PayFlow,RF_00002058,CUST_003859
REF_002059,ORD_058711,PAY_048229,2025-12-04T01:53:32,FULL,CUSTOMER_REQUEST,4485.89,INR,SUCCESS,PayFlow,RF_00002059,CUST_007844
REF_002060,ORD_058714,PAY_048231,2025-12-14T07:40:47,FULL,RETURNED_ORDER,2568.66,INR,SUCCESS,PayFlow,RF_00002060,CUST_005441
REF_002061,ORD_058715,PAY_048232,2026-01-03T06:24:37,FULL,RETURNED_ORDER,2501.96,INR,SUCCESS,PayFlow,RF_00002061,CUST_001094
REF_002062,ORD_058768,,2025-12-29T01:30:19,FULL,RETURNED_ORDER,584.08,INR,SUCCESS,,,CUST_005233
REF_002063,ORD_058778,PAY_048284,2025-12-30T23:38:59,FULL,RETURNED_ORDER,1241.36,INR,SUCCESS,PayFlow,RF_00002063,CUST_006268
REF_002064,ORD_058785,PAY_048289,2025-12-11T05:39:12,FULL,RETURNED_ORDER,1624.05,INR,SUCCESS,PayFlow,RF_00002064,CUST_006648
REF_002065,ORD_058795,PAY_048297,2025-12-10T14:06:29,FULL,RETURNED_ORDER,685.58,INR,SUCCESS,PayFlow,RF_00002065,CUST_006600
REF_002066,ORD_058873,PAY_048371,2025-12-28T11:23:14,FULL,CUSTOMER_REQUEST,1906.88,INR,SUCCESS,PayFlow,RF_00002066,CUST_004187
REF_002067,ORD_058874,PAY_048372,2025-12-24T13:49:44,FULL,RETURNED_ORDER,2067.36,INR,SUCCESS,PayFlow,RF_00002067,CUST_002307
REF_002068,ORD_058910,,2026-01-06T12:48:55,FULL,RETURNED_ORDER,767.47,INR,SUCCESS,,,CUST_002743
REF_002069,ORD_058953,PAY_048429,2026-01-03T18:16:07,FULL,RETURNED_ORDER,799.98,INR,SUCCESS,PayFlow,RF_00002069,CUST_006168
REF_002070,ORD_058970,PAY_048442,2025-12-09T22:59:37,FULL,RETURNED_ORDER,3100.69,INR,SUCCESS,PayFlow,RF_00002070,CUST_005193
REF_002071,ORD_058979,PAY_048450,2025-12-30T04:11:50,FULL,RETURNED_ORDER,2239.64,INR,SUCCESS,PayFlow,RF_00002071,CUST_006406
REF_002072,ORD_058984,PAY_048454,2026-01-04T03:24:09,FULL,RETURNED_ORDER,295.00,INR,SUCCESS,PayFlow,RF_00002072,CUST_001017
REF_002073,ORD_058988,PAY_048458,2025-12-19T22:07:53,FULL,RETURNED_ORDER,709.57,INR,SUCCESS,PayFlow,RF_00002073,CUST_007230
REF_002074,ORD_059027,PAY_048490,2025-12-22T06:21:52,FULL,RETURNED_ORDER,697.38,INR,SUCCESS,PayFlow,RF_00002074,CUST_007220
REF_002075,ORD_059032,PAY_048495,2026-01-08T15:42:34,FULL,RETURNED_ORDER,2050.84,INR,SUCCESS,PayFlow,RF_00002075,CUST_001274
REF_002076,ORD_059123,,2026-01-01T02:20:55,FULL,RETURNED_ORDER,966.42,INR,SUCCESS,,,CUST_001112
REF_002077,ORD_059196,PAY_048625,2025-12-31T11:40:33,FULL,RETURNED_ORDER,524.75,INR,SUCCESS,PayFlow,RF_00002077,CUST_001560
REF_002078,ORD_059223,PAY_048645,2026-01-24T15:07:45,PARTIAL,CUSTOMER_REQUEST,114.61,INR,SUCCESS,PayFlow,RF_00002078,CUST_003835
REF_002079,ORD_059301,PAY_048711,2026-02-07T23:29:56,FULL,RETURNED_ORDER,776.86,INR,SUCCESS,PayFlow,RF_00002079,CUST_007444
REF_002080,ORD_059328,PAY_048733,2026-01-06T18:02:13,FULL,CUSTOMER_REQUEST,283.14,INR,SUCCESS,PayFlow,RF_00002080,CUST_004749
REF_002081,ORD_059354,PAY_048757,2026-01-29T06:57:26,FULL,RETURNED_ORDER,614.78,INR,SUCCESS,PayFlow,RF_00002081,CUST_003543
REF_002082,ORD_059370,PAY_048772,2026-01-11T22:52:07,FULL,CUSTOMER_REQUEST,2751.76,INR,SUCCESS,PayFlow,RF_00002082,CUST_005188
REF_002083,ORD_059411,PAY_048803,2026-02-06T00:46:36,FULL,CUSTOMER_REQUEST,1174.10,INR,SUCCESS,PayFlow,RF_00002083,CUST_004405
REF_002084,ORD_059418,PAY_048809,2026-01-24T04:19:37,PARTIAL,CUSTOMER_REQUEST,147.37,INR,SUCCESS,PayFlow,RF_00002084,CUST_001934
REF_002085,ORD_059431,,2026-01-21T07:34:59,FULL,RETURNED_ORDER,901.06,INR,SUCCESS,,,CUST_007489
REF_002086,ORD_059439,PAY_048824,2026-01-17T02:21:35,FULL,CUSTOMER_REQUEST,731.33,INR,SUCCESS,PayFlow,RF_00002086,CUST_006131
REF_002087,ORD_059446,PAY_048829,2026-01-23T06:41:37,PARTIAL,CUSTOMER_REQUEST,781.58,INR,SUCCESS,PayFlow,RF_00002087,CUST_000285
REF_002088,ORD_059475,PAY_048852,2026-01-19T19:21:55,FULL,CUSTOMER_REQUEST,1053.92,INR,SUCCESS,PayFlow,RF_00002088,CUST_002227
REF_002089,ORD_059529,PAY_048899,2026-01-13T14:01:14,FULL,RETURNED_ORDER,2239.64,INR,SUCCESS,PayFlow,RF_00002089,CUST_006138
REF_002090,ORD_059546,PAY_048912,2026-01-27T01:58:04,PARTIAL,CUSTOMER_REQUEST,629.55,INR,SUCCESS,PayFlow,RF_00002090,CUST_000889
REF_002091,ORD_059565,PAY_048929,2026-01-13T23:29:27,FULL,CUSTOMER_REQUEST,446.04,INR,SUCCESS,PayFlow,RF_00002091,CUST_002529
REF_002092,ORD_059566,PAY_048930,2026-01-21T04:08:51,FULL,CUSTOMER_REQUEST,1409.80,INR,SUCCESS,PayFlow,RF_00002092,CUST_001622
REF_002093,ORD_059583,,2026-01-26T09:55:02,FULL,RETURNED_ORDER,395.30,INR,SUCCESS,,,CUST_001341
REF_002094,ORD_059645,PAY_048997,2026-01-22T01:27:28,FULL,RETURNED_ORDER,3067.06,INR,SUCCESS,PayFlow,RF_00002094,CUST_006443
REF_002095,ORD_059658,,2026-02-07T07:52:20,FULL,RETURNED_ORDER,799.98,INR,SUCCESS,,,CUST_000504
REF_002096,ORD_059666,PAY_049014,2026-01-22T15:57:29,FULL,RETURNED_ORDER,414.18,INR,SUCCESS,PayFlow,RF_00002096,CUST_001786
REF_002097,ORD_059709,PAY_049049,2026-01-31T02:28:49,FULL,CUSTOMER_REQUEST,552.24,INR,SUCCESS,PayFlow,RF_00002097,CUST_004118
REF_002098,ORD_059731,PAY_049067,2026-01-27T03:58:06,FULL,CUSTOMER_REQUEST,728.12,INR,SUCCESS,PayFlow,RF_00002098,CUST_003057
REF_002099,ORD_059738,PAY_049073,2026-01-29T00:58:45,FULL,RETURNED_ORDER,2475.64,INR,SUCCESS,PayFlow,RF_00002099,CUST_005863
REF_002100,ORD_059750,PAY_049085,2026-01-28T12:13:25,FULL,RETURNED_ORDER,881.46,INR,SUCCESS,PayFlow,RF_00002100,CUST_002057
REF_002101,ORD_059792,,2026-02-03T17:08:20,FULL,RETURNED_ORDER,318.60,INR,SUCCESS,,,CUST_000694
REF_002102,ORD_059886,PAY_049203,2026-01-10T23:23:50,PARTIAL,CUSTOMER_REQUEST,582.15,INR,SUCCESS,PayFlow,RF_00002102,CUST_005186
REF_002103,ORD_059887,PAY_049204,2026-01-31T02:16:28,FULL,RETURNED_ORDER,1512.29,INR,SUCCESS,PayFlow,RF_00002103,CUST_007146
REF_002104,ORD_059907,PAY_049220,2026-01-07T00:15:59,FULL,RETURNED_ORDER,1385.32,INR,SUCCESS,PayFlow,RF_00002104,CUST_005523
REF_002105,ORD_059920,PAY_049232,2026-01-27T01:33:17,PARTIAL,CUSTOMER_REQUEST,248.47,INR,SUCCESS,PayFlow,RF_00002105,CUST_002055
REF_002106,ORD_059965,PAY_049270,2026-01-11T00:12:27,FULL,RETURNED_ORDER,948.72,INR,SUCCESS,PayFlow,RF_00002106,CUST_004782
REF_002107,ORD_060006,,2026-02-05T11:34:24,FULL,RETURNED_ORDER,3448.20,INR,SUCCESS,,,CUST_000880
REF_002108,ORD_060008,PAY_049309,2026-02-06T07:46:18,FULL,RETURNED_ORDER,1205.96,INR,SUCCESS,PayFlow,RF_00002108,CUST_004275
REF_002109,ORD_060067,PAY_049361,2026-01-24T05:43:53,PARTIAL,CUSTOMER_REQUEST,968.54,INR,SUCCESS,PayFlow,RF_00002109,CUST_002526
REF_002110,ORD_060130,PAY_049415,2026-01-27T11:18:57,FULL,RETURNED_ORDER,1375.47,INR,SUCCESS,PayFlow,RF_00002110,CUST_003447
REF_002111,ORD_060168,PAY_049449,2026-01-25T17:25:17,FULL,CUSTOMER_REQUEST,1099.64,INR,SUCCESS,PayFlow,RF_00002111,CUST_005856
REF_002112,ORD_060179,PAY_049459,2026-01-31T12:31:58,FULL,CUSTOMER_REQUEST,4363.10,INR,SUCCESS,PayFlow,RF_00002112,CUST_004921
REF_002113,ORD_060211,PAY_049486,2026-01-07T01:03:07,FULL,CUSTOMER_REQUEST,1057.75,INR,SUCCESS,PayFlow,RF_00002113,CUST_005294
REF_002114,ORD_060217,PAY_049492,2026-01-18T14:45:51,FULL,CUSTOMER_REQUEST,2387.73,INR,SUCCESS,PayFlow,RF_00002114,CUST_004110
REF_002115,ORD_060262,,2026-02-04T07:34:53,FULL,RETURNED_ORDER,294.94,INR,SUCCESS,,,CUST_006287
REF_002116,ORD_060296,PAY_049555,2026-01-08T13:29:47,FULL,RETURNED_ORDER,700.92,INR,SUCCESS,PayFlow,RF_00002116,CUST_002030
REF_002117,ORD_060301,PAY_049559,2026-01-14T19:14:45,PARTIAL,CUSTOMER_REQUEST,260.69,INR,SUCCESS,PayFlow,RF_00002117,CUST_002710
REF_002118,ORD_060341,PAY_049594,2026-02-11T14:58:59,FULL,RETURNED_ORDER,830.72,INR,SUCCESS,PayFlow,RF_00002118,CUST_003901
REF_002119,ORD_060368,PAY_049615,2026-01-15T17:56:01,FULL,RETURNED_ORDER,2105.12,INR,SUCCESS,PayFlow,RF_00002119,CUST_003825
REF_002120,ORD_060420,PAY_049658,2026-01-24T01:34:53,FULL,CUSTOMER_REQUEST,1360.54,INR,SUCCESS,PayFlow,RF_00002120,CUST_006337
REF_002121,ORD_060438,PAY_049673,2026-01-14T01:23:34,FULL,RETURNED_ORDER,294.94,INR,SUCCESS,PayFlow,RF_00002121,CUST_007984
REF_002122,ORD_060441,,2026-02-07T15:14:55,FULL,RETURNED_ORDER,295.00,INR,SUCCESS,,,CUST_007881
REF_002123,ORD_060501,,2026-01-17T09:34:14,FULL,RETURNED_ORDER,803.58,INR,SUCCESS,,,CUST_002880
REF_002124,ORD_060526,PAY_049748,2026-01-15T13:41:26,FULL,RETURNED_ORDER,283.14,INR,SUCCESS,PayFlow,RF_00002124,CUST_005843
REF_002125,ORD_060543,PAY_049763,2026-01-20T05:55:26,FULL,RETURNED_ORDER,948.72,INR,SUCCESS,PayFlow,RF_00002125,CUST_002450
REF_002126,ORD_060548,PAY_049768,2026-01-15T09:14:00,FULL,RETURNED_ORDER,325.13,INR,SUCCESS,PayFlow,RF_00002126,CUST_001951
REF_002127,ORD_060550,PAY_049769,2026-01-12T17:47:15,FULL,RETURNED_ORDER,383.50,INR,SUCCESS,PayFlow,RF_00002127,CUST_001260
REF_002128,ORD_060706,PAY_049898,2026-01-16T20:25:39,FULL,CUSTOMER_REQUEST,362.79,INR,SUCCESS,PayFlow,RF_00002128,CUST_006108
REF_002129,ORD_060710,,2026-01-29T05:59:01,FULL,RETURNED_ORDER,3198.92,INR,SUCCESS,,,CUST_000437
REF_002130,ORD_060714,PAY_049905,2026-01-25T07:06:47,FULL,RETURNED_ORDER,371.70,INR,SUCCESS,PayFlow,RF_00002130,CUST_008080
REF_002131,ORD_060723,,2026-02-13T11:51:34,FULL,RETURNED_ORDER,2133.26,INR,SUCCESS,,,CUST_002955
REF_002132,ORD_060740,PAY_049926,2026-01-14T02:28:51,FULL,RETURNED_ORDER,555.78,INR,SUCCESS,PayFlow,RF_00002132,CUST_003312
REF_002133,ORD_060782,PAY_049960,2026-01-21T20:33:28,PARTIAL,CUSTOMER_REQUEST,151.04,INR,SUCCESS,PayFlow,RF_00002133,CUST_006792
REF_002134,ORD_060806,PAY_049980,2026-01-08T03:03:57,FULL,CUSTOMER_REQUEST,720.34,INR,SUCCESS,PayFlow,RF_00002134,CUST_002098
REF_002135,ORD_060823,PAY_049993,2026-01-30T05:26:20,FULL,CUSTOMER_REQUEST,2306.66,INR,SUCCESS,PayFlow,RF_00002135,CUST_004721
REF_002136,ORD_060845,PAY_050012,2026-01-30T10:08:49,FULL,RETURNED_ORDER,1963.99,INR,SUCCESS,PayFlow,RF_00002136,CUST_002127
REF_002137,ORD_060857,PAY_050022,2026-01-29T05:45:39,FULL,RETURNED_ORDER,1215.40,INR,SUCCESS,PayFlow,RF_00002137,CUST_006901
REF_002138,ORD_060863,PAY_050027,2026-01-11T08:52:44,FULL,RETURNED_ORDER,371.70,INR,SUCCESS,PayFlow,RF_00002138,CUST_001963
REF_002139,ORD_060994,PAY_050136,2026-01-16T23:07:31,PARTIAL,CUSTOMER_REQUEST,572.42,INR,SUCCESS,PayFlow,RF_00002139,CUST_001608
REF_002140,ORD_061036,PAY_050170,2026-02-02T13:59:04,FULL,RETURNED_ORDER,562.86,INR,SUCCESS,PayFlow,RF_00002140,CUST_007277
REF_002141,ORD_061070,PAY_050197,2026-01-25T18:34:05,FULL,CUSTOMER_REQUEST,2600.64,INR,SUCCESS,PayFlow,RF_00002141,CUST_000529
REF_002142,ORD_061099,,2026-01-24T01:49:51,FULL,RETURNED_ORDER,1342.96,INR,SUCCESS,,,CUST_007246
REF_002143,ORD_061108,,2026-01-17T17:52:09,FULL,RETURNED_ORDER,283.14,INR,SUCCESS,,,CUST_003005
REF_002144,ORD_061124,PAY_050240,2026-02-02T05:30:41,FULL,RETURNED_ORDER,847.24,INR,SUCCESS,PayFlow,RF_00002144,CUST_004440
REF_002145,ORD_061155,PAY_050268,2026-01-16T03:27:37,FULL,CUSTOMER_REQUEST,1169.38,INR,SUCCESS,PayFlow,RF_00002145,CUST_003216
REF_002146,ORD_061229,PAY_050333,2026-01-05T22:32:59,FULL,CUSTOMER_REQUEST,306.80,INR,SUCCESS,PayFlow,RF_00002146,CUST_007838
REF_002147,ORD_061261,PAY_050359,2026-02-01T21:52:47,FULL,CUSTOMER_REQUEST,2571.10,INR,SUCCESS,PayFlow,RF_00002147,CUST_001616
REF_002148,ORD_061280,PAY_050377,2026-02-11T17:35:04,FULL,RETURNED_ORDER,2260.88,INR,SUCCESS,PayFlow,RF_00002148,CUST_003814
REF_002149,ORD_061286,PAY_050382,2026-01-27T13:14:15,FULL,RETURNED_ORDER,3848.39,INR,SUCCESS,PayFlow,RF_00002149,CUST_001860
REF_002150,ORD_061320,PAY_050414,2026-01-30T06:13:46,FULL,RETURNED_ORDER,1443.85,INR,SUCCESS,PayFlow,RF_00002150,CUST_006140
REF_002151,ORD_061347,PAY_050439,2026-02-03T21:47:07,FULL,CUSTOMER_REQUEST,1305.08,INR,SUCCESS,PayFlow,RF_00002151,CUST_003624
REF_002152,ORD_061356,PAY_050447,2026-01-24T00:05:44,FULL,CUSTOMER_REQUEST,5674.78,INR,SUCCESS,PayFlow,RF_00002152,CUST_003071
REF_002153,ORD_061367,PAY_050453,2026-01-31T12:30:50,FULL,RETURNED_ORDER,784.82,INR,SUCCESS,PayFlow,RF_00002153,CUST_006220
REF_002154,ORD_061411,PAY_050489,2026-02-10T15:53:45,FULL,RETURNED_ORDER,5564.88,INR,SUCCESS,PayFlow,RF_00002154,CUST_005848
REF_002155,ORD_061644,PAY_050682,2026-01-23T15:20:49,PARTIAL,CUSTOMER_REQUEST,156.11,INR,SUCCESS,PayFlow,RF_00002155,CUST_000204
REF_002156,ORD_061645,PAY_050683,2026-01-17T22:18:33,FULL,CUSTOMER_REQUEST,1816.02,INR,SUCCESS,PayFlow,RF_00002156,CUST_003791
REF_002157,ORD_061700,PAY_050730,2026-01-09T03:24:43,FULL,CUSTOMER_REQUEST,687.71,INR,SUCCESS,PayFlow,RF_00002157,CUST_007480
REF_002158,ORD_061704,PAY_050734,2026-01-14T23:31:45,FULL,CUSTOMER_REQUEST,536.90,INR,SUCCESS,PayFlow,RF_00002158,CUST_000567
REF_002159,ORD_061739,PAY_050766,2026-01-17T03:24:12,FULL,RETURNED_ORDER,598.73,INR,SUCCESS,PayFlow,RF_00002159,CUST_005045
REF_002160,ORD_061790,PAY_050810,2026-01-27T06:15:08,PARTIAL,CUSTOMER_REQUEST,915.86,INR,SUCCESS,PayFlow,RF_00002160,CUST_003940
REF_002161,ORD_061879,PAY_050885,2026-01-24T21:01:47,FULL,RETURNED_ORDER,754.02,INR,SUCCESS,PayFlow,RF_00002161,CUST_007103
REF_002162,ORD_061934,PAY_050932,2026-01-23T03:42:46,FULL,RETURNED_ORDER,2530.75,INR,SUCCESS,PayFlow,RF_00002162,CUST_003769
REF_002163,ORD_061935,PAY_050933,2026-01-21T03:10:53,FULL,CUSTOMER_REQUEST,790.38,INR,SUCCESS,PayFlow,RF_00002163,CUST_006208
REF_002164,ORD_061982,PAY_050971,2026-01-14T13:55:47,FULL,RETURNED_ORDER,743.13,INR,SUCCESS,PayFlow,RF_00002164,CUST_005559
REF_002165,ORD_061989,PAY_050977,2026-01-22T01:28:36,FULL,RETURNED_ORDER,1152.51,INR,SUCCESS,PayFlow,RF_00002165,CUST_007485
REF_002166,ORD_062035,PAY_051016,2026-01-24T04:05:08,FULL,CUSTOMER_REQUEST,997.58,INR,SUCCESS,PayFlow,RF_00002166,CUST_004718
REF_002167,ORD_062039,,2026-02-04T08:57:32,FULL,RETURNED_ORDER,3172.98,INR,SUCCESS,,,CUST_004867
REF_002168,ORD_062043,PAY_051022,2026-01-28T22:11:25,FULL,CUSTOMER_REQUEST,414.18,INR,SUCCESS,PayFlow,RF_00002168,CUST_002048
REF_002169,ORD_062074,PAY_051049,2026-01-17T13:11:24,FULL,CUSTOMER_REQUEST,383.50,INR,SUCCESS,PayFlow,RF_00002169,CUST_005956
REF_002170,ORD_062078,PAY_051052,2026-01-15T16:40:54,FULL,RETURNED_ORDER,2751.76,INR,SUCCESS,PayFlow,RF_00002170,CUST_007817
REF_002171,ORD_062217,PAY_051166,2026-01-24T23:36:51,FULL,CUSTOMER_REQUEST,1047.13,INR,SUCCESS,PayFlow,RF_00002171,CUST_003987
REF_002172,ORD_062264,PAY_051208,2026-01-05T19:03:14,FULL,CUSTOMER_REQUEST,1313.34,INR,SUCCESS,PayFlow,RF_00002172,CUST_001598
REF_002173,ORD_062286,PAY_051227,2026-01-09T20:41:04,FULL,CUSTOMER_REQUEST,1209.50,INR,SUCCESS,PayFlow,RF_00002173,CUST_007484
REF_002174,ORD_062341,PAY_051273,2026-01-19T03:59:13,PARTIAL,CUSTOMER_REQUEST,645.37,INR,SUCCESS,PayFlow,RF_00002174,CUST_002126
REF_002175,ORD_062404,PAY_051315,2026-01-13T05:58:19,FULL,CUSTOMER_REQUEST,295.00,INR,SUCCESS,PayFlow,RF_00002175,CUST_004359
REF_002176,ORD_062417,PAY_051328,2026-01-21T03:17:31,FULL,CUSTOMER_REQUEST,295.00,INR,SUCCESS,PayFlow,RF_00002176,CUST_004022
REF_002177,ORD_062421,PAY_051331,2026-01-07T21:38:27,FULL,CUSTOMER_REQUEST,306.80,INR,SUCCESS,PayFlow,RF_00002177,CUST_005961
REF_002178,ORD_062467,PAY_051374,2026-02-01T22:33:03,FULL,CUSTOMER_REQUEST,379.61,INR,SUCCESS,PayFlow,RF_00002178,CUST_000525
REF_002179,ORD_062484,,2026-01-30T05:02:01,FULL,RETURNED_ORDER,2480.80,INR,SUCCESS,,,CUST_006442
REF_002180,ORD_062534,PAY_051425,2026-02-02T05:31:49,FULL,RETURNED_ORDER,1957.43,INR,SUCCESS,PayFlow,RF_00002180,CUST_002855
REF_002181,ORD_062542,PAY_051433,2026-02-06T11:05:45,FULL,RETURNED_ORDER,1487.73,INR,SUCCESS,PayFlow,RF_00002181,CUST_001979
REF_002182,ORD_062617,,2026-01-29T14:44:40,FULL,RETURNED_ORDER,306.80,INR,SUCCESS,,,CUST_002494
REF_002183,ORD_062619,PAY_051498,2026-01-28T03:59:21,PARTIAL,CUSTOMER_REQUEST,128.86,INR,SUCCESS,PayFlow,RF_00002183,CUST_001327
REF_002184,ORD_062648,PAY_051523,2026-01-30T09:27:44,FULL,RETURNED_ORDER,3731.81,INR,SUCCESS,PayFlow,RF_00002184,CUST_006822
REF_002185,ORD_062662,PAY_051536,2026-01-21T20:07:36,PARTIAL,CUSTOMER_REQUEST,1282.57,INR,SUCCESS,PayFlow,RF_00002185,CUST_003493
REF_002186,ORD_062663,,2026-01-30T07:49:56,FULL,RETURNED_ORDER,985.18,INR,SUCCESS,,,CUST_001011
REF_002187,ORD_062666,PAY_051538,2026-02-01T01:55:58,FULL,CUSTOMER_REQUEST,295.47,INR,SUCCESS,PayFlow,RF_00002187,CUST_006635
REF_002188,ORD_062690,PAY_051558,2026-01-21T20:16:03,FULL,RETURNED_ORDER,1054.98,INR,SUCCESS,PayFlow,RF_00002188,CUST_004420
REF_002189,ORD_062712,,2026-01-31T15:55:39,FULL,RETURNED_ORDER,2565.97,INR,SUCCESS,,,CUST_004025
REF_002190,ORD_062738,PAY_051598,2026-01-21T02:03:55,FULL,CUSTOMER_REQUEST,536.31,INR,SUCCESS,PayFlow,RF_00002190,CUST_007283
REF_002191,ORD_062788,,2026-02-03T05:48:52,FULL,RETURNED_ORDER,1032.03,INR,SUCCESS,,,CUST_004600
REF_002192,ORD_062789,PAY_051639,2026-01-19T00:25:41,FULL,RETURNED_ORDER,3032.60,INR,SUCCESS,PayFlow,RF_00002192,CUST_007695
REF_002193,ORD_062811,PAY_051659,2026-01-26T20:24:57,FULL,CUSTOMER_REQUEST,318.60,INR,SUCCESS,PayFlow,RF_00002193,CUST_000258
REF_002194,ORD_062813,PAY_051661,2026-01-31T04:24:53,FULL,RETURNED_ORDER,534.54,INR,SUCCESS,PayFlow,RF_00002194,CUST_007916
REF_002195,ORD_062815,PAY_051663,2026-01-19T03:49:31,FULL,RETURNED_ORDER,558.14,INR,SUCCESS,PayFlow,RF_00002195,CUST_003776
REF_002196,ORD_062838,PAY_051681,2026-01-31T04:46:49,FULL,RETURNED_ORDER,1239.83,INR,SUCCESS,PayFlow,RF_00002196,CUST_004400
REF_002197,ORD_062875,PAY_051708,2026-01-31T11:39:26,FULL,RETURNED_ORDER,1986.24,INR,SUCCESS,PayFlow,RF_00002197,CUST_008172
REF_002198,ORD_062892,PAY_051721,2026-02-04T05:28:53,PARTIAL,CUSTOMER_REQUEST,301.40,INR,SUCCESS,PayFlow,RF_00002198,CUST_002963
REF_002199,ORD_062902,PAY_051727,2026-01-16T20:59:42,PARTIAL,CUSTOMER_REQUEST,121.76,INR,SUCCESS,PayFlow,RF_00002199,CUST_004969
REF_002200,ORD_062968,PAY_051778,2026-01-31T11:12:51,FULL,RETURNED_ORDER,4095.78,INR,SUCCESS,PayFlow,RF_00002200,CUST_001125
REF_002201,ORD_063026,,2026-01-20T11:13:20,FULL,RETURNED_ORDER,1566.04,INR,SUCCESS,,,CUST_007554
REF_002202,ORD_063064,PAY_051860,2026-01-12T02:37:31,FULL,RETURNED_ORDER,894.09,INR,SUCCESS,PayFlow,RF_00002202,CUST_000516
REF_002203,ORD_063070,,2026-02-04T09:36:09,FULL,RETURNED_ORDER,2987.47,INR,SUCCESS,,,CUST_002819
REF_002204,ORD_063084,PAY_051873,2026-01-09T18:59:24,FULL,CUSTOMER_REQUEST,434.24,INR,SUCCESS,PayFlow,RF_00002204,CUST_004511
REF_002205,ORD_063107,PAY_051893,2026-01-04T17:09:00,PARTIAL,CUSTOMER_REQUEST,435.14,INR,SUCCESS,PayFlow,RF_00002205,CUST_003549
REF_002206,ORD_063113,PAY_051899,2026-01-30T23:03:55,FULL,CUSTOMER_REQUEST,3764.46,INR,SUCCESS,PayFlow,RF_00002206,CUST_002652
REF_002207,ORD_063116,PAY_051902,2026-01-22T13:38:05,FULL,RETURNED_ORDER,541.62,INR,SUCCESS,PayFlow,RF_00002207,CUST_007010
REF_002208,ORD_063139,PAY_051920,2026-01-28T13:18:50,FULL,RETURNED_ORDER,2903.98,INR,SUCCESS,PayFlow,RF_00002208,CUST_006871
REF_002209,ORD_063224,PAY_051995,2026-02-05T12:48:09,FULL,RETURNED_ORDER,385.74,INR,SUCCESS,PayFlow,RF_00002209,CUST_006178
REF_002210,ORD_063235,PAY_052005,2026-01-29T04:50:24,FULL,RETURNED_ORDER,2091.04,INR,SUCCESS,PayFlow,RF_00002210,CUST_001189
REF_002211,ORD_063244,PAY_052014,2026-01-18T04:50:37,FULL,RETURNED_ORDER,610.87,INR,SUCCESS,PayFlow,RF_00002211,CUST_001867
REF_002212,ORD_063246,PAY_052016,2026-01-23T01:04:34,FULL,RETURNED_ORDER,3058.56,INR,SUCCESS,PayFlow,RF_00002212,CUST_003015
REF_002213,ORD_063252,PAY_052021,2026-02-10T08:53:14,FULL,RETURNED_ORDER,1898.97,INR,SUCCESS,PayFlow,RF_00002213,CUST_005736
REF_002214,ORD_063254,PAY_052023,2026-01-13T21:54:38,FULL,CUSTOMER_REQUEST,1352.09,INR,SUCCESS,PayFlow,RF_00002214,CUST_001964
REF_002215,ORD_063275,,2026-02-04T05:33:48,FULL,RETURNED_ORDER,1095.51,INR,SUCCESS,,,CUST_008389
REF_002216,ORD_063289,PAY_052048,2026-02-08T20:43:55,FULL,RETURNED_ORDER,1504.50,INR,SUCCESS,PayFlow,RF_00002216,CUST_005522
REF_002217,ORD_063292,PAY_052051,2026-01-21T07:04:46,FULL,RETURNED_ORDER,2987.47,INR,SUCCESS,PayFlow,RF_00002217,CUST_008401
REF_002218,ORD_063325,PAY_052080,2026-02-01T13:59:09,FULL,RETURNED_ORDER,855.50,INR,SUCCESS,PayFlow,RF_00002218,CUST_007114
REF_002219,ORD_063335,PAY_052087,2026-01-09T18:04:27,FULL,RETURNED_ORDER,306.74,INR,SUCCESS,PayFlow,RF_00002219,CUST_004448
REF_002220,ORD_063356,PAY_052103,2026-01-11T23:04:26,FULL,RETURNED_ORDER,1352.93,INR,SUCCESS,PayFlow,RF_00002220,CUST_004571
REF_002221,ORD_063378,PAY_052124,2026-02-08T04:58:23,FULL,RETURNED_ORDER,371.70,INR,SUCCESS,PayFlow,RF_00002221,CUST_000398
REF_002222,ORD_063465,PAY_052194,2026-01-24T07:00:27,FULL,RETURNED_ORDER,1243.60,INR,SUCCESS,PayFlow,RF_00002222,CUST_003033
REF_002223,ORD_063514,PAY_052238,2026-01-18T05:42:41,FULL,RETURNED_ORDER,294.88,INR,SUCCESS,PayFlow,RF_00002223,CUST_001534
REF_002224,ORD_063561,PAY_052278,2026-01-09T08:11:44,FULL,RETURNED_ORDER,1289.74,INR,SUCCESS,PayFlow,RF_00002224,CUST_001054
REF_002225,ORD_063565,PAY_052282,2026-01-15T02:06:54,FULL,CUSTOMER_REQUEST,2526.38,INR,SUCCESS,PayFlow,RF_00002225,CUST_005480
REF_002226,ORD_063641,,2026-01-23T08:39:04,FULL,RETURNED_ORDER,939.97,INR,SUCCESS,,,CUST_006397
REF_002227,ORD_063652,PAY_052356,2026-01-17T23:32:03,FULL,RETURNED_ORDER,2903.98,INR,SUCCESS,PayFlow,RF_00002227,CUST_005489
REF_002228,ORD_063678,PAY_052379,2026-01-25T12:42:32,FULL,RETURNED_ORDER,1447.86,INR,SUCCESS,PayFlow,RF_00002228,CUST_005110
REF_002229,ORD_063688,PAY_052386,2026-02-01T12:33:45,FULL,RETURNED_ORDER,3150.60,INR,SUCCESS,PayFlow,RF_00002229,CUST_000892
REF_002230,ORD_063731,PAY_052424,2026-01-11T09:23:06,FULL,RETURNED_ORDER,712.72,INR,SUCCESS,PayFlow,RF_00002230,CUST_003689
REF_002231,ORD_063733,PAY_052426,2026-01-29T15:30:16,FULL,CUSTOMER_REQUEST,518.57,INR,SUCCESS,PayFlow,RF_00002231,CUST_005837
REF_002232,ORD_063857,PAY_052536,2026-01-28T01:30:21,FULL,CUSTOMER_REQUEST,927.78,INR,SUCCESS,PayFlow,RF_00002232,CUST_007250
REF_002233,ORD_063904,PAY_052573,2026-01-19T19:14:15,FULL,CUSTOMER_REQUEST,1762.92,INR,SUCCESS,PayFlow,RF_00002233,CUST_000133
REF_002234,ORD_063930,PAY_052592,2026-01-29T22:04:19,PARTIAL,CUSTOMER_REQUEST,170.98,INR,SUCCESS,PayFlow,RF_00002234,CUST_002975
REF_002235,ORD_063932,PAY_052594,2026-02-02T02:04:25,PARTIAL,CUSTOMER_REQUEST,135.91,INR,SUCCESS,PayFlow,RF_00002235,CUST_004212
REF_002236,ORD_063957,PAY_052612,2026-01-24T00:53:54,FULL,CUSTOMER_REQUEST,1512.29,INR,SUCCESS,PayFlow,RF_00002236,CUST_000935
REF_002237,ORD_063970,PAY_052624,2026-01-13T09:33:24,FULL,RETURNED_ORDER,600.62,INR,SUCCESS,PayFlow,RF_00002237,CUST_001489
REF_002238,ORD_063985,PAY_052637,2026-01-18T10:02:51,FULL,RETURNED_ORDER,3188.90,INR,SUCCESS,PayFlow,RF_00002238,CUST_006379
REF_002239,ORD_063996,PAY_052646,2026-01-06T00:49:22,FULL,CUSTOMER_REQUEST,318.60,INR,SUCCESS,PayFlow,RF_00002239,CUST_005863
REF_002240,ORD_064004,PAY_052652,2026-02-06T11:57:02,FULL,RETURNED_ORDER,623.39,INR,SUCCESS,PayFlow,RF_00002240,CUST_002607
REF_002241,ORD_064035,PAY_052679,2026-01-19T02:38:16,FULL,CUSTOMER_REQUEST,1895.67,INR,SUCCESS,PayFlow,RF_00002241,CUST_002085
REF_002242,ORD_064036,PAY_052680,2026-01-24T20:14:39,FULL,CUSTOMER_REQUEST,318.60,INR,SUCCESS,PayFlow,RF_00002242,CUST_005760
REF_002243,ORD_064038,PAY_052682,2026-01-28T00:17:17,FULL,CUSTOMER_REQUEST,6422.74,INR,SUCCESS,PayFlow,RF_00002243,CUST_000916
REF_002244,ORD_064135,PAY_052762,2026-01-12T01:12:54,FULL,CUSTOMER_REQUEST,612.93,INR,SUCCESS,PayFlow,RF_00002244,CUST_002153
REF_002245,ORD_064197,PAY_052815,2026-01-05T02:29:55,FULL,CUSTOMER_REQUEST,1133.98,INR,SUCCESS,PayFlow,RF_00002245,CUST_004395
REF_002246,ORD_064312,PAY_052913,2026-02-11T11:20:46,FULL,RETURNED_ORDER,395.30,INR,SUCCESS,PayFlow,RF_00002246,CUST_002535
REF_002247,ORD_064316,PAY_052917,2026-01-23T15:04:41,FULL,RETURNED_ORDER,367.81,INR,SUCCESS,PayFlow,RF_00002247,CUST_004648
REF_002248,ORD_064320,,2026-01-22T12:44:14,FULL,RETURNED_ORDER,518.61,INR,SUCCESS,,,CUST_003085
REF_002249,ORD_064322,PAY_052921,2026-01-30T02:02:07,FULL,CUSTOMER_REQUEST,2239.64,INR,SUCCESS,PayFlow,RF_00002249,CUST_004829
REF_002250,ORD_064340,PAY_052939,2026-01-20T19:11:46,PARTIAL,CUSTOMER_REQUEST,383.17,INR,SUCCESS,PayFlow,RF_00002250,CUST_002418
REF_002251,ORD_064343,PAY_052941,2026-02-02T10:38:54,FULL,RETURNED_ORDER,362.79,INR,SUCCESS,PayFlow,RF_00002251,CUST_002092
REF_002252,ORD_064355,PAY_052953,2026-01-25T01:18:55,FULL,CUSTOMER_REQUEST,716.32,INR,SUCCESS,PayFlow,RF_00002252,CUST_003945
REF_002253,ORD_064373,PAY_052967,2026-01-23T14:17:54,FULL,RETURNED_ORDER,1306.70,INR,SUCCESS,PayFlow,RF_00002253,CUST_000495
REF_002254,ORD_064409,PAY_052998,2026-01-16T04:14:15,FULL,CUSTOMER_REQUEST,1347.56,INR,SUCCESS,PayFlow,RF_00002254,CUST_002415
REF_002255,ORD_064421,,2026-01-24T11:36:09,FULL,RETURNED_ORDER,3473.92,INR,SUCCESS,,,CUST_001638
REF_002256,ORD_064463,PAY_053043,2026-01-31T03:38:04,FULL,CUSTOMER_REQUEST,4050.94,INR,SUCCESS,PayFlow,RF_00002256,CUST_001314
REF_002257,ORD_064471,PAY_053050,2026-01-11T21:29:23,FULL,RETURNED_ORDER,1169.38,INR,SUCCESS,PayFlow,RF_00002257,CUST_001230
REF_002258,ORD_064509,PAY_053076,2026-01-23T03:43:30,FULL,CUSTOMER_REQUEST,295.00,INR,SUCCESS,PayFlow,RF_00002258,CUST_007543
REF_002259,ORD_064563,PAY_053118,2026-02-10T08:36:09,FULL,RETURNED_ORDER,283.67,INR,SUCCESS,PayFlow,RF_00002259,CUST_003951
REF_002260,ORD_064588,,2026-01-26T02:53:00,FULL,RETURNED_ORDER,567.58,INR,SUCCESS,,,CUST_002881
REF_002261,ORD_064617,PAY_053160,2026-01-20T11:01:02,FULL,RETURNED_ORDER,1289.74,INR,SUCCESS,PayFlow,RF_00002261,CUST_002178
REF_002262,ORD_064622,PAY_053163,2026-02-08T08:48:29,FULL,RETURNED_ORDER,3787.84,INR,SUCCESS,PayFlow,RF_00002262,CUST_004633
REF_002263,ORD_064675,PAY_053202,2026-01-22T16:37:01,FULL,RETURNED_ORDER,1106.84,INR,SUCCESS,PayFlow,RF_00002263,CUST_004261
REF_002264,ORD_064680,PAY_053206,2026-01-25T13:22:50,FULL,RETURNED_ORDER,1372.10,INR,SUCCESS,PayFlow,RF_00002264,CUST_005722
REF_002265,ORD_064695,PAY_053217,2026-01-24T20:34:30,FULL,CUSTOMER_REQUEST,704.46,INR,SUCCESS,PayFlow,RF_00002265,CUST_002702
REF_002266,ORD_064729,PAY_053245,2026-01-27T02:19:22,FULL,CUSTOMER_REQUEST,732.66,INR,SUCCESS,PayFlow,RF_00002266,CUST_005118
REF_002267,ORD_064803,,2026-01-12T07:44:02,FULL,RETURNED_ORDER,367.81,INR,SUCCESS,,,CUST_008013
REF_002268,ORD_064829,PAY_053326,2026-01-15T18:04:53,FULL,CUSTOMER_REQUEST,904.18,INR,SUCCESS,PayFlow,RF_00002268,CUST_003727
REF_002269,ORD_064866,PAY_053356,2026-02-02T02:02:14,FULL,RETURNED_ORDER,339.19,INR,SUCCESS,PayFlow,RF_00002269,CUST_005221
REF_002270,ORD_064936,PAY_053415,2026-01-15T03:30:54,FULL,RETURNED_ORDER,1367.86,INR,SUCCESS,PayFlow,RF_00002270,CUST_003861
REF_002271,ORD_064968,,2026-01-15T16:52:16,FULL,RETURNED_ORDER,978.22,INR,SUCCESS,,,CUST_000982
REF_002272,ORD_064983,PAY_053451,2026-01-14T20:22:40,FULL,RETURNED_ORDER,600.62,INR,SUCCESS,PayFlow,RF_00002272,CUST_005794
REF_002273,ORD_065020,PAY_053483,2026-01-31T19:48:47,FULL,CUSTOMER_REQUEST,669.06,INR,SUCCESS,PayFlow,RF_00002273,CUST_006630
REF_002274,ORD_065021,PAY_053484,2026-01-22T14:43:23,FULL,RETURNED_ORDER,415.42,INR,SUCCESS,PayFlow,RF_00002274,CUST_003475
REF_002275,ORD_065029,,2026-02-10T10:05:56,FULL,RETURNED_ORDER,434.24,INR,SUCCESS,,,CUST_007060
REF_002276,ORD_065042,PAY_053502,2026-02-09T15:46:36,FULL,RETURNED_ORDER,2302.18,INR,SUCCESS,PayFlow,RF_00002276,CUST_007191
REF_002277,ORD_065045,PAY_053505,2026-01-29T07:11:18,FULL,RETURNED_ORDER,558.14,INR,SUCCESS,PayFlow,RF_00002277,CUST_006272
REF_002278,ORD_065051,PAY_053510,2026-01-08T22:20:25,FULL,CUSTOMER_REQUEST,1462.02,INR,SUCCESS,PayFlow,RF_00002278,CUST_003102
REF_002279,ORD_065079,PAY_053531,2026-01-04T00:51:54,FULL,CUSTOMER_REQUEST,1142.40,INR,SUCCESS,PayFlow,RF_00002279,CUST_003375
REF_002280,ORD_065106,,2026-01-13T09:53:51,FULL,RETURNED_ORDER,1011.26,INR,SUCCESS,,,CUST_006046
REF_002281,ORD_065109,PAY_053556,2026-01-19T19:03:15,FULL,RETURNED_ORDER,669.06,INR,SUCCESS,PayFlow,RF_00002281,CUST_004859
REF_002282,ORD_065111,PAY_053558,2026-01-25T02:11:20,FULL,RETURNED_ORDER,1011.26,INR,SUCCESS,PayFlow,RF_00002282,CUST_007269
REF_002283,ORD_065212,PAY_053640,2026-01-11T09:33:25,FULL,RETURNED_ORDER,776.38,INR,SUCCESS,PayFlow,RF_00002283,CUST_008455
REF_002284,ORD_065250,PAY_053671,2026-02-13T15:38:44,FULL,RETURNED_ORDER,1621.85,INR,SUCCESS,PayFlow,RF_00002284,CUST_003325
REF_002285,ORD_065315,PAY_053721,2026-01-05T04:14:00,FULL,CUSTOMER_REQUEST,2128.37,INR,SUCCESS,PayFlow,RF_00002285,CUST_006275
REF_002286,ORD_065356,PAY_053752,2026-01-24T00:05:37,FULL,RETURNED_ORDER,755.67,INR,SUCCESS,PayFlow,RF_00002286,CUST_008456
REF_002287,ORD_065378,PAY_053769,2026-01-25T06:59:49,FULL,RETURNED_ORDER,294.94,INR,SUCCESS,PayFlow,RF_00002287,CUST_004469
REF_002288,ORD_065393,PAY_053784,2026-01-26T02:24:03,FULL,CUSTOMER_REQUEST,830.72,INR,SUCCESS,PayFlow,RF_00002288,CUST_004429
REF_002289,ORD_065443,PAY_053828,2026-01-14T13:54:15,FULL,RETURNED_ORDER,838.98,INR,SUCCESS,PayFlow,RF_00002289,CUST_003685
REF_002290,ORD_065472,PAY_053851,2026-01-18T10:31:23,FULL,CUSTOMER_REQUEST,1939.51,INR,SUCCESS,PayFlow,RF_00002290,CUST_004249
REF_002291,ORD_065487,,2026-01-20T15:47:34,FULL,RETURNED_ORDER,814.20,INR,SUCCESS,,,CUST_000089
REF_002292,ORD_065527,PAY_053895,2026-01-15T18:15:37,FULL,CUSTOMER_REQUEST,2476.58,INR,SUCCESS,PayFlow,RF_00002292,CUST_005958
REF_002293,ORD_065556,PAY_053920,2026-02-03T06:22:40,FULL,RETURNED_ORDER,674.26,INR,SUCCESS,PayFlow,RF_00002293,CUST_003307
REF_002294,ORD_065561,PAY_053925,2026-02-03T23:32:34,FULL,CUSTOMER_REQUEST,728.06,INR,SUCCESS,PayFlow,RF_00002294,CUST_007381
REF_002295,ORD_065584,PAY_053944,2026-01-05T18:48:19,FULL,CUSTOMER_REQUEST,1169.38,INR,SUCCESS,PayFlow,RF_00002295,CUST_002160
REF_002296,ORD_065606,PAY_053960,2026-01-14T03:06:03,FULL,CUSTOMER_REQUEST,1010.43,INR,SUCCESS,PayFlow,RF_00002296,CUST_000195
REF_002297,ORD_065659,PAY_054005,2026-01-26T11:36:38,FULL,RETURNED_ORDER,2546.91,INR,SUCCESS,PayFlow,RF_00002297,CUST_002941
REF_002298,ORD_065660,PAY_054006,2026-01-12T13:22:20,FULL,CUSTOMER_REQUEST,1239.60,INR,SUCCESS,PayFlow,RF_00002298,CUST_001328
REF_002299,ORD_065672,PAY_054016,2026-01-26T18:29:18,FULL,RETURNED_ORDER,356.01,INR,SUCCESS,PayFlow,RF_00002299,CUST_006178
REF_002300,ORD_065700,PAY_054041,2026-01-24T03:55:49,FULL,RETURNED_ORDER,690.10,INR,SUCCESS,PayFlow,RF_00002300,CUST_007774
REF_002301,ORD_065712,,2026-01-18T10:11:45,FULL,RETURNED_ORDER,638.38,INR,SUCCESS,,,CUST_004292
REF_002302,ORD_065759,PAY_054088,2026-01-07T04:40:39,FULL,RETURNED_ORDER,2306.90,INR,SUCCESS,PayFlow,RF_00002302,CUST_002762
REF_002303,ORD_065765,PAY_054092,2026-01-26T18:03:11,PARTIAL,CUSTOMER_REQUEST,392.94,INR,SUCCESS,PayFlow,RF_00002303,CUST_004677
REF_002304,ORD_065766,,2026-01-26T05:56:43,FULL,RETURNED_ORDER,306.80,INR,SUCCESS,,,CUST_004276
REF_002305,ORD_065826,,2026-01-31T00:55:43,FULL,RETURNED_ORDER,778.58,INR,SUCCESS,,,CUST_002255
REF_002306,ORD_065906,PAY_054213,2026-01-25T20:56:01,FULL,RETURNED_ORDER,373.94,INR,SUCCESS,PayFlow,RF_00002306,CUST_000832
REF_002307,ORD_065927,PAY_054233,2026-02-03T02:22:33,FULL,RETURNED_ORDER,498.67,INR,SUCCESS,PayFlow,RF_00002307,CUST_006687
REF_002308,ORD_065980,PAY_054283,2026-01-15T02:27:57,FULL,CUSTOMER_REQUEST,765.82,INR,SUCCESS,PayFlow,RF_00002308,CUST_005123
REF_002309,ORD_065997,PAY_054296,2026-01-28T18:23:54,FULL,RETURNED_ORDER,1461.78,INR,SUCCESS,PayFlow,RF_00002309,CUST_007986
REF_002310,ORD_066028,PAY_054323,2026-02-01T17:25:03,FULL,CUSTOMER_REQUEST,474.83,INR,SUCCESS,PayFlow,RF_00002310,CUST_003123
REF_002311,ORD_066045,PAY_054335,2026-02-01T16:16:21,FULL,RETURNED_ORDER,362.79,INR,SUCCESS,PayFlow,RF_00002311,CUST_000965
REF_002312,ORD_066054,PAY_054341,2026-01-19T04:56:11,FULL,RETURNED_ORDER,1110.38,INR,SUCCESS,PayFlow,RF_00002312,CUST_006129
REF_002313,ORD_066142,PAY_054414,2026-01-31T02:52:56,FULL,RETURNED_ORDER,506.81,INR,SUCCESS,PayFlow,RF_00002313,CUST_002533
REF_002314,ORD_066154,PAY_054425,2026-01-30T03:57:55,FULL,CUSTOMER_REQUEST,565.22,INR,SUCCESS,PayFlow,RF_00002314,CUST_002847
REF_002315,ORD_066156,PAY_054427,2026-01-20T03:55:05,FULL,RETURNED_ORDER,385.74,INR,SUCCESS,PayFlow,RF_00002315,CUST_002947
REF_002316,ORD_066178,,2026-01-16T16:44:37,FULL,RETURNED_ORDER,339.19,INR,SUCCESS,,,CUST_007087
REF_002317,ORD_066200,PAY_054464,2026-02-06T05:34:13,FULL,RETURNED_ORDER,5547.18,INR,SUCCESS,PayFlow,RF_00002317,CUST_006647
REF_002318,ORD_066221,PAY_054481,2026-02-03T02:54:23,FULL,RETURNED_ORDER,690.30,INR,SUCCESS,PayFlow,RF_00002318,CUST_004406
REF_002319,ORD_066224,PAY_054483,2026-02-02T01:19:29,FULL,CUSTOMER_REQUEST,1203.93,INR,SUCCESS,PayFlow,RF_00002319,CUST_003736
REF_002320,ORD_066254,PAY_054508,2026-01-19T17:36:53,FULL,RETURNED_ORDER,1102.12,INR,SUCCESS,PayFlow,RF_00002320,CUST_003940
REF_002321,ORD_066257,PAY_054511,2026-01-04T21:15:01,FULL,CUSTOMER_REQUEST,814.20,INR,SUCCESS,PayFlow,RF_00002321,CUST_007428
REF_002322,ORD_066286,PAY_054538,2026-01-27T23:14:04,FULL,CUSTOMER_REQUEST,6658.27,INR,SUCCESS,PayFlow,RF_00002322,CUST_007488
REF_002323,ORD_066344,PAY_054585,2026-01-27T08:25:03,FULL,RETURNED_ORDER,1674.42,INR,SUCCESS,PayFlow,RF_00002323,CUST_006676
REF_002324,ORD_066348,PAY_054588,2026-01-18T00:06:12,PARTIAL,CUSTOMER_REQUEST,519.39,INR,SUCCESS,PayFlow,RF_00002324,CUST_004671
REF_002325,ORD_066406,PAY_054640,2026-02-07T11:20:16,FULL,RETURNED_ORDER,567.58,INR,SUCCESS,PayFlow,RF_00002325,CUST_006479
REF_002326,ORD_066411,PAY_054644,2026-02-01T00:45:30,FULL,RETURNED_ORDER,2071.96,INR,SUCCESS,PayFlow,RF_00002326,CUST_003565
REF_002327,ORD_066443,PAY_054673,2026-01-19T00:36:37,FULL,RETURNED_ORDER,377.60,INR,SUCCESS,PayFlow,RF_00002327,CUST_007619
REF_002328,ORD_066452,,2026-01-17T22:48:57,FULL,RETURNED_ORDER,350.99,INR,SUCCESS,,,CUST_007500
REF_002329,ORD_066492,,2026-01-08T09:46:56,FULL,RETURNED_ORDER,306.80,INR,SUCCESS,,,CUST_005488
REF_002330,ORD_066509,,2026-01-20T08:48:30,FULL,RETURNED_ORDER,814.20,INR,SUCCESS,,,CUST_004530
REF_002331,ORD_066513,PAY_054732,2026-01-29T19:25:58,FULL,CUSTOMER_REQUEST,993.91,INR,SUCCESS,PayFlow,RF_00002331,CUST_008062
REF_002332,ORD_066634,PAY_054829,2026-01-25T00:29:29,FULL,RETURNED_ORDER,1674.77,INR,SUCCESS,PayFlow,RF_00002332,CUST_004612
REF_002333,ORD_066639,PAY_054833,2026-01-11T11:52:28,FULL,CUSTOMER_REQUEST,3228.48,INR,SUCCESS,PayFlow,RF_00002333,CUST_007194
REF_002334,ORD_066642,PAY_054836,2026-01-24T20:23:01,FULL,CUSTOMER_REQUEST,1272.04,INR,SUCCESS,PayFlow,RF_00002334,CUST_006825
REF_002335,ORD_066673,PAY_054860,2026-02-04T15:28:45,FULL,RETURNED_ORDER,1209.50,INR,SUCCESS,PayFlow,RF_00002335,CUST_007921
REF_002336,ORD_066677,PAY_054864,2026-01-26T02:09:27,FULL,RETURNED_ORDER,1197.70,INR,SUCCESS,PayFlow,RF_00002336,CUST_004866
REF_002337,ORD_066725,PAY_054903,2026-02-03T14:00:31,FULL,RETURNED_ORDER,647.28,INR,SUCCESS,PayFlow,RF_00002337,CUST_002494
REF_002338,ORD_066768,PAY_054938,2026-01-23T20:09:35,FULL,CUSTOMER_REQUEST,1748.05,INR,SUCCESS,PayFlow,RF_00002338,CUST_004437
REF_002339,ORD_066867,PAY_055021,2026-01-31T22:59:47,FULL,RETURNED_ORDER,970.20,INR,SUCCESS,PayFlow,RF_00002339,CUST_004044
REF_002340,ORD_066872,PAY_055025,2026-01-23T07:40:01,FULL,RETURNED_ORDER,972.32,INR,SUCCESS,PayFlow,RF_00002340,CUST_007284
REF_002341,ORD_066873,PAY_055026,2026-01-12T03:21:42,FULL,RETURNED_ORDER,541.62,INR,SUCCESS,PayFlow,RF_00002341,CUST_007354
REF_002342,ORD_066880,PAY_055033,2026-01-10T22:30:18,FULL,CUSTOMER_REQUEST,395.30,INR,SUCCESS,PayFlow,RF_00002342,CUST_007740
REF_002343,ORD_066895,PAY_055044,2026-01-11T21:58:44,FULL,CUSTOMER_REQUEST,647.47,INR,SUCCESS,PayFlow,RF_00002343,CUST_002762
REF_002344,ORD_066940,PAY_055077,2026-02-07T11:55:32,FULL,RETURNED_ORDER,259.42,INR,SUCCESS,PayFlow,RF_00002344,CUST_005154
REF_002345,ORD_066967,PAY_055100,2026-01-26T01:14:47,FULL,RETURNED_ORDER,1043.12,INR,SUCCESS,PayFlow,RF_00002345,CUST_002778
REF_002346,ORD_066989,PAY_055119,2026-01-10T23:51:55,FULL,CUSTOMER_REQUEST,306.80,INR,SUCCESS,PayFlow,RF_00002346,CUST_002121
REF_002347,ORD_067056,PAY_055173,2026-01-23T13:18:03,FULL,CUSTOMER_REQUEST,318.60,INR,SUCCESS,PayFlow,RF_00002347,CUST_007541
REF_002348,ORD_067130,PAY_055236,2026-01-10T07:22:01,FULL,RETURNED_ORDER,4331.54,INR,SUCCESS,PayFlow,RF_00002348,CUST_006252
REF_002349,ORD_067169,,2026-01-08T10:13:33,FULL,RETURNED_ORDER,597.32,INR,SUCCESS,,,CUST_000501
REF_002350,ORD_067178,PAY_055271,2026-01-13T16:35:17,FULL,RETURNED_ORDER,1081.50,INR,SUCCESS,PayFlow,RF_00002350,CUST_008200
REF_002351,ORD_067185,PAY_055276,2026-01-10T00:34:21,FULL,CUSTOMER_REQUEST,1503.32,INR,SUCCESS,PayFlow,RF_00002351,CUST_005938
REF_002352,ORD_067207,,2026-02-10T11:30:23,FULL,RETURNED_ORDER,354.00,INR,SUCCESS,,,CUST_006180
REF_002353,ORD_067246,PAY_055328,2026-01-07T00:23:34,FULL,CUSTOMER_REQUEST,318.60,INR,SUCCESS,PayFlow,RF_00002353,CUST_007059
REF_002354,ORD_067261,,2026-01-21T13:24:22,FULL,RETURNED_ORDER,1272.04,INR,SUCCESS,,,CUST_006220
REF_002355,ORD_067265,PAY_055345,2026-01-18T21:06:42,FULL,RETURNED_ORDER,635.95,INR,SUCCESS,PayFlow,RF_00002355,CUST_006873
REF_002356,ORD_067347,PAY_055410,2026-01-13T19:56:33,PARTIAL,CUSTOMER_REQUEST,256.43,INR,SUCCESS,PayFlow,RF_00002356,CUST_003244
REF_002357,ORD_067367,,2026-01-15T21:02:21,FULL,RETURNED_ORDER,294.88,INR,SUCCESS,,,CUST_002697
REF_002358,ORD_067410,PAY_055459,2026-01-10T09:14:16,FULL,RETURNED_ORDER,1386.50,INR,SUCCESS,PayFlow,RF_00002358,CUST_008284
REF_002359,ORD_067501,PAY_055539,2026-01-31T00:49:59,FULL,CUSTOMER_REQUEST,594.72,INR,SUCCESS,PayFlow,RF_00002359,CUST_001521
REF_002360,ORD_067517,PAY_055553,2026-01-14T00:14:31,FULL,CUSTOMER_REQUEST,895.33,INR,SUCCESS,PayFlow,RF_00002360,CUST_002944
REF_002361,ORD_067528,PAY_055563,2026-01-09T20:33:20,FULL,CUSTOMER_REQUEST,1211.39,INR,SUCCESS,PayFlow,RF_00002361,CUST_000631
REF_002362,ORD_067620,PAY_055630,2026-01-26T22:00:00,FULL,RETURNED_ORDER,486.87,INR,SUCCESS,PayFlow,RF_00002362,CUST_001706
REF_002363,ORD_067635,PAY_055643,2026-02-10T00:17:34,FULL,RETURNED_ORDER,486.63,INR,SUCCESS,PayFlow,RF_00002363,CUST_000549
REF_002364,ORD_067654,PAY_055661,2026-01-26T00:33:33,FULL,CUSTOMER_REQUEST,371.70,INR,SUCCESS,PayFlow,RF_00002364,CUST_008028
REF_002365,ORD_067657,PAY_055663,2026-01-25T16:59:50,FULL,RETURNED_ORDER,318.60,INR,SUCCESS,PayFlow,RF_00002365,CUST_001639
REF_002366,ORD_067669,PAY_055675,2026-01-22T18:41:01,FULL,CUSTOMER_REQUEST,664.34,INR,SUCCESS,PayFlow,RF_00002366,CUST_003109
REF_002367,ORD_067674,PAY_055679,2026-01-31T05:19:36,FULL,RETURNED_ORDER,1273.46,INR,SUCCESS,PayFlow,RF_00002367,CUST_006309
REF_002368,ORD_067707,PAY_055707,2026-01-17T19:33:56,FULL,CUSTOMER_REQUEST,546.34,INR,SUCCESS,PayFlow,RF_00002368,CUST_000604
REF_002369,ORD_067737,PAY_055734,2026-01-26T01:09:52,FULL,CUSTOMER_REQUEST,1984.76,INR,SUCCESS,PayFlow,RF_00002369,CUST_006544
REF_002370,ORD_067776,PAY_055768,2026-01-23T17:56:17,FULL,CUSTOMER_REQUEST,354.00,INR,SUCCESS,PayFlow,RF_00002370,CUST_003894
REF_002371,ORD_067786,PAY_055777,2026-02-07T10:09:43,FULL,RETURNED_ORDER,454.18,INR,SUCCESS,PayFlow,RF_00002371,CUST_003625
REF_002372,ORD_067810,PAY_055797,2026-01-20T18:25:58,FULL,CUSTOMER_REQUEST,1984.76,INR,SUCCESS,PayFlow,RF_00002372,CUST_002232
REF_002373,ORD_067896,PAY_055862,2026-01-14T06:16:08,FULL,RETURNED_ORDER,2151.13,INR,SUCCESS,PayFlow,RF_00002373,CUST_000532
REF_002374,ORD_067935,PAY_055893,2026-02-07T01:32:36,FULL,RETURNED_ORDER,2526.38,INR,SUCCESS,PayFlow,RF_00002374,CUST_005753
REF_002375,ORD_068071,PAY_056003,2026-01-21T14:14:02,FULL,RETURNED_ORDER,647.47,INR,SUCCESS,PayFlow,RF_00002375,CUST_007612
REF_002376,ORD_068080,PAY_056011,2026-02-05T08:08:14,FULL,RETURNED_ORDER,3445.13,INR,SUCCESS,PayFlow,RF_00002376,CUST_000022
REF_002377,ORD_068157,PAY_056069,2026-01-06T23:06:52,FULL,CUSTOMER_REQUEST,791.78,INR,SUCCESS,PayFlow,RF_00002377,CUST_007294
REF_002378,ORD_068167,PAY_056075,2026-01-29T21:22:02,FULL,CUSTOMER_REQUEST,294.94,INR,SUCCESS,PayFlow,RF_00002378,CUST_004886
REF_002379,ORD_068179,PAY_056085,2026-01-25T07:16:37,FULL,RETURNED_ORDER,1167.02,INR,SUCCESS,PayFlow,RF_00002379,CUST_001125
REF_002380,ORD_068221,PAY_056122,2026-02-02T12:49:47,FULL,RETURNED_ORDER,7032.80,INR,SUCCESS,PayFlow,RF_00002380,CUST_004393
REF_002381,ORD_068282,PAY_056175,2026-01-08T21:41:44,FULL,RETURNED_ORDER,362.79,INR,SUCCESS,PayFlow,RF_00002381,CUST_000923
REF_002382,ORD_068299,PAY_056188,2026-01-07T01:47:09,FULL,CUSTOMER_REQUEST,1447.86,INR,SUCCESS,PayFlow,RF_00002382,CUST_007989
REF_002383,ORD_068306,PAY_056193,2026-01-27T00:45:26,PARTIAL,CUSTOMER_REQUEST,60.51,INR,SUCCESS,PayFlow,RF_00002383,CUST_007164
REF_002384,ORD_068308,PAY_056195,2026-01-13T03:26:16,FULL,RETURNED_ORDER,614.78,INR,SUCCESS,PayFlow,RF_00002384,CUST_007503
REF_002385,ORD_068323,PAY_056207,2026-01-15T14:00:44,FULL,RETURNED_ORDER,1503.26,INR,SUCCESS,PayFlow,RF_00002385,CUST_002158
REF_002386,ORD_068409,PAY_056276,2026-01-16T14:39:06,FULL,CUSTOMER_REQUEST,580.09,INR,SUCCESS,PayFlow,RF_00002386,CUST_001039
REF_002387,ORD_068424,PAY_056289,2026-02-05T16:21:28,FULL,RETURNED_ORDER,692.66,INR,SUCCESS,PayFlow,RF_00002387,CUST_004587
REF_002388,ORD_068436,PAY_056301,2026-01-22T06:29:54,FULL,RETURNED_ORDER,1447.86,INR,SUCCESS,PayFlow,RF_00002388,CUST_003731
REF_002389,ORD_068440,PAY_056304,2026-01-12T00:04:58,FULL,RETURNED_ORDER,283.14,INR,SUCCESS,PayFlow,RF_00002389,CUST_004576
REF_002390,ORD_068462,PAY_056323,2026-01-31T03:43:34,FULL,RETURNED_ORDER,3072.66,INR,SUCCESS,PayFlow,RF_00002390,CUST_001803
REF_002391,ORD_068555,PAY_056402,2026-01-28T08:52:09,FULL,RETURNED_ORDER,1290.27,INR,SUCCESS,PayFlow,RF_00002391,CUST_006280
REF_002392,ORD_068648,PAY_056487,2026-02-05T07:08:54,FULL,RETURNED_ORDER,647.28,INR,SUCCESS,PayFlow,RF_00002392,CUST_008051
REF_002393,ORD_068714,PAY_056535,2026-02-02T10:58:05,FULL,RETURNED_ORDER,546.34,INR,SUCCESS,PayFlow,RF_00002393,CUST_000069
REF_002394,ORD_068716,PAY_056537,2026-01-27T05:27:25,FULL,RETURNED_ORDER,294.94,INR,SUCCESS,PayFlow,RF_00002394,CUST_007137
REF_002395,ORD_068773,,2026-01-23T08:44:09,FULL,RETURNED_ORDER,2245.54,INR,SUCCESS,,,CUST_004203
REF_002396,ORD_068779,PAY_056589,2026-02-03T02:33:15,FULL,RETURNED_ORDER,1596.30,INR,SUCCESS,PayFlow,RF_00002396,CUST_000329
REF_002397,ORD_068847,PAY_056648,2026-01-29T04:28:29,FULL,CUSTOMER_REQUEST,283.14,INR,SUCCESS,PayFlow,RF_00002397,CUST_005306
REF_002398,ORD_068859,PAY_056658,2026-01-23T05:26:31,FULL,CUSTOMER_REQUEST,271.28,INR,SUCCESS,PayFlow,RF_00002398,CUST_002048
REF_002399,ORD_068881,PAY_056677,2026-02-03T04:45:41,FULL,RETURNED_ORDER,2413.78,INR,SUCCESS,PayFlow,RF_00002399,CUST_008266
REF_002400,ORD_068962,PAY_056739,2026-01-14T11:40:47,FULL,CUSTOMER_REQUEST,860.07,INR,SUCCESS,PayFlow,RF_00002400,CUST_001079
REF_002401,ORD_068998,PAY_056766,2026-02-04T15:24:42,FULL,RETURNED_ORDER,466.37,INR,SUCCESS,PayFlow,RF_00002401,CUST_000129
REF_002402,ORD_069004,PAY_056770,2026-01-31T08:41:54,FULL,RETURNED_ORDER,693.59,INR,SUCCESS,PayFlow,RF_00002402,CUST_005616
REF_002403,ORD_069034,PAY_056797,2026-01-23T21:56:02,FULL,RETURNED_ORDER,362.79,INR,SUCCESS,PayFlow,RF_00002403,CUST_002784
REF_002404,ORD_069074,PAY_056832,2026-02-11T20:48:53,FULL,RETURNED_ORDER,1011.26,INR,SUCCESS,PayFlow,RF_00002404,CUST_000545
REF_002405,ORD_069085,PAY_056842,2026-01-19T11:25:13,FULL,RETURNED_ORDER,541.62,INR,SUCCESS,PayFlow,RF_00002405,CUST_003943
REF_002406,ORD_069096,,2026-01-31T20:42:26,FULL,RETURNED_ORDER,577.02,INR,SUCCESS,,,CUST_005314
REF_002407,ORD_069106,PAY_056858,2026-01-19T18:51:58,FULL,RETURNED_ORDER,695.85,INR,SUCCESS,PayFlow,RF_00002407,CUST_006786
REF_002408,ORD_069171,PAY_056909,2026-01-17T10:38:14,FULL,RETURNED_ORDER,661.51,INR,SUCCESS,PayFlow,RF_00002408,CUST_006802
REF_002409,ORD_069204,,2026-01-26T10:29:02,FULL,RETURNED_ORDER,371.70,INR,SUCCESS,,,CUST_002864
REF_002410,ORD_069214,PAY_056944,2026-01-27T19:01:53,PARTIAL,CUSTOMER_REQUEST,138.65,INR,SUCCESS,PayFlow,RF_00002410,CUST_002994
REF_002411,ORD_069240,PAY_056965,2026-01-25T07:29:07,FULL,RETURNED_ORDER,3097.50,INR,SUCCESS,PayFlow,RF_00002411,CUST_007171
REF_002412,ORD_069267,PAY_056989,2026-01-20T02:57:06,FULL,CUSTOMER_REQUEST,1514.09,INR,SUCCESS,PayFlow,RF_00002412,CUST_002666
REF_002413,ORD_069274,PAY_056995,2026-01-09T07:17:28,FULL,RETURNED_ORDER,695.88,INR,SUCCESS,PayFlow,RF_00002413,CUST_000198
REF_002414,ORD_069284,PAY_057001,2026-02-02T11:38:03,FULL,RETURNED_ORDER,750.48,INR,SUCCESS,PayFlow,RF_00002414,CUST_005079
REF_002415,ORD_069305,PAY_057017,2026-01-18T21:24:20,FULL,CUSTOMER_REQUEST,837.80,INR,SUCCESS,PayFlow,RF_00002415,CUST_001279
REF_002416,ORD_069371,PAY_057073,2026-01-11T03:19:11,FULL,CUSTOMER_REQUEST,623.39,INR,SUCCESS,PayFlow,RF_00002416,CUST_003123
REF_002417,ORD_069385,PAY_057086,2026-02-08T08:10:10,FULL,RETURNED_ORDER,4079.26,INR,SUCCESS,PayFlow,RF_00002417,CUST_004998
REF_002418,ORD_069394,,2026-01-30T10:30:40,FULL,RETURNED_ORDER,2245.54,INR,SUCCESS,,,CUST_005644
REF_002419,ORD_069428,PAY_057125,2026-01-24T17:40:59,FULL,CUSTOMER_REQUEST,1541.08,INR,SUCCESS,PayFlow,RF_00002419,CUST_001481
REF_002420,ORD_069452,PAY_057144,2026-01-31T20:13:07,FULL,CUSTOMER_REQUEST,1375.47,INR,SUCCESS,PayFlow,RF_00002420,CUST_004188
REF_002421,ORD_069529,PAY_057203,2026-01-22T11:21:16,FULL,RETURNED_ORDER,1100.94,INR,SUCCESS,PayFlow,RF_00002421,CUST_003654
REF_002422,ORD_069530,PAY_057204,2026-01-19T16:52:38,FULL,RETURNED_ORDER,2316.16,INR,SUCCESS,PayFlow,RF_00002422,CUST_005247
REF_002423,ORD_069647,PAY_057293,2026-01-20T05:00:54,FULL,RETURNED_ORDER,612.93,INR,SUCCESS,PayFlow,RF_00002423,CUST_004531
REF_002424,ORD_069650,PAY_057296,2026-01-13T04:46:53,PARTIAL,CUSTOMER_REQUEST,108.54,INR,SUCCESS,PayFlow,RF_00002424,CUST_000928
REF_002425,ORD_069665,,2026-02-04T08:07:10,FULL,RETURNED_ORDER,2124.30,INR,SUCCESS,,,CUST_000544
REF_002426,ORD_069711,PAY_057348,2026-01-24T07:27:03,FULL,RETURNED_ORDER,1347.56,INR,SUCCESS,PayFlow,RF_00002426,CUST_001688
REF_002427,ORD_069737,PAY_057368,2026-01-27T11:11:31,FULL,RETURNED_ORDER,2701.02,INR,SUCCESS,PayFlow,RF_00002427,CUST_000577
REF_002428,ORD_069837,PAY_057450,2026-01-20T07:33:05,FULL,RETURNED_ORDER,626.58,INR,SUCCESS,PayFlow,RF_00002428,CUST_001312
REF_002429,ORD_069841,PAY_057453,2026-01-30T21:41:07,FULL,RETURNED_ORDER,2290.20,INR,SUCCESS,PayFlow,RF_00002429,CUST_000216
REF_002430,ORD_069860,PAY_057470,2026-01-20T02:01:30,FULL,RETURNED_ORDER,395.30,INR,SUCCESS,PayFlow,RF_00002430,CUST_000756
REF_002431,ORD_069889,PAY_057492,2026-01-15T06:38:04,FULL,RETURNED_ORDER,1221.30,INR,SUCCESS,PayFlow,RF_00002431,CUST_001708
REF_002432,ORD_069909,PAY_057511,2026-01-09T02:42:09,FULL,CUSTOMER_REQUEST,390.58,INR,SUCCESS,PayFlow,RF_00002432,CUST_004883
REF_002433,ORD_069911,PAY_057513,2026-01-12T19:50:55,FULL,CUSTOMER_REQUEST,636.61,INR,SUCCESS,PayFlow,RF_00002433,CUST_004818
REF_002434,ORD_069926,PAY_057526,2026-01-21T12:13:18,FULL,CUSTOMER_REQUEST,1707.28,INR,SUCCESS,PayFlow,RF_00002434,CUST_004813
REF_002435,ORD_069950,PAY_057547,2026-01-27T23:57:19,FULL,CUSTOMER_REQUEST,306.74,INR,SUCCESS,PayFlow,RF_00002435,CUST_002170
REF_002436,ORD_070052,PAY_057629,2026-01-21T15:03:53,FULL,CUSTOMER_REQUEST,1448.33,INR,SUCCESS,PayFlow,RF_00002436,CUST_001849
REF_002437,ORD_070118,PAY_057686,2026-01-03T18:07:38,FULL,CUSTOMER_REQUEST,339.19,INR,SUCCESS,PayFlow,RF_00002437,CUST_008489
REF_002438,ORD_070186,PAY_057741,2026-02-07T00:30:58,FULL,RETURNED_ORDER,446.04,INR,SUCCESS,PayFlow,RF_00002438,CUST_008412
REF_002439,ORD_070209,PAY_057759,2026-01-21T09:14:36,FULL,RETURNED_ORDER,669.06,INR,SUCCESS,PayFlow,RF_00002439,CUST_004950
REF_002440,ORD_070213,PAY_057762,2026-01-26T01:24:49,FULL,CUSTOMER_REQUEST,379.61,INR,SUCCESS,PayFlow,RF_00002440,CUST_004304
REF_002441,ORD_070218,PAY_057766,2026-01-28T03:05:27,FULL,CUSTOMER_REQUEST,2614.17,INR,SUCCESS,PayFlow,RF_00002441,CUST_003437
REF_002442,ORD_070289,PAY_057826,2026-01-14T11:27:51,FULL,RETURNED_ORDER,2099.22,INR,SUCCESS,PayFlow,RF_00002442,CUST_004298
REF_002443,ORD_070297,PAY_057831,2026-02-02T17:02:44,FULL,RETURNED_ORDER,850.78,INR,SUCCESS,PayFlow,RF_00002443,CUST_002248
REF_002444,ORD_070317,PAY_057848,2026-01-11T11:19:29,FULL,RETURNED_ORDER,2000.99,INR,SUCCESS,PayFlow,RF_00002444,CUST_003037
REF_002445,ORD_070321,PAY_057851,2026-01-14T10:59:30,FULL,RETURNED_ORDER,657.26,INR,SUCCESS,PayFlow,RF_00002445,CUST_001016
REF_002446,ORD_070411,PAY_057923,2026-01-29T09:50:31,FULL,RETURNED_ORDER,1367.62,INR,SUCCESS,PayFlow,RF_00002446,CUST_003967
REF_002447,ORD_070426,PAY_057934,2026-01-21T13:35:09,FULL,CUSTOMER_REQUEST,1102.12,INR,SUCCESS,PayFlow,RF_00002447,CUST_007506
REF_002448,ORD_070433,PAY_057940,2026-01-16T10:22:34,FULL,RETURNED_ORDER,1184.72,INR,SUCCESS,PayFlow,RF_00002448,CUST_007032
REF_002449,ORD_070490,PAY_057989,2026-01-09T04:13:08,PARTIAL,CUSTOMER_REQUEST,88.97,INR,SUCCESS,PayFlow,RF_00002449,CUST_007144
REF_002450,ORD_070527,PAY_058020,2026-02-09T14:45:12,FULL,RETURNED_ORDER,380.90,INR,SUCCESS,PayFlow,RF_00002450,CUST_003058
REF_002451,ORD_070535,PAY_058028,2026-01-12T01:38:49,FULL,CUSTOMER_REQUEST,861.86,INR,SUCCESS,PayFlow,RF_00002451,CUST_006050
REF_002452,ORD_070551,PAY_058042,2026-02-02T04:24:47,FULL,RETURNED_ORDER,2475.64,INR,SUCCESS,PayFlow,RF_00002452,CUST_001157
REF_002453,ORD_070567,PAY_058055,2026-01-31T01:41:40,PARTIAL,CUSTOMER_REQUEST,201.07,INR,SUCCESS,PayFlow,RF_00002453,CUST_005208
REF_002454,ORD_070616,PAY_058097,2026-01-25T15:39:13,FULL,CUSTOMER_REQUEST,972.32,INR,SUCCESS,PayFlow,RF_00002454,CUST_006689
REF_002455,ORD_070653,PAY_058128,2026-01-28T18:01:49,FULL,CUSTOMER_REQUEST,295.00,INR,SUCCESS,PayFlow,RF_00002455,CUST_000984
REF_002456,ORD_070673,,2026-01-25T11:39:38,FULL,RETURNED_ORDER,2306.90,INR,SUCCESS,,,CUST_002031
REF_002457,ORD_070675,PAY_058146,2026-01-20T09:00:09,FULL,RETURNED_ORDER,2046.31,INR,SUCCESS,PayFlow,RF_00002457,CUST_006359
REF_002458,ORD_070684,PAY_058152,2026-01-09T00:54:50,FULL,RETURNED_ORDER,731.60,INR,SUCCESS,PayFlow,RF_00002458,CUST_003559
REF_002459,ORD_070694,PAY_058161,2026-01-28T19:19:08,FULL,RETURNED_ORDER,732.14,INR,SUCCESS,PayFlow,RF_00002459,CUST_007830
REF_002460,ORD_070697,PAY_058163,2026-01-27T09:49:35,FULL,RETURNED_ORDER,738.86,INR,SUCCESS,PayFlow,RF_00002460,CUST_007204
REF_002461,ORD_070708,PAY_058171,2026-01-30T15:07:15,FULL,RETURNED_ORDER,543.98,INR,SUCCESS,PayFlow,RF_00002461,CUST_003814
REF_002462,ORD_070734,PAY_058193,2026-01-10T06:02:36,FULL,RETURNED_ORDER,582.92,INR,SUCCESS,PayFlow,RF_00002462,CUST_004746
REF_002463,ORD_070739,PAY_058197,2026-02-01T08:22:57,FULL,RETURNED_ORDER,395.30,INR,SUCCESS,PayFlow,RF_00002463,CUST_005060
REF_002464,ORD_070846,PAY_058288,2026-01-26T05:00:34,FULL,RETURNED_ORDER,518.02,INR,SUCCESS,PayFlow,RF_00002464,CUST_004488
REF_002465,ORD_070855,PAY_058295,2026-01-23T12:00:25,FULL,RETURNED_ORDER,1619.55,INR,SUCCESS,PayFlow,RF_00002465,CUST_003123
REF_002466,ORD_070868,,2026-02-02T04:22:08,FULL,RETURNED_ORDER,1122.18,INR,SUCCESS,,,CUST_007190
REF_002467,ORD_070919,,2026-01-21T11:21:34,FULL,RETURNED_ORDER,708.54,INR,SUCCESS,,,CUST_004152
REF_002468,ORD_070940,PAY_058366,2026-02-10T12:13:10,FULL,RETURNED_ORDER,1203.93,INR,SUCCESS,PayFlow,RF_00002468,CUST_003894
REF_002469,ORD_070967,,2026-01-18T06:29:29,FULL,RETURNED_ORDER,791.78,INR,SUCCESS,,,CUST_003667
REF_002470,ORD_071001,PAY_058415,2026-01-15T14:45:43,FULL,RETURNED_ORDER,354.00,INR,SUCCESS,PayFlow,RF_00002470,CUST_005087
REF_002471,ORD_071027,PAY_058436,2026-01-18T07:59:22,FULL,RETURNED_ORDER,1215.40,INR,SUCCESS,PayFlow,RF_00002471,CUST_003985
REF_002472,ORD_071035,,2026-01-18T04:38:08,FULL,RETURNED_ORDER,2463.64,INR,SUCCESS,,,CUST_005096
REF_002473,ORD_071042,PAY_058449,2026-01-09T20:39:18,FULL,RETURNED_ORDER,825.76,INR,SUCCESS,PayFlow,RF_00002473,CUST_006298
REF_002474,ORD_071050,PAY_058456,2026-01-11T04:15:26,FULL,RETURNED_ORDER,1417.50,INR,SUCCESS,PayFlow,RF_00002474,CUST_005470
REF_002475,ORD_071063,PAY_058468,2026-01-14T00:18:44,FULL,CUSTOMER_REQUEST,978.22,INR,SUCCESS,PayFlow,RF_00002475,CUST_000747
REF_002476,ORD_071151,PAY_058542,2026-01-17T23:02:38,FULL,RETURNED_ORDER,522.50,INR,SUCCESS,PayFlow,RF_00002476,CUST_004353
REF_002477,ORD_071222,PAY_058596,2026-01-14T06:28:14,FULL,RETURNED_ORDER,377.60,INR,SUCCESS,PayFlow,RF_00002477,CUST_002167
REF_002478,ORD_071257,PAY_058623,2026-01-28T12:16:31,FULL,RETURNED_ORDER,294.94,INR,SUCCESS,PayFlow,RF_00002478,CUST_003731
REF_002479,ORD_071325,PAY_058679,2026-01-16T05:07:25,FULL,CUSTOMER_REQUEST,294.94,INR,SUCCESS,PayFlow,RF_00002479,CUST_000806
REF_002480,ORD_071328,,2026-02-03T05:45:26,FULL,RETURNED_ORDER,847.24,INR,SUCCESS,,,CUST_001920
REF_002481,ORD_071372,PAY_058716,2026-01-22T23:23:00,FULL,CUSTOMER_REQUEST,925.90,INR,SUCCESS,PayFlow,RF_00002481,CUST_007069
REF_002482,ORD_071410,PAY_058747,2026-01-06T00:05:24,PARTIAL,CUSTOMER_REQUEST,153.55,INR,SUCCESS,PayFlow,RF_00002482,CUST_008395
REF_002483,ORD_071421,PAY_058758,2026-01-24T05:33:08,FULL,RETURNED_ORDER,1221.30,INR,SUCCESS,PayFlow,RF_00002483,CUST_004545
REF_002484,ORD_071427,,2026-02-07T11:00:52,FULL,RETURNED_ORDER,283.14,INR,SUCCESS,,,CUST_002147
REF_002485,ORD_071431,PAY_058765,2026-01-31T02:21:12,FULL,RETURNED_ORDER,2303.66,INR,SUCCESS,PayFlow,RF_00002485,CUST_007294
REF_002486,ORD_071448,PAY_058779,2026-02-01T23:52:31,PARTIAL,CUSTOMER_REQUEST,273.20,INR,SUCCESS,PayFlow,RF_00002486,CUST_004035
REF_002487,ORD_071487,PAY_058813,2026-01-28T06:53:17,FULL,CUSTOMER_REQUEST,420.08,INR,SUCCESS,PayFlow,RF_00002487,CUST_001254
REF_002488,ORD_071552,,2026-02-01T22:01:23,FULL,RETURNED_ORDER,348.22,INR,SUCCESS,,,CUST_000113
REF_002489,ORD_071576,PAY_058886,2026-01-23T01:00:26,PARTIAL,CUSTOMER_REQUEST,722.44,INR,SUCCESS,PayFlow,RF_00002489,CUST_007656
REF_002490,ORD_071600,PAY_058907,2026-02-10T04:50:19,FULL,RETURNED_ORDER,972.44,INR,SUCCESS,PayFlow,RF_00002490,CUST_004811
REF_002491,ORD_071607,PAY_058914,2026-01-29T18:29:16,FULL,CUSTOMER_REQUEST,1451.40,INR,SUCCESS,PayFlow,RF_00002491,CUST_007990
REF_002492,ORD_071610,PAY_058917,2026-01-31T05:47:38,FULL,RETURNED_ORDER,350.99,INR,SUCCESS,PayFlow,RF_00002492,CUST_004801
REF_002493,ORD_071611,PAY_058918,2026-01-23T09:13:42,FULL,RETURNED_ORDER,720.34,INR,SUCCESS,PayFlow,RF_00002493,CUST_002756
REF_002494,ORD_071626,PAY_058932,2026-02-09T13:05:29,FULL,RETURNED_ORDER,271.28,INR,SUCCESS,PayFlow,RF_00002494,CUST_007162
REF_002495,ORD_071646,PAY_058947,2026-01-31T04:30:58,PARTIAL,CUSTOMER_REQUEST,407.22,INR,SUCCESS,PayFlow,RF_00002495,CUST_007456
REF_002496,ORD_071648,PAY_058949,2026-01-15T03:30:24,FULL,RETURNED_ORDER,1143.42,INR,SUCCESS,PayFlow,RF_00002496,CUST_007996
REF_002497,ORD_071651,,2026-02-08T02:01:15,FULL,RETURNED_ORDER,975.98,INR,SUCCESS,,,CUST_005764
REF_002498,ORD_071703,PAY_058993,2026-01-17T22:21:51,PARTIAL,CUSTOMER_REQUEST,440.47,INR,SUCCESS,PayFlow,RF_00002498,CUST_001249
REF_002499,ORD_071738,PAY_059024,2026-02-03T12:57:52,FULL,RETURNED_ORDER,814.20,INR,SUCCESS,PayFlow,RF_00002499,CUST_004381
REF_002500,ORD_071751,PAY_059035,2026-01-31T08:21:41,FULL,RETURNED_ORDER,1490.98,INR,SUCCESS,PayFlow,RF_00002500,CUST_000359
REF_002501,ORD_071761,PAY_059044,2026-01-12T00:32:16,FULL,CUSTOMER_REQUEST,888.54,INR,SUCCESS,PayFlow,RF_00002501,CUST_001105
REF_002502,ORD_071788,PAY_059067,2026-01-31T00:35:16,PARTIAL,CUSTOMER_REQUEST,214.12,INR,SUCCESS,PayFlow,RF_00002502,CUST_008356
REF_002503,ORD_071800,PAY_059076,2026-02-10T13:27:30,FULL,RETURNED_ORDER,788.71,INR,SUCCESS,PayFlow,RF_00002503,CUST_002317
REF_002504,ORD_071813,PAY_059087,2026-02-01T21:17:26,PARTIAL,CUSTOMER_REQUEST,743.87,INR,SUCCESS,PayFlow,RF_00002504,CUST_004556
REF_002505,ORD_071827,PAY_059099,2026-01-27T12:45:02,FULL,RETURNED_ORDER,997.25,INR,SUCCESS,PayFlow,RF_00002505,CUST_008020
REF_002506,ORD_071863,PAY_059128,2026-01-31T13:19:54,FULL,CUSTOMER_REQUEST,678.50,INR,SUCCESS,PayFlow,RF_00002506,CUST_004004
REF_002507,ORD_071884,,2026-01-17T15:01:36,FULL,RETURNED_ORDER,1243.60,INR,SUCCESS,,,CUST_006655
REF_002508,ORD_071960,PAY_059208,2026-01-15T01:43:30,FULL,RETURNED_ORDER,732.66,INR,SUCCESS,PayFlow,RF_00002508,CUST_008412
REF_002509,ORD_072010,PAY_059248,2026-01-22T23:15:36,FULL,RETURNED_ORDER,1247.67,INR,SUCCESS,PayFlow,RF_00002509,CUST_007018
REF_002510,ORD_072067,PAY_059295,2026-01-19T06:34:24,FULL,RETURNED_ORDER,690.10,INR,SUCCESS,PayFlow,RF_00002510,CUST_006357
REF_002511,ORD_072073,,2026-01-26T22:41:36,FULL,RETURNED_ORDER,1031.08,INR,SUCCESS,,,CUST_007952
REF_002512,ORD_072156,,2026-01-30T07:05:25,FULL,RETURNED_ORDER,403.15,INR,SUCCESS,,,CUST_000456
REF_002513,ORD_072158,,2026-01-13T04:14:54,FULL,RETURNED_ORDER,1242.78,INR,SUCCESS,,,CUST_000300
REF_002514,ORD_072174,PAY_059380,2026-01-26T23:34:43,FULL,RETURNED_ORDER,541.62,INR,SUCCESS,PayFlow,RF_00002514,CUST_006409
REF_002515,ORD_072338,PAY_059518,2026-01-31T03:56:05,FULL,RETURNED_ORDER,379.61,INR,SUCCESS,PayFlow,RF_00002515,CUST_003089
REF_002516,ORD_072342,PAY_059522,2026-01-16T02:38:25,PARTIAL,CUSTOMER_REQUEST,350.45,INR,SUCCESS,PayFlow,RF_00002516,CUST_004364
REF_002517,ORD_072345,PAY_059524,2026-01-30T05:32:31,FULL,RETURNED_ORDER,498.67,INR,SUCCESS,PayFlow,RF_00002517,CUST_007698
REF_002518,ORD_072373,PAY_059547,2026-01-22T20:22:42,FULL,CUSTOMER_REQUEST,616.43,INR,SUCCESS,PayFlow,RF_00002518,CUST_005381
REF_002519,ORD_072392,PAY_059562,2026-02-28T01:47:45,FULL,RETURNED_ORDER,639.09,INR,SUCCESS,PayFlow,RF_00002519,CUST_006508
REF_002520,ORD_072403,PAY_059570,2026-03-06T13:44:02,FULL,RETURNED_ORDER,306.80,INR,SUCCESS,PayFlow,RF_00002520,CUST_004480
REF_002521,ORD_072517,PAY_059668,2026-02-26T15:52:46,PARTIAL,CUSTOMER_REQUEST,118.17,INR,SUCCESS,PayFlow,RF_00002521,CUST_003305
REF_002522,ORD_072519,PAY_059670,2026-02-22T16:41:56,FULL,RETURNED_ORDER,354.00,INR,SUCCESS,PayFlow,RF_00002522,CUST_003057
REF_002523,ORD_072524,PAY_059675,2026-02-19T09:42:57,FULL,RETURNED_ORDER,5557.80,INR,SUCCESS,PayFlow,RF_00002523,CUST_005317
REF_002524,ORD_072562,PAY_059708,2026-02-19T22:30:54,FULL,CUSTOMER_REQUEST,534.54,INR,SUCCESS,PayFlow,RF_00002524,CUST_005287
REF_002525,ORD_072573,PAY_059715,2026-02-23T22:36:00,PARTIAL,CUSTOMER_REQUEST,212.96,INR,SUCCESS,PayFlow,RF_00002525,CUST_005330
REF_002526,ORD_072577,PAY_059719,2026-02-07T21:47:30,FULL,CUSTOMER_REQUEST,879.57,INR,SUCCESS,PayFlow,RF_00002526,CUST_005994
REF_002527,ORD_072618,PAY_059753,2026-02-20T16:15:37,FULL,RETURNED_ORDER,397.54,INR,SUCCESS,PayFlow,RF_00002527,CUST_001184
REF_002528,ORD_072687,PAY_059809,2026-02-20T19:20:20,FULL,RETURNED_ORDER,1140.71,INR,SUCCESS,PayFlow,RF_00002528,CUST_005185
REF_002529,ORD_072725,PAY_059839,2026-03-01T10:01:15,FULL,RETURNED_ORDER,4709.38,INR,SUCCESS,PayFlow,RF_00002529,CUST_004684
REF_002530,ORD_072739,PAY_059849,2026-02-08T21:54:09,PARTIAL,CUSTOMER_REQUEST,164.49,INR,SUCCESS,PayFlow,RF_00002530,CUST_003281
REF_002531,ORD_072753,PAY_059859,2026-03-03T23:40:27,FULL,RETURNED_ORDER,1100.94,INR,SUCCESS,PayFlow,RF_00002531,CUST_007954
REF_002532,ORD_072781,PAY_059883,2026-03-01T08:53:40,FULL,RETURNED_ORDER,283.08,INR,SUCCESS,PayFlow,RF_00002532,CUST_007142
REF_002533,ORD_072838,PAY_059932,2026-02-16T01:06:05,FULL,RETURNED_ORDER,295.00,INR,SUCCESS,PayFlow,RF_00002533,CUST_007852
REF_002534,ORD_072908,PAY_059989,2026-02-16T22:53:21,FULL,CUSTOMER_REQUEST,1347.56,INR,SUCCESS,PayFlow,RF_00002534,CUST_008002
REF_002535,ORD_072914,PAY_059995,2026-02-23T03:02:20,PARTIAL,CUSTOMER_REQUEST,282.99,INR,SUCCESS,PayFlow,RF_00002535,CUST_003804
REF_002536,ORD_073067,PAY_060119,2026-02-28T22:32:26,FULL,CUSTOMER_REQUEST,637.62,INR,SUCCESS,PayFlow,RF_00002536,CUST_006910
REF_002537,ORD_073084,PAY_060133,2026-02-18T03:06:36,FULL,CUSTOMER_REQUEST,340.31,INR,SUCCESS,PayFlow,RF_00002537,CUST_006935
REF_002538,ORD_073101,PAY_060148,2026-02-07T23:29:07,FULL,CUSTOMER_REQUEST,530.41,INR,SUCCESS,PayFlow,RF_00002538,CUST_000035
REF_002539,ORD_073104,PAY_060151,2026-02-24T12:57:19,FULL,RETURNED_ORDER,905.30,INR,SUCCESS,PayFlow,RF_00002539,CUST_006209
REF_002540,ORD_073155,PAY_060194,2026-02-07T20:36:15,FULL,CUSTOMER_REQUEST,5172.29,INR,SUCCESS,PayFlow,RF_00002540,CUST_007398
REF_002541,ORD_073165,PAY_060202,2026-02-17T11:37:59,FULL,RETURNED_ORDER,678.30,INR,SUCCESS,PayFlow,RF_00002541,CUST_000204
REF_002542,ORD_073188,PAY_060220,2026-02-28T01:33:43,FULL,RETURNED_ORDER,925.90,INR,SUCCESS,PayFlow,RF_00002542,CUST_001960
REF_002543,ORD_073244,PAY_060265,2026-02-17T07:04:30,FULL,RETURNED_ORDER,3067.06,INR,SUCCESS,PayFlow,RF_00002543,CUST_005005
REF_002544,ORD_073259,PAY_060280,2026-02-24T23:32:01,FULL,CUSTOMER_REQUEST,612.10,INR,SUCCESS,PayFlow,RF_00002544,CUST_006043
REF_002545,ORD_073330,PAY_060338,2026-02-27T03:10:35,PARTIAL,CUSTOMER_REQUEST,178.75,INR,SUCCESS,PayFlow,RF_00002545,CUST_003407
REF_002546,ORD_073358,PAY_060362,2026-02-28T03:51:23,FULL,CUSTOMER_REQUEST,318.60,INR,SUCCESS,PayFlow,RF_00002546,CUST_003003
REF_002547,ORD_073389,PAY_060390,2026-02-27T20:12:45,FULL,CUSTOMER_REQUEST,764.05,INR,SUCCESS,PayFlow,RF_00002547,CUST_003908
REF_002548,ORD_073426,PAY_060420,2026-03-09T13:53:28,FULL,RETURNED_ORDER,2133.26,INR,SUCCESS,PayFlow,RF_00002548,CUST_006939
REF_002549,ORD_073431,PAY_060424,2026-03-02T03:13:20,FULL,RETURNED_ORDER,7063.48,INR,SUCCESS,PayFlow,RF_00002549,CUST_004886
REF_002550,ORD_073433,PAY_060426,2026-02-27T12:51:02,FULL,RETURNED_ORDER,960.52,INR,SUCCESS,PayFlow,RF_00002550,CUST_004331
REF_002551,ORD_073452,,2026-02-14T12:28:34,FULL,RETURNED_ORDER,567.58,INR,SUCCESS,,,CUST_000422
REF_002552,ORD_073466,PAY_060455,2026-03-09T13:56:22,FULL,RETURNED_ORDER,2302.18,INR,SUCCESS,PayFlow,RF_00002552,CUST_006581
REF_002553,ORD_073494,PAY_060474,2026-03-06T03:08:19,FULL,RETURNED_ORDER,808.83,INR,SUCCESS,PayFlow,RF_00002553,CUST_005812
REF_002554,ORD_073507,PAY_060481,2026-02-10T21:24:30,FULL,CUSTOMER_REQUEST,551.15,INR,SUCCESS,PayFlow,RF_00002554,CUST_000246
REF_002555,ORD_073526,PAY_060496,2026-02-17T08:26:32,FULL,RETURNED_ORDER,719.45,INR,SUCCESS,PayFlow,RF_00002555,CUST_003611
REF_002556,ORD_073567,PAY_060530,2026-02-08T00:28:37,PARTIAL,CUSTOMER_REQUEST,299.74,INR,SUCCESS,PayFlow,RF_00002556,CUST_001120
REF_002557,ORD_073580,,2026-03-03T05:55:10,FULL,RETURNED_ORDER,657.26,INR,SUCCESS,,,CUST_002957
REF_002558,ORD_073595,PAY_060557,2026-02-25T04:29:26,FULL,CUSTOMER_REQUEST,318.60,INR,SUCCESS,PayFlow,RF_00002558,CUST_000257
REF_002559,ORD_073674,PAY_060623,2026-02-06T21:14:47,PARTIAL,CUSTOMER_REQUEST,401.88,INR,SUCCESS,PayFlow,RF_00002559,CUST_001648
REF_002560,ORD_073729,PAY_060671,2026-03-01T00:09:52,FULL,CUSTOMER_REQUEST,3228.48,INR,SUCCESS,PayFlow,RF_00002560,CUST_006045
REF_002561,ORD_073766,PAY_060699,2026-02-16T02:02:21,FULL,RETURNED_ORDER,2476.58,INR,SUCCESS,PayFlow,RF_00002561,CUST_007852
REF_002562,ORD_073789,PAY_060718,2026-02-20T00:30:27,FULL,CUSTOMER_REQUEST,525.34,INR,SUCCESS,PayFlow,RF_00002562,CUST_002460
REF_002563,ORD_073806,PAY_060734,2026-02-13T14:02:08,FULL,RETURNED_ORDER,842.52,INR,SUCCESS,PayFlow,RF_00002563,CUST_003762
REF_002564,ORD_073851,PAY_060771,2026-03-09T08:29:16,FULL,RETURNED_ORDER,295.00,INR,SUCCESS,PayFlow,RF_00002564,CUST_004992
REF_002565,ORD_074027,,2026-02-20T09:31:00,FULL,RETURNED_ORDER,1173.04,INR,SUCCESS,,,CUST_000296
REF_002566,ORD_074043,PAY_060922,2026-03-02T06:38:23,FULL,RETURNED_ORDER,992.45,INR,SUCCESS,PayFlow,RF_00002566,CUST_007469
REF_002567,ORD_074047,PAY_060926,2026-02-24T05:51:07,FULL,RETURNED_ORDER,540.56,INR,SUCCESS,PayFlow,RF_00002567,CUST_004012
REF_002568,ORD_074054,PAY_060930,2026-02-18T19:52:52,FULL,RETURNED_ORDER,640.74,INR,SUCCESS,PayFlow,RF_00002568,CUST_008203
REF_002569,ORD_074112,PAY_060972,2026-03-07T22:49:30,FULL,RETURNED_ORDER,306.80,INR,SUCCESS,PayFlow,RF_00002569,CUST_003229
REF_002570,ORD_074127,PAY_060987,2026-03-02T06:53:32,FULL,RETURNED_ORDER,606.52,INR,SUCCESS,PayFlow,RF_00002570,CUST_001498
REF_002571,ORD_074134,PAY_060993,2026-02-03T05:31:49,FULL,CUSTOMER_REQUEST,390.58,INR,SUCCESS,PayFlow,RF_00002571,CUST_008474
REF_002572,ORD_074220,PAY_061066,2026-02-25T04:59:09,FULL,RETURNED_ORDER,2103.94,INR,SUCCESS,PayFlow,RF_00002572,CUST_007091
REF_002573,ORD_074222,PAY_061068,2026-02-19T06:26:15,FULL,RETURNED_ORDER,295.00,INR,SUCCESS,PayFlow,RF_00002573,CUST_001137
REF_002574,ORD_074224,PAY_061070,2026-03-06T07:30:04,FULL,RETURNED_ORDER,1984.76,INR,SUCCESS,PayFlow,RF_00002574,CUST_000705
REF_002575,ORD_074234,PAY_061079,2026-02-24T04:18:00,FULL,RETURNED_ORDER,948.72,INR,SUCCESS,PayFlow,RF_00002575,CUST_005742
REF_002576,ORD_074243,PAY_061085,2026-02-10T22:09:08,FULL,RETURNED_ORDER,414.18,INR,SUCCESS,PayFlow,RF_00002576,CUST_000033
REF_002577,ORD_074277,PAY_061111,2026-02-25T14:44:53,FULL,RETURNED_ORDER,558.14,INR,SUCCESS,PayFlow,RF_00002577,CUST_002502
REF_002578,ORD_074282,PAY_061115,2026-02-23T05:44:15,FULL,RETURNED_ORDER,905.30,INR,SUCCESS,PayFlow,RF_00002578,CUST_004636
REF_002579,ORD_074284,,2026-02-27T12:10:08,FULL,RETURNED_ORDER,559.08,INR,SUCCESS,,,CUST_007314
REF_002580,ORD_074346,,2026-02-21T21:30:17,FULL,RETURNED_ORDER,1447.86,INR,SUCCESS,,,CUST_004447
REF_002581,ORD_074370,PAY_061187,2026-02-18T21:11:02,FULL,RETURNED_ORDER,584.22,INR,SUCCESS,PayFlow,RF_00002581,CUST_006188
REF_002582,ORD_074372,PAY_061189,2026-02-26T04:13:59,FULL,CUSTOMER_REQUEST,702.61,INR,SUCCESS,PayFlow,RF_00002582,CUST_006477
REF_002583,ORD_074391,PAY_061206,2026-02-15T23:40:38,FULL,CUSTOMER_REQUEST,1205.96,INR,SUCCESS,PayFlow,RF_00002583,CUST_003128
REF_002584,ORD_074430,PAY_061237,2026-02-06T20:23:11,PARTIAL,CUSTOMER_REQUEST,181.11,INR,SUCCESS,PayFlow,RF_00002584,CUST_004969
REF_002585,ORD_074431,,2026-02-07T12:33:43,FULL,RETURNED_ORDER,2315.57,INR,SUCCESS,,,CUST_000490
REF_002586,ORD_074475,PAY_061274,2026-02-17T20:38:36,FULL,CUSTOMER_REQUEST,640.03,INR,SUCCESS,PayFlow,RF_00002586,CUST_004382
REF_002587,ORD_074545,PAY_061334,2026-03-04T23:44:11,FULL,CUSTOMER_REQUEST,1197.23,INR,SUCCESS,PayFlow,RF_00002587,CUST_005335
REF_002588,ORD_074560,PAY_061347,2026-02-11T00:11:01,FULL,RETURNED_ORDER,522.50,INR,SUCCESS,PayFlow,RF_00002588,CUST_001525
REF_002589,ORD_074582,PAY_061363,2026-02-18T22:55:51,FULL,CUSTOMER_REQUEST,1589.81,INR,SUCCESS,PayFlow,RF_00002589,CUST_006864
REF_002590,ORD_074615,PAY_061385,2026-02-22T18:31:52,FULL,RETURNED_ORDER,764.05,INR,SUCCESS,PayFlow,RF_00002590,CUST_006287
REF_002591,ORD_074640,PAY_061403,2026-02-15T00:16:21,FULL,CUSTOMER_REQUEST,1176.07,INR,SUCCESS,PayFlow,RF_00002591,CUST_002071
REF_002592,ORD_074665,PAY_061425,2026-02-16T21:15:18,FULL,CUSTOMER_REQUEST,5101.14,INR,SUCCESS,PayFlow,RF_00002592,CUST_002424
REF_002593,ORD_074683,PAY_061439,2026-02-16T22:31:00,FULL,CUSTOMER_REQUEST,790.38,INR,SUCCESS,PayFlow,RF_00002593,CUST_007779
REF_002594,ORD_074817,PAY_061554,2026-02-24T20:28:52,PARTIAL,CUSTOMER_REQUEST,411.14,INR,SUCCESS,PayFlow,RF_00002594,CUST_001905
REF_002595,ORD_074852,PAY_061585,2026-03-02T09:31:45,FULL,RETURNED_ORDER,1722.56,INR,SUCCESS,PayFlow,RF_00002595,CUST_004715
REF_002596,ORD_074936,PAY_061650,2026-02-10T01:57:38,FULL,RETURNED_ORDER,728.06,INR,SUCCESS,PayFlow,RF_00002596,CUST_007015
REF_002597,ORD_075006,PAY_061710,2026-02-28T08:44:26,FULL,RETURNED_ORDER,664.34,INR,SUCCESS,PayFlow,RF_00002597,CUST_004513
REF_002598,ORD_075007,,2026-03-02T10:57:13,FULL,RETURNED_ORDER,2450.03,INR,SUCCESS,,,CUST_002718
REF_002599,ORD_075085,PAY_061773,2026-02-25T17:14:52,FULL,RETURNED_ORDER,1352.93,INR,SUCCESS,PayFlow,RF_00002599,CUST_007280
REF_002600,ORD_075147,,2026-02-21T00:23:14,FULL,RETURNED_ORDER,1342.96,INR,SUCCESS,,,CUST_002500
REF_002601,ORD_075155,,2026-03-05T13:35:56,FULL,RETURNED_ORDER,680.86,INR,SUCCESS,,,CUST_007982
REF_002602,ORD_075162,PAY_061829,2026-02-22T00:05:56,PARTIAL,CUSTOMER_REQUEST,213.93,INR,SUCCESS,PayFlow,RF_00002602,CUST_004895
REF_002603,ORD_075172,PAY_061835,2026-03-07T11:20:55,FULL,RETURNED_ORDER,1135.16,INR,SUCCESS,PayFlow,RF_00002603,CUST_000496
REF_002604,ORD_075211,PAY_061866,2026-02-21T07:41:13,FULL,RETURNED_ORDER,397.54,INR,SUCCESS,PayFlow,RF_00002604,CUST_006174
REF_002605,ORD_075217,PAY_061869,2026-02-28T13:55:21,FULL,RETURNED_ORDER,893.26,INR,SUCCESS,PayFlow,RF_00002605,CUST_003621
REF_002606,ORD_075280,PAY_061927,2026-02-21T07:24:49,FULL,RETURNED_ORDER,528.81,INR,SUCCESS,PayFlow,RF_00002606,CUST_005363
REF_002607,ORD_075331,PAY_061971,2026-03-01T16:42:36,FULL,RETURNED_ORDER,1524.56,INR,SUCCESS,PayFlow,RF_00002607,CUST_004513
REF_002608,ORD_075365,PAY_062003,2026-03-06T17:26:17,FULL,RETURNED_ORDER,915.98,INR,SUCCESS,PayFlow,RF_00002608,CUST_007765
REF_002609,ORD_075382,PAY_062018,2026-03-09T08:09:43,FULL,RETURNED_ORDER,1169.32,INR,SUCCESS,PayFlow,RF_00002609,CUST_003883
REF_002610,ORD_075410,PAY_062044,2026-03-01T21:02:06,FULL,CUSTOMER_REQUEST,1085.60,INR,SUCCESS,PayFlow,RF_00002610,CUST_004675
REF_002611,ORD_075447,PAY_062074,2026-03-04T16:40:13,FULL,RETURNED_ORDER,352.89,INR,SUCCESS,PayFlow,RF_00002611,CUST_007585
REF_002612,ORD_075456,PAY_062081,2026-02-19T03:09:12,FULL,CUSTOMER_REQUEST,306.80,INR,SUCCESS,PayFlow,RF_00002612,CUST_006447
REF_002613,ORD_075465,PAY_062089,2026-02-22T21:07:06,FULL,CUSTOMER_REQUEST,395.30,INR,SUCCESS,PayFlow,RF_00002613,CUST_003980
REF_002614,ORD_075513,PAY_062129,2026-02-10T15:24:19,PARTIAL,CUSTOMER_REQUEST,164.04,INR,SUCCESS,PayFlow,RF_00002614,CUST_004719
REF_002615,ORD_075527,PAY_062140,2026-02-20T15:25:28,FULL,RETURNED_ORDER,607.82,INR,SUCCESS,PayFlow,RF_00002615,CUST_002173
REF_002616,ORD_075542,PAY_062151,2026-02-24T05:27:18,FULL,RETURNED_ORDER,306.80,INR,SUCCESS,PayFlow,RF_00002616,CUST_006016
REF_002617,ORD_075597,PAY_062193,2026-03-05T01:12:45,FULL,CUSTOMER_REQUEST,294.94,INR,SUCCESS,PayFlow,RF_00002617,CUST_005387
REF_002618,ORD_075648,PAY_062232,2026-02-18T10:32:30,FULL,RETURNED_ORDER,577.02,INR,SUCCESS,PayFlow,RF_00002618,CUST_006253
REF_002619,ORD_075822,PAY_062379,2026-02-17T16:38:20,FULL,CUSTOMER_REQUEST,356.01,INR,SUCCESS,PayFlow,RF_00002619,CUST_000091
REF_002620,ORD_075843,PAY_062397,2026-02-17T18:28:39,FULL,CUSTOMER_REQUEST,1765.28,INR,SUCCESS,PayFlow,RF_00002620,CUST_007825
REF_002621,ORD_075848,PAY_062402,2026-02-20T03:03:32,FULL,RETURNED_ORDER,1227.08,INR,SUCCESS,PayFlow,RF_00002621,CUST_001612
REF_002622,ORD_075861,PAY_062414,2026-02-13T23:39:28,FULL,CUSTOMER_REQUEST,2133.26,INR,SUCCESS,PayFlow,RF_00002622,CUST_004141
REF_002623,ORD_075862,PAY_062415,2026-02-11T21:50:16,FULL,CUSTOMER_REQUEST,1799.38,INR,SUCCESS,PayFlow,RF_00002623,CUST_000833
REF_002624,ORD_075940,,2026-02-09T21:08:26,FULL,RETURNED_ORDER,692.66,INR,SUCCESS,,,CUST_006226
REF_002625,ORD_075989,,2026-02-21T17:02:25,FULL,RETURNED_ORDER,567.34,INR,SUCCESS,,,CUST_003634
REF_002626,ORD_076005,PAY_062525,2026-02-19T17:14:47,FULL,CUSTOMER_REQUEST,3198.92,INR,SUCCESS,PayFlow,RF_00002626,CUST_006590
REF_002627,ORD_076026,PAY_062543,2026-02-28T08:40:26,FULL,RETURNED_ORDER,866.06,INR,SUCCESS,PayFlow,RF_00002627,CUST_000663
REF_002628,ORD_076037,PAY_062554,2026-02-19T20:50:25,FULL,RETURNED_ORDER,7627.52,INR,SUCCESS,PayFlow,RF_00002628,CUST_004571
REF_002629,ORD_076081,PAY_062587,2026-02-22T07:06:47,FULL,CUSTOMER_REQUEST,659.27,INR,SUCCESS,PayFlow,RF_00002629,CUST_003423
REF_002630,ORD_076111,PAY_062610,2026-02-07T06:08:23,FULL,RETURNED_ORDER,2200.35,INR,SUCCESS,PayFlow,RF_00002630,CUST_002262
REF_002631,ORD_076135,PAY_062630,2026-02-28T01:09:24,FULL,RETURNED_ORDER,4835.64,INR,SUCCESS,PayFlow,RF_00002631,CUST_000523
REF_002632,ORD_076167,PAY_062656,2026-02-18T16:14:12,FULL,RETURNED_ORDER,1197.70,INR,SUCCESS,PayFlow,RF_00002632,CUST_004450
REF_002633,ORD_076169,PAY_062658,2026-02-13T20:49:17,PARTIAL,CUSTOMER_REQUEST,432.92,INR,SUCCESS,PayFlow,RF_00002633,CUST_007738
REF_002634,ORD_076179,,2026-02-28T22:25:55,FULL,RETURNED_ORDER,383.50,INR,SUCCESS,,,CUST_001630
REF_002635,ORD_076203,PAY_062688,2026-03-03T12:30:44,FULL,RETURNED_ORDER,986.13,INR,SUCCESS,PayFlow,RF_00002635,CUST_008115
REF_002636,ORD_076214,PAY_062697,2026-03-06T03:24:58,FULL,RETURNED_ORDER,295.00,INR,SUCCESS,PayFlow,RF_00002636,CUST_001290
REF_002637,ORD_076272,PAY_062745,2026-02-27T04:15:17,FULL,CUSTOMER_REQUEST,1020.23,INR,SUCCESS,PayFlow,RF_00002637,CUST_006433
REF_002638,ORD_076296,PAY_062764,2026-02-05T02:52:58,FULL,RETURNED_ORDER,1273.46,INR,SUCCESS,PayFlow,RF_00002638,CUST_005166
REF_002639,ORD_076312,PAY_062779,2026-02-15T22:20:07,PARTIAL,CUSTOMER_REQUEST,95.71,INR,SUCCESS,PayFlow,RF_00002639,CUST_004994
REF_002640,ORD_076317,PAY_062783,2026-02-25T04:07:13,FULL,RETURNED_ORDER,1503.32,INR,SUCCESS,PayFlow,RF_00002640,CUST_004140
REF_002641,ORD_076354,PAY_062811,2026-02-10T01:55:23,FULL,CUSTOMER_REQUEST,1151.68,INR,SUCCESS,PayFlow,RF_00002641,CUST_001266
REF_002642,ORD_076395,PAY_062841,2026-02-19T09:10:47,FULL,RETURNED_ORDER,1473.70,INR,SUCCESS,PayFlow,RF_00002642,CUST_001663
REF_002643,ORD_076445,PAY_062884,2026-03-07T02:37:47,FULL,RETURNED_ORDER,2214.86,INR,SUCCESS,PayFlow,RF_00002643,CUST_007616
REF_002644,ORD_076502,,2026-02-27T17:19:08,FULL,RETURNED_ORDER,2116.92,INR,SUCCESS,,,CUST_001006
REF_002645,ORD_076539,PAY_062959,2026-03-01T08:10:52,FULL,RETURNED_ORDER,754.93,INR,SUCCESS,PayFlow,RF_00002645,CUST_006402
REF_002646,ORD_076542,PAY_062962,2026-03-13T20:26:50,FULL,RETURNED_ORDER,5151.00,INR,SUCCESS,PayFlow,RF_00002646,CUST_006462
REF_002647,ORD_076548,PAY_062966,2026-02-10T19:41:25,FULL,RETURNED_ORDER,848.02,INR,SUCCESS,PayFlow,RF_00002647,CUST_000570
REF_002648,ORD_076568,PAY_062979,2026-02-19T06:17:44,FULL,RETURNED_ORDER,738.86,INR,SUCCESS,PayFlow,RF_00002648,CUST_008018
REF_002649,ORD_076622,PAY_063023,2026-03-06T13:01:55,FULL,RETURNED_ORDER,396.48,INR,SUCCESS,PayFlow,RF_00002649,CUST_004140
REF_002650,ORD_076626,PAY_063026,2026-03-07T04:17:25,FULL,RETURNED_ORDER,2826.10,INR,SUCCESS,PayFlow,RF_00002650,CUST_007302
REF_002651,ORD_076652,PAY_063047,2026-02-09T21:34:58,FULL,CUSTOMER_REQUEST,716.44,INR,SUCCESS,PayFlow,RF_00002651,CUST_008337
REF_002652,ORD_076677,PAY_063070,2026-02-23T00:13:14,PARTIAL,CUSTOMER_REQUEST,699.13,INR,SUCCESS,PayFlow,RF_00002652,CUST_005668
REF_002653,ORD_076687,PAY_063078,2026-02-09T04:47:16,FULL,RETURNED_ORDER,960.52,INR,SUCCESS,PayFlow,RF_00002653,CUST_002782
REF_002654,ORD_076704,,2026-03-01T12:06:56,FULL,RETURNED_ORDER,1782.98,INR,SUCCESS,,,CUST_005809
REF_002655,ORD_076736,PAY_063120,2026-02-10T23:49:36,PARTIAL,CUSTOMER_REQUEST,313.55,INR,SUCCESS,PayFlow,RF_00002655,CUST_006195
REF_002656,ORD_076748,PAY_063128,2026-03-10T17:17:00,FULL,RETURNED_ORDER,365.80,INR,SUCCESS,PayFlow,RF_00002656,CUST_001201
REF_002657,ORD_076849,PAY_063213,2026-02-19T02:20:48,FULL,CUSTOMER_REQUEST,377.78,INR,SUCCESS,PayFlow,RF_00002657,CUST_005359
REF_002658,ORD_076965,PAY_063300,2026-02-22T06:31:23,FULL,RETURNED_ORDER,295.00,INR,SUCCESS,PayFlow,RF_00002658,CUST_005165
REF_002659,ORD_076981,,2026-03-02T04:16:57,FULL,RETURNED_ORDER,1516.30,INR,SUCCESS,,,CUST_000735
REF_002660,ORD_076982,PAY_063312,2026-03-02T14:30:20,FULL,RETURNED_ORDER,1236.64,INR,SUCCESS,PayFlow,RF_00002660,CUST_001377
REF_002661,ORD_076985,PAY_063313,2026-03-03T01:06:15,FULL,RETURNED_ORDER,1274.40,INR,SUCCESS,PayFlow,RF_00002661,CUST_003885
REF_002662,ORD_077013,PAY_063338,2026-02-09T10:44:25,FULL,RETURNED_ORDER,1707.46,INR,SUCCESS,PayFlow,RF_00002662,CUST_000048
REF_002663,ORD_077053,PAY_063373,2026-02-16T09:56:55,FULL,RETURNED_ORDER,4825.55,INR,SUCCESS,PayFlow,RF_00002663,CUST_001649
REF_002664,ORD_077142,PAY_063440,2026-02-20T23:04:48,FULL,CUSTOMER_REQUEST,283.14,INR,SUCCESS,PayFlow,RF_00002664,CUST_008327
REF_002665,ORD_077165,PAY_063460,2026-02-05T01:51:48,PARTIAL,CUSTOMER_REQUEST,608.06,INR,SUCCESS,PayFlow,RF_00002665,CUST_002073
REF_002666,ORD_077198,PAY_063484,2026-02-19T20:49:31,FULL,CUSTOMER_REQUEST,283.14,INR,SUCCESS,PayFlow,RF_00002666,CUST_000117
REF_002667,ORD_077278,PAY_063552,2026-02-11T23:31:32,FULL,RETURNED_ORDER,1157.52,INR,SUCCESS,PayFlow,RF_00002667,CUST_000115
REF_002668,ORD_077314,PAY_063582,2026-02-04T19:55:12,FULL,CUSTOMER_REQUEST,951.06,INR,SUCCESS,PayFlow,RF_00002668,CUST_000051
REF_002669,ORD_077321,PAY_063587,2026-02-08T11:44:19,FULL,RETURNED_ORDER,623.39,INR,SUCCESS,PayFlow,RF_00002669,CUST_004535
REF_002670,ORD_077392,PAY_063651,2026-02-14T02:30:26,PARTIAL,CUSTOMER_REQUEST,210.59,INR,SUCCESS,PayFlow,RF_00002670,CUST_000046
REF_002671,ORD_077415,,2026-02-27T12:11:10,FULL,RETURNED_ORDER,697.73,INR,SUCCESS,,,CUST_005923
REF_002672,ORD_077451,PAY_063700,2026-03-03T09:49:22,FULL,RETURNED_ORDER,373.94,INR,SUCCESS,PayFlow,RF_00002672,CUST_000566
REF_002673,ORD_077453,PAY_063702,2026-03-03T10:14:36,FULL,RETURNED_ORDER,1174.10,INR,SUCCESS,PayFlow,RF_00002673,CUST_001195
REF_002674,ORD_077472,PAY_063718,2026-02-21T22:22:06,FULL,RETURNED_ORDER,4987.33,INR,SUCCESS,PayFlow,RF_00002674,CUST_004571
REF_002675,ORD_077476,PAY_063721,2026-02-25T18:22:37,PARTIAL,CUSTOMER_REQUEST,288.74,INR,SUCCESS,PayFlow,RF_00002675,CUST_006087
REF_002676,ORD_077514,PAY_063751,2026-02-09T05:20:14,FULL,RETURNED_ORDER,367.81,INR,SUCCESS,PayFlow,RF_00002676,CUST_004852
REF_002677,ORD_077536,PAY_063769,2026-03-05T07:54:09,FULL,RETURNED_ORDER,685.87,INR,SUCCESS,PayFlow,RF_00002677,CUST_005386
REF_002678,ORD_077549,PAY_063782,2026-02-20T08:43:10,FULL,RETURNED_ORDER,295.00,INR,SUCCESS,PayFlow,RF_00002678,CUST_006296
REF_002679,ORD_077560,PAY_063788,2026-02-14T04:04:18,FULL,RETURNED_ORDER,415.42,INR,SUCCESS,PayFlow,RF_00002679,CUST_004464
REF_002680,ORD_077603,PAY_063823,2026-03-04T03:53:40,FULL,RETURNED_ORDER,719.80,INR,SUCCESS,PayFlow,RF_00002680,CUST_006755
REF_002681,ORD_077606,PAY_063826,2026-02-07T00:08:19,FULL,CUSTOMER_REQUEST,979.65,INR,SUCCESS,PayFlow,RF_00002681,CUST_008276
REF_002682,ORD_077611,PAY_063830,2026-02-16T14:30:56,FULL,RETURNED_ORDER,499.86,INR,SUCCESS,PayFlow,RF_00002682,CUST_002130
REF_002683,ORD_077730,PAY_063925,2026-02-12T00:33:18,FULL,CUSTOMER_REQUEST,365.80,INR,SUCCESS,PayFlow,RF_00002683,CUST_007647
REF_002684,ORD_077734,PAY_063928,2026-03-07T16:17:12,FULL,RETURNED_ORDER,591.54,INR,SUCCESS,PayFlow,RF_00002684,CUST_005164
REF_002685,ORD_077772,PAY_063959,2026-02-28T04:58:46,FULL,RETURNED_ORDER,390.58,INR,SUCCESS,PayFlow,RF_00002685,CUST_005329
REF_002686,ORD_077787,PAY_063970,2026-02-12T10:14:35,FULL,RETURNED_ORDER,354.00,INR,SUCCESS,PayFlow,RF_00002686,CUST_001231
REF_002687,ORD_077809,PAY_063989,2026-02-15T01:10:18,FULL,CUSTOMER_REQUEST,744.46,INR,SUCCESS,PayFlow,RF_00002687,CUST_008303
REF_002688,ORD_077912,PAY_064065,2026-03-05T00:11:26,PARTIAL,CUSTOMER_REQUEST,153.33,INR,SUCCESS,PayFlow,RF_00002688,CUST_002827
REF_002689,ORD_077987,PAY_064118,2026-02-24T01:01:50,FULL,CUSTOMER_REQUEST,1462.02,INR,SUCCESS,PayFlow,RF_00002689,CUST_007153
REF_002690,ORD_078024,PAY_064148,2026-02-25T00:10:55,PARTIAL,CUSTOMER_REQUEST,195.44,INR,SUCCESS,PayFlow,RF_00002690,CUST_000321
REF_002691,ORD_078042,PAY_064165,2026-03-02T23:55:22,FULL,CUSTOMER_REQUEST,1303.07,INR,SUCCESS,PayFlow,RF_00002691,CUST_002854
REF_002692,ORD_078072,PAY_064190,2026-02-21T03:24:08,FULL,RETURNED_ORDER,1215.28,INR,SUCCESS,PayFlow,RF_00002692,CUST_008267
REF_002693,ORD_078123,PAY_064228,2026-02-19T23:04:35,FULL,CUSTOMER_REQUEST,283.14,INR,SUCCESS,PayFlow,RF_00002693,CUST_003182
REF_002694,ORD_078130,PAY_064233,2026-02-18T00:08:48,FULL,CUSTOMER_REQUEST,635.19,INR,SUCCESS,PayFlow,RF_00002694,CUST_005499
REF_002695,ORD_078138,PAY_064240,2026-02-09T21:47:34,FULL,CUSTOMER_REQUEST,1568.22,INR,SUCCESS,PayFlow,RF_00002695,CUST_000125
REF_002696,ORD_078159,PAY_064257,2026-02-18T09:46:58,FULL,RETURNED_ORDER,2759.68,INR,SUCCESS,PayFlow,RF_00002696,CUST_005791
REF_002697,ORD_078195,PAY_064288,2026-03-06T22:39:06,FULL,RETURNED_ORDER,1322.87,INR,SUCCESS,PayFlow,RF_00002697,CUST_002317
REF_002698,ORD_078204,PAY_064295,2026-03-01T13:12:23,FULL,RETURNED_ORDER,754.93,INR,SUCCESS,PayFlow,RF_00002698,CUST_003640
REF_002699,ORD_078206,PAY_064297,2026-02-19T08:36:09,FULL,RETURNED_ORDER,900.25,INR,SUCCESS,PayFlow,RF_00002699,CUST_004970
REF_002700,ORD_078253,PAY_064331,2026-02-07T16:53:38,FULL,CUSTOMER_REQUEST,1008.43,INR,SUCCESS,PayFlow,RF_00002700,CUST_003575
REF_002701,ORD_078266,PAY_064343,2026-03-05T17:47:13,FULL,RETURNED_ORDER,840.28,INR,SUCCESS,PayFlow,RF_00002701,CUST_008249
REF_002702,ORD_078290,PAY_064362,2026-02-21T21:25:18,FULL,RETURNED_ORDER,1143.42,INR,SUCCESS,PayFlow,RF_00002702,CUST_000689
REF_002703,ORD_078299,,2026-03-05T04:59:43,FULL,RETURNED_ORDER,813.33,INR,SUCCESS,,,CUST_005143
REF_002704,ORD_078306,PAY_064376,2026-03-01T04:43:15,FULL,RETURNED_ORDER,731.60,INR,SUCCESS,PayFlow,RF_00002704,CUST_008197
REF_002705,ORD_078324,,2026-02-12T08:21:06,FULL,RETURNED_ORDER,295.00,INR,SUCCESS,,,CUST_002103
REF_002706,ORD_078379,,2026-02-15T04:41:12,FULL,RETURNED_ORDER,395.30,INR,SUCCESS,,,CUST_002413
REF_002707,ORD_078395,PAY_064446,2026-02-17T11:15:18,PARTIAL,CUSTOMER_REQUEST,723.20,INR,SUCCESS,PayFlow,RF_00002707,CUST_008108
REF_002708,ORD_078397,PAY_064448,2026-02-24T14:52:45,FULL,RETURNED_ORDER,952.38,INR,SUCCESS,PayFlow,RF_00002708,CUST_001204
REF_002709,ORD_078408,,2026-02-28T01:28:07,FULL,RETURNED_ORDER,3072.66,INR,SUCCESS,,,CUST_004752
REF_002710,ORD_078495,,2026-02-12T14:01:01,FULL,RETURNED_ORDER,555.32,INR,SUCCESS,,,CUST_005712
REF_002711,ORD_078501,PAY_064540,2026-02-22T11:22:56,FULL,RETURNED_ORDER,283.14,INR,SUCCESS,PayFlow,RF_00002711,CUST_004082
REF_002712,ORD_078502,PAY_064541,2026-02-21T18:23:29,FULL,RETURNED_ORDER,948.72,INR,SUCCESS,PayFlow,RF_00002712,CUST_007235
REF_002713,ORD_078506,PAY_064545,2026-03-02T10:33:21,FULL,RETURNED_ORDER,1465.27,INR,SUCCESS,PayFlow,RF_00002713,CUST_000513
REF_002714,ORD_078507,PAY_064546,2026-02-09T12:20:50,FULL,RETURNED_ORDER,1017.16,INR,SUCCESS,PayFlow,RF_00002714,CUST_004118
REF_002715,ORD_078533,,2026-02-20T21:32:34,FULL,RETURNED_ORDER,465.42,INR,SUCCESS,,,CUST_000721
REF_002716,ORD_078626,PAY_064648,2026-03-03T02:31:52,FULL,RETURNED_ORDER,1943.81,INR,SUCCESS,PayFlow,RF_00002716,CUST_003072
REF_002717,ORD_078677,PAY_064689,2026-03-10T08:51:38,FULL,RETURNED_ORDER,1496.32,INR,SUCCESS,PayFlow,RF_00002717,CUST_008073
REF_002718,ORD_078697,PAY_064708,2026-02-28T01:48:59,FULL,CUSTOMER_REQUEST,306.80,INR,SUCCESS,PayFlow,RF_00002718,CUST_006581
REF_002719,ORD_078748,PAY_064750,2026-02-09T03:39:46,PARTIAL,CUSTOMER_REQUEST,1163.07,INR,SUCCESS,PayFlow,RF_00002719,CUST_008492
REF_002720,ORD_078749,PAY_064751,2026-03-06T03:36:13,FULL,RETURNED_ORDER,773.02,INR,SUCCESS,PayFlow,RF_00002720,CUST_003967
REF_002721,ORD_078751,PAY_064752,2026-02-16T04:42:18,FULL,RETURNED_ORDER,481.09,INR,SUCCESS,PayFlow,RF_00002721,CUST_006891
REF_002722,ORD_078776,PAY_064774,2026-02-27T10:46:05,FULL,RETURNED_ORDER,395.30,INR,SUCCESS,PayFlow,RF_00002722,CUST_007227
REF_002723,ORD_078791,PAY_064785,2026-02-18T00:01:04,FULL,CUSTOMER_REQUEST,2091.04,INR,SUCCESS,PayFlow,RF_00002723,CUST_001377
REF_002724,ORD_078797,PAY_064789,2026-02-07T23:51:39,FULL,CUSTOMER_REQUEST,1707.28,INR,SUCCESS,PayFlow,RF_00002724,CUST_007191
REF_002725,ORD_078805,,2026-02-25T08:07:48,FULL,RETURNED_ORDER,939.26,INR,SUCCESS,,,CUST_008448
REF_002726,ORD_078821,PAY_064808,2026-02-14T22:32:25,FULL,CUSTOMER_REQUEST,546.34,INR,SUCCESS,PayFlow,RF_00002726,CUST_007764
REF_002727,ORD_078854,PAY_064836,2026-03-04T09:13:38,FULL,RETURNED_ORDER,534.54,INR,SUCCESS,PayFlow,RF_00002727,CUST_008383
REF_002728,ORD_078897,PAY_064872,2026-02-24T01:51:51,FULL,RETURNED_ORDER,707.68,INR,SUCCESS,PayFlow,RF_00002728,CUST_003001
REF_002729,ORD_078913,PAY_064884,2026-02-15T12:59:26,FULL,RETURNED_ORDER,2186.40,INR,SUCCESS,PayFlow,RF_00002729,CUST_006126
REF_002730,ORD_078936,PAY_064903,2026-02-06T20:48:17,PARTIAL,CUSTOMER_REQUEST,147.37,INR,SUCCESS,PayFlow,RF_00002730,CUST_001685
REF_002731,ORD_078937,PAY_064904,2026-02-17T20:13:49,FULL,RETURNED_ORDER,534.30,INR,SUCCESS,PayFlow,RF_00002731,CUST_008234
REF_002732,ORD_079005,,2026-02-26T10:50:03,FULL,RETURNED_ORDER,2549.98,INR,SUCCESS,,,CUST_008172
REF_002733,ORD_079009,,2026-02-27T06:26:56,FULL,RETURNED_ORDER,981.11,INR,SUCCESS,,,CUST_002145
REF_002734,ORD_079028,PAY_064972,2026-03-05T14:03:18,FULL,RETURNED_ORDER,854.32,INR,SUCCESS,PayFlow,RF_00002734,CUST_006120
REF_002735,ORD_079076,PAY_065014,2026-02-21T04:07:01,FULL,RETURNED_ORDER,295.00,INR,SUCCESS,PayFlow,RF_00002735,CUST_002897
REF_002736,ORD_079192,PAY_065112,2026-02-24T03:33:22,FULL,RETURNED_ORDER,669.06,INR,SUCCESS,PayFlow,RF_00002736,CUST_008149
REF_002737,ORD_079195,PAY_065114,2026-02-16T13:18:10,FULL,RETURNED_ORDER,2231.38,INR,SUCCESS,PayFlow,RF_00002737,CUST_007803
REF_002738,ORD_079205,PAY_065121,2026-02-20T12:45:53,FULL,RETURNED_ORDER,754.93,INR,SUCCESS,PayFlow,RF_00002738,CUST_002956
REF_002739,ORD_079213,PAY_065126,2026-03-13T05:49:23,FULL,RETURNED_ORDER,2236.10,INR,SUCCESS,PayFlow,RF_00002739,CUST_002258
REF_002740,ORD_079247,PAY_065151,2026-02-22T22:46:29,FULL,CUSTOMER_REQUEST,379.61,INR,SUCCESS,PayFlow,RF_00002740,CUST_008172
REF_002741,ORD_079264,PAY_065164,2026-02-17T03:12:07,FULL,RETURNED_ORDER,337.99,INR,SUCCESS,PayFlow,RF_00002741,CUST_003328
REF_002742,ORD_079276,PAY_065172,2026-02-16T14:16:20,FULL,RETURNED_ORDER,827.18,INR,SUCCESS,PayFlow,RF_00002742,CUST_003811
REF_002743,ORD_079311,PAY_065203,2026-02-18T08:24:26,FULL,RETURNED_ORDER,306.74,INR,SUCCESS,PayFlow,RF_00002743,CUST_002313
REF_002744,ORD_079325,PAY_065213,2026-02-26T01:53:28,FULL,CUSTOMER_REQUEST,1139.88,INR,SUCCESS,PayFlow,RF_00002744,CUST_006282
REF_002745,ORD_079384,,2026-03-05T23:59:36,FULL,RETURNED_ORDER,434.24,INR,SUCCESS,,,CUST_002728
REF_002746,ORD_079514,PAY_065369,2026-03-05T20:49:42,FULL,RETURNED_ORDER,800.46,INR,SUCCESS,PayFlow,RF_00002746,CUST_004931
REF_002747,ORD_079538,PAY_065388,2026-02-25T04:30:07,FULL,RETURNED_ORDER,648.50,INR,SUCCESS,PayFlow,RF_00002747,CUST_001177
REF_002748,ORD_079599,,2026-02-12T23:24:23,FULL,RETURNED_ORDER,576.90,INR,SUCCESS,,,CUST_006382
REF_002749,ORD_079600,PAY_065445,2026-02-08T01:58:02,FULL,CUSTOMER_REQUEST,827.18,INR,SUCCESS,PayFlow,RF_00002749,CUST_007399
REF_002750,ORD_079678,PAY_065503,2026-02-27T22:46:18,FULL,RETURNED_ORDER,306.74,INR,SUCCESS,PayFlow,RF_00002750,CUST_006054
REF_002751,ORD_079693,PAY_065517,2026-03-03T07:57:51,FULL,RETURNED_ORDER,2756.50,INR,SUCCESS,PayFlow,RF_00002751,CUST_001043
REF_002752,ORD_079778,PAY_065590,2026-02-13T07:01:39,FULL,RETURNED_ORDER,294.88,INR,SUCCESS,PayFlow,RF_00002752,CUST_003830
REF_002753,ORD_079898,PAY_065685,2026-03-01T20:55:34,FULL,CUSTOMER_REQUEST,506.81,INR,SUCCESS,PayFlow,RF_00002753,CUST_002234
REF_002754,ORD_079923,PAY_065707,2026-02-28T09:43:44,FULL,RETURNED_ORDER,617.14,INR,SUCCESS,PayFlow,RF_00002754,CUST_002971
REF_002755,ORD_079944,,2026-03-03T20:02:09,FULL,RETURNED_ORDER,1016.81,INR,SUCCESS,,,CUST_006090
REF_002756,ORD_079982,PAY_065753,2026-02-13T12:47:46,FULL,RETURNED_ORDER,620.92,INR,SUCCESS,PayFlow,RF_00002756,CUST_000014
REF_002757,ORD_079985,PAY_065755,2026-02-20T00:39:47,FULL,CUSTOMER_REQUEST,777.03,INR,SUCCESS,PayFlow,RF_00002757,CUST_007389
REF_002758,ORD_080006,PAY_065775,2026-03-01T08:08:16,FULL,RETURNED_ORDER,1631.82,INR,SUCCESS,PayFlow,RF_00002758,CUST_002608
REF_002759,ORD_080012,PAY_065781,2026-02-06T21:48:38,PARTIAL,CUSTOMER_REQUEST,471.43,INR,SUCCESS,PayFlow,RF_00002759,CUST_008338
REF_002760,ORD_080035,PAY_065800,2026-02-20T04:36:19,FULL,RETURNED_ORDER,778.58,INR,SUCCESS,PayFlow,RF_00002760,CUST_005953
REF_002761,ORD_080045,PAY_065809,2026-03-03T18:02:44,FULL,RETURNED_ORDER,558.14,INR,SUCCESS,PayFlow,RF_00002761,CUST_003228
REF_002762,ORD_080129,PAY_065874,2026-02-11T15:33:06,FULL,RETURNED_ORDER,918.04,INR,SUCCESS,PayFlow,RF_00002762,CUST_003622
REF_002763,ORD_080149,PAY_065888,2026-03-03T11:01:49,FULL,RETURNED_ORDER,306.80,INR,SUCCESS,PayFlow,RF_00002763,CUST_007459
REF_002764,ORD_080174,PAY_065909,2026-03-09T17:28:37,FULL,RETURNED_ORDER,558.14,INR,SUCCESS,PayFlow,RF_00002764,CUST_001124
REF_002765,ORD_080222,PAY_065949,2026-02-06T23:20:57,PARTIAL,CUSTOMER_REQUEST,260.83,INR,SUCCESS,PayFlow,RF_00002765,CUST_005993
REF_002766,ORD_080229,PAY_065954,2026-02-11T21:18:37,FULL,CUSTOMER_REQUEST,1568.22,INR,SUCCESS,PayFlow,RF_00002766,CUST_002210
REF_002767,ORD_080237,PAY_065959,2026-03-02T03:43:03,FULL,CUSTOMER_REQUEST,1340.48,INR,SUCCESS,PayFlow,RF_00002767,CUST_007069
REF_002768,ORD_080240,PAY_065961,2026-02-26T14:07:25,FULL,RETURNED_ORDER,371.70,INR,SUCCESS,PayFlow,RF_00002768,CUST_002142
REF_002769,ORD_080250,PAY_065969,2026-03-04T14:01:52,FULL,RETURNED_ORDER,966.42,INR,SUCCESS,PayFlow,RF_00002769,CUST_003163
REF_002770,ORD_080270,PAY_065983,2026-03-02T21:07:10,FULL,RETURNED_ORDER,522.50,INR,SUCCESS,PayFlow,RF_00002770,CUST_003090
REF_002771,ORD_080331,PAY_066036,2026-02-23T09:56:40,FULL,RETURNED_ORDER,295.00,INR,SUCCESS,PayFlow,RF_00002771,CUST_002921
REF_002772,ORD_080344,,2026-02-24T18:11:07,FULL,RETURNED_ORDER,2246.72,INR,SUCCESS,,,CUST_002043
REF_002773,ORD_080375,PAY_066072,2026-03-04T21:00:30,FULL,CUSTOMER_REQUEST,414.18,INR,SUCCESS,PayFlow,RF_00002773,CUST_005641
REF_002774,ORD_080402,PAY_066097,2026-02-15T01:25:34,FULL,CUSTOMER_REQUEST,2316.16,INR,SUCCESS,PayFlow,RF_00002774,CUST_002883
REF_002775,ORD_080403,PAY_066098,2026-03-04T18:12:31,FULL,RETURNED_ORDER,1504.50,INR,SUCCESS,PayFlow,RF_00002775,CUST_003753
REF_002776,ORD_080472,PAY_066156,2026-03-09T01:02:18,FULL,RETURNED_ORDER,791.78,INR,SUCCESS,PayFlow,RF_00002776,CUST_005986
REF_002777,ORD_080523,PAY_066195,2026-02-21T13:06:12,FULL,RETURNED_ORDER,1519.84,INR,SUCCESS,PayFlow,RF_00002777,CUST_008193
REF_002778,ORD_080537,PAY_066206,2026-03-05T00:38:19,FULL,CUSTOMER_REQUEST,1748.76,INR,SUCCESS,PayFlow,RF_00002778,CUST_004694
REF_002779,ORD_080605,PAY_066262,2026-03-03T02:56:35,FULL,CUSTOMER_REQUEST,1313.34,INR,SUCCESS,PayFlow,RF_00002779,CUST_003552
REF_002780,ORD_080628,PAY_066281,2026-02-19T02:04:33,FULL,RETURNED_ORDER,1005.66,INR,SUCCESS,PayFlow,RF_00002780,CUST_005833
REF_002781,ORD_080729,PAY_066365,2026-02-13T03:07:48,PARTIAL,CUSTOMER_REQUEST,282.02,INR,SUCCESS,PayFlow,RF_00002781,CUST_002299
REF_002782,ORD_080736,,2026-02-17T12:00:53,FULL,RETURNED_ORDER,318.60,INR,SUCCESS,,,CUST_001105
REF_002783,ORD_080786,PAY_066414,2026-02-13T00:46:54,PARTIAL,CUSTOMER_REQUEST,1397.06,INR,SUCCESS,PayFlow,RF_00002783,CUST_006799
REF_002784,ORD_080819,PAY_066443,2026-02-26T03:06:16,FULL,CUSTOMER_REQUEST,1511.22,INR,SUCCESS,PayFlow,RF_00002784,CUST_007807
REF_002785,ORD_080821,PAY_066444,2026-02-10T04:17:00,FULL,RETURNED_ORDER,532.18,INR,SUCCESS,PayFlow,RF_00002785,CUST_001497
REF_002786,ORD_080827,PAY_066449,2026-02-07T22:53:37,PARTIAL,CUSTOMER_REQUEST,653.92,INR,SUCCESS,PayFlow,RF_00002786,CUST_005270
REF_002787,ORD_080869,PAY_066484,2026-03-10T02:10:56,FULL,RETURNED_ORDER,295.00,INR,SUCCESS,PayFlow,RF_00002787,CUST_004052
REF_002788,ORD_080882,PAY_066495,2026-02-16T12:25:45,FULL,RETURNED_ORDER,534.54,INR,SUCCESS,PayFlow,RF_00002788,CUST_003774
REF_002789,ORD_080941,PAY_066546,2026-02-08T21:39:42,FULL,RETURNED_ORDER,4079.26,INR,SUCCESS,PayFlow,RF_00002789,CUST_006306
REF_002790,ORD_080966,,2026-03-07T03:33:03,FULL,RETURNED_ORDER,354.00,INR,SUCCESS,,,CUST_005486
REF_002791,ORD_080968,PAY_066569,2026-03-08T12:09:17,FULL,RETURNED_ORDER,395.30,INR,SUCCESS,PayFlow,RF_00002791,CUST_006437
REF_002792,ORD_080975,PAY_066572,2026-03-01T01:05:28,FULL,RETURNED_ORDER,1340.48,INR,SUCCESS,PayFlow,RF_00002792,CUST_007652
REF_002793,ORD_081016,,2026-02-23T20:09:24,FULL,RETURNED_ORDER,439.02,INR,SUCCESS,,,CUST_006237
REF_002794,ORD_081030,PAY_066617,2026-02-12T17:30:34,PARTIAL,CUSTOMER_REQUEST,267.27,INR,SUCCESS,PayFlow,RF_00002794,CUST_001661
REF_002795,ORD_081196,PAY_066749,2026-02-25T15:50:48,FULL,RETURNED_ORDER,1227.88,INR,SUCCESS,PayFlow,RF_00002795,CUST_001934
REF_002796,ORD_081210,,2026-03-05T07:11:45,FULL,RETURNED_ORDER,2236.10,INR,SUCCESS,,,CUST_007588
REF_002797,ORD_081218,,2026-02-14T04:57:50,FULL,RETURNED_ORDER,427.22,INR,SUCCESS,,,CUST_005213
REF_002798,ORD_081274,PAY_066806,2026-02-19T00:31:35,PARTIAL,CUSTOMER_REQUEST,110.45,INR,SUCCESS,PayFlow,RF_00002798,CUST_001762
REF_002799,ORD_081303,PAY_066828,2026-02-06T18:53:05,FULL,CUSTOMER_REQUEST,855.97,INR,SUCCESS,PayFlow,RF_00002799,CUST_000820
REF_002800,ORD_081366,PAY_066881,2026-03-01T12:21:56,FULL,RETURNED_ORDER,2011.90,INR,SUCCESS,PayFlow,RF_00002800,CUST_004908
REF_002801,ORD_081398,PAY_066906,2026-02-19T09:54:08,FULL,RETURNED_ORDER,2104.12,INR,SUCCESS,PayFlow,RF_00002801,CUST_007798
REF_002802,ORD_081405,PAY_066913,2026-02-16T04:45:18,FULL,CUSTOMER_REQUEST,390.58,INR,SUCCESS,PayFlow,RF_00002802,CUST_005520
REF_002803,ORD_081493,PAY_066984,2026-03-01T22:48:30,FULL,CUSTOMER_REQUEST,1225.76,INR,SUCCESS,PayFlow,RF_00002803,CUST_002510
REF_002804,ORD_081503,PAY_066993,2026-02-27T22:23:49,FULL,CUSTOMER_REQUEST,576.90,INR,SUCCESS,PayFlow,RF_00002804,CUST_005064
REF_002805,ORD_081518,PAY_067007,2026-02-27T01:54:02,FULL,CUSTOMER_REQUEST,2796.60,INR,SUCCESS,PayFlow,RF_00002805,CUST_000626
REF_002806,ORD_081547,PAY_067033,2026-03-07T08:09:34,FULL,RETURNED_ORDER,1361.72,INR,SUCCESS,PayFlow,RF_00002806,CUST_008497
REF_002807,ORD_081550,PAY_067036,2026-02-24T01:54:03,FULL,RETURNED_ORDER,1906.88,INR,SUCCESS,PayFlow,RF_00002807,CUST_006375
REF_002808,ORD_081583,PAY_067064,2026-03-02T06:27:04,FULL,RETURNED_ORDER,505.98,INR,SUCCESS,PayFlow,RF_00002808,CUST_007036
REF_002809,ORD_081591,PAY_067071,2026-02-22T09:55:46,FULL,RETURNED_ORDER,1781.80,INR,SUCCESS,PayFlow,RF_00002809,CUST_003418
REF_002810,ORD_081596,,2026-02-25T05:37:36,FULL,RETURNED_ORDER,1289.74,INR,SUCCESS,,,CUST_006230
REF_002811,ORD_081604,PAY_067080,2026-03-04T20:10:55,FULL,RETURNED_ORDER,1378.83,INR,SUCCESS,PayFlow,RF_00002811,CUST_007530
REF_002812,ORD_081608,PAY_067083,2026-03-09T03:11:31,FULL,RETURNED_ORDER,1360.54,INR,SUCCESS,PayFlow,RF_00002812,CUST_000135
REF_002813,ORD_081651,PAY_067115,2026-02-17T18:04:50,FULL,RETURNED_ORDER,414.18,INR,SUCCESS,PayFlow,RF_00002813,CUST_003048
REF_002814,ORD_081663,PAY_067123,2026-03-03T23:54:07,FULL,RETURNED_ORDER,336.18,INR,SUCCESS,PayFlow,RF_00002814,CUST_000524
REF_002815,ORD_081680,PAY_067138,2026-03-05T23:00:33,FULL,RETURNED_ORDER,283.67,INR,SUCCESS,PayFlow,RF_00002815,CUST_006239
REF_002816,ORD_081712,PAY_067167,2026-03-07T15:26:14,FULL,RETURNED_ORDER,584.22,INR,SUCCESS,PayFlow,RF_00002816,CUST_004310
REF_002817,ORD_081737,PAY_067190,2026-02-25T00:42:59,PARTIAL,CUSTOMER_REQUEST,687.23,INR,SUCCESS,PayFlow,RF_00002817,CUST_006989
REF_002818,ORD_081797,PAY_067241,2026-02-16T01:19:20,PARTIAL,CUSTOMER_REQUEST,417.27,INR,SUCCESS,PayFlow,RF_00002818,CUST_002606
REF_002819,ORD_081801,PAY_067245,2026-02-13T07:06:59,FULL,RETURNED_ORDER,640.74,INR,SUCCESS,PayFlow,RF_00002819,CUST_000374
REF_002820,ORD_081815,PAY_067256,2026-02-27T22:14:04,FULL,RETURNED_ORDER,690.30,INR,SUCCESS,PayFlow,RF_00002820,CUST_007718
REF_002821,ORD_081819,PAY_067260,2026-02-12T18:36:13,FULL,CUSTOMER_REQUEST,1189.44,INR,SUCCESS,PayFlow,RF_00002821,CUST_002433
REF_002822,ORD_081860,PAY_067295,2026-03-15T14:34:08,FULL,RETURNED_ORDER,612.93,INR,SUCCESS,PayFlow,RF_00002822,CUST_006166
REF_002823,ORD_081863,PAY_067298,2026-03-04T13:19:15,FULL,RETURNED_ORDER,5786.72,INR,SUCCESS,PayFlow,RF_00002823,CUST_001392
REF_002824,ORD_081882,PAY_067313,2026-02-10T22:47:05,FULL,CUSTOMER_REQUEST,1540.99,INR,SUCCESS,PayFlow,RF_00002824,CUST_005364
REF_002825,ORD_081936,PAY_067357,2026-03-01T16:25:35,FULL,RETURNED_ORDER,620.68,INR,SUCCESS,PayFlow,RF_00002825,CUST_002018
REF_002826,ORD_082001,PAY_067411,2026-02-11T03:38:56,FULL,RETURNED_ORDER,722.16,INR,SUCCESS,PayFlow,RF_00002826,CUST_002902
REF_002827,ORD_082021,PAY_067426,2026-02-12T02:35:21,PARTIAL,CUSTOMER_REQUEST,387.77,INR,SUCCESS,PayFlow,RF_00002827,CUST_002920
REF_002828,ORD_082044,PAY_067445,2026-02-22T20:12:14,FULL,CUSTOMER_REQUEST,1484.00,INR,SUCCESS,PayFlow,RF_00002828,CUST_008209
REF_002829,ORD_082064,PAY_067462,2026-02-27T15:39:16,FULL,CUSTOMER_REQUEST,695.73,INR,SUCCESS,PayFlow,RF_00002829,CUST_003543
REF_002830,ORD_082102,PAY_067492,2026-02-10T01:40:47,FULL,CUSTOMER_REQUEST,1212.45,INR,SUCCESS,PayFlow,RF_00002830,CUST_001086
REF_002831,ORD_082116,PAY_067505,2026-03-01T09:21:53,FULL,RETURNED_ORDER,1106.84,INR,SUCCESS,PayFlow,RF_00002831,CUST_005031
REF_002832,ORD_082200,PAY_067579,2026-02-28T01:53:47,FULL,CUSTOMER_REQUEST,295.00,INR,SUCCESS,PayFlow,RF_00002832,CUST_001237
REF_002833,ORD_082247,,2026-02-27T06:24:41,FULL,RETURNED_ORDER,690.10,INR,SUCCESS,,,CUST_003379
REF_002834,ORD_082251,PAY_067622,2026-02-09T23:38:32,FULL,CUSTOMER_REQUEST,1489.81,INR,SUCCESS,PayFlow,RF_00002834,CUST_006597
REF_002835,ORD_082255,PAY_067626,2026-02-16T05:20:24,FULL,RETURNED_ORDER,2543.55,INR,SUCCESS,PayFlow,RF_00002835,CUST_002097
REF_002836,ORD_082304,PAY_067668,2026-03-02T00:17:58,PARTIAL,CUSTOMER_REQUEST,486.69,INR,SUCCESS,PayFlow,RF_00002836,CUST_001740
REF_002837,ORD_082337,PAY_067695,2026-02-28T09:18:08,FULL,RETURNED_ORDER,579.82,INR,SUCCESS,PayFlow,RF_00002837,CUST_000718
REF_002838,ORD_082442,,2026-03-04T09:31:48,FULL,RETURNED_ORDER,1017.16,INR,SUCCESS,,,CUST_004165
REF_002839,ORD_082450,PAY_067785,2026-02-27T22:25:04,FULL,CUSTOMER_REQUEST,666.58,INR,SUCCESS,PayFlow,RF_00002839,CUST_001369
REF_002840,ORD_082482,PAY_067810,2026-02-18T07:48:58,FULL,RETURNED_ORDER,686.70,INR,SUCCESS,PayFlow,RF_00002840,CUST_006096
REF_002841,ORD_082521,PAY_067840,2026-02-11T16:58:47,FULL,CUSTOMER_REQUEST,1347.56,INR,SUCCESS,PayFlow,RF_00002841,CUST_007639
REF_002842,ORD_082534,PAY_067851,2026-02-21T14:12:05,PARTIAL,CUSTOMER_REQUEST,1250.67,INR,SUCCESS,PayFlow,RF_00002842,CUST_004484
REF_002843,ORD_082563,PAY_067876,2026-02-25T22:15:46,FULL,CUSTOMER_REQUEST,1092.56,INR,SUCCESS,PayFlow,RF_00002843,CUST_006294
REF_002844,ORD_082565,PAY_067878,2026-03-01T13:11:02,FULL,RETURNED_ORDER,365.80,INR,SUCCESS,PayFlow,RF_00002844,CUST_005846
REF_002845,ORD_082605,PAY_067914,2026-02-21T18:16:10,FULL,CUSTOMER_REQUEST,1222.48,INR,SUCCESS,PayFlow,RF_00002845,CUST_008166
REF_002846,ORD_082675,PAY_067976,2026-03-03T23:59:51,FULL,CUSTOMER_REQUEST,1345.35,INR,SUCCESS,PayFlow,RF_00002846,CUST_007242
REF_002847,ORD_082680,PAY_067980,2026-02-27T05:49:39,FULL,RETURNED_ORDER,484.74,INR,SUCCESS,PayFlow,RF_00002847,CUST_002110
REF_002848,ORD_082728,PAY_068021,2026-03-02T17:24:02,FULL,RETURNED_ORDER,1404.20,INR,SUCCESS,PayFlow,RF_00002848,CUST_002241
REF_002849,ORD_082770,PAY_068059,2026-03-09T18:47:34,FULL,CUSTOMER_REQUEST,893.26,INR,SUCCESS,PayFlow,RF_00002849,CUST_002629
REF_002850,ORD_082783,PAY_068070,2026-03-17T08:03:25,FULL,RETURNED_ORDER,921.58,INR,SUCCESS,PayFlow,RF_00002850,CUST_000013
REF_002851,ORD_082824,,2026-04-07T10:08:10,FULL,RETURNED_ORDER,271.87,INR,SUCCESS,,,CUST_006329
REF_002852,ORD_082900,PAY_068165,2026-04-02T10:13:23,FULL,RETURNED_ORDER,4079.14,INR,SUCCESS,PayFlow,RF_00002852,CUST_004805
REF_002853,ORD_082908,PAY_068172,2026-03-15T21:10:41,FULL,CUSTOMER_REQUEST,1817.20,INR,SUCCESS,PayFlow,RF_00002853,CUST_006309
REF_002854,ORD_082909,PAY_068173,2026-04-12T06:27:45,FULL,RETURNED_ORDER,1340.48,INR,SUCCESS,PayFlow,RF_00002854,CUST_006694
REF_002855,ORD_082951,PAY_068203,2026-03-07T23:16:32,FULL,CUSTOMER_REQUEST,2076.21,INR,SUCCESS,PayFlow,RF_00002855,CUST_003909
REF_002856,ORD_083023,PAY_068261,2026-03-10T12:08:33,FULL,RETURNED_ORDER,306.80,INR,SUCCESS,PayFlow,RF_00002856,CUST_003440
REF_002857,ORD_083024,PAY_068262,2026-03-09T01:07:33,PARTIAL,CUSTOMER_REQUEST,126.13,INR,SUCCESS,PayFlow,RF_00002857,CUST_007525
REF_002858,ORD_083085,,2026-04-04T15:43:32,FULL,RETURNED_ORDER,922.41,INR,SUCCESS,,,CUST_001988
REF_002859,ORD_083129,PAY_068341,2026-04-02T03:46:20,FULL,RETURNED_ORDER,295.47,INR,SUCCESS,PayFlow,RF_00002859,CUST_008190
REF_002860,ORD_083150,PAY_068355,2026-03-30T12:23:37,FULL,RETURNED_ORDER,2290.20,INR,SUCCESS,PayFlow,RF_00002860,CUST_006138
REF_002861,ORD_083155,PAY_068360,2026-03-20T02:41:18,FULL,CUSTOMER_REQUEST,1227.08,INR,SUCCESS,PayFlow,RF_00002861,CUST_007497
REF_002862,ORD_083177,PAY_068381,2026-04-15T09:41:22,FULL,RETURNED_ORDER,607.82,INR,SUCCESS,PayFlow,RF_00002862,CUST_006537
REF_002863,ORD_083185,,2026-03-24T11:12:54,FULL,RETURNED_ORDER,800.46,INR,SUCCESS,,,CUST_006014
REF_002864,ORD_083270,PAY_068457,2026-04-04T20:43:29,FULL,RETURNED_ORDER,2572.50,INR,SUCCESS,PayFlow,RF_00002864,CUST_000690
REF_002865,ORD_083284,PAY_068470,2026-03-10T03:57:49,FULL,RETURNED_ORDER,1032.42,INR,SUCCESS,PayFlow,RF_00002865,CUST_003049
REF_002866,ORD_083288,PAY_068474,2026-03-14T23:55:55,FULL,RETURNED_ORDER,306.80,INR,SUCCESS,PayFlow,RF_00002866,CUST_002662
REF_002867,ORD_083292,,2026-03-08T12:53:19,FULL,RETURNED_ORDER,754.93,INR,SUCCESS,,,CUST_003123
REF_002868,ORD_083412,PAY_068569,2026-03-11T18:28:26,FULL,CUSTOMER_REQUEST,1060.58,INR,SUCCESS,PayFlow,RF_00002868,CUST_002997
REF_002869,ORD_083486,PAY_068628,2026-04-01T16:49:44,FULL,RETURNED_ORDER,283.08,INR,SUCCESS,PayFlow,RF_00002869,CUST_004411
REF_002870,ORD_083528,PAY_068660,2026-03-31T16:17:17,FULL,CUSTOMER_REQUEST,582.45,INR,SUCCESS,PayFlow,RF_00002870,CUST_004500
REF_002871,ORD_083545,,2026-03-23T14:50:55,FULL,RETURNED_ORDER,283.08,INR,SUCCESS,,,CUST_004576
REF_002872,ORD_083569,PAY_068693,2026-04-02T01:16:18,FULL,RETURNED_ORDER,2175.86,INR,SUCCESS,PayFlow,RF_00002872,CUST_004838
REF_002873,ORD_083577,,2026-03-29T18:31:04,FULL,RETURNED_ORDER,420.08,INR,SUCCESS,,,CUST_005247
REF_002874,ORD_083613,PAY_068732,2026-03-26T07:05:14,FULL,CUSTOMER_REQUEST,848.18,INR,SUCCESS,PayFlow,RF_00002874,CUST_000585
REF_002875,ORD_083659,PAY_068767,2026-03-08T23:30:09,FULL,CUSTOMER_REQUEST,791.78,INR,SUCCESS,PayFlow,RF_00002875,CUST_003918
REF_002876,ORD_083661,PAY_068769,2026-03-23T23:33:04,FULL,CUSTOMER_REQUEST,1169.32,INR,SUCCESS,PayFlow,RF_00002876,CUST_006253
REF_002877,ORD_083672,PAY_068779,2026-03-31T22:45:01,FULL,CUSTOMER_REQUEST,3072.66,INR,SUCCESS,PayFlow,RF_00002877,CUST_002230
REF_002878,ORD_083729,PAY_068822,2026-04-05T05:03:55,FULL,RETURNED_ORDER,704.46,INR,SUCCESS,PayFlow,RF_00002878,CUST_000627
REF_002879,ORD_083758,PAY_068845,2026-03-12T01:39:24,PARTIAL,CUSTOMER_REQUEST,419.64,INR,SUCCESS,PayFlow,RF_00002879,CUST_004045
REF_002880,ORD_083778,PAY_068860,2026-03-28T14:11:47,FULL,RETURNED_ORDER,356.01,INR,SUCCESS,PayFlow,RF_00002880,CUST_007019
REF_002881,ORD_083792,PAY_068871,2026-04-04T03:33:34,FULL,RETURNED_ORDER,383.50,INR,SUCCESS,PayFlow,RF_00002881,CUST_003794
REF_002882,ORD_083796,PAY_068874,2026-04-04T03:14:11,PARTIAL,CUSTOMER_REQUEST,1149.46,INR,SUCCESS,PayFlow,RF_00002882,CUST_000316
REF_002883,ORD_083822,PAY_068897,2026-03-12T10:30:23,FULL,RETURNED_ORDER,1066.72,INR,SUCCESS,PayFlow,RF_00002883,CUST_006781
REF_002884,ORD_083851,PAY_068921,2026-03-14T13:45:03,FULL,RETURNED_ORDER,362.79,INR,SUCCESS,PayFlow,RF_00002884,CUST_007386
REF_002885,ORD_083854,PAY_068924,2026-03-12T19:56:23,FULL,CUSTOMER_REQUEST,790.38,INR,SUCCESS,PayFlow,RF_00002885,CUST_003615
REF_002886,ORD_083860,PAY_068928,2026-03-29T12:39:46,FULL,RETURNED_ORDER,3686.20,INR,SUCCESS,PayFlow,RF_00002886,CUST_005387
REF_002887,ORD_083874,PAY_068939,2026-03-23T18:00:09,FULL,RETURNED_ORDER,391.35,INR,SUCCESS,PayFlow,RF_00002887,CUST_006873
REF_002888,ORD_083875,PAY_068940,2026-03-29T14:33:14,FULL,RETURNED_ORDER,294.94,INR,SUCCESS,PayFlow,RF_00002888,CUST_001728
REF_002889,ORD_083880,PAY_068944,2026-03-31T22:45:12,FULL,RETURNED_ORDER,4062.75,INR,SUCCESS,PayFlow,RF_00002889,CUST_000242
REF_002890,ORD_083898,PAY_068960,2026-03-29T17:08:36,PARTIAL,CUSTOMER_REQUEST,384.44,INR,SUCCESS,PayFlow,RF_00002890,CUST_000293
REF_002891,ORD_083948,,2026-04-06T01:16:25,FULL,RETURNED_ORDER,1757.73,INR,SUCCESS,,,CUST_001786
REF_002892,ORD_083973,PAY_069023,2026-04-04T03:46:39,FULL,RETURNED_ORDER,2677.42,INR,SUCCESS,PayFlow,RF_00002892,CUST_008042
REF_002893,ORD_084070,,2026-03-21T19:04:42,FULL,RETURNED_ORDER,606.52,INR,SUCCESS,,,CUST_004014
REF_002894,ORD_084075,PAY_069107,2026-03-25T13:46:29,FULL,RETURNED_ORDER,779.98,INR,SUCCESS,PayFlow,RF_00002894,CUST_004763
REF_002895,ORD_084083,PAY_069114,2026-04-05T16:11:48,FULL,RETURNED_ORDER,676.49,INR,SUCCESS,PayFlow,RF_00002895,CUST_005532
REF_002896,ORD_084140,PAY_069166,2026-03-07T22:47:40,FULL,CUSTOMER_REQUEST,1042.12,INR,SUCCESS,PayFlow,RF_00002896,CUST_000373
REF_002897,ORD_084347,,2026-03-22T10:31:26,FULL,RETURNED_ORDER,683.93,INR,SUCCESS,,,CUST_004832
REF_002898,ORD_084426,PAY_069397,2026-04-08T23:22:19,FULL,RETURNED_ORDER,1232.63,INR,SUCCESS,PayFlow,RF_00002898,CUST_000815
REF_002899,ORD_084443,PAY_069410,2026-03-22T22:01:24,PARTIAL,CUSTOMER_REQUEST,1175.19,INR,SUCCESS,PayFlow,RF_00002899,CUST_005728
REF_002900,ORD_084466,PAY_069429,2026-04-02T18:58:21,FULL,CUSTOMER_REQUEST,3067.06,INR,SUCCESS,PayFlow,RF_00002900,CUST_007764
REF_002901,ORD_084470,PAY_069432,2026-03-21T03:53:01,FULL,RETURNED_ORDER,596.02,INR,SUCCESS,PayFlow,RF_00002901,CUST_005740
REF_002902,ORD_084472,PAY_069434,2026-03-19T02:20:48,PARTIAL,CUSTOMER_REQUEST,153.37,INR,SUCCESS,PayFlow,RF_00002902,CUST_004262
REF_002903,ORD_084486,PAY_069442,2026-03-29T18:00:54,FULL,RETURNED_ORDER,2999.36,INR,SUCCESS,PayFlow,RF_00002903,CUST_002248
REF_002904,ORD_084497,PAY_069453,2026-03-25T12:07:10,FULL,RETURNED_ORDER,3170.19,INR,SUCCESS,PayFlow,RF_00002904,CUST_003302
REF_002905,ORD_084544,,2026-03-19T09:27:13,FULL,RETURNED_ORDER,1459.87,INR,SUCCESS,,,CUST_006452
REF_002906,ORD_084580,PAY_069518,2026-03-19T02:18:19,FULL,RETURNED_ORDER,803.58,INR,SUCCESS,PayFlow,RF_00002906,CUST_008156
REF_002907,ORD_084586,PAY_069522,2026-03-30T19:21:47,FULL,CUSTOMER_REQUEST,1110.38,INR,SUCCESS,PayFlow,RF_00002907,CUST_002423
REF_002908,ORD_084599,PAY_069529,2026-03-16T00:15:04,PARTIAL,CUSTOMER_REQUEST,73.13,INR,SUCCESS,PayFlow,RF_00002908,CUST_004025
REF_002909,ORD_084690,PAY_069599,2026-03-31T00:55:37,PARTIAL,CUSTOMER_REQUEST,155.57,INR,SUCCESS,PayFlow,RF_00002909,CUST_007269
REF_002910,ORD_084707,,2026-03-18T05:26:07,FULL,RETURNED_ORDER,1058.93,INR,SUCCESS,,,CUST_008123
REF_002911,ORD_084726,PAY_069629,2026-03-25T23:39:57,FULL,CUSTOMER_REQUEST,837.80,INR,SUCCESS,PayFlow,RF_00002911,CUST_002774
REF_002912,ORD_084728,PAY_069631,2026-03-15T13:07:06,FULL,CUSTOMER_REQUEST,1447.86,INR,SUCCESS,PayFlow,RF_00002912,CUST_004714
REF_002913,ORD_084828,,2026-03-21T10:36:25,FULL,RETURNED_ORDER,1924.58,INR,SUCCESS,,,CUST_007801
REF_002914,ORD_084881,PAY_069755,2026-03-19T21:05:02,PARTIAL,CUSTOMER_REQUEST,496.10,INR,SUCCESS,PayFlow,RF_00002914,CUST_003491
REF_002915,ORD_084910,PAY_069780,2026-03-14T14:12:43,FULL,RETURNED_ORDER,2878.02,INR,SUCCESS,PayFlow,RF_00002915,CUST_005584
REF_002916,ORD_084911,,2026-03-28T06:16:12,FULL,RETURNED_ORDER,962.86,INR,SUCCESS,,,CUST_003867
REF_002917,ORD_084917,PAY_069783,2026-03-20T01:18:38,FULL,RETURNED_ORDER,1451.40,INR,SUCCESS,PayFlow,RF_00002917,CUST_006465
REF_002918,ORD_084943,PAY_069803,2026-03-21T03:12:22,FULL,CUSTOMER_REQUEST,1250.02,INR,SUCCESS,PayFlow,RF_00002918,CUST_001536
REF_002919,ORD_084954,PAY_069813,2026-03-24T19:44:14,FULL,CUSTOMER_REQUEST,1666.56,INR,SUCCESS,PayFlow,RF_00002919,CUST_004724
REF_002920,ORD_084955,PAY_069814,2026-04-05T17:51:49,FULL,RETURNED_ORDER,902.30,INR,SUCCESS,PayFlow,RF_00002920,CUST_004585
REF_002921,ORD_084974,PAY_069830,2026-03-19T06:04:35,FULL,RETURNED_ORDER,350.99,INR,SUCCESS,PayFlow,RF_00002921,CUST_005346
REF_002922,ORD_085039,PAY_069888,2026-03-26T22:29:31,FULL,CUSTOMER_REQUEST,1707.46,INR,SUCCESS,PayFlow,RF_00002922,CUST_003024
REF_002923,ORD_085051,PAY_069896,2026-03-19T04:58:28,FULL,CUSTOMER_REQUEST,7037.87,INR,SUCCESS,PayFlow,RF_00002923,CUST_005478
REF_002924,ORD_085104,,2026-03-20T08:48:45,FULL,RETURNED_ORDER,362.61,INR,SUCCESS,,,CUST_004052
REF_002925,ORD_085110,PAY_069943,2026-03-23T09:22:38,FULL,RETURNED_ORDER,701.90,INR,SUCCESS,PayFlow,RF_00002925,CUST_006214
REF_002926,ORD_085112,PAY_069944,2026-03-09T17:36:50,FULL,CUSTOMER_REQUEST,5688.00,INR,SUCCESS,PayFlow,RF_00002926,CUST_007105
REF_002927,ORD_085119,PAY_069949,2026-03-17T07:11:16,FULL,RETURNED_ORDER,294.94,INR,SUCCESS,PayFlow,RF_00002927,CUST_000108
REF_002928,ORD_085124,PAY_069954,2026-03-20T09:44:20,FULL,RETURNED_ORDER,673.31,INR,SUCCESS,PayFlow,RF_00002928,CUST_000235
REF_002929,ORD_085130,PAY_069959,2026-03-10T18:26:30,PARTIAL,CUSTOMER_REQUEST,144.20,INR,SUCCESS,PayFlow,RF_00002929,CUST_005613
REF_002930,ORD_085135,PAY_069961,2026-03-16T01:25:01,FULL,CUSTOMER_REQUEST,295.00,INR,SUCCESS,PayFlow,RF_00002930,CUST_005482
REF_002931,ORD_085163,PAY_069987,2026-03-26T10:05:56,FULL,RETURNED_ORDER,1707.46,INR,SUCCESS,PayFlow,RF_00002931,CUST_001777
REF_002932,ORD_085174,,2026-04-07T05:20:08,FULL,RETURNED_ORDER,2734.12,INR,SUCCESS,,,CUST_005188
REF_002933,ORD_085176,,2026-04-01T09:56:27,FULL,RETURNED_ORDER,647.28,INR,SUCCESS,,,CUST_006358
REF_002934,ORD_085192,PAY_070009,2026-03-27T00:15:03,FULL,CUSTOMER_REQUEST,4005.86,INR,SUCCESS,PayFlow,RF_00002934,CUST_001029
REF_002935,ORD_085196,PAY_070013,2026-03-22T21:05:10,FULL,CUSTOMER_REQUEST,397.54,INR,SUCCESS,PayFlow,RF_00002935,CUST_002133
REF_002936,ORD_085211,PAY_070026,2026-03-27T03:22:33,FULL,RETURNED_ORDER,618.56,INR,SUCCESS,PayFlow,RF_00002936,CUST_002369
REF_002937,ORD_085222,PAY_070036,2026-04-04T00:36:23,FULL,CUSTOMER_REQUEST,390.58,INR,SUCCESS,PayFlow,RF_00002937,CUST_003067
REF_002938,ORD_085229,PAY_070042,2026-03-31T23:06:43,PARTIAL,CUSTOMER_REQUEST,635.89,INR,SUCCESS,PayFlow,RF_00002938,CUST_008048
REF_002939,ORD_085286,PAY_070086,2026-04-05T05:33:54,FULL,RETURNED_ORDER,2555.88,INR,SUCCESS,PayFlow,RF_00002939,CUST_000213
REF_002940,ORD_085321,PAY_070118,2026-03-12T22:23:21,PARTIAL,CUSTOMER_REQUEST,248.30,INR,SUCCESS,PayFlow,RF_00002940,CUST_000332
REF_002941,ORD_085365,PAY_070153,2026-04-07T00:36:01,FULL,RETURNED_ORDER,877.86,INR,SUCCESS,PayFlow,RF_00002941,CUST_006163
REF_002942,ORD_085400,,2026-04-04T12:08:22,FULL,RETURNED_ORDER,377.60,INR,SUCCESS,,,CUST_005203
REF_002943,ORD_085406,PAY_070183,2026-04-03T03:49:20,PARTIAL,CUSTOMER_REQUEST,166.03,INR,SUCCESS,PayFlow,RF_00002943,CUST_003657
REF_002944,ORD_085409,PAY_070186,2026-03-21T23:39:25,FULL,CUSTOMER_REQUEST,588.82,INR,SUCCESS,PayFlow,RF_00002944,CUST_003799
REF_002945,ORD_085442,PAY_070209,2026-03-30T14:52:51,FULL,CUSTOMER_REQUEST,720.34,INR,SUCCESS,PayFlow,RF_00002945,CUST_000342
REF_002946,ORD_085491,PAY_070246,2026-03-26T13:50:18,FULL,RETURNED_ORDER,1519.84,INR,SUCCESS,PayFlow,RF_00002946,CUST_005605
REF_002947,ORD_085585,PAY_070322,2026-03-26T09:46:48,FULL,RETURNED_ORDER,690.10,INR,SUCCESS,PayFlow,RF_00002947,CUST_002054
REF_002948,ORD_085646,,2026-03-22T16:31:32,FULL,RETURNED_ORDER,448.99,INR,SUCCESS,,,CUST_007001
REF_002949,ORD_085663,,2026-03-26T00:36:37,FULL,RETURNED_ORDER,295.00,INR,SUCCESS,,,CUST_003059
REF_002950,ORD_085672,PAY_070391,2026-03-16T07:24:44,FULL,RETURNED_ORDER,716.32,INR,SUCCESS,PayFlow,RF_00002950,CUST_005036
REF_002951,ORD_085709,PAY_070423,2026-03-27T02:13:00,FULL,RETURNED_ORDER,2571.71,INR,SUCCESS,PayFlow,RF_00002951,CUST_002286
REF_002952,ORD_085727,PAY_070440,2026-03-08T22:47:17,PARTIAL,CUSTOMER_REQUEST,430.52,INR,SUCCESS,PayFlow,RF_00002952,CUST_002048
REF_002953,ORD_085731,PAY_070444,2026-04-02T13:37:33,FULL,RETURNED_ORDER,283.14,INR,SUCCESS,PayFlow,RF_00002953,CUST_000993
REF_002954,ORD_085773,PAY_070481,2026-03-14T15:29:48,FULL,RETURNED_ORDER,2549.15,INR,SUCCESS,PayFlow,RF_00002954,CUST_007576
REF_002955,ORD_085788,PAY_070495,2026-03-18T19:26:27,FULL,CUSTOMER_REQUEST,854.32,INR,SUCCESS,PayFlow,RF_00002955,CUST_005630
REF_002956,ORD_085798,PAY_070504,2026-03-24T00:35:42,PARTIAL,CUSTOMER_REQUEST,716.57,INR,SUCCESS,PayFlow,RF_00002956,CUST_001623
REF_002957,ORD_085852,PAY_070553,2026-03-28T03:45:43,FULL,RETURNED_ORDER,1236.17,INR,SUCCESS,PayFlow,RF_00002957,CUST_006043
REF_002958,ORD_085857,PAY_070558,2026-03-24T21:32:45,FULL,CUSTOMER_REQUEST,272.40,INR,SUCCESS,PayFlow,RF_00002958,CUST_004820
REF_002959,ORD_085859,PAY_070560,2026-03-13T01:59:23,FULL,CUSTOMER_REQUEST,638.38,INR,SUCCESS,PayFlow,RF_00002959,CUST_000317
REF_002960,ORD_085870,PAY_070567,2026-03-21T07:49:29,FULL,RETURNED_ORDER,2231.38,INR,SUCCESS,PayFlow,RF_00002960,CUST_006140
REF_002961,ORD_085896,,2026-03-26T09:01:33,FULL,RETURNED_ORDER,1145.78,INR,SUCCESS,,,CUST_004793
REF_002962,ORD_085969,PAY_070655,2026-03-27T21:59:29,PARTIAL,CUSTOMER_REQUEST,428.96,INR,SUCCESS,PayFlow,RF_00002962,CUST_005442
REF_002963,ORD_085999,PAY_070680,2026-03-09T16:26:29,FULL,RETURNED_ORDER,812.31,INR,SUCCESS,PayFlow,RF_00002963,CUST_006364
REF_002964,ORD_086005,PAY_070686,2026-03-31T04:36:28,FULL,CUSTOMER_REQUEST,1017.46,INR,SUCCESS,PayFlow,RF_00002964,CUST_000983
REF_002965,ORD_086014,PAY_070695,2026-03-05T20:26:39,FULL,CUSTOMER_REQUEST,294.94,INR,SUCCESS,PayFlow,RF_00002965,CUST_007619
REF_002966,ORD_086020,PAY_070699,2026-03-13T01:49:57,PARTIAL,CUSTOMER_REQUEST,55.76,INR,SUCCESS,PayFlow,RF_00002966,CUST_001734
REF_002967,ORD_086183,PAY_070838,2026-03-06T04:13:42,PARTIAL,CUSTOMER_REQUEST,2537.05,INR,SUCCESS,PayFlow,RF_00002967,CUST_006055
REF_002968,ORD_086212,PAY_070862,2026-03-10T20:50:25,PARTIAL,CUSTOMER_REQUEST,839.40,INR,SUCCESS,PayFlow,RF_00002968,CUST_003321
REF_002969,ORD_086250,PAY_070894,2026-03-19T21:28:09,FULL,CUSTOMER_REQUEST,1157.58,INR,SUCCESS,PayFlow,RF_00002969,CUST_004726
REF_002970,ORD_086309,PAY_070941,2026-03-24T00:26:23,FULL,CUSTOMER_REQUEST,622.41,INR,SUCCESS,PayFlow,RF_00002970,CUST_000232
REF_002971,ORD_086377,PAY_070993,2026-04-06T05:50:33,FULL,RETURNED_ORDER,888.73,INR,SUCCESS,PayFlow,RF_00002971,CUST_005763
REF_002972,ORD_086390,PAY_071005,2026-03-09T22:22:58,FULL,CUSTOMER_REQUEST,294.94,INR,SUCCESS,PayFlow,RF_00002972,CUST_000923
REF_002973,ORD_086414,PAY_071026,2026-03-31T09:03:31,FULL,RETURNED_ORDER,792.08,INR,SUCCESS,PayFlow,RF_00002973,CUST_003585
REF_002974,ORD_086436,PAY_071048,2026-03-22T05:12:56,FULL,RETURNED_ORDER,2042.98,INR,SUCCESS,PayFlow,RF_00002974,CUST_005792
REF_002975,ORD_086447,PAY_071057,2026-03-12T01:20:45,PARTIAL,CUSTOMER_REQUEST,563.16,INR,SUCCESS,PayFlow,RF_00002975,CUST_006476
REF_002976,ORD_086472,PAY_071078,2026-03-11T17:44:21,FULL,CUSTOMER_REQUEST,638.38,INR,SUCCESS,PayFlow,RF_00002976,CUST_001197
REF_002977,ORD_086495,PAY_071092,2026-03-12T13:10:06,FULL,CUSTOMER_REQUEST,318.60,INR,SUCCESS,PayFlow,RF_00002977,CUST_006048
REF_002978,ORD_086500,PAY_071095,2026-04-04T12:27:47,FULL,RETURNED_ORDER,559.08,INR,SUCCESS,PayFlow,RF_00002978,CUST_004336
REF_002979,ORD_086518,,2026-04-01T01:22:15,FULL,RETURNED_ORDER,680.86,INR,SUCCESS,,,CUST_003947
REF_002980,ORD_086548,PAY_071136,2026-03-09T01:00:17,FULL,CUSTOMER_REQUEST,3415.30,INR,SUCCESS,PayFlow,RF_00002980,CUST_004212
REF_002981,ORD_086579,PAY_071163,2026-03-13T21:39:19,FULL,RETURNED_ORDER,2279.09,INR,SUCCESS,PayFlow,RF_00002981,CUST_003149
REF_002982,ORD_086601,PAY_071181,2026-03-15T04:17:26,FULL,RETURNED_ORDER,586.93,INR,SUCCESS,PayFlow,RF_00002982,CUST_005364
REF_002983,ORD_086609,PAY_071186,2026-03-24T17:53:06,PARTIAL,CUSTOMER_REQUEST,62.41,INR,SUCCESS,PayFlow,RF_00002983,CUST_001495
REF_002984,ORD_086631,PAY_071206,2026-03-28T04:39:04,FULL,CUSTOMER_REQUEST,1090.32,INR,SUCCESS,PayFlow,RF_00002984,CUST_001517
REF_002985,ORD_086691,PAY_071255,2026-03-19T03:04:10,FULL,CUSTOMER_REQUEST,350.99,INR,SUCCESS,PayFlow,RF_00002985,CUST_006048
REF_002986,ORD_086709,PAY_071270,2026-03-04T12:45:10,PARTIAL,CUSTOMER_REQUEST,562.58,INR,SUCCESS,PayFlow,RF_00002986,CUST_007169
REF_002987,ORD_086724,PAY_071281,2026-04-10T19:18:08,FULL,RETURNED_ORDER,377.60,INR,SUCCESS,PayFlow,RF_00002987,CUST_007062
REF_002988,ORD_086753,PAY_071305,2026-03-22T08:50:13,FULL,RETURNED_ORDER,1451.40,INR,SUCCESS,PayFlow,RF_00002988,CUST_000994
REF_002989,ORD_086773,PAY_071319,2026-03-25T22:27:23,FULL,CUSTOMER_REQUEST,3820.43,INR,SUCCESS,PayFlow,RF_00002989,CUST_006018
REF_002990,ORD_086954,PAY_071471,2026-03-23T00:54:44,PARTIAL,CUSTOMER_REQUEST,429.33,INR,SUCCESS,PayFlow,RF_00002990,CUST_005096
REF_002991,ORD_087003,PAY_071510,2026-04-06T03:53:39,FULL,RETURNED_ORDER,663.16,INR,SUCCESS,PayFlow,RF_00002991,CUST_008487
REF_002992,ORD_087065,PAY_071563,2026-03-23T06:54:10,FULL,RETURNED_ORDER,881.46,INR,SUCCESS,PayFlow,RF_00002992,CUST_003962
REF_002993,ORD_087071,PAY_071569,2026-03-20T00:56:50,FULL,CUSTOMER_REQUEST,822.70,INR,SUCCESS,PayFlow,RF_00002993,CUST_005999
REF_002994,ORD_087073,PAY_071571,2026-03-15T13:34:43,FULL,CUSTOMER_REQUEST,2751.76,INR,SUCCESS,PayFlow,RF_00002994,CUST_001064
REF_002995,ORD_087088,PAY_071584,2026-03-16T21:42:25,FULL,CUSTOMER_REQUEST,577.02,INR,SUCCESS,PayFlow,RF_00002995,CUST_001020
REF_002996,ORD_087207,PAY_071685,2026-03-28T09:24:33,FULL,RETURNED_ORDER,678.50,INR,SUCCESS,PayFlow,RF_00002996,CUST_001438
REF_002997,ORD_087228,,2026-04-01T12:02:04,FULL,RETURNED_ORDER,565.22,INR,SUCCESS,,,CUST_005793
REF_002998,ORD_087257,PAY_071723,2026-03-24T08:26:16,FULL,RETURNED_ORDER,371.70,INR,SUCCESS,PayFlow,RF_00002998,CUST_005260
REF_002999,ORD_087294,PAY_071751,2026-03-16T23:30:07,FULL,RETURNED_ORDER,306.74,INR,SUCCESS,PayFlow,RF_00002999,CUST_007298
REF_003000,ORD_087295,PAY_071752,2026-03-21T10:22:50,FULL,RETURNED_ORDER,379.61,INR,SUCCESS,PayFlow,RF_00003000,CUST_004787
REF_003001,ORD_087329,PAY_071777,2026-03-12T00:12:46,FULL,RETURNED_ORDER,1680.32,INR,SUCCESS,PayFlow,RF_00003001,CUST_002203
REF_003002,ORD_087330,PAY_071778,2026-03-28T14:28:30,FULL,CUSTOMER_REQUEST,957.98,INR,SUCCESS,PayFlow,RF_00003002,CUST_005595
REF_003003,ORD_087356,PAY_071794,2026-03-29T11:20:24,PARTIAL,CUSTOMER_REQUEST,812.43,INR,SUCCESS,PayFlow,RF_00003003,CUST_003914
REF_003004,ORD_087359,PAY_071797,2026-03-06T12:00:57,FULL,CUSTOMER_REQUEST,1817.20,INR,SUCCESS,PayFlow,RF_00003004,CUST_003035
REF_003005,ORD_087381,PAY_071818,2026-03-14T10:14:47,FULL,RETURNED_ORDER,2400.12,INR,SUCCESS,PayFlow,RF_00003005,CUST_003915
REF_003006,ORD_087447,PAY_071876,2026-04-02T19:52:25,FULL,CUSTOMER_REQUEST,383.50,INR,SUCCESS,PayFlow,RF_00003006,CUST_007938
REF_003007,ORD_087451,PAY_071879,2026-03-24T15:33:41,FULL,RETURNED_ORDER,1187.79,INR,SUCCESS,PayFlow,RF_00003007,CUST_007803
REF_003008,ORD_087464,PAY_071889,2026-03-08T21:46:16,FULL,CUSTOMER_REQUEST,1183.54,INR,SUCCESS,PayFlow,RF_00003008,CUST_004576
REF_003009,ORD_087487,,2026-04-05T01:17:24,FULL,RETURNED_ORDER,510.70,INR,SUCCESS,,,CUST_004292
REF_003010,ORD_087523,,2026-03-11T06:23:17,FULL,RETURNED_ORDER,352.11,INR,SUCCESS,,,CUST_003412
REF_003011,ORD_087547,PAY_071956,2026-03-29T09:53:51,FULL,RETURNED_ORDER,306.80,INR,SUCCESS,PayFlow,RF_00003011,CUST_001357
REF_003012,ORD_087598,PAY_071997,2026-03-27T13:19:09,FULL,RETURNED_ORDER,753.03,INR,SUCCESS,PayFlow,RF_00003012,CUST_000240
REF_003013,ORD_087684,PAY_072067,2026-03-10T00:22:40,FULL,CUSTOMER_REQUEST,354.00,INR,SUCCESS,PayFlow,RF_00003013,CUST_000128
REF_003014,ORD_087758,PAY_072126,2026-04-06T05:05:06,FULL,RETURNED_ORDER,306.80,INR,SUCCESS,PayFlow,RF_00003014,CUST_004211
REF_003015,ORD_087796,PAY_072158,2026-03-20T12:21:11,FULL,RETURNED_ORDER,546.34,INR,SUCCESS,PayFlow,RF_00003015,CUST_003367
REF_003016,ORD_087801,PAY_072163,2026-03-17T15:00:01,FULL,CUSTOMER_REQUEST,1197.70,INR,SUCCESS,PayFlow,RF_00003016,CUST_002517
REF_003017,ORD_087831,PAY_072189,2026-03-29T23:35:25,FULL,RETURNED_ORDER,306.80,INR,SUCCESS,PayFlow,RF_00003017,CUST_002066
REF_003018,ORD_087843,PAY_072200,2026-03-27T01:07:26,PARTIAL,CUSTOMER_REQUEST,263.86,INR,SUCCESS,PayFlow,RF_00003018,CUST_002796
REF_003019,ORD_087852,PAY_072206,2026-04-03T02:35:06,FULL,RETURNED_ORDER,1964.70,INR,SUCCESS,PayFlow,RF_00003019,CUST_004153
REF_003020,ORD_087864,PAY_072218,2026-04-07T12:54:01,FULL,RETURNED_ORDER,1135.16,INR,SUCCESS,PayFlow,RF_00003020,CUST_002611
REF_003021,ORD_087878,PAY_072229,2026-03-18T22:52:32,FULL,RETURNED_ORDER,742.22,INR,SUCCESS,PayFlow,RF_00003021,CUST_000217
REF_003022,ORD_087879,PAY_072230,2026-04-07T19:17:17,FULL,RETURNED_ORDER,1519.84,INR,SUCCESS,PayFlow,RF_00003022,CUST_002462
REF_003023,ORD_087891,PAY_072241,2026-03-11T11:41:31,FULL,RETURNED_ORDER,1117.54,INR,SUCCESS,PayFlow,RF_00003023,CUST_007034
REF_003024,ORD_087928,,2026-03-15T03:52:00,FULL,RETURNED_ORDER,2010.01,INR,SUCCESS,,,CUST_007412
REF_003025,ORD_087929,PAY_072271,2026-03-08T23:17:09,FULL,CUSTOMER_REQUEST,627.76,INR,SUCCESS,PayFlow,RF_00003025,CUST_000490
REF_003026,ORD_088014,PAY_072343,2026-03-09T00:41:30,FULL,CUSTOMER_REQUEST,1784.63,INR,SUCCESS,PayFlow,RF_00003026,CUST_002624
REF_003027,ORD_088037,PAY_072360,2026-03-11T00:15:16,FULL,RETURNED_ORDER,1900.98,INR,SUCCESS,PayFlow,RF_00003027,CUST_006973
REF_003028,ORD_088061,,2026-04-05T07:29:28,FULL,RETURNED_ORDER,923.17,INR,SUCCESS,,,CUST_005004
REF_003029,ORD_088115,PAY_072425,2026-04-01T10:30:06,FULL,RETURNED_ORDER,1539.79,INR,SUCCESS,PayFlow,RF_00003029,CUST_004360
REF_003030,ORD_088123,,2026-03-20T14:07:31,FULL,RETURNED_ORDER,530.88,INR,SUCCESS,,,CUST_000130
REF_003031,ORD_088176,PAY_072474,2026-03-29T02:00:38,FULL,CUSTOMER_REQUEST,2549.19,INR,SUCCESS,PayFlow,RF_00003031,CUST_004724
REF_003032,ORD_088201,PAY_072493,2026-03-17T22:53:33,FULL,CUSTOMER_REQUEST,1516.30,INR,SUCCESS,PayFlow,RF_00003032,CUST_001088
REF_003033,ORD_088210,PAY_072501,2026-04-07T18:10:16,FULL,RETURNED_ORDER,855.97,INR,SUCCESS,PayFlow,RF_00003033,CUST_006343
REF_003034,ORD_088259,PAY_072545,2026-03-17T01:37:49,FULL,CUSTOMER_REQUEST,1028.96,INR,SUCCESS,PayFlow,RF_00003034,CUST_000432
REF_003035,ORD_088272,PAY_072555,2026-04-06T12:49:30,FULL,RETURNED_ORDER,408.28,INR,SUCCESS,PayFlow,RF_00003035,CUST_000233
REF_003036,ORD_088365,PAY_072630,2026-04-12T16:12:45,FULL,RETURNED_ORDER,2562.96,INR,SUCCESS,PayFlow,RF_00003036,CUST_006371
REF_003037,ORD_088395,PAY_072656,2026-03-12T22:27:00,FULL,RETURNED_ORDER,1340.48,INR,SUCCESS,PayFlow,RF_00003037,CUST_000646
REF_003038,ORD_088397,PAY_072658,2026-03-16T03:39:02,PARTIAL,CUSTOMER_REQUEST,150.49,INR,SUCCESS,PayFlow,RF_00003038,CUST_002717
REF_003039,ORD_088432,PAY_072688,2026-03-14T03:34:16,FULL,CUSTOMER_REQUEST,4784.84,INR,SUCCESS,PayFlow,RF_00003039,CUST_006782
REF_003040,ORD_088468,PAY_072721,2026-03-29T18:34:25,PARTIAL,CUSTOMER_REQUEST,231.94,INR,SUCCESS,PayFlow,RF_00003040,CUST_001392
REF_003041,ORD_088496,PAY_072745,2026-03-18T08:03:38,FULL,RETURNED_ORDER,340.31,INR,SUCCESS,PayFlow,RF_00003041,CUST_003123
REF_003042,ORD_088524,PAY_072768,2026-03-29T05:39:20,FULL,RETURNED_ORDER,1070.08,INR,SUCCESS,PayFlow,RF_00003042,CUST_004759
REF_003043,ORD_088564,PAY_072800,2026-04-09T01:34:49,FULL,RETURNED_ORDER,606.52,INR,SUCCESS,PayFlow,RF_00003043,CUST_003888
REF_003044,ORD_088592,PAY_072824,2026-03-24T01:58:35,FULL,RETURNED_ORDER,979.13,INR,SUCCESS,PayFlow,RF_00003044,CUST_006492
REF_003045,ORD_088593,PAY_072825,2026-03-18T20:37:10,FULL,CUSTOMER_REQUEST,3339.99,INR,SUCCESS,PayFlow,RF_00003045,CUST_001234
REF_003046,ORD_088627,PAY_072855,2026-03-25T20:18:29,FULL,CUSTOMER_REQUEST,1430.40,INR,SUCCESS,PayFlow,RF_00003046,CUST_000748
REF_003047,ORD_088696,PAY_072912,2026-04-06T00:19:09,FULL,RETURNED_ORDER,3954.18,INR,SUCCESS,PayFlow,RF_00003047,CUST_006674
REF_003048,ORD_088703,,2026-03-27T09:24:22,FULL,RETURNED_ORDER,1098.98,INR,SUCCESS,,,CUST_005835
REF_003049,ORD_088726,,2026-04-09T05:47:09,FULL,RETURNED_ORDER,4079.14,INR,SUCCESS,,,CUST_001734
REF_003050,ORD_088733,PAY_072943,2026-03-29T16:20:12,FULL,RETURNED_ORDER,2410.74,INR,SUCCESS,PayFlow,RF_00003050,CUST_003112
REF_003051,ORD_088786,PAY_072990,2026-03-10T09:40:35,FULL,RETURNED_ORDER,527.52,INR,SUCCESS,PayFlow,RF_00003051,CUST_003123
REF_003052,ORD_088793,PAY_072996,2026-03-29T02:27:55,FULL,RETURNED_ORDER,1998.74,INR,SUCCESS,PayFlow,RF_00003052,CUST_000093
REF_003053,ORD_088802,PAY_073003,2026-03-20T02:54:37,FULL,RETURNED_ORDER,726.01,INR,SUCCESS,PayFlow,RF_00003053,CUST_002531
REF_003054,ORD_088820,PAY_073018,2026-03-08T16:55:58,FULL,CUSTOMER_REQUEST,577.02,INR,SUCCESS,PayFlow,RF_00003054,CUST_004764
REF_003055,ORD_088823,PAY_073021,2026-03-31T03:28:43,FULL,CUSTOMER_REQUEST,439.02,INR,SUCCESS,PayFlow,RF_00003055,CUST_003942
REF_003056,ORD_088826,PAY_073024,2026-03-25T23:28:25,FULL,CUSTOMER_REQUEST,750.78,INR,SUCCESS,PayFlow,RF_00003056,CUST_008452
REF_003057,ORD_088848,PAY_073041,2026-04-03T15:45:43,FULL,RETURNED_ORDER,784.78,INR,SUCCESS,PayFlow,RF_00003057,CUST_005999
REF_003058,ORD_088880,PAY_073066,2026-03-08T06:58:32,PARTIAL,CUSTOMER_REQUEST,1262.71,INR,SUCCESS,PayFlow,RF_00003058,CUST_005347
REF_003059,ORD_088891,PAY_073074,2026-03-19T04:02:24,FULL,CUSTOMER_REQUEST,506.81,INR,SUCCESS,PayFlow,RF_00003059,CUST_004197
REF_003060,ORD_088927,PAY_073103,2026-04-06T14:38:06,FULL,RETURNED_ORDER,720.34,INR,SUCCESS,PayFlow,RF_00003060,CUST_002149
REF_003061,ORD_088936,PAY_073111,2026-03-20T22:40:52,FULL,CUSTOMER_REQUEST,1448.33,INR,SUCCESS,PayFlow,RF_00003061,CUST_002782
REF_003062,ORD_088957,PAY_073127,2026-04-07T15:28:50,FULL,RETURNED_ORDER,383.50,INR,SUCCESS,PayFlow,RF_00003062,CUST_002960
REF_003063,ORD_088979,PAY_073146,2026-03-07T19:21:38,FULL,CUSTOMER_REQUEST,2294.24,INR,SUCCESS,PayFlow,RF_00003063,CUST_004765
REF_003064,ORD_089027,PAY_073184,2026-03-31T23:32:59,FULL,CUSTOMER_REQUEST,595.25,INR,SUCCESS,PayFlow,RF_00003064,CUST_002937
REF_003065,ORD_089036,PAY_073192,2026-03-04T02:52:30,FULL,CUSTOMER_REQUEST,539.32,INR,SUCCESS,PayFlow,RF_00003065,CUST_006877
REF_003066,ORD_089064,PAY_073217,2026-04-04T01:46:25,FULL,CUSTOMER_REQUEST,837.80,INR,SUCCESS,PayFlow,RF_00003066,CUST_006063
REF_003067,ORD_089071,PAY_073223,2026-03-06T19:25:51,FULL,CUSTOMER_REQUEST,408.40,INR,SUCCESS,PayFlow,RF_00003067,CUST_002984
REF_003068,ORD_089085,,2026-04-11T03:42:44,FULL,RETURNED_ORDER,743.13,INR,SUCCESS,,,CUST_002767
REF_003069,ORD_089143,PAY_073276,2026-04-10T13:12:36,FULL,RETURNED_ORDER,294.88,INR,SUCCESS,PayFlow,RF_00003069,CUST_002059
REF_003070,ORD_089154,PAY_073284,2026-04-01T09:49:42,FULL,RETURNED_ORDER,306.74,INR,SUCCESS,PayFlow,RF_00003070,CUST_002669
REF_003071,ORD_089165,PAY_073292,2026-03-26T08:05:48,FULL,RETURNED_ORDER,2034.32,INR,SUCCESS,PayFlow,RF_00003071,CUST_005741
REF_003072,ORD_089189,,2026-04-16T07:56:29,FULL,RETURNED_ORDER,716.26,INR,SUCCESS,,,CUST_004272
REF_003073,ORD_089224,PAY_073338,2026-03-18T02:08:34,FULL,RETURNED_ORDER,511.66,INR,SUCCESS,PayFlow,RF_00003073,CUST_005578
REF_003074,ORD_089294,PAY_073399,2026-03-16T02:19:32,PARTIAL,CUSTOMER_REQUEST,152.82,INR,SUCCESS,PayFlow,RF_00003074,CUST_001105
REF_003075,ORD_089300,PAY_073405,2026-04-01T04:58:04,FULL,RETURNED_ORDER,591.54,INR,SUCCESS,PayFlow,RF_00003075,CUST_003041
REF_003076,ORD_089322,PAY_073425,2026-03-10T18:36:13,FULL,RETURNED_ORDER,690.10,INR,SUCCESS,PayFlow,RF_00003076,CUST_007190
REF_003077,ORD_089336,,2026-04-11T05:13:54,FULL,RETURNED_ORDER,387.06,INR,SUCCESS,,,CUST_006263
REF_003078,ORD_089369,PAY_073463,2026-03-20T01:14:54,FULL,CUSTOMER_REQUEST,362.79,INR,SUCCESS,PayFlow,RF_00003078,CUST_008201
REF_003079,ORD_089384,PAY_073471,2026-03-14T21:08:31,FULL,CUSTOMER_REQUEST,827.18,INR,SUCCESS,PayFlow,RF_00003079,CUST_006010
REF_003080,ORD_089422,,2026-03-21T07:47:37,FULL,RETURNED_ORDER,779.98,INR,SUCCESS,,,CUST_007027
REF_003081,ORD_089524,PAY_073583,2026-03-30T22:57:30,FULL,RETURNED_ORDER,1225.25,INR,SUCCESS,PayFlow,RF_00003081,CUST_005498
REF_003082,ORD_089549,PAY_073604,2026-03-31T01:50:39,FULL,CUSTOMER_REQUEST,318.60,INR,SUCCESS,PayFlow,RF_00003082,CUST_007754
REF_003083,ORD_089607,PAY_073650,2026-04-06T02:04:30,FULL,RETURNED_ORDER,371.70,INR,SUCCESS,PayFlow,RF_00003083,CUST_005065
REF_003084,ORD_089612,PAY_073655,2026-03-22T05:29:23,FULL,RETURNED_ORDER,732.66,INR,SUCCESS,PayFlow,RF_00003084,CUST_000680
REF_003085,ORD_089629,PAY_073669,2026-03-15T10:02:00,FULL,RETURNED_ORDER,864.94,INR,SUCCESS,PayFlow,RF_00003085,CUST_001417
REF_003086,ORD_089633,PAY_073672,2026-03-28T14:27:17,FULL,RETURNED_ORDER,371.70,INR,SUCCESS,PayFlow,RF_00003086,CUST_003985
REF_003087,ORD_089645,PAY_073683,2026-03-13T11:18:33,FULL,RETURNED_ORDER,1215.40,INR,SUCCESS,PayFlow,RF_00003087,CUST_005198
REF_003088,ORD_089663,PAY_073698,2026-04-02T21:07:52,PARTIAL,CUSTOMER_REQUEST,532.27,INR,SUCCESS,PayFlow,RF_00003088,CUST_006830
REF_003089,ORD_089667,PAY_073701,2026-03-28T13:41:51,FULL,RETURNED_ORDER,954.62,INR,SUCCESS,PayFlow,RF_00003089,CUST_004458
REF_003090,ORD_089704,PAY_073729,2026-03-21T12:12:06,FULL,RETURNED_ORDER,414.18,INR,SUCCESS,PayFlow,RF_00003090,CUST_003556
REF_003091,ORD_089767,PAY_073773,2026-04-02T15:26:45,FULL,RETURNED_ORDER,2683.32,INR,SUCCESS,PayFlow,RF_00003091,CUST_006058
REF_003092,ORD_089887,,2026-04-07T15:58:17,FULL,RETURNED_ORDER,1707.46,INR,SUCCESS,,,CUST_001836
REF_003093,ORD_089956,PAY_073926,2026-03-18T20:00:41,FULL,RETURNED_ORDER,1360.54,INR,SUCCESS,PayFlow,RF_00003093,CUST_007534
REF_003094,ORD_089992,PAY_073959,2026-03-13T11:39:06,FULL,RETURNED_ORDER,741.23,INR,SUCCESS,PayFlow,RF_00003094,CUST_002884
REF_003095,ORD_090012,PAY_073975,2026-03-16T21:18:56,PARTIAL,CUSTOMER_REQUEST,693.27,INR,SUCCESS,PayFlow,RF_00003095,CUST_005318
REF_003096,ORD_090015,PAY_073978,2026-03-31T12:42:02,FULL,CUSTOMER_REQUEST,283.14,INR,SUCCESS,PayFlow,RF_00003096,CUST_004598
REF_003097,ORD_090080,PAY_074033,2026-03-06T20:06:05,FULL,CUSTOMER_REQUEST,4235.73,INR,SUCCESS,PayFlow,RF_00003097,CUST_008126
REF_003098,ORD_090084,PAY_074037,2026-03-12T06:07:57,FULL,CUSTOMER_REQUEST,652.54,INR,SUCCESS,PayFlow,RF_00003098,CUST_008051
REF_003099,ORD_090085,PAY_074038,2026-03-25T08:37:04,FULL,RETURNED_ORDER,340.31,INR,SUCCESS,PayFlow,RF_00003099,CUST_001898
REF_003100,ORD_090117,PAY_074062,2026-04-06T07:26:10,FULL,RETURNED_ORDER,1078.52,INR,SUCCESS,PayFlow,RF_00003100,CUST_008246
REF_003101,ORD_090202,PAY_074129,2026-03-27T04:40:14,FULL,CUSTOMER_REQUEST,1804.22,INR,SUCCESS,PayFlow,RF_00003101,CUST_000487
REF_003102,ORD_090204,PAY_074131,2026-03-20T17:16:00,PARTIAL,CUSTOMER_REQUEST,126.56,INR,SUCCESS,PayFlow,RF_00003102,CUST_008438
REF_003103,ORD_090227,PAY_074149,2026-03-20T07:29:56,FULL,RETURNED_ORDER,295.00,INR,SUCCESS,PayFlow,RF_00003103,CUST_007555
REF_003104,ORD_090232,PAY_074153,2026-03-16T13:33:21,FULL,RETURNED_ORDER,1145.78,INR,SUCCESS,PayFlow,RF_00003104,CUST_004568
REF_003105,ORD_090257,PAY_074173,2026-03-20T22:43:52,PARTIAL,CUSTOMER_REQUEST,364.24,INR,SUCCESS,PayFlow,RF_00003105,CUST_004676
REF_003106,ORD_090305,PAY_074212,2026-04-02T01:29:56,FULL,CUSTOMER_REQUEST,1304.46,INR,SUCCESS,PayFlow,RF_00003106,CUST_006684
REF_003107,ORD_090426,PAY_074309,2026-03-19T23:13:10,FULL,RETURNED_ORDER,861.86,INR,SUCCESS,PayFlow,RF_00003107,CUST_002760
REF_003108,ORD_090460,PAY_074339,2026-03-20T16:02:16,FULL,RETURNED_ORDER,383.50,INR,SUCCESS,PayFlow,RF_00003108,CUST_005551
REF_003109,ORD_090469,PAY_074348,2026-03-20T05:36:06,FULL,RETURNED_ORDER,324.38,INR,SUCCESS,PayFlow,RF_00003109,CUST_006417
REF_003110,ORD_090473,,2026-04-09T05:05:57,FULL,RETURNED_ORDER,2103.94,INR,SUCCESS,,,CUST_002737
REF_003111,ORD_090501,PAY_074376,2026-04-06T08:40:35,FULL,RETURNED_ORDER,306.80,INR,SUCCESS,PayFlow,RF_00003111,CUST_001225
REF_003112,ORD_090521,,2026-04-02T12:08:43,FULL,RETURNED_ORDER,1221.30,INR,SUCCESS,,,CUST_004495
REF_003113,ORD_090565,PAY_074431,2026-03-14T09:10:14,FULL,RETURNED_ORDER,1005.66,INR,SUCCESS,PayFlow,RF_00003113,CUST_002750
REF_003114,ORD_090593,,2026-04-09T09:43:46,FULL,RETURNED_ORDER,1880.92,INR,SUCCESS,,,CUST_004920
REF_003115,ORD_090599,,2026-03-19T16:03:21,FULL,RETURNED_ORDER,2465.92,INR,SUCCESS,,,CUST_002080
REF_003116,ORD_090634,PAY_074487,2026-03-12T01:41:05,FULL,CUSTOMER_REQUEST,704.46,INR,SUCCESS,PayFlow,RF_00003116,CUST_002406
REF_003117,ORD_090639,PAY_074492,2026-03-14T15:27:53,FULL,RETURNED_ORDER,2699.84,INR,SUCCESS,PayFlow,RF_00003117,CUST_002880
REF_003118,ORD_090665,PAY_074517,2026-03-29T21:32:08,FULL,CUSTOMER_REQUEST,600.30,INR,SUCCESS,PayFlow,RF_00003118,CUST_005375
REF_003119,ORD_090678,PAY_074527,2026-03-27T09:39:09,FULL,RETURNED_ORDER,2279.55,INR,SUCCESS,PayFlow,RF_00003119,CUST_004817
REF_003120,ORD_090696,,2026-03-27T03:53:51,FULL,RETURNED_ORDER,598.73,INR,SUCCESS,,,CUST_001336
REF_003121,ORD_090766,PAY_074589,2026-03-26T14:13:58,FULL,RETURNED_ORDER,336.93,INR,SUCCESS,PayFlow,RF_00003121,CUST_002433
REF_003122,ORD_090821,,2026-03-14T02:16:31,FULL,RETURNED_ORDER,3411.20,INR,SUCCESS,,,CUST_007537
REF_003123,ORD_090889,PAY_074690,2026-04-03T00:45:41,FULL,RETURNED_ORDER,944.59,INR,SUCCESS,PayFlow,RF_00003123,CUST_008180
REF_003124,ORD_090906,PAY_074703,2026-03-29T15:31:03,FULL,CUSTOMER_REQUEST,377.60,INR,SUCCESS,PayFlow,RF_00003124,CUST_008245
REF_003125,ORD_090943,PAY_074733,2026-03-13T11:58:15,FULL,RETURNED_ORDER,986.46,INR,SUCCESS,PayFlow,RF_00003125,CUST_007282
REF_003126,ORD_090944,PAY_074734,2026-04-02T14:04:34,PARTIAL,CUSTOMER_REQUEST,174.44,INR,SUCCESS,PayFlow,RF_00003126,CUST_002622
REF_003127,ORD_090972,PAY_074758,2026-03-19T09:18:57,FULL,RETURNED_ORDER,890.78,INR,SUCCESS,PayFlow,RF_00003127,CUST_001924
REF_003128,ORD_090987,PAY_074766,2026-03-21T03:00:09,FULL,RETURNED_ORDER,867.77,INR,SUCCESS,PayFlow,RF_00003128,CUST_002827
REF_003129,ORD_091017,PAY_074790,2026-03-12T21:56:24,PARTIAL,CUSTOMER_REQUEST,1256.89,INR,SUCCESS,PayFlow,RF_00003129,CUST_002079
REF_003130,ORD_091112,PAY_074869,2026-03-24T17:00:22,FULL,RETURNED_ORDER,759.63,INR,SUCCESS,PayFlow,RF_00003130,CUST_003526
REF_003131,ORD_091151,PAY_074899,2026-03-06T02:37:16,PARTIAL,CUSTOMER_REQUEST,112.46,INR,SUCCESS,PayFlow,RF_00003131,CUST_003020
REF_003132,ORD_091159,PAY_074905,2026-03-15T06:25:27,FULL,RETURNED_ORDER,3711.10,INR,SUCCESS,PayFlow,RF_00003132,CUST_005786
REF_003133,ORD_091233,PAY_074959,2026-04-01T08:16:05,FULL,RETURNED_ORDER,306.80,INR,SUCCESS,PayFlow,RF_00003133,CUST_003495
REF_003134,ORD_091270,,2026-03-28T02:59:02,FULL,RETURNED_ORDER,354.00,INR,SUCCESS,,,CUST_000823
REF_003135,ORD_091278,PAY_074998,2026-03-18T21:19:44,PARTIAL,CUSTOMER_REQUEST,262.39,INR,SUCCESS,PayFlow,RF_00003135,CUST_007612
REF_003136,ORD_091285,PAY_075004,2026-04-05T08:51:36,FULL,RETURNED_ORDER,306.80,INR,SUCCESS,PayFlow,RF_00003136,CUST_007060
REF_003137,ORD_091296,PAY_075011,2026-03-17T10:37:14,FULL,RETURNED_ORDER,735.93,INR,SUCCESS,PayFlow,RF_00003137,CUST_007439
REF_003138,ORD_091308,,2026-03-27T02:53:55,FULL,RETURNED_ORDER,1786.46,INR,SUCCESS,,,CUST_004380
REF_003139,ORD_091352,PAY_075054,2026-03-16T02:46:10,PARTIAL,CUSTOMER_REQUEST,110.47,INR,SUCCESS,PayFlow,RF_00003139,CUST_005433
REF_003140,ORD_091401,PAY_075094,2026-04-14T08:40:26,FULL,RETURNED_ORDER,295.00,INR,SUCCESS,PayFlow,RF_00003140,CUST_002542
REF_003141,ORD_091424,PAY_075111,2026-03-18T08:10:55,FULL,RETURNED_ORDER,1105.44,INR,SUCCESS,PayFlow,RF_00003141,CUST_003282
REF_003142,ORD_091481,PAY_075160,2026-03-14T14:48:17,FULL,RETURNED_ORDER,371.70,INR,SUCCESS,PayFlow,RF_00003142,CUST_000316
REF_003143,ORD_091488,PAY_075166,2026-04-01T18:12:33,FULL,CUSTOMER_REQUEST,742.22,INR,SUCCESS,PayFlow,RF_00003143,CUST_000256
REF_003144,ORD_091493,PAY_075170,2026-03-16T23:00:35,FULL,CUSTOMER_REQUEST,694.19,INR,SUCCESS,PayFlow,RF_00003144,CUST_004226
REF_003145,ORD_091513,,2026-03-16T09:29:00,FULL,RETURNED_ORDER,1157.58,INR,SUCCESS,,,CUST_001710
REF_003146,ORD_091543,,2026-03-15T07:35:26,FULL,RETURNED_ORDER,925.90,INR,SUCCESS,,,CUST_003882
REF_003147,ORD_091546,PAY_075217,2026-03-21T16:42:33,FULL,RETURNED_ORDER,3070.42,INR,SUCCESS,PayFlow,RF_00003147,CUST_000045
REF_003148,ORD_091551,,2026-04-03T17:12:56,FULL,RETURNED_ORDER,767.47,INR,SUCCESS,,,CUST_001642
REF_003149,ORD_091553,PAY_075222,2026-03-11T17:21:58,PARTIAL,CUSTOMER_REQUEST,200.08,INR,SUCCESS,PayFlow,RF_00003149,CUST_004983
REF_003150,ORD_091625,PAY_075281,2026-03-28T17:25:40,FULL,CUSTOMER_REQUEST,2505.14,INR,SUCCESS,PayFlow,RF_00003150,CUST_006697
REF_003151,ORD_091646,PAY_075298,2026-03-30T11:09:54,FULL,RETURNED_ORDER,2751.76,INR,SUCCESS,PayFlow,RF_00003151,CUST_004461
REF_003152,ORD_091647,PAY_075299,2026-04-01T07:26:50,FULL,RETURNED_ORDER,973.38,INR,SUCCESS,PayFlow,RF_00003152,CUST_008193
REF_003153,ORD_091666,PAY_075316,2026-03-11T20:01:53,FULL,RETURNED_ORDER,2239.64,INR,SUCCESS,PayFlow,RF_00003153,CUST_000988
REF_003154,ORD_091720,,2026-03-22T17:01:36,FULL,RETURNED_ORDER,1503.26,INR,SUCCESS,,,CUST_002381
REF_003155,ORD_091732,PAY_075372,2026-04-02T01:25:01,FULL,CUSTOMER_REQUEST,1868.71,INR,SUCCESS,PayFlow,RF_00003155,CUST_007277
REF_003156,ORD_091733,PAY_075373,2026-03-24T12:13:01,FULL,RETURNED_ORDER,623.39,INR,SUCCESS,PayFlow,RF_00003156,CUST_004352
REF_003157,ORD_091745,PAY_075383,2026-03-12T20:56:20,FULL,CUSTOMER_REQUEST,1568.22,INR,SUCCESS,PayFlow,RF_00003157,CUST_006085
REF_003158,ORD_091758,PAY_075394,2026-03-13T20:36:59,PARTIAL,CUSTOMER_REQUEST,245.78,INR,SUCCESS,PayFlow,RF_00003158,CUST_000460
REF_003159,ORD_091812,,2026-03-29T06:28:14,FULL,RETURNED_ORDER,420.08,INR,SUCCESS,,,CUST_000778
REF_003160,ORD_091847,PAY_075471,2026-03-08T02:33:39,PARTIAL,CUSTOMER_REQUEST,472.24,INR,SUCCESS,PayFlow,RF_00003160,CUST_004853
REF_003161,ORD_091857,PAY_075480,2026-03-23T21:51:27,FULL,CUSTOMER_REQUEST,373.94,INR,SUCCESS,PayFlow,RF_00003161,CUST_001722
REF_003162,ORD_091876,PAY_075493,2026-04-08T21:07:25,FULL,RETURNED_ORDER,520.86,INR,SUCCESS,PayFlow,RF_00003162,CUST_008083
REF_003163,ORD_091926,PAY_075531,2026-03-29T00:12:23,FULL,RETURNED_ORDER,6563.16,INR,SUCCESS,PayFlow,RF_00003163,CUST_004272
REF_003164,ORD_092039,,2026-03-15T07:21:55,FULL,RETURNED_ORDER,356.01,INR,SUCCESS,,,CUST_000374
REF_003165,ORD_092045,PAY_075629,2026-03-13T18:00:04,FULL,CUSTOMER_REQUEST,579.82,INR,SUCCESS,PayFlow,RF_00003165,CUST_004122
REF_003166,ORD_092050,PAY_075632,2026-03-25T18:07:46,FULL,RETURNED_ORDER,306.80,INR,SUCCESS,PayFlow,RF_00003166,CUST_006624
REF_003167,ORD_092061,,2026-03-24T03:51:45,FULL,RETURNED_ORDER,786.00,INR,SUCCESS,,,CUST_000699
REF_003168,ORD_092082,,2026-04-08T03:48:26,FULL,RETURNED_ORDER,2191.56,INR,SUCCESS,,,CUST_002476
REF_003169,ORD_092085,PAY_075661,2026-03-15T04:47:25,FULL,CUSTOMER_REQUEST,899.16,INR,SUCCESS,PayFlow,RF_00003169,CUST_007830
REF_003170,ORD_092101,PAY_075673,2026-03-26T11:06:58,FULL,RETURNED_ORDER,614.78,INR,SUCCESS,PayFlow,RF_00003170,CUST_004982
REF_003171,ORD_092125,PAY_075693,2026-03-26T07:34:48,FULL,RETURNED_ORDER,1438.08,INR,SUCCESS,PayFlow,RF_00003171,CUST_003095
REF_003172,ORD_092165,PAY_075725,2026-03-27T23:27:03,FULL,RETURNED_ORDER,1345.35,INR,SUCCESS,PayFlow,RF_00003172,CUST_001721
REF_003173,ORD_092174,PAY_075733,2026-03-21T17:22:46,FULL,CUSTOMER_REQUEST,790.38,INR,SUCCESS,PayFlow,RF_00003173,CUST_006642
REF_003174,ORD_092183,PAY_075742,2026-03-17T03:49:33,FULL,CUSTOMER_REQUEST,822.46,INR,SUCCESS,PayFlow,RF_00003174,CUST_006351
REF_003175,ORD_092188,PAY_075747,2026-03-08T01:02:28,FULL,RETURNED_ORDER,584.22,INR,SUCCESS,PayFlow,RF_00003175,CUST_006062
REF_003176,ORD_092222,PAY_075777,2026-03-19T06:14:59,FULL,CUSTOMER_REQUEST,2352.75,INR,SUCCESS,PayFlow,RF_00003176,CUST_005237
REF_003177,ORD_092241,PAY_075793,2026-03-23T03:28:17,FULL,RETURNED_ORDER,1225.15,INR,SUCCESS,PayFlow,RF_00003177,CUST_001855
REF_003178,ORD_092244,PAY_075796,2026-03-16T01:56:21,FULL,CUSTOMER_REQUEST,553.42,INR,SUCCESS,PayFlow,RF_00003178,CUST_008355
REF_003179,ORD_092273,PAY_075818,2026-03-30T15:05:34,FULL,RETURNED_ORDER,446.04,INR,SUCCESS,PayFlow,RF_00003179,CUST_000350
REF_003180,ORD_092356,,2026-04-07T09:13:23,FULL,RETURNED_ORDER,1606.81,INR,SUCCESS,,,CUST_008447
REF_003181,ORD_092360,,2026-03-23T11:47:49,FULL,RETURNED_ORDER,295.00,INR,SUCCESS,,,CUST_006626
REF_003182,ORD_092441,PAY_075955,2026-03-26T10:54:55,FULL,RETURNED_ORDER,2239.64,INR,SUCCESS,PayFlow,RF_00003182,CUST_006822
REF_003183,ORD_092490,,2026-04-07T07:24:18,FULL,RETURNED_ORDER,1896.26,INR,SUCCESS,,,CUST_005942
REF_003184,ORD_092535,PAY_076028,2026-03-13T00:52:02,FULL,CUSTOMER_REQUEST,395.30,INR,SUCCESS,PayFlow,RF_00003184,CUST_001263
REF_003185,ORD_092635,PAY_076112,2026-03-21T22:27:21,FULL,RETURNED_ORDER,927.78,INR,SUCCESS,PayFlow,RF_00003185,CUST_002169
REF_003186,ORD_092682,PAY_076147,2026-04-06T08:15:06,FULL,RETURNED_ORDER,657.41,INR,SUCCESS,PayFlow,RF_00003186,CUST_005231
REF_003187,ORD_092713,PAY_076173,2026-04-06T21:32:40,FULL,RETURNED_ORDER,395.30,INR,SUCCESS,PayFlow,RF_00003187,CUST_002995
REF_003188,ORD_092757,,2026-04-08T11:48:30,FULL,RETURNED_ORDER,722.16,INR,SUCCESS,,,CUST_006339
REF_003189,ORD_092800,PAY_076242,2026-03-28T20:23:17,FULL,RETURNED_ORDER,1227.08,INR,SUCCESS,PayFlow,RF_00003189,CUST_001497
REF_003190,ORD_092850,PAY_076284,2026-04-01T05:34:49,FULL,RETURNED_ORDER,306.80,INR,SUCCESS,PayFlow,RF_00003190,CUST_007411
REF_003191,ORD_092911,PAY_076334,2026-03-12T20:19:29,FULL,CUSTOMER_REQUEST,678.30,INR,SUCCESS,PayFlow,RF_00003191,CUST_002059
REF_003192,ORD_092925,PAY_076347,2026-04-09T16:36:40,FULL,RETURNED_ORDER,541.62,INR,SUCCESS,PayFlow,RF_00003192,CUST_007825
REF_003193,ORD_092943,PAY_076362,2026-04-11T00:44:37,FULL,RETURNED_ORDER,1139.88,INR,SUCCESS,PayFlow,RF_00003193,CUST_007060
REF_003194,ORD_092956,PAY_076371,2026-03-10T01:20:50,PARTIAL,CUSTOMER_REQUEST,940.22,INR,SUCCESS,PayFlow,RF_00003194,CUST_001695
REF_003195,ORD_092974,PAY_076384,2026-04-09T19:39:14,FULL,RETURNED_ORDER,638.38,INR,SUCCESS,PayFlow,RF_00003195,CUST_002896
REF_003196,ORD_093010,PAY_076413,2026-04-06T01:54:56,FULL,RETURNED_ORDER,318.60,INR,SUCCESS,PayFlow,RF_00003196,CUST_007576
REF_003197,ORD_093024,PAY_076425,2026-04-04T12:39:10,FULL,CUSTOMER_REQUEST,354.00,INR,SUCCESS,PayFlow,RF_00003197,CUST_001353
REF_003198,ORD_093092,PAY_076486,2026-04-04T08:51:48,FULL,RETURNED_ORDER,638.38,INR,SUCCESS,PayFlow,RF_00003198,CUST_000130
REF_003199,ORD_093096,PAY_076490,2026-03-09T01:51:41,FULL,CUSTOMER_REQUEST,640.74,INR,SUCCESS,PayFlow,RF_00003199,CUST_002492
REF_003200,ORD_093161,PAY_076547,2026-03-30T23:41:08,FULL,RETURNED_ORDER,842.52,INR,SUCCESS,PayFlow,RF_00003200,CUST_007549
REF_003201,ORD_093202,PAY_076577,2026-03-24T05:18:58,FULL,RETURNED_ORDER,670.59,INR,SUCCESS,PayFlow,RF_00003201,CUST_005536
REF_003202,ORD_093228,PAY_076598,2026-04-03T09:28:52,FULL,RETURNED_ORDER,1315.82,INR,SUCCESS,PayFlow,RF_00003202,CUST_006113
REF_003203,ORD_093242,PAY_076609,2026-03-30T09:36:26,FULL,RETURNED_ORDER,1212.37,INR,SUCCESS,PayFlow,RF_00003203,CUST_006893
REF_003204,ORD_093286,PAY_076642,2026-03-04T03:02:53,PARTIAL,CUSTOMER_REQUEST,201.78,INR,SUCCESS,PayFlow,RF_00003204,CUST_000880
REF_003205,ORD_093288,PAY_076644,2026-03-07T03:22:00,FULL,RETURNED_ORDER,365.80,INR,SUCCESS,PayFlow,RF_00003205,CUST_000419
REF_003206,ORD_093364,PAY_076710,2026-03-21T20:54:25,PARTIAL,CUSTOMER_REQUEST,255.35,INR,SUCCESS,PayFlow,RF_00003206,CUST_003455
REF_003207,ORD_093398,PAY_076736,2026-03-26T02:30:38,FULL,RETURNED_ORDER,1209.50,INR,SUCCESS,PayFlow,RF_00003207,CUST_006234
REF_003208,ORD_093399,PAY_076737,2026-03-12T22:46:57,PARTIAL,CUSTOMER_REQUEST,193.41,INR,SUCCESS,PayFlow,RF_00003208,CUST_007848
REF_003209,ORD_093423,PAY_076760,2026-03-09T02:57:37,PARTIAL,CUSTOMER_REQUEST,56.04,INR,SUCCESS,PayFlow,RF_00003209,CUST_001425
REF_003210,ORD_093434,PAY_076770,2026-03-18T11:01:42,FULL,RETURNED_ORDER,732.14,INR,SUCCESS,PayFlow,RF_00003210,CUST_005032
REF_003211,ORD_093581,PAY_076891,2026-04-05T18:10:33,FULL,RETURNED_ORDER,1146.96,INR,SUCCESS,PayFlow,RF_00003211,CUST_003180
REF_003212,ORD_093590,,2026-03-22T03:43:31,FULL,RETURNED_ORDER,3697.12,INR,SUCCESS,,,CUST_007224
REF_003213,ORD_093595,PAY_076899,2026-03-25T10:38:15,FULL,RETURNED_ORDER,814.20,INR,SUCCESS,PayFlow,RF_00003213,CUST_006729
REF_003214,ORD_093600,,2026-03-22T07:04:48,FULL,RETURNED_ORDER,367.81,INR,SUCCESS,,,CUST_005400
REF_003215,ORD_093645,PAY_076939,2026-03-26T23:38:53,FULL,CUSTOMER_REQUEST,690.30,INR,SUCCESS,PayFlow,RF_00003215,CUST_008092
REF_003216,ORD_093650,PAY_076943,2026-03-30T12:21:17,FULL,RETURNED_ORDER,651.36,INR,SUCCESS,PayFlow,RF_00003216,CUST_001678
REF_003217,ORD_093670,PAY_076960,2026-03-28T23:19:59,PARTIAL,CUSTOMER_REQUEST,1531.00,INR,SUCCESS,PayFlow,RF_00003217,CUST_000502
REF_003218,ORD_093805,PAY_077076,2026-03-29T12:01:30,FULL,RETURNED_ORDER,1192.98,INR,SUCCESS,PayFlow,RF_00003218,CUST_008322
REF_003219,ORD_093834,,2026-03-17T08:15:51,FULL,RETURNED_ORDER,4211.49,INR,SUCCESS,,,CUST_004615
REF_003220,ORD_093835,PAY_077101,2026-03-22T10:24:00,FULL,RETURNED_ORDER,3339.99,INR,SUCCESS,PayFlow,RF_00003220,CUST_000431
REF_003221,ORD_093860,PAY_077118,2026-03-20T02:05:57,FULL,CUSTOMER_REQUEST,2194.15,INR,SUCCESS,PayFlow,RF_00003221,CUST_001996
REF_003222,ORD_093885,PAY_077136,2026-03-11T00:42:28,FULL,CUSTOMER_REQUEST,2280.11,INR,SUCCESS,PayFlow,RF_00003222,CUST_004341
REF_003223,ORD_093889,,2026-03-21T19:01:35,FULL,RETURNED_ORDER,295.00,INR,SUCCESS,,,CUST_005593
REF_003224,ORD_093908,PAY_077155,2026-04-05T01:43:55,FULL,RETURNED_ORDER,379.61,INR,SUCCESS,PayFlow,RF_00003224,CUST_000628
REF_003225,ORD_094034,PAY_077258,2026-03-25T12:41:39,FULL,RETURNED_ORDER,2428.26,INR,SUCCESS,PayFlow,RF_00003225,CUST_005528
REF_003226,ORD_094045,,2026-03-11T22:08:02,FULL,RETURNED_ORDER,1152.51,INR,SUCCESS,,,CUST_004908
REF_003227,ORD_094054,PAY_077273,2026-04-03T03:30:54,FULL,RETURNED_ORDER,342.33,INR,SUCCESS,PayFlow,RF_00003227,CUST_000438
REF_003228,ORD_094055,PAY_077274,2026-03-05T23:10:33,FULL,CUSTOMER_REQUEST,568.47,INR,SUCCESS,PayFlow,RF_00003228,CUST_005528
REF_003229,ORD_094157,PAY_077356,2026-03-13T15:32:17,FULL,RETURNED_ORDER,2312.80,INR,SUCCESS,PayFlow,RF_00003229,CUST_004881
REF_003230,ORD_094175,PAY_077371,2026-03-14T13:32:18,FULL,CUSTOMER_REQUEST,385.74,INR,SUCCESS,PayFlow,RF_00003230,CUST_006419
REF_003231,ORD_094222,PAY_077410,2026-03-09T23:03:48,PARTIAL,CUSTOMER_REQUEST,296.95,INR,SUCCESS,PayFlow,RF_00003231,CUST_005157
REF_003232,ORD_094286,PAY_077454,2026-03-22T02:46:41,PARTIAL,CUSTOMER_REQUEST,830.48,INR,SUCCESS,PayFlow,RF_00003232,CUST_000587
REF_003233,ORD_094326,PAY_077483,2026-03-28T03:04:10,FULL,CUSTOMER_REQUEST,1239.00,INR,SUCCESS,PayFlow,RF_00003233,CUST_002127
REF_003234,ORD_094369,PAY_077517,2026-03-16T21:08:59,FULL,CUSTOMER_REQUEST,1230.07,INR,SUCCESS,PayFlow,RF_00003234,CUST_007728
REF_003235,ORD_094390,PAY_077536,2026-03-08T02:21:07,PARTIAL,CUSTOMER_REQUEST,514.22,INR,SUCCESS,PayFlow,RF_00003235,CUST_008004
REF_003236,ORD_094422,PAY_077564,2026-03-23T21:15:05,FULL,CUSTOMER_REQUEST,534.54,INR,SUCCESS,PayFlow,RF_00003236,CUST_005722
REF_003237,ORD_094431,PAY_077569,2026-03-19T03:27:58,FULL,RETURNED_ORDER,1373.52,INR,SUCCESS,PayFlow,RF_00003237,CUST_003650
REF_003238,ORD_094536,PAY_077661,2026-03-09T23:10:08,PARTIAL,CUSTOMER_REQUEST,213.99,INR,SUCCESS,PayFlow,RF_00003238,CUST_006108
REF_003239,ORD_094558,PAY_077677,2026-03-20T11:46:21,FULL,RETURNED_ORDER,1175.28,INR,SUCCESS,PayFlow,RF_00003239,CUST_008305
REF_003240,ORD_094609,,2026-04-15T17:31:10,FULL,RETURNED_ORDER,6733.08,INR,SUCCESS,,,CUST_004019
REF_003241,ORD_094613,PAY_077720,2026-03-09T00:50:33,FULL,CUSTOMER_REQUEST,4450.96,INR,SUCCESS,PayFlow,RF_00003241,CUST_005831
REF_003242,ORD_094649,,2026-04-09T06:56:28,FULL,RETURNED_ORDER,570.88,INR,SUCCESS,,,CUST_006455
REF_003243,ORD_094659,,2026-03-19T10:41:10,FULL,RETURNED_ORDER,960.52,INR,SUCCESS,,,CUST_004090
REF_003244,ORD_094669,PAY_077768,2026-03-27T14:54:05,FULL,RETURNED_ORDER,958.86,INR,SUCCESS,PayFlow,RF_00003244,CUST_000176
REF_003245,ORD_094705,PAY_077799,2026-04-01T12:23:09,FULL,RETURNED_ORDER,336.18,INR,SUCCESS,PayFlow,RF_00003245,CUST_005494
REF_003246,ORD_094743,PAY_077831,2026-03-10T21:42:10,FULL,RETURNED_ORDER,2453.92,INR,SUCCESS,PayFlow,RF_00003246,CUST_007579
REF_003247,ORD_094779,,2026-03-18T16:53:11,FULL,RETURNED_ORDER,1413.64,INR,SUCCESS,,,CUST_001832
REF_003248,ORD_094784,PAY_077863,2026-04-08T15:27:03,FULL,RETURNED_ORDER,1462.02,INR,SUCCESS,PayFlow,RF_00003248,CUST_005772
REF_003249,ORD_094806,PAY_077880,2026-03-23T04:52:24,FULL,CUSTOMER_REQUEST,704.46,INR,SUCCESS,PayFlow,RF_00003249,CUST_002731
REF_003250,ORD_094817,PAY_077890,2026-04-05T11:30:41,FULL,RETURNED_ORDER,1193.87,INR,SUCCESS,PayFlow,RF_00003250,CUST_003285
REF_003251,ORD_094826,PAY_077896,2026-03-13T23:13:07,FULL,CUSTOMER_REQUEST,1588.75,INR,SUCCESS,PayFlow,RF_00003251,CUST_002736
REF_003252,ORD_094851,PAY_077918,2026-03-09T22:47:24,FULL,CUSTOMER_REQUEST,306.74,INR,SUCCESS,PayFlow,RF_00003252,CUST_008353
REF_003253,ORD_094861,PAY_077925,2026-03-26T08:15:07,FULL,RETURNED_ORDER,311.27,INR,SUCCESS,PayFlow,RF_00003253,CUST_004760
REF_003254,ORD_094867,PAY_077930,2026-03-22T01:41:35,FULL,CUSTOMER_REQUEST,921.58,INR,SUCCESS,PayFlow,RF_00003254,CUST_000508
REF_003255,ORD_094918,PAY_077976,2026-03-19T06:56:42,FULL,RETURNED_ORDER,2548.00,INR,SUCCESS,PayFlow,RF_00003255,CUST_000091
REF_003256,ORD_095000,PAY_078041,2026-03-13T09:10:11,FULL,RETURNED_ORDER,824.58,INR,SUCCESS,PayFlow,RF_00003256,CUST_006725
REF_003257,ORD_095005,,2026-03-26T07:50:59,FULL,RETURNED_ORDER,586.93,INR,SUCCESS,,,CUST_001451
REF_003258,ORD_095016,PAY_078054,2026-03-09T22:03:54,FULL,CUSTOMER_REQUEST,2316.16,INR,SUCCESS,PayFlow,RF_00003258,CUST_001009
REF_003259,ORD_095045,PAY_078076,2026-03-27T13:31:47,FULL,RETURNED_ORDER,489.02,INR,SUCCESS,PayFlow,RF_00003259,CUST_001573
REF_003260,ORD_095054,PAY_078081,2026-04-05T16:58:23,FULL,CUSTOMER_REQUEST,892.83,INR,SUCCESS,PayFlow,RF_00003260,CUST_002955
REF_003261,ORD_095084,PAY_078108,2026-03-11T03:49:41,FULL,CUSTOMER_REQUEST,813.33,INR,SUCCESS,PayFlow,RF_00003261,CUST_008136
REF_003262,ORD_095113,PAY_078133,2026-03-07T00:29:29,FULL,CUSTOMER_REQUEST,1283.78,INR,SUCCESS,PayFlow,RF_00003262,CUST_004184
REF_003263,ORD_095142,PAY_078159,2026-03-21T16:31:09,FULL,RETURNED_ORDER,1360.54,INR,SUCCESS,PayFlow,RF_00003263,CUST_003952
REF_003264,ORD_095263,PAY_078252,2026-03-12T22:17:52,FULL,RETURNED_ORDER,620.92,INR,SUCCESS,PayFlow,RF_00003264,CUST_002256
REF_003265,ORD_095266,PAY_078255,2026-03-15T15:51:26,FULL,RETURNED_ORDER,815.68,INR,SUCCESS,PayFlow,RF_00003265,CUST_008128
REF_003266,ORD_095268,PAY_078257,2026-04-01T06:35:40,FULL,CUSTOMER_REQUEST,1245.41,INR,SUCCESS,PayFlow,RF_00003266,CUST_007432
REF_003267,ORD_095276,PAY_078264,2026-03-13T15:33:14,FULL,RETURNED_ORDER,371.70,INR,SUCCESS,PayFlow,RF_00003267,CUST_005231
REF_003268,ORD_095307,PAY_078291,2026-04-02T03:20:23,PARTIAL,CUSTOMER_REQUEST,154.06,INR,SUCCESS,PayFlow,RF_00003268,CUST_000354
REF_003269,ORD_095318,PAY_078299,2026-03-31T07:14:07,FULL,RETURNED_ORDER,531.55,INR,SUCCESS,PayFlow,RF_00003269,CUST_007361
REF_003270,ORD_095327,PAY_078305,2026-04-04T15:38:37,FULL,RETURNED_ORDER,2334.42,INR,SUCCESS,PayFlow,RF_00003270,CUST_004586
REF_003271,ORD_095332,PAY_078310,2026-04-02T16:41:46,FULL,RETURNED_ORDER,414.18,INR,SUCCESS,PayFlow,RF_00003271,CUST_004890
REF_003272,ORD_095355,PAY_078331,2026-04-12T13:58:04,FULL,RETURNED_ORDER,2401.04,INR,SUCCESS,PayFlow,RF_00003272,CUST_001637
REF_003273,ORD_095364,,2026-05-01T05:44:33,FULL,RETURNED_ORDER,2796.60,INR,SUCCESS,,,CUST_001059
REF_003274,ORD_095434,PAY_078393,2026-04-10T10:24:45,FULL,RETURNED_ORDER,1430.40,INR,SUCCESS,PayFlow,RF_00003274,CUST_006443
REF_003275,ORD_095459,PAY_078411,2026-04-16T08:02:31,FULL,RETURNED_ORDER,1206.43,INR,SUCCESS,PayFlow,RF_00003275,CUST_008406
REF_003276,ORD_095463,PAY_078414,2026-04-25T21:18:39,FULL,RETURNED_ORDER,1906.88,INR,SUCCESS,PayFlow,RF_00003276,CUST_006825
REF_003277,ORD_095471,PAY_078422,2026-04-18T12:47:39,FULL,RETURNED_ORDER,306.80,INR,SUCCESS,PayFlow,RF_00003277,CUST_002510
REF_003278,ORD_095483,PAY_078432,2026-04-07T00:16:28,FULL,CUSTOMER_REQUEST,757.68,INR,SUCCESS,PayFlow,RF_00003278,CUST_004771
REF_003279,ORD_095496,PAY_078441,2026-04-25T10:52:04,FULL,RETURNED_ORDER,1444.32,INR,SUCCESS,PayFlow,RF_00003279,CUST_004937
REF_003280,ORD_095507,PAY_078450,2026-04-04T17:03:19,FULL,CUSTOMER_REQUEST,953.44,INR,SUCCESS,PayFlow,RF_00003280,CUST_005749
REF_003281,ORD_095513,PAY_078455,2026-04-12T06:54:49,FULL,RETURNED_ORDER,260.60,INR,SUCCESS,PayFlow,RF_00003281,CUST_007123
REF_003282,ORD_095588,PAY_078519,2026-04-09T20:50:08,FULL,CUSTOMER_REQUEST,6325.27,INR,SUCCESS,PayFlow,RF_00003282,CUST_006369
REF_003283,ORD_095612,PAY_078539,2026-04-07T21:56:40,FULL,CUSTOMER_REQUEST,4915.88,INR,SUCCESS,PayFlow,RF_00003283,CUST_008185
REF_003284,ORD_095626,PAY_078551,2026-05-07T10:57:13,FULL,RETURNED_ORDER,295.00,INR,SUCCESS,PayFlow,RF_00003284,CUST_003426
REF_003285,ORD_095683,PAY_078593,2026-05-09T21:28:15,FULL,RETURNED_ORDER,271.28,INR,SUCCESS,PayFlow,RF_00003285,CUST_007855
REF_003286,ORD_095700,PAY_078608,2026-04-26T01:36:34,FULL,CUSTOMER_REQUEST,671.07,INR,SUCCESS,PayFlow,RF_00003286,CUST_000908
REF_003287,ORD_095701,PAY_078609,2026-04-16T00:02:38,FULL,CUSTOMER_REQUEST,5487.00,INR,SUCCESS,PayFlow,RF_00003287,CUST_007503
REF_003288,ORD_095752,PAY_078652,2026-05-07T03:28:53,FULL,RETURNED_ORDER,743.13,INR,SUCCESS,PayFlow,RF_00003288,CUST_007051
REF_003289,ORD_095771,PAY_078667,2026-05-03T10:44:55,FULL,RETURNED_ORDER,414.18,INR,SUCCESS,PayFlow,RF_00003289,CUST_000299
REF_003290,ORD_095819,PAY_078705,2026-04-24T21:48:44,PARTIAL,CUSTOMER_REQUEST,935.27,INR,SUCCESS,PayFlow,RF_00003290,CUST_005225
REF_003291,ORD_095831,PAY_078716,2026-04-06T02:36:58,FULL,CUSTOMER_REQUEST,318.60,INR,SUCCESS,PayFlow,RF_00003291,CUST_005687
REF_003292,ORD_095858,PAY_078740,2026-04-29T16:20:55,FULL,CUSTOMER_REQUEST,836.22,INR,SUCCESS,PayFlow,RF_00003292,CUST_006023
REF_003293,ORD_095912,PAY_078787,2026-04-28T00:12:51,FULL,RETURNED_ORDER,2127.66,INR,SUCCESS,PayFlow,RF_00003293,CUST_006977
REF_003294,ORD_095914,PAY_078789,2026-04-13T01:15:14,FULL,CUSTOMER_REQUEST,2987.47,INR,SUCCESS,PayFlow,RF_00003294,CUST_005898
REF_003295,ORD_095945,PAY_078814,2026-05-09T11:40:08,FULL,RETURNED_ORDER,2303.66,INR,SUCCESS,PayFlow,RF_00003295,CUST_007490
REF_003296,ORD_095974,PAY_078840,2026-04-28T14:41:40,FULL,RETURNED_ORDER,318.60,INR,SUCCESS,PayFlow,RF_00003296,CUST_008389
REF_003297,ORD_096012,PAY_078871,2026-05-07T05:57:31,FULL,RETURNED_ORDER,678.30,INR,SUCCESS,PayFlow,RF_00003297,CUST_005988
REF_003298,ORD_096015,PAY_078874,2026-04-26T19:42:26,FULL,CUSTOMER_REQUEST,383.50,INR,SUCCESS,PayFlow,RF_00003298,CUST_000356
REF_003299,ORD_096067,,2026-04-25T08:37:17,FULL,RETURNED_ORDER,3841.32,INR,SUCCESS,,,CUST_007144
REF_003300,ORD_096068,PAY_078918,2026-04-13T10:23:19,FULL,RETURNED_ORDER,1247.67,INR,SUCCESS,PayFlow,RF_00003300,CUST_000148
REF_003301,ORD_096075,PAY_078924,2026-05-06T05:18:38,FULL,RETURNED_ORDER,1247.67,INR,SUCCESS,PayFlow,RF_00003301,CUST_003068
REF_003302,ORD_096110,PAY_078952,2026-04-26T01:22:46,FULL,RETURNED_ORDER,1397.12,INR,SUCCESS,PayFlow,RF_00003302,CUST_007017
REF_003303,ORD_096117,PAY_078957,2026-04-17T05:45:36,FULL,RETURNED_ORDER,295.00,INR,SUCCESS,PayFlow,RF_00003303,CUST_006499
REF_003304,ORD_096128,PAY_078966,2026-04-13T10:37:02,FULL,RETURNED_ORDER,704.64,INR,SUCCESS,PayFlow,RF_00003304,CUST_004935
REF_003305,ORD_096156,PAY_078986,2026-05-08T13:46:36,FULL,RETURNED_ORDER,1169.38,INR,SUCCESS,PayFlow,RF_00003305,CUST_000449
REF_003306,ORD_096175,PAY_079002,2026-04-08T21:47:27,FULL,CUSTOMER_REQUEST,377.60,INR,SUCCESS,PayFlow,RF_00003306,CUST_008108
REF_003307,ORD_096264,PAY_079080,2026-05-05T12:00:18,FULL,RETURNED_ORDER,294.94,INR,SUCCESS,PayFlow,RF_00003307,CUST_004502
REF_003308,ORD_096281,PAY_079092,2026-04-09T16:45:10,FULL,RETURNED_ORDER,283.08,INR,SUCCESS,PayFlow,RF_00003308,CUST_007947
REF_003309,ORD_096396,PAY_079186,2026-04-20T22:38:57,FULL,CUSTOMER_REQUEST,295.00,INR,SUCCESS,PayFlow,RF_00003309,CUST_000729
REF_003310,ORD_096401,PAY_079190,2026-05-02T20:38:50,FULL,CUSTOMER_REQUEST,1417.50,INR,SUCCESS,PayFlow,RF_00003310,CUST_006180
REF_003311,ORD_096413,PAY_079202,2026-04-19T04:42:31,FULL,RETURNED_ORDER,826.00,INR,SUCCESS,PayFlow,RF_00003311,CUST_008197
REF_003312,ORD_096435,PAY_079221,2026-05-09T06:08:37,FULL,RETURNED_ORDER,395.30,INR,SUCCESS,PayFlow,RF_00003312,CUST_004570
REF_003313,ORD_096480,PAY_079262,2026-04-18T06:19:59,FULL,RETURNED_ORDER,1313.34,INR,SUCCESS,PayFlow,RF_00003313,CUST_005455
REF_003314,ORD_096533,PAY_079307,2026-04-16T17:25:34,FULL,CUSTOMER_REQUEST,594.72,INR,SUCCESS,PayFlow,RF_00003314,CUST_004145
REF_003315,ORD_096585,PAY_079349,2026-04-30T01:17:56,FULL,CUSTOMER_REQUEST,402.38,INR,SUCCESS,PayFlow,RF_00003315,CUST_000559
REF_003316,ORD_096586,PAY_079350,2026-05-02T21:07:51,FULL,RETURNED_ORDER,688.94,INR,SUCCESS,PayFlow,RF_00003316,CUST_000115
REF_003317,ORD_096649,,2026-04-12T03:51:32,FULL,RETURNED_ORDER,552.36,INR,SUCCESS,,,CUST_004810
REF_003318,ORD_096683,PAY_079429,2026-05-12T07:42:10,FULL,RETURNED_ORDER,1067.90,INR,SUCCESS,PayFlow,RF_00003318,CUST_008098
REF_003319,ORD_096758,PAY_079491,2026-05-07T15:49:11,FULL,RETURNED_ORDER,687.80,INR,SUCCESS,PayFlow,RF_00003319,CUST_006310
REF_003320,ORD_096786,PAY_079516,2026-04-26T22:12:58,FULL,CUSTOMER_REQUEST,390.58,INR,SUCCESS,PayFlow,RF_00003320,CUST_005514
REF_003321,ORD_096789,PAY_079518,2026-04-30T09:15:59,FULL,RETURNED_ORDER,283.14,INR,SUCCESS,PayFlow,RF_00003321,CUST_006523
REF_003322,ORD_096804,PAY_079532,2026-04-25T16:18:10,PARTIAL,CUSTOMER_REQUEST,572.65,INR,SUCCESS,PayFlow,RF_00003322,CUST_004721
REF_003323,ORD_096941,PAY_079651,2026-04-11T11:59:17,FULL,RETURNED_ORDER,283.14,INR,SUCCESS,PayFlow,RF_00003323,CUST_008490
REF_003324,ORD_096995,PAY_079690,2026-04-13T21:59:57,FULL,CUSTOMER_REQUEST,776.38,INR,SUCCESS,PayFlow,RF_00003324,CUST_001699
REF_003325,ORD_097028,PAY_079719,2026-04-21T03:56:28,FULL,CUSTOMER_REQUEST,1164.25,INR,SUCCESS,PayFlow,RF_00003325,CUST_001490
REF_003326,ORD_097048,PAY_079736,2026-05-03T20:37:01,FULL,CUSTOMER_REQUEST,414.18,INR,SUCCESS,PayFlow,RF_00003326,CUST_003174
REF_003327,ORD_097111,PAY_079789,2026-04-27T20:11:54,PARTIAL,CUSTOMER_REQUEST,662.95,INR,SUCCESS,PayFlow,RF_00003327,CUST_004459
REF_003328,ORD_097196,PAY_079859,2026-04-29T20:13:29,FULL,RETURNED_ORDER,2306.90,INR,SUCCESS,PayFlow,RF_00003328,CUST_003901
REF_003329,ORD_097240,PAY_079893,2026-05-07T11:08:24,FULL,RETURNED_ORDER,627.29,INR,SUCCESS,PayFlow,RF_00003329,CUST_006722
REF_003330,ORD_097244,PAY_079897,2026-04-29T05:45:33,FULL,CUSTOMER_REQUEST,1118.64,INR,SUCCESS,PayFlow,RF_00003330,CUST_003021
REF_003331,ORD_097347,,2026-05-08T09:58:07,FULL,RETURNED_ORDER,395.30,INR,SUCCESS,,,CUST_008389
REF_003332,ORD_097366,PAY_079995,2026-05-09T19:53:32,FULL,RETURNED_ORDER,1145.78,INR,SUCCESS,PayFlow,RF_00003332,CUST_002958
REF_003333,ORD_097372,PAY_080000,2026-04-30T05:24:21,FULL,CUSTOMER_REQUEST,5590.84,INR,SUCCESS,PayFlow,RF_00003333,CUST_006049
REF_003334,ORD_097490,PAY_080103,2026-05-04T11:54:10,FULL,RETURNED_ORDER,742.22,INR,SUCCESS,PayFlow,RF_00003334,CUST_005429
REF_003335,ORD_097496,PAY_080108,2026-04-22T21:18:56,FULL,CUSTOMER_REQUEST,659.08,INR,SUCCESS,PayFlow,RF_00003335,CUST_006041
REF_003336,ORD_097514,PAY_080126,2026-04-27T19:06:37,FULL,CUSTOMER_REQUEST,680.86,INR,SUCCESS,PayFlow,RF_00003336,CUST_003984
REF_003337,ORD_097557,PAY_080162,2026-05-03T10:19:27,FULL,RETURNED_ORDER,2100.78,INR,SUCCESS,PayFlow,RF_00003337,CUST_000205
REF_003338,ORD_097623,PAY_080219,2026-05-04T03:19:02,FULL,RETURNED_ORDER,4105.22,INR,SUCCESS,PayFlow,RF_00003338,CUST_000182
REF_003339,ORD_097627,PAY_080223,2026-04-23T21:10:43,FULL,RETURNED_ORDER,385.74,INR,SUCCESS,PayFlow,RF_00003339,CUST_004497
REF_003340,ORD_097631,PAY_080226,2026-04-24T20:37:02,PARTIAL,CUSTOMER_REQUEST,701.30,INR,SUCCESS,PayFlow,RF_00003340,CUST_008135
REF_003341,ORD_097639,PAY_080233,2026-04-24T22:00:28,FULL,RETURNED_ORDER,827.18,INR,SUCCESS,PayFlow,RF_00003341,CUST_006507
REF_003342,ORD_097647,,2026-04-14T12:00:11,FULL,RETURNED_ORDER,968.78,INR,SUCCESS,,,CUST_003731
REF_003343,ORD_097748,PAY_080322,2026-04-14T09:42:37,FULL,RETURNED_ORDER,306.74,INR,SUCCESS,PayFlow,RF_00003343,CUST_001960
REF_003344,ORD_097786,PAY_080351,2026-04-22T23:25:47,PARTIAL,CUSTOMER_REQUEST,653.13,INR,SUCCESS,PayFlow,RF_00003344,CUST_006424
REF_003345,ORD_097851,PAY_080407,2026-04-29T12:51:44,FULL,RETURNED_ORDER,1058.46,INR,SUCCESS,PayFlow,RF_00003345,CUST_001620
REF_003346,ORD_097879,PAY_080430,2026-04-30T18:48:38,PARTIAL,CUSTOMER_REQUEST,1089.93,INR,SUCCESS,PayFlow,RF_00003346,CUST_007042
REF_003347,ORD_097918,PAY_080464,2026-04-28T21:10:24,FULL,CUSTOMER_REQUEST,6724.88,INR,SUCCESS,PayFlow,RF_00003347,CUST_007566
REF_003348,ORD_097946,PAY_080485,2026-05-04T00:31:02,FULL,RETURNED_ORDER,1068.96,INR,SUCCESS,PayFlow,RF_00003348,CUST_002765
REF_003349,ORD_097958,PAY_080495,2026-04-28T21:32:17,FULL,CUSTOMER_REQUEST,1388.92,INR,SUCCESS,PayFlow,RF_00003349,CUST_001255
REF_003350,ORD_098005,,2026-05-03T15:01:12,FULL,RETURNED_ORDER,1939.76,INR,SUCCESS,,,CUST_005337
REF_003351,ORD_098032,PAY_080554,2026-05-07T12:27:35,FULL,RETURNED_ORDER,390.58,INR,SUCCESS,PayFlow,RF_00003351,CUST_003508
REF_003352,ORD_098052,,2026-04-10T08:58:18,FULL,RETURNED_ORDER,584.22,INR,SUCCESS,,,CUST_000065
REF_003353,ORD_098085,PAY_080596,2026-04-15T00:34:40,FULL,RETURNED_ORDER,707.65,INR,SUCCESS,PayFlow,RF_00003353,CUST_000431
REF_003354,ORD_098090,PAY_080600,2026-04-10T02:25:46,FULL,RETURNED_ORDER,1095.04,INR,SUCCESS,PayFlow,RF_00003354,CUST_001035
REF_003355,ORD_098093,PAY_080602,2026-04-04T10:29:08,FULL,CUSTOMER_REQUEST,962.86,INR,SUCCESS,PayFlow,RF_00003355,CUST_002814
REF_003356,ORD_098102,PAY_080610,2026-04-23T11:13:22,FULL,RETURNED_ORDER,1152.51,INR,SUCCESS,PayFlow,RF_00003356,CUST_004362
REF_003357,ORD_098107,PAY_080615,2026-04-25T14:13:20,PARTIAL,CUSTOMER_REQUEST,697.43,INR,SUCCESS,PayFlow,RF_00003357,CUST_001150
REF_003358,ORD_098111,PAY_080617,2026-04-10T09:43:09,FULL,RETURNED_ORDER,306.80,INR,SUCCESS,PayFlow,RF_00003358,CUST_004992
REF_003359,ORD_098134,PAY_080637,2026-04-26T03:42:27,FULL,RETURNED_ORDER,686.70,INR,SUCCESS,PayFlow,RF_00003359,CUST_002401
REF_003360,ORD_098260,PAY_080746,2026-04-20T08:33:33,FULL,RETURNED_ORDER,367.81,INR,SUCCESS,PayFlow,RF_00003360,CUST_002732
REF_003361,ORD_098263,PAY_080749,2026-04-19T01:12:50,PARTIAL,CUSTOMER_REQUEST,182.11,INR,SUCCESS,PayFlow,RF_00003361,CUST_004690
REF_003362,ORD_098321,PAY_080799,2026-04-22T02:55:50,FULL,RETURNED_ORDER,1013.98,INR,SUCCESS,PayFlow,RF_00003362,CUST_006188
REF_003363,ORD_098335,,2026-04-18T16:54:51,FULL,RETURNED_ORDER,365.80,INR,SUCCESS,,,CUST_007615
REF_003364,ORD_098337,PAY_080812,2026-05-06T19:14:47,FULL,RETURNED_ORDER,1123.36,INR,SUCCESS,PayFlow,RF_00003364,CUST_003978
REF_003365,ORD_098370,,2026-04-26T06:49:04,FULL,RETURNED_ORDER,534.30,INR,SUCCESS,,,CUST_001171
REF_003366,ORD_098378,PAY_080848,2026-04-20T03:20:15,PARTIAL,CUSTOMER_REQUEST,900.58,INR,SUCCESS,PayFlow,RF_00003366,CUST_000512
REF_003367,ORD_098412,PAY_080874,2026-04-24T16:31:43,PARTIAL,CUSTOMER_REQUEST,333.11,INR,SUCCESS,PayFlow,RF_00003367,CUST_002030
REF_003368,ORD_098424,PAY_080883,2026-05-03T11:43:21,FULL,RETURNED_ORDER,596.02,INR,SUCCESS,PayFlow,RF_00003368,CUST_004578
REF_003369,ORD_098438,PAY_080895,2026-04-13T01:23:02,FULL,CUSTOMER_REQUEST,4282.88,INR,SUCCESS,PayFlow,RF_00003369,CUST_005973
REF_003370,ORD_098468,PAY_080923,2026-04-24T19:18:12,FULL,RETURNED_ORDER,4471.04,INR,SUCCESS,PayFlow,RF_00003370,CUST_008230
REF_003371,ORD_098488,,2026-04-22T22:32:58,FULL,RETURNED_ORDER,719.80,INR,SUCCESS,,,CUST_006472
REF_003372,ORD_098496,,2026-04-27T16:37:17,FULL,RETURNED_ORDER,2316.16,INR,SUCCESS,,,CUST_001955
REF_003373,ORD_098502,PAY_080952,2026-04-29T19:10:08,PARTIAL,CUSTOMER_REQUEST,521.23,INR,SUCCESS,PayFlow,RF_00003373,CUST_005195
REF_003374,ORD_098512,,2026-05-08T06:57:31,FULL,RETURNED_ORDER,2612.52,INR,SUCCESS,,,CUST_005457
REF_003375,ORD_098516,PAY_080964,2026-04-12T23:45:02,FULL,CUSTOMER_REQUEST,1105.10,INR,SUCCESS,PayFlow,RF_00003375,CUST_003985
REF_003376,ORD_098526,PAY_080973,2026-05-04T22:59:39,FULL,CUSTOMER_REQUEST,1452.58,INR,SUCCESS,PayFlow,RF_00003376,CUST_005735
REF_003377,ORD_098548,PAY_080991,2026-05-06T10:00:15,FULL,RETURNED_ORDER,959.67,INR,SUCCESS,PayFlow,RF_00003377,CUST_001619
REF_003378,ORD_098580,PAY_081016,2026-04-14T04:53:20,FULL,RETURNED_ORDER,283.14,INR,SUCCESS,PayFlow,RF_00003378,CUST_005151
REF_003379,ORD_098596,PAY_081027,2026-04-16T14:06:43,FULL,CUSTOMER_REQUEST,1332.75,INR,SUCCESS,PayFlow,RF_00003379,CUST_003610
REF_003380,ORD_098667,PAY_081083,2026-04-23T19:24:14,FULL,RETURNED_ORDER,540.56,INR,SUCCESS,PayFlow,RF_00003380,CUST_001184
REF_003381,ORD_098806,PAY_081198,2026-04-11T12:52:29,PARTIAL,CUSTOMER_REQUEST,310.95,INR,SUCCESS,PayFlow,RF_00003381,CUST_005951
REF_003382,ORD_098825,,2026-04-29T07:45:41,FULL,RETURNED_ORDER,2010.01,INR,SUCCESS,,,CUST_005640
REF_003383,ORD_098868,,2026-05-04T16:07:00,FULL,RETURNED_ORDER,2252.50,INR,SUCCESS,,,CUST_006572
REF_003384,ORD_098883,,2026-04-16T10:44:06,FULL,RETURNED_ORDER,626.58,INR,SUCCESS,,,CUST_006994
REF_003385,ORD_098937,PAY_081296,2026-04-30T16:17:28,FULL,RETURNED_ORDER,352.89,INR,SUCCESS,PayFlow,RF_00003385,CUST_002857
REF_003386,ORD_098938,PAY_081297,2026-04-25T02:36:24,PARTIAL,CUSTOMER_REQUEST,295.66,INR,SUCCESS,PayFlow,RF_00003386,CUST_007161
REF_003387,ORD_098971,,2026-04-29T04:57:56,FULL,RETURNED_ORDER,1081.50,INR,SUCCESS,,,CUST_005074
REF_003388,ORD_099027,PAY_081359,2026-04-17T17:37:22,FULL,CUSTOMER_REQUEST,414.18,INR,SUCCESS,PayFlow,RF_00003388,CUST_000846
REF_003389,ORD_099041,PAY_081370,2026-04-18T03:01:19,PARTIAL,CUSTOMER_REQUEST,57.35,INR,SUCCESS,PayFlow,RF_00003389,CUST_005923
REF_003390,ORD_099065,PAY_081388,2026-05-04T10:58:11,FULL,RETURNED_ORDER,956.39,INR,SUCCESS,PayFlow,RF_00003390,CUST_000138
REF_003391,ORD_099153,PAY_081463,2026-05-10T08:36:27,FULL,RETURNED_ORDER,673.31,INR,SUCCESS,PayFlow,RF_00003391,CUST_005213
REF_003392,ORD_099172,PAY_081479,2026-05-08T17:41:20,FULL,RETURNED_ORDER,596.02,INR,SUCCESS,PayFlow,RF_00003392,CUST_006486
REF_003393,ORD_099252,PAY_081548,2026-05-02T03:19:06,FULL,CUSTOMER_REQUEST,377.60,INR,SUCCESS,PayFlow,RF_00003393,CUST_002677
REF_003394,ORD_099294,PAY_081579,2026-04-22T01:02:09,FULL,CUSTOMER_REQUEST,716.26,INR,SUCCESS,PayFlow,RF_00003394,CUST_002269
REF_003395,ORD_099300,PAY_081584,2026-04-25T20:04:17,PARTIAL,CUSTOMER_REQUEST,83.47,INR,SUCCESS,PayFlow,RF_00003395,CUST_004587
REF_003396,ORD_099322,PAY_081601,2026-04-08T20:35:12,PARTIAL,CUSTOMER_REQUEST,374.95,INR,SUCCESS,PayFlow,RF_00003396,CUST_002968
REF_003397,ORD_099353,PAY_081628,2026-05-04T09:51:13,FULL,RETURNED_ORDER,580.27,INR,SUCCESS,PayFlow,RF_00003397,CUST_004129
REF_003398,ORD_099361,PAY_081636,2026-04-29T13:48:41,FULL,RETURNED_ORDER,3234.38,INR,SUCCESS,PayFlow,RF_00003398,CUST_001003
REF_003399,ORD_099378,,2026-05-01T02:33:52,FULL,RETURNED_ORDER,2270.03,INR,SUCCESS,,,CUST_000507
REF_003400,ORD_099397,,2026-05-11T02:40:36,FULL,RETURNED_ORDER,3144.70,INR,SUCCESS,,,CUST_003279
REF_003401,ORD_099425,PAY_081683,2026-04-21T04:44:58,FULL,CUSTOMER_REQUEST,2400.06,INR,SUCCESS,PayFlow,RF_00003401,CUST_008062
REF_003402,ORD_099433,PAY_081690,2026-05-07T08:46:55,FULL,RETURNED_ORDER,626.58,INR,SUCCESS,PayFlow,RF_00003402,CUST_003727
REF_003403,ORD_099434,PAY_081691,2026-05-09T12:02:13,FULL,RETURNED_ORDER,383.50,INR,SUCCESS,PayFlow,RF_00003403,CUST_005027
REF_003404,ORD_099492,PAY_081739,2026-04-15T05:53:23,FULL,RETURNED_ORDER,3170.19,INR,SUCCESS,PayFlow,RF_00003404,CUST_008495
REF_003405,ORD_099532,PAY_081775,2026-04-19T00:45:55,FULL,CUSTOMER_REQUEST,534.30,INR,SUCCESS,PayFlow,RF_00003405,CUST_001069
REF_003406,ORD_099560,PAY_081800,2026-04-16T12:12:29,FULL,RETURNED_ORDER,2457.28,INR,SUCCESS,PayFlow,RF_00003406,CUST_005803
REF_003407,ORD_099595,,2026-05-01T21:10:20,FULL,RETURNED_ORDER,2008.47,INR,SUCCESS,,,CUST_000666
REF_003408,ORD_099640,PAY_081866,2026-04-23T11:39:27,FULL,RETURNED_ORDER,1066.72,INR,SUCCESS,PayFlow,RF_00003408,CUST_008084
REF_003409,ORD_099675,PAY_081893,2026-04-13T15:57:44,FULL,RETURNED_ORDER,446.04,INR,SUCCESS,PayFlow,RF_00003409,CUST_002728
REF_003410,ORD_099750,PAY_081955,2026-05-01T12:38:18,FULL,RETURNED_ORDER,3026.24,INR,SUCCESS,PayFlow,RF_00003410,CUST_005831
REF_003411,ORD_099808,PAY_082008,2026-05-13T03:55:49,FULL,RETURNED_ORDER,1303.07,INR,SUCCESS,PayFlow,RF_00003411,CUST_003563
REF_003412,ORD_099840,PAY_082035,2026-05-04T06:55:03,FULL,RETURNED_ORDER,1340.48,INR,SUCCESS,PayFlow,RF_00003412,CUST_005422
REF_003413,ORD_099858,PAY_082049,2026-04-22T03:41:51,FULL,RETURNED_ORDER,742.22,INR,SUCCESS,PayFlow,RF_00003413,CUST_001491
REF_003414,ORD_099895,PAY_082075,2026-04-24T11:09:27,FULL,RETURNED_ORDER,295.00,INR,SUCCESS,PayFlow,RF_00003414,CUST_004595
REF_003415,ORD_099920,PAY_082096,2026-05-09T07:50:35,FULL,RETURNED_ORDER,543.98,INR,SUCCESS,PayFlow,RF_00003415,CUST_001413
REF_003416,ORD_099951,PAY_082122,2026-04-22T09:42:42,FULL,RETURNED_ORDER,1661.44,INR,SUCCESS,PayFlow,RF_00003416,CUST_001730
REF_003417,ORD_099982,,2026-04-18T05:59:57,FULL,RETURNED_ORDER,294.88,INR,SUCCESS,,,CUST_006106
REF_003418,ORD_099987,PAY_082153,2026-04-11T19:18:46,FULL,RETURNED_ORDER,543.98,INR,SUCCESS,PayFlow,RF_00003418,CUST_000775
REF_003419,ORD_099996,PAY_082161,2026-04-15T01:26:43,FULL,CUSTOMER_REQUEST,762.04,INR,SUCCESS,PayFlow,RF_00003419,CUST_005000
REF_003420,ORD_100067,PAY_082217,2026-05-12T12:57:47,FULL,RETURNED_ORDER,1578.37,INR,SUCCESS,PayFlow,RF_00003420,CUST_005102
REF_003421,ORD_100106,,2026-04-29T13:03:51,FULL,RETURNED_ORDER,712.54,INR,SUCCESS,,,CUST_007246
REF_003422,ORD_100128,,2026-04-27T05:26:42,FULL,RETURNED_ORDER,326.19,INR,SUCCESS,,,CUST_005834
REF_003423,ORD_100142,PAY_082279,2026-04-15T03:39:24,FULL,RETURNED_ORDER,2914.13,INR,SUCCESS,PayFlow,RF_00003423,CUST_002081
REF_003424,ORD_100159,PAY_082294,2026-04-17T04:29:26,FULL,RETURNED_ORDER,2683.32,INR,SUCCESS,PayFlow,RF_00003424,CUST_008481
REF_003425,ORD_100183,,2026-04-25T07:05:24,FULL,RETURNED_ORDER,973.65,INR,SUCCESS,,,CUST_008045
REF_003426,ORD_100193,PAY_082321,2026-04-20T08:37:43,FULL,RETURNED_ORDER,2946.46,INR,SUCCESS,PayFlow,RF_00003426,CUST_004135
REF_003427,ORD_100241,PAY_082361,2026-04-28T01:07:18,PARTIAL,CUSTOMER_REQUEST,104.70,INR,SUCCESS,PayFlow,RF_00003427,CUST_003447
REF_003428,ORD_100258,PAY_082375,2026-04-15T00:25:43,FULL,CUSTOMER_REQUEST,616.43,INR,SUCCESS,PayFlow,RF_00003428,CUST_004609
REF_003429,ORD_100395,PAY_082488,2026-04-15T21:05:37,FULL,RETURNED_ORDER,1489.81,INR,SUCCESS,PayFlow,RF_00003429,CUST_005190
REF_003430,ORD_100400,PAY_082493,2026-04-29T15:12:32,FULL,RETURNED_ORDER,869.54,INR,SUCCESS,PayFlow,RF_00003430,CUST_003217
REF_003431,ORD_100413,PAY_082503,2026-04-25T02:45:32,FULL,RETURNED_ORDER,377.60,INR,SUCCESS,PayFlow,RF_00003431,CUST_007488
REF_003432,ORD_100477,PAY_082559,2026-04-14T05:41:52,FULL,RETURNED_ORDER,3144.70,INR,SUCCESS,PayFlow,RF_00003432,CUST_004413
REF_003433,ORD_100554,PAY_082625,2026-04-26T23:09:03,PARTIAL,CUSTOMER_REQUEST,378.07,INR,SUCCESS,PayFlow,RF_00003433,CUST_003561
REF_003434,ORD_100578,PAY_082647,2026-04-06T20:11:58,FULL,RETURNED_ORDER,352.89,INR,SUCCESS,PayFlow,RF_00003434,CUST_008008
REF_003435,ORD_100592,PAY_082658,2026-05-03T10:33:24,FULL,RETURNED_ORDER,2534.56,INR,SUCCESS,PayFlow,RF_00003435,CUST_000487
REF_003436,ORD_100655,PAY_082709,2026-04-25T19:30:29,FULL,CUSTOMER_REQUEST,1984.76,INR,SUCCESS,PayFlow,RF_00003436,CUST_001330
REF_003437,ORD_100670,PAY_082723,2026-04-13T01:36:46,FULL,RETURNED_ORDER,640.74,INR,SUCCESS,PayFlow,RF_00003437,CUST_000026
REF_003438,ORD_100676,PAY_082729,2026-04-23T04:39:36,PARTIAL,CUSTOMER_REQUEST,332.33,INR,SUCCESS,PayFlow,RF_00003438,CUST_004621
REF_003439,ORD_100726,PAY_082772,2026-04-14T05:18:37,PARTIAL,CUSTOMER_REQUEST,183.91,INR,SUCCESS,PayFlow,RF_00003439,CUST_007536
REF_003440,ORD_100740,PAY_082783,2026-04-24T02:18:55,FULL,RETURNED_ORDER,540.44,INR,SUCCESS,PayFlow,RF_00003440,CUST_007462
REF_003441,ORD_100782,PAY_082814,2026-05-04T00:03:13,FULL,CUSTOMER_REQUEST,295.00,INR,SUCCESS,PayFlow,RF_00003441,CUST_007271
REF_003442,ORD_100803,PAY_082829,2026-04-24T04:37:26,FULL,CUSTOMER_REQUEST,1095.04,INR,SUCCESS,PayFlow,RF_00003442,CUST_001413
REF_003443,ORD_100843,PAY_082867,2026-05-09T12:38:32,FULL,RETURNED_ORDER,498.67,INR,SUCCESS,PayFlow,RF_00003443,CUST_005569
REF_003444,ORD_100880,PAY_082896,2026-05-06T11:31:43,FULL,RETURNED_ORDER,776.38,INR,SUCCESS,PayFlow,RF_00003444,CUST_002407
REF_003445,ORD_100896,PAY_082910,2026-04-30T20:46:59,FULL,RETURNED_ORDER,582.92,INR,SUCCESS,PayFlow,RF_00003445,CUST_005831
REF_003446,ORD_100907,PAY_082920,2026-04-10T20:50:02,FULL,CUSTOMER_REQUEST,610.61,INR,SUCCESS,PayFlow,RF_00003446,CUST_001827
REF_003447,ORD_100910,PAY_082922,2026-04-28T08:30:38,FULL,RETURNED_ORDER,1501.45,INR,SUCCESS,PayFlow,RF_00003447,CUST_007299
REF_003448,ORD_100923,PAY_082932,2026-04-17T22:52:25,PARTIAL,CUSTOMER_REQUEST,156.44,INR,SUCCESS,PayFlow,RF_00003448,CUST_005996
REF_003449,ORD_100940,PAY_082947,2026-04-28T15:32:39,FULL,CUSTOMER_REQUEST,745.76,INR,SUCCESS,PayFlow,RF_00003449,CUST_004021
REF_003450,ORD_100952,,2026-05-06T22:44:07,FULL,RETURNED_ORDER,626.58,INR,SUCCESS,,,CUST_001172
REF_003451,ORD_100964,PAY_082965,2026-04-24T01:05:15,FULL,CUSTOMER_REQUEST,3028.94,INR,SUCCESS,PayFlow,RF_00003451,CUST_001377
REF_003452,ORD_100985,PAY_082982,2026-04-04T23:20:46,FULL,CUSTOMER_REQUEST,2462.84,INR,SUCCESS,PayFlow,RF_00003452,CUST_004562
REF_003453,ORD_101016,PAY_083006,2026-04-26T04:06:41,FULL,RETURNED_ORDER,2656.77,INR,SUCCESS,PayFlow,RF_00003453,CUST_000098
REF_003454,ORD_101028,PAY_083018,2026-04-10T21:54:27,FULL,CUSTOMER_REQUEST,283.14,INR,SUCCESS,PayFlow,RF_00003454,CUST_000209
REF_003455,ORD_101038,PAY_083026,2026-05-08T12:34:09,FULL,RETURNED_ORDER,657.26,INR,SUCCESS,PayFlow,RF_00003455,CUST_003598
REF_003456,ORD_101090,PAY_083070,2026-04-27T08:31:54,FULL,RETURNED_ORDER,842.64,INR,SUCCESS,PayFlow,RF_00003456,CUST_003138
REF_003457,ORD_101099,,2026-04-23T16:54:06,FULL,RETURNED_ORDER,283.08,INR,SUCCESS,,,CUST_005363
REF_003458,ORD_101125,PAY_083099,2026-04-18T02:27:06,PARTIAL,CUSTOMER_REQUEST,120.95,INR,SUCCESS,PayFlow,RF_00003458,CUST_007096
REF_003459,ORD_101132,PAY_083105,2026-04-30T07:38:29,FULL,RETURNED_ORDER,505.98,INR,SUCCESS,PayFlow,RF_00003459,CUST_005644
REF_003460,ORD_101135,,2026-04-21T13:47:43,FULL,RETURNED_ORDER,2829.40,INR,SUCCESS,,,CUST_006393
REF_003461,ORD_101160,,2026-04-29T05:34:47,FULL,RETURNED_ORDER,2670.55,INR,SUCCESS,,,CUST_003660
REF_003462,ORD_101179,PAY_083145,2026-04-08T22:23:09,FULL,CUSTOMER_REQUEST,1913.96,INR,SUCCESS,PayFlow,RF_00003462,CUST_006479
REF_003463,ORD_101183,PAY_083149,2026-04-30T04:29:10,FULL,RETURNED_ORDER,664.34,INR,SUCCESS,PayFlow,RF_00003463,CUST_005607
REF_003464,ORD_101208,PAY_083170,2026-05-01T07:29:12,FULL,RETURNED_ORDER,800.46,INR,SUCCESS,PayFlow,RF_00003464,CUST_002201
REF_003465,ORD_101229,PAY_083189,2026-04-27T03:42:59,FULL,CUSTOMER_REQUEST,1139.88,INR,SUCCESS,PayFlow,RF_00003465,CUST_004808
REF_003466,ORD_101250,PAY_083203,2026-04-27T09:42:40,FULL,RETURNED_ORDER,565.22,INR,SUCCESS,PayFlow,RF_00003466,CUST_002101
REF_003467,ORD_101262,PAY_083213,2026-05-07T04:46:17,FULL,RETURNED_ORDER,585.40,INR,SUCCESS,PayFlow,RF_00003467,CUST_002462
REF_003468,ORD_101281,PAY_083229,2026-04-21T07:00:47,PARTIAL,CUSTOMER_REQUEST,617.78,INR,SUCCESS,PayFlow,RF_00003468,CUST_001536
REF_003469,ORD_101294,PAY_083241,2026-04-28T03:20:08,FULL,RETURNED_ORDER,1155.22,INR,SUCCESS,PayFlow,RF_00003469,CUST_000023
REF_003470,ORD_101296,PAY_083243,2026-05-02T00:52:50,FULL,RETURNED_ORDER,1135.16,INR,SUCCESS,PayFlow,RF_00003470,CUST_006659
REF_003471,ORD_101336,PAY_083279,2026-05-01T20:28:41,FULL,CUSTOMER_REQUEST,1145.78,INR,SUCCESS,PayFlow,RF_00003471,CUST_000508
REF_003472,ORD_101356,PAY_083298,2026-04-17T20:43:38,PARTIAL,CUSTOMER_REQUEST,643.18,INR,SUCCESS,PayFlow,RF_00003472,CUST_004800
REF_003473,ORD_101385,PAY_083324,2026-04-21T15:31:49,FULL,RETURNED_ORDER,522.50,INR,SUCCESS,PayFlow,RF_00003473,CUST_006894
REF_003474,ORD_101393,PAY_083331,2026-04-21T01:03:27,FULL,RETURNED_ORDER,1224.25,INR,SUCCESS,PayFlow,RF_00003474,CUST_001593
REF_003475,ORD_101402,PAY_083337,2026-04-08T18:43:31,PARTIAL,CUSTOMER_REQUEST,157.07,INR,SUCCESS,PayFlow,RF_00003475,CUST_007710
REF_003476,ORD_101410,PAY_083343,2026-04-29T18:53:40,PARTIAL,CUSTOMER_REQUEST,91.11,INR,SUCCESS,PayFlow,RF_00003476,CUST_004562
REF_003477,ORD_101426,PAY_083357,2026-04-23T03:42:52,FULL,CUSTOMER_REQUEST,1443.85,INR,SUCCESS,PayFlow,RF_00003477,CUST_002014
REF_003478,ORD_101465,PAY_083390,2026-04-28T14:38:23,FULL,RETURNED_ORDER,390.58,INR,SUCCESS,PayFlow,RF_00003478,CUST_005249
REF_003479,ORD_101475,PAY_083397,2026-04-14T01:33:51,PARTIAL,CUSTOMER_REQUEST,61.95,INR,SUCCESS,PayFlow,RF_00003479,CUST_006180
REF_003480,ORD_101504,PAY_083423,2026-05-04T06:38:45,FULL,RETURNED_ORDER,364.69,INR,SUCCESS,PayFlow,RF_00003480,CUST_002737
REF_003481,ORD_101527,PAY_083441,2026-05-01T23:11:05,FULL,CUSTOMER_REQUEST,2169.67,INR,SUCCESS,PayFlow,RF_00003481,CUST_000915
REF_003482,ORD_101613,PAY_083512,2026-05-02T00:44:34,FULL,CUSTOMER_REQUEST,541.62,INR,SUCCESS,PayFlow,RF_00003482,CUST_006263
REF_003483,ORD_101616,PAY_083515,2026-04-26T22:23:15,FULL,CUSTOMER_REQUEST,2676.24,INR,SUCCESS,PayFlow,RF_00003483,CUST_002576
REF_003484,ORD_101621,,2026-04-28T11:12:31,FULL,RETURNED_ORDER,767.47,INR,SUCCESS,,,CUST_001680
REF_003485,ORD_101632,PAY_083528,2026-04-30T03:13:17,FULL,RETURNED_ORDER,1512.76,INR,SUCCESS,PayFlow,RF_00003485,CUST_003523
REF_003486,ORD_101716,,2026-04-23T18:26:38,FULL,RETURNED_ORDER,2844.98,INR,SUCCESS,,,CUST_001157
REF_003487,ORD_101746,PAY_083613,2026-04-27T10:04:26,FULL,RETURNED_ORDER,1627.22,INR,SUCCESS,PayFlow,RF_00003487,CUST_001029
REF_003488,ORD_101776,PAY_083632,2026-05-08T03:47:17,FULL,RETURNED_ORDER,2895.72,INR,SUCCESS,PayFlow,RF_00003488,CUST_004083
REF_003489,ORD_101839,PAY_083683,2026-04-07T08:38:35,FULL,RETURNED_ORDER,2066.18,INR,SUCCESS,PayFlow,RF_00003489,CUST_006676
REF_003490,ORD_101845,PAY_083686,2026-05-05T12:02:20,FULL,RETURNED_ORDER,607.82,INR,SUCCESS,PayFlow,RF_00003490,CUST_000925
REF_003491,ORD_101893,PAY_083728,2026-05-07T04:14:09,FULL,RETURNED_ORDER,318.60,INR,SUCCESS,PayFlow,RF_00003491,CUST_006309
REF_003492,ORD_101915,PAY_083748,2026-04-26T00:05:31,FULL,RETURNED_ORDER,434.24,INR,SUCCESS,PayFlow,RF_00003492,CUST_006658
REF_003493,ORD_101945,PAY_083772,2026-04-19T23:40:11,PARTIAL,CUSTOMER_REQUEST,493.22,INR,SUCCESS,PayFlow,RF_00003493,CUST_002540
REF_003494,ORD_101954,PAY_083778,2026-04-20T17:03:53,FULL,RETURNED_ORDER,1106.84,INR,SUCCESS,PayFlow,RF_00003494,CUST_006712
REF_003495,ORD_101980,PAY_083801,2026-04-19T06:51:40,FULL,RETURNED_ORDER,2309.37,INR,SUCCESS,PayFlow,RF_00003495,CUST_001980
REF_003496,ORD_102021,PAY_083837,2026-05-11T07:00:02,FULL,RETURNED_ORDER,1342.96,INR,SUCCESS,PayFlow,RF_00003496,CUST_001541
REF_003497,ORD_102034,PAY_083849,2026-05-02T10:08:16,FULL,RETURNED_ORDER,1381.78,INR,SUCCESS,PayFlow,RF_00003497,CUST_002083
REF_003498,ORD_102039,PAY_083853,2026-04-29T23:07:33,FULL,RETURNED_ORDER,1289.74,INR,SUCCESS,PayFlow,RF_00003498,CUST_008241
REF_003499,ORD_102072,PAY_083880,2026-05-06T06:36:14,FULL,RETURNED_ORDER,553.64,INR,SUCCESS,PayFlow,RF_00003499,CUST_000937
REF_003500,ORD_102076,PAY_083884,2026-04-19T02:33:36,FULL,CUSTOMER_REQUEST,3228.48,INR,SUCCESS,PayFlow,RF_00003500,CUST_005388
REF_003501,ORD_102080,PAY_083888,2026-04-15T09:08:03,FULL,RETURNED_ORDER,3515.68,INR,SUCCESS,PayFlow,RF_00003501,CUST_002671
REF_003502,ORD_102107,PAY_083910,2026-05-02T19:36:26,FULL,CUSTOMER_REQUEST,594.72,INR,SUCCESS,PayFlow,RF_00003502,CUST_008304
REF_003503,ORD_102111,PAY_083914,2026-04-20T20:35:29,FULL,RETURNED_ORDER,766.78,INR,SUCCESS,PayFlow,RF_00003503,CUST_000988
REF_003504,ORD_102113,PAY_083916,2026-04-12T13:37:59,FULL,RETURNED_ORDER,1840.80,INR,SUCCESS,PayFlow,RF_00003504,CUST_003118
REF_003505,ORD_102140,PAY_083936,2026-04-30T22:37:03,FULL,CUSTOMER_REQUEST,1096.32,INR,SUCCESS,PayFlow,RF_00003505,CUST_007778
REF_003506,ORD_102159,PAY_083953,2026-05-09T09:27:14,FULL,RETURNED_ORDER,972.32,INR,SUCCESS,PayFlow,RF_00003506,CUST_000462
REF_003507,ORD_102184,PAY_083977,2026-04-10T14:07:24,FULL,RETURNED_ORDER,380.90,INR,SUCCESS,PayFlow,RF_00003507,CUST_001062
REF_003508,ORD_102193,PAY_083985,2026-04-13T15:36:19,FULL,RETURNED_ORDER,294.94,INR,SUCCESS,PayFlow,RF_00003508,CUST_003180
REF_003509,ORD_102218,PAY_084005,2026-04-07T04:24:16,FULL,CUSTOMER_REQUEST,622.92,INR,SUCCESS,PayFlow,RF_00003509,CUST_003574
REF_003510,ORD_102240,PAY_084026,2026-04-07T04:13:35,FULL,RETURNED_ORDER,1644.36,INR,SUCCESS,PayFlow,RF_00003510,CUST_003031
REF_003511,ORD_102241,PAY_084027,2026-04-30T20:00:41,FULL,RETURNED_ORDER,810.66,INR,SUCCESS,PayFlow,RF_00003511,CUST_007649
REF_003512,ORD_102252,PAY_084038,2026-05-04T17:41:53,FULL,RETURNED_ORDER,654.53,INR,SUCCESS,PayFlow,RF_00003512,CUST_004036
REF_003513,ORD_102271,PAY_084051,2026-04-28T19:57:28,FULL,CUSTOMER_REQUEST,720.86,INR,SUCCESS,PayFlow,RF_00003513,CUST_007758
REF_003514,ORD_102339,PAY_084106,2026-04-22T10:57:41,FULL,RETURNED_ORDER,295.00,INR,SUCCESS,PayFlow,RF_00003514,CUST_003812
REF_003515,ORD_102343,PAY_084110,2026-04-02T10:40:36,FULL,CUSTOMER_REQUEST,414.18,INR,SUCCESS,PayFlow,RF_00003515,CUST_006643
REF_003516,ORD_102346,PAY_084113,2026-04-29T17:14:28,FULL,CUSTOMER_REQUEST,776.38,INR,SUCCESS,PayFlow,RF_00003516,CUST_004648
REF_003517,ORD_102482,PAY_084230,2026-05-10T06:07:13,FULL,RETURNED_ORDER,712.72,INR,SUCCESS,PayFlow,RF_00003517,CUST_004925
REF_003518,ORD_102483,PAY_084231,2026-04-28T16:06:03,FULL,RETURNED_ORDER,695.73,INR,SUCCESS,PayFlow,RF_00003518,CUST_000449
REF_003519,ORD_102497,PAY_084243,2026-04-07T23:20:00,FULL,CUSTOMER_REQUEST,369.10,INR,SUCCESS,PayFlow,RF_00003519,CUST_004921
REF_003520,ORD_102499,PAY_084245,2026-04-21T13:24:51,FULL,RETURNED_ORDER,733.96,INR,SUCCESS,PayFlow,RF_00003520,CUST_002966
REF_003521,ORD_102552,PAY_084287,2026-04-22T05:06:20,FULL,CUSTOMER_REQUEST,565.92,INR,SUCCESS,PayFlow,RF_00003521,CUST_007069
REF_003522,ORD_102585,PAY_084317,2026-04-26T10:11:33,FULL,RETURNED_ORDER,1236.82,INR,SUCCESS,PayFlow,RF_00003522,CUST_007767
REF_003523,ORD_102610,,2026-04-23T10:06:17,FULL,RETURNED_ORDER,2436.70,INR,SUCCESS,,,CUST_006761
REF_003524,ORD_102631,PAY_084355,2026-04-08T04:20:40,FULL,CUSTOMER_REQUEST,1462.02,INR,SUCCESS,PayFlow,RF_00003524,CUST_005397
REF_003525,ORD_102636,,2026-04-16T09:15:29,FULL,RETURNED_ORDER,574.66,INR,SUCCESS,,,CUST_004031
REF_003526,ORD_102678,PAY_084392,2026-04-18T01:44:45,PARTIAL,CUSTOMER_REQUEST,224.51,INR,SUCCESS,PayFlow,RF_00003526,CUST_003026
REF_003527,ORD_102691,PAY_084400,2026-04-23T06:56:37,FULL,RETURNED_ORDER,3872.76,INR,SUCCESS,PayFlow,RF_00003527,CUST_006467
REF_003528,ORD_102761,PAY_084459,2026-04-25T21:09:15,FULL,CUSTOMER_REQUEST,356.01,INR,SUCCESS,PayFlow,RF_00003528,CUST_005692
REF_003529,ORD_102778,PAY_084474,2026-04-15T22:36:31,FULL,CUSTOMER_REQUEST,486.87,INR,SUCCESS,PayFlow,RF_00003529,CUST_002457
REF_003530,ORD_102910,PAY_084586,2026-05-03T12:05:26,FULL,RETURNED_ORDER,2182.41,INR,SUCCESS,PayFlow,RF_00003530,CUST_001652
REF_003531,ORD_102916,PAY_084592,2026-04-16T00:40:53,FULL,RETURNED_ORDER,855.97,INR,SUCCESS,PayFlow,RF_00003531,CUST_008433
REF_003532,ORD_102921,PAY_084597,2026-04-24T11:20:24,FULL,RETURNED_ORDER,2308.88,INR,SUCCESS,PayFlow,RF_00003532,CUST_003977
REF_003533,ORD_102950,PAY_084623,2026-04-07T19:15:55,FULL,CUSTOMER_REQUEST,3070.42,INR,SUCCESS,PayFlow,RF_00003533,CUST_008452
REF_003534,ORD_102956,PAY_084628,2026-04-29T19:30:08,FULL,CUSTOMER_REQUEST,324.38,INR,SUCCESS,PayFlow,RF_00003534,CUST_006720
REF_003535,ORD_103016,PAY_084677,2026-04-17T22:59:31,FULL,CUSTOMER_REQUEST,1596.30,INR,SUCCESS,PayFlow,RF_00003535,CUST_007806
REF_003536,ORD_103037,,2026-04-17T00:09:23,FULL,RETURNED_ORDER,732.14,INR,SUCCESS,,,CUST_001261
REF_003537,ORD_103038,PAY_084695,2026-05-03T20:43:32,FULL,CUSTOMER_REQUEST,271.28,INR,SUCCESS,PayFlow,RF_00003537,CUST_003954
REF_003538,ORD_103063,PAY_084718,2026-04-17T15:25:45,PARTIAL,CUSTOMER_REQUEST,142.28,INR,SUCCESS,PayFlow,RF_00003538,CUST_005846
REF_003539,ORD_103101,PAY_084748,2026-05-07T07:24:40,FULL,RETURNED_ORDER,1503.26,INR,SUCCESS,PayFlow,RF_00003539,CUST_005311
REF_003540,ORD_103148,PAY_084785,2026-04-12T20:22:14,FULL,CUSTOMER_REQUEST,848.02,INR,SUCCESS,PayFlow,RF_00003540,CUST_001308
REF_003541,ORD_103150,PAY_084786,2026-04-28T15:01:03,FULL,CUSTOMER_REQUEST,1896.79,INR,SUCCESS,PayFlow,RF_00003541,CUST_002985
REF_003542,ORD_103175,PAY_084807,2026-05-01T07:14:31,FULL,RETURNED_ORDER,2012.49,INR,SUCCESS,PayFlow,RF_00003542,CUST_001249
REF_003543,ORD_103191,PAY_084821,2026-04-22T06:10:01,FULL,RETURNED_ORDER,295.47,INR,SUCCESS,PayFlow,RF_00003543,CUST_007865
REF_003544,ORD_103198,PAY_084826,2026-04-27T06:50:31,FULL,RETURNED_ORDER,1480.84,INR,SUCCESS,PayFlow,RF_00003544,CUST_006751
REF_003545,ORD_103229,PAY_084849,2026-04-24T12:28:11,FULL,RETURNED_ORDER,1115.15,INR,SUCCESS,PayFlow,RF_00003545,CUST_001638
REF_003546,ORD_103300,PAY_084907,2026-04-02T18:39:11,FULL,CUSTOMER_REQUEST,1205.96,INR,SUCCESS,PayFlow,RF_00003546,CUST_007357
REF_003547,ORD_103318,PAY_084923,2026-05-10T19:24:57,FULL,RETURNED_ORDER,408.40,INR,SUCCESS,PayFlow,RF_00003547,CUST_007319
REF_003548,ORD_103346,PAY_084948,2026-05-02T20:01:34,PARTIAL,CUSTOMER_REQUEST,1651.74,INR,SUCCESS,PayFlow,RF_00003548,CUST_006467
REF_003549,ORD_103475,PAY_085058,2026-04-14T02:49:59,FULL,RETURNED_ORDER,1865.79,INR,SUCCESS,PayFlow,RF_00003549,CUST_001454
REF_003550,ORD_103507,PAY_085083,2026-05-02T02:27:41,FULL,CUSTOMER_REQUEST,272.40,INR,SUCCESS,PayFlow,RF_00003550,CUST_003302
REF_003551,ORD_103562,PAY_085128,2026-04-04T06:23:19,FULL,CUSTOMER_REQUEST,352.11,INR,SUCCESS,PayFlow,RF_00003551,CUST_008366
REF_003552,ORD_103571,PAY_085135,2026-04-26T22:48:23,FULL,RETURNED_ORDER,4673.86,INR,SUCCESS,PayFlow,RF_00003552,CUST_005479
REF_003553,ORD_103605,PAY_085164,2026-04-14T20:04:03,FULL,CUSTOMER_REQUEST,373.94,INR,SUCCESS,PayFlow,RF_00003553,CUST_001493
REF_003554,ORD_103670,PAY_085221,2026-04-19T14:06:02,FULL,RETURNED_ORDER,3490.44,INR,SUCCESS,PayFlow,RF_00003554,CUST_007286
REF_003555,ORD_103673,PAY_085224,2026-05-07T11:06:36,FULL,RETURNED_ORDER,1347.56,INR,SUCCESS,PayFlow,RF_00003555,CUST_002695
REF_003556,ORD_103730,PAY_085271,2026-05-04T12:51:32,FULL,RETURNED_ORDER,1499.78,INR,SUCCESS,PayFlow,RF_00003556,CUST_005265
REF_003557,ORD_103763,PAY_085301,2026-04-13T00:53:57,FULL,CUSTOMER_REQUEST,4225.58,INR,SUCCESS,PayFlow,RF_00003557,CUST_005620
REF_003558,ORD_103788,PAY_085321,2026-04-25T04:27:01,PARTIAL,CUSTOMER_REQUEST,133.89,INR,SUCCESS,PayFlow,RF_00003558,CUST_005195
REF_003559,ORD_103816,,2026-05-03T08:44:01,FULL,RETURNED_ORDER,855.97,INR,SUCCESS,,,CUST_002421
REF_003560,ORD_103830,PAY_085355,2026-05-07T01:56:14,FULL,RETURNED_ORDER,1568.22,INR,SUCCESS,PayFlow,RF_00003560,CUST_000802
REF_003561,ORD_103854,PAY_085376,2026-05-04T20:31:44,PARTIAL,CUSTOMER_REQUEST,1284.62,INR,SUCCESS,PayFlow,RF_00003561,CUST_007538
REF_003562,ORD_103876,PAY_085393,2026-04-25T12:23:12,FULL,RETURNED_ORDER,867.77,INR,SUCCESS,PayFlow,RF_00003562,CUST_005472
REF_003563,ORD_103950,PAY_085459,2026-04-18T18:12:33,FULL,CUSTOMER_REQUEST,1727.34,INR,SUCCESS,PayFlow,RF_00003563,CUST_004594
REF_003564,ORD_103981,PAY_085486,2026-04-14T04:45:25,FULL,RETURNED_ORDER,5008.39,INR,SUCCESS,PayFlow,RF_00003564,CUST_002294
REF_003565,ORD_103984,PAY_085489,2026-04-18T11:15:33,FULL,RETURNED_ORDER,888.42,INR,SUCCESS,PayFlow,RF_00003565,CUST_003406
REF_003566,ORD_104014,PAY_085514,2026-04-24T19:09:27,FULL,CUSTOMER_REQUEST,877.64,INR,SUCCESS,PayFlow,RF_00003566,CUST_005863
REF_003567,ORD_104018,PAY_085516,2026-04-15T15:49:41,FULL,RETURNED_ORDER,414.18,INR,SUCCESS,PayFlow,RF_00003567,CUST_001203
REF_003568,ORD_104057,PAY_085546,2026-04-24T13:23:57,FULL,RETURNED_ORDER,719.80,INR,SUCCESS,PayFlow,RF_00003568,CUST_000506
REF_003569,ORD_104102,PAY_085583,2026-04-04T01:57:26,FULL,CUSTOMER_REQUEST,5114.00,INR,SUCCESS,PayFlow,RF_00003569,CUST_007184
REF_003570,ORD_104114,PAY_085594,2026-04-14T08:12:25,FULL,RETURNED_ORDER,584.08,INR,SUCCESS,PayFlow,RF_00003570,CUST_003619
REF_003571,ORD_104151,PAY_085621,2026-04-10T16:47:49,PARTIAL,CUSTOMER_REQUEST,93.43,INR,SUCCESS,PayFlow,RF_00003571,CUST_007556
REF_003572,ORD_104167,PAY_085634,2026-05-10T10:06:18,FULL,RETURNED_ORDER,2137.86,INR,SUCCESS,PayFlow,RF_00003572,CUST_002431
REF_003573,ORD_104178,PAY_085643,2026-04-24T02:17:30,FULL,CUSTOMER_REQUEST,295.00,INR,SUCCESS,PayFlow,RF_00003573,CUST_000676
REF_003574,ORD_104264,PAY_085710,2026-05-06T17:41:12,FULL,RETURNED_ORDER,991.32,INR,SUCCESS,PayFlow,RF_00003574,CUST_007235
REF_003575,ORD_104281,PAY_085725,2026-04-25T00:22:35,FULL,CUSTOMER_REQUEST,596.02,INR,SUCCESS,PayFlow,RF_00003575,CUST_002454
REF_003576,ORD_104289,PAY_085732,2026-05-04T14:44:01,FULL,RETURNED_ORDER,377.60,INR,SUCCESS,PayFlow,RF_00003576,CUST_004260
REF_003577,ORD_104322,PAY_085758,2026-04-07T20:27:56,PARTIAL,CUSTOMER_REQUEST,79.02,INR,SUCCESS,PayFlow,RF_00003577,CUST_007819
REF_003578,ORD_104346,PAY_085780,2026-04-24T06:23:16,FULL,RETURNED_ORDER,729.43,INR,SUCCESS,PayFlow,RF_00003578,CUST_000486
REF_003579,ORD_104399,PAY_085821,2026-04-25T22:37:44,FULL,CUSTOMER_REQUEST,584.22,INR,SUCCESS,PayFlow,RF_00003579,CUST_004450
REF_003580,ORD_104418,PAY_085835,2026-04-21T22:27:20,FULL,RETURNED_ORDER,354.00,INR,SUCCESS,PayFlow,RF_00003580,CUST_001288
REF_003581,ORD_104458,PAY_085867,2026-04-20T16:09:00,FULL,RETURNED_ORDER,371.70,INR,SUCCESS,PayFlow,RF_00003581,CUST_007947
REF_003582,ORD_104544,PAY_085939,2026-04-23T11:20:39,FULL,RETURNED_ORDER,1010.43,INR,SUCCESS,PayFlow,RF_00003582,CUST_003568
REF_003583,ORD_104587,PAY_085975,2026-04-22T07:47:32,FULL,RETURNED_ORDER,306.74,INR,SUCCESS,PayFlow,RF_00003583,CUST_004864
REF_003584,ORD_104614,PAY_086000,2026-04-09T10:41:20,FULL,CUSTOMER_REQUEST,356.01,INR,SUCCESS,PayFlow,RF_00003584,CUST_004666
REF_003585,ORD_104619,PAY_086005,2026-04-22T23:27:42,FULL,CUSTOMER_REQUEST,414.18,INR,SUCCESS,PayFlow,RF_00003585,CUST_003969
REF_003586,ORD_104706,PAY_086079,2026-04-23T09:20:32,FULL,RETURNED_ORDER,738.98,INR,SUCCESS,PayFlow,RF_00003586,CUST_004316
REF_003587,ORD_104708,PAY_086080,2026-05-04T10:47:44,FULL,RETURNED_ORDER,836.22,INR,SUCCESS,PayFlow,RF_00003587,CUST_007726
REF_003588,ORD_104759,PAY_086115,2026-04-13T09:36:00,FULL,RETURNED_ORDER,731.60,INR,SUCCESS,PayFlow,RF_00003588,CUST_008272
REF_003589,ORD_104762,PAY_086118,2026-04-17T10:30:33,FULL,RETURNED_ORDER,350.99,INR,SUCCESS,PayFlow,RF_00003589,CUST_004272
REF_003590,ORD_104781,PAY_086134,2026-04-26T19:38:10,PARTIAL,CUSTOMER_REQUEST,426.69,INR,SUCCESS,PayFlow,RF_00003590,CUST_004829
REF_003591,ORD_104802,PAY_086153,2026-04-15T01:26:43,FULL,RETURNED_ORDER,712.72,INR,SUCCESS,PayFlow,RF_00003591,CUST_006393
REF_003592,ORD_104832,PAY_086174,2026-05-10T11:56:04,FULL,RETURNED_ORDER,1855.55,INR,SUCCESS,PayFlow,RF_00003592,CUST_001293
REF_003593,ORD_104876,PAY_086208,2026-04-12T07:16:05,FULL,RETURNED_ORDER,1447.86,INR,SUCCESS,PayFlow,RF_00003593,CUST_006218
REF_003594,ORD_104883,PAY_086213,2026-04-22T01:44:13,FULL,RETURNED_ORDER,567.58,INR,SUCCESS,PayFlow,RF_00003594,CUST_006964
REF_003595,ORD_104901,PAY_086231,2026-05-13T00:24:11,FULL,RETURNED_ORDER,354.00,INR,SUCCESS,PayFlow,RF_00003595,CUST_002791
REF_003596,ORD_104903,PAY_086233,2026-04-11T04:36:35,FULL,RETURNED_ORDER,719.80,INR,SUCCESS,PayFlow,RF_00003596,CUST_004536
REF_003597,ORD_104922,PAY_086248,2026-04-16T19:57:40,FULL,RETURNED_ORDER,2949.35,INR,SUCCESS,PayFlow,RF_00003597,CUST_000951
REF_003598,ORD_104973,PAY_086292,2026-04-24T13:28:47,FULL,RETURNED_ORDER,1498.78,INR,SUCCESS,PayFlow,RF_00003598,CUST_000499
REF_003599,ORD_104997,PAY_086312,2026-04-18T10:48:19,FULL,RETURNED_ORDER,701.90,INR,SUCCESS,PayFlow,RF_00003599,CUST_004921
REF_003600,ORD_105022,PAY_086330,2026-05-22T18:24:07,FULL,RETURNED_ORDER,850.78,INR,SUCCESS,PayFlow,RF_00003600,CUST_006564
REF_003601,ORD_105024,PAY_086332,2026-05-12T09:16:26,FULL,RETURNED_ORDER,560.48,INR,SUCCESS,PayFlow,RF_00003601,CUST_006436
REF_003602,ORD_105042,PAY_086348,2026-05-31T10:29:11,FULL,RETURNED_ORDER,582.92,INR,SUCCESS,PayFlow,RF_00003602,CUST_006670
REF_003603,ORD_105062,PAY_086367,2026-06-04T02:32:04,PARTIAL,CUSTOMER_REQUEST,174.88,INR,SUCCESS,PayFlow,RF_00003603,CUST_005680
REF_003604,ORD_105069,PAY_086372,2026-05-23T13:39:03,FULL,RETURNED_ORDER,1198.88,INR,SUCCESS,PayFlow,RF_00003604,CUST_006590
REF_003605,ORD_105080,PAY_086379,2026-05-15T00:23:04,PARTIAL,CUSTOMER_REQUEST,200.09,INR,SUCCESS,PayFlow,RF_00003605,CUST_000892
REF_003606,ORD_105198,PAY_086477,2026-05-14T11:18:50,FULL,RETURNED_ORDER,1958.39,INR,SUCCESS,PayFlow,RF_00003606,CUST_001520
REF_003607,ORD_105236,,2026-06-03T13:26:55,FULL,RETURNED_ORDER,534.30,INR,SUCCESS,,,CUST_007060
REF_003608,ORD_105258,PAY_086525,2026-06-06T02:57:53,FULL,RETURNED_ORDER,647.47,INR,SUCCESS,PayFlow,RF_00003608,CUST_007986
REF_003609,ORD_105273,,2026-05-26T10:45:06,FULL,RETURNED_ORDER,352.89,INR,SUCCESS,,,CUST_005335
REF_003610,ORD_105287,PAY_086547,2026-05-20T08:48:27,FULL,RETURNED_ORDER,1850.24,INR,SUCCESS,PayFlow,RF_00003610,CUST_001421
REF_003611,ORD_105398,PAY_086641,2026-05-30T05:26:39,FULL,CUSTOMER_REQUEST,1415.32,INR,SUCCESS,PayFlow,RF_00003611,CUST_005536
REF_003612,ORD_105469,PAY_086696,2026-06-08T07:29:47,FULL,RETURNED_ORDER,498.67,INR,SUCCESS,PayFlow,RF_00003612,CUST_006403
REF_003613,ORD_105498,PAY_086722,2026-06-10T11:06:49,FULL,RETURNED_ORDER,396.60,INR,SUCCESS,PayFlow,RF_00003613,CUST_008001
REF_003614,ORD_105502,PAY_086726,2026-05-16T07:02:01,FULL,RETURNED_ORDER,2400.06,INR,SUCCESS,PayFlow,RF_00003614,CUST_007728
REF_003615,ORD_105541,PAY_086759,2026-05-12T10:56:17,FULL,RETURNED_ORDER,295.00,INR,SUCCESS,PayFlow,RF_00003615,CUST_005767
REF_003616,ORD_105553,PAY_086771,2026-05-22T15:25:55,FULL,RETURNED_ORDER,2564.85,INR,SUCCESS,PayFlow,RF_00003616,CUST_000160
REF_003617,ORD_105562,PAY_086776,2026-05-29T22:47:27,FULL,CUSTOMER_REQUEST,672.13,INR,SUCCESS,PayFlow,RF_00003617,CUST_000256
REF_003618,ORD_105579,PAY_086789,2026-05-26T02:20:12,FULL,RETURNED_ORDER,540.44,INR,SUCCESS,PayFlow,RF_00003618,CUST_007559
REF_003619,ORD_105593,PAY_086802,2026-05-19T19:18:15,FULL,RETURNED_ORDER,999.34,INR,SUCCESS,PayFlow,RF_00003619,CUST_000837
REF_003620,ORD_105635,,2026-06-08T04:40:48,FULL,RETURNED_ORDER,766.78,INR,SUCCESS,,,CUST_007135
REF_003621,ORD_105671,PAY_086867,2026-05-23T11:41:49,FULL,RETURNED_ORDER,598.73,INR,SUCCESS,PayFlow,RF_00003621,CUST_001361
REF_003622,ORD_105680,,2026-06-01T22:40:32,FULL,RETURNED_ORDER,295.00,INR,SUCCESS,,,CUST_005674
REF_003623,ORD_105681,PAY_086874,2026-05-21T00:16:22,PARTIAL,CUSTOMER_REQUEST,359.19,INR,SUCCESS,PayFlow,RF_00003623,CUST_008013
REF_003624,ORD_105691,PAY_086882,2026-05-10T09:56:34,FULL,RETURNED_ORDER,414.18,INR,SUCCESS,PayFlow,RF_00003624,CUST_006305
REF_003625,ORD_105723,PAY_086908,2026-05-17T11:13:30,FULL,RETURNED_ORDER,778.58,INR,SUCCESS,PayFlow,RF_00003625,CUST_008000
REF_003626,ORD_105779,PAY_086948,2026-06-10T10:32:45,FULL,RETURNED_ORDER,1254.22,INR,SUCCESS,PayFlow,RF_00003626,CUST_004935
REF_003627,ORD_105826,PAY_086990,2026-05-15T07:00:13,FULL,CUSTOMER_REQUEST,365.80,INR,SUCCESS,PayFlow,RF_00003627,CUST_001392
REF_003628,ORD_105829,PAY_086993,2026-06-11T08:10:41,FULL,RETURNED_ORDER,377.60,INR,SUCCESS,PayFlow,RF_00003628,CUST_005702
REF_003629,ORD_105941,,2026-05-17T09:20:46,FULL,RETURNED_ORDER,580.27,INR,SUCCESS,,,CUST_004259
REF_003630,ORD_105948,PAY_087082,2026-05-31T20:48:50,PARTIAL,CUSTOMER_REQUEST,254.45,INR,SUCCESS,PayFlow,RF_00003630,CUST_007668
REF_003631,ORD_105952,PAY_087085,2026-05-20T23:26:11,FULL,RETURNED_ORDER,402.38,INR,SUCCESS,PayFlow,RF_00003631,CUST_006748
REF_003632,ORD_105960,PAY_087092,2026-05-11T23:45:54,PARTIAL,CUSTOMER_REQUEST,76.19,INR,SUCCESS,PayFlow,RF_00003632,CUST_001177
REF_003633,ORD_106091,PAY_087196,2026-05-06T13:24:39,FULL,CUSTOMER_REQUEST,791.78,INR,SUCCESS,PayFlow,RF_00003633,CUST_001678
REF_003634,ORD_106099,PAY_087202,2026-05-24T23:35:55,FULL,CUSTOMER_REQUEST,582.92,INR,SUCCESS,PayFlow,RF_00003634,CUST_002546
REF_003635,ORD_106125,PAY_087225,2026-06-01T01:49:21,FULL,CUSTOMER_REQUEST,565.22,INR,SUCCESS,PayFlow,RF_00003635,CUST_006124
REF_003636,ORD_106179,PAY_087271,2026-06-12T15:13:29,FULL,RETURNED_ORDER,914.10,INR,SUCCESS,PayFlow,RF_00003636,CUST_002155
REF_003637,ORD_106227,PAY_087309,2026-06-06T08:30:13,FULL,RETURNED_ORDER,402.38,INR,SUCCESS,PayFlow,RF_00003637,CUST_006364
REF_003638,ORD_106271,PAY_087342,2026-06-02T02:39:03,FULL,CUSTOMER_REQUEST,2475.64,INR,SUCCESS,PayFlow,RF_00003638,CUST_004288
REF_003639,ORD_106303,PAY_087366,2026-05-29T05:49:58,FULL,CUSTOMER_REQUEST,842.52,INR,SUCCESS,PayFlow,RF_00003639,CUST_003032
REF_003640,ORD_106334,PAY_087390,2026-05-10T05:57:36,FULL,RETURNED_ORDER,765.82,INR,SUCCESS,PayFlow,RF_00003640,CUST_001865
REF_003641,ORD_106386,PAY_087430,2026-05-18T18:37:36,FULL,CUSTOMER_REQUEST,306.80,INR,SUCCESS,PayFlow,RF_00003641,CUST_004236
REF_003642,ORD_106387,PAY_087431,2026-05-27T04:59:09,FULL,CUSTOMER_REQUEST,306.74,INR,SUCCESS,PayFlow,RF_00003642,CUST_007719
REF_003643,ORD_106529,,2026-05-18T03:44:46,FULL,RETURNED_ORDER,367.81,INR,SUCCESS,,,CUST_001229
REF_003644,ORD_106563,PAY_087572,2026-06-05T03:40:44,FULL,RETURNED_ORDER,1855.31,INR,SUCCESS,PayFlow,RF_00003644,CUST_003193
REF_003645,ORD_106601,,2026-06-12T05:09:06,FULL,RETURNED_ORDER,5852.80,INR,SUCCESS,,,CUST_007320
REF_003646,ORD_106629,PAY_087621,2026-05-20T05:34:38,FULL,RETURNED_ORDER,4050.94,INR,SUCCESS,PayFlow,RF_00003646,CUST_006190
REF_003647,ORD_106663,PAY_087650,2026-06-05T14:21:41,FULL,RETURNED_ORDER,3197.80,INR,SUCCESS,PayFlow,RF_00003647,CUST_000209
REF_003648,ORD_106754,PAY_087724,2026-06-01T18:46:07,FULL,CUSTOMER_REQUEST,6960.82,INR,SUCCESS,PayFlow,RF_00003648,CUST_000755
REF_003649,ORD_106760,PAY_087730,2026-05-09T05:25:03,FULL,RETURNED_ORDER,283.08,INR,SUCCESS,PayFlow,RF_00003649,CUST_004644
REF_003650,ORD_106800,PAY_087766,2026-05-18T08:12:24,FULL,RETURNED_ORDER,367.81,INR,SUCCESS,PayFlow,RF_00003650,CUST_001194
REF_003651,ORD_106806,PAY_087772,2026-05-18T02:44:26,FULL,CUSTOMER_REQUEST,657.41,INR,SUCCESS,PayFlow,RF_00003651,CUST_000264
REF_003652,ORD_106857,,2026-05-18T07:42:09,FULL,RETURNED_ORDER,737.81,INR,SUCCESS,,,CUST_005129
REF_003653,ORD_106864,PAY_087817,2026-06-01T11:57:47,FULL,RETURNED_ORDER,498.67,INR,SUCCESS,PayFlow,RF_00003653,CUST_003825
REF_003654,ORD_106895,PAY_087846,2026-05-19T08:14:03,FULL,RETURNED_ORDER,2379.88,INR,SUCCESS,PayFlow,RF_00003654,CUST_006596
REF_003655,ORD_106896,PAY_087847,2026-05-30T07:49:16,FULL,RETURNED_ORDER,2460.15,INR,SUCCESS,PayFlow,RF_00003655,CUST_001934
REF_003656,ORD_106921,PAY_087870,2026-05-09T00:16:11,FULL,CUSTOMER_REQUEST,294.94,INR,SUCCESS,PayFlow,RF_00003656,CUST_002098
REF_003657,ORD_106930,PAY_087878,2026-05-23T08:06:02,FULL,RETURNED_ORDER,1519.84,INR,SUCCESS,PayFlow,RF_00003657,CUST_003568
REF_003658,ORD_106932,PAY_087880,2026-05-14T05:15:02,FULL,RETURNED_ORDER,1017.46,INR,SUCCESS,PayFlow,RF_00003658,CUST_004384
REF_003659,ORD_106984,PAY_087923,2026-05-15T12:21:46,FULL,RETURNED_ORDER,1367.86,INR,SUCCESS,PayFlow,RF_00003659,CUST_005115
REF_003660,ORD_107005,PAY_087941,2026-06-10T06:08:14,FULL,RETURNED_ORDER,743.13,INR,SUCCESS,PayFlow,RF_00003660,CUST_006933
REF_003661,ORD_107016,PAY_087951,2026-06-01T14:08:48,FULL,RETURNED_ORDER,420.08,INR,SUCCESS,PayFlow,RF_00003661,CUST_002478
REF_003662,ORD_107018,PAY_087953,2026-06-05T07:36:18,FULL,RETURNED_ORDER,1545.60,INR,SUCCESS,PayFlow,RF_00003662,CUST_005524
REF_003663,ORD_107027,PAY_087961,2026-05-30T14:35:50,FULL,RETURNED_ORDER,1413.64,INR,SUCCESS,PayFlow,RF_00003663,CUST_001279
REF_003664,ORD_107037,PAY_087971,2026-05-15T06:01:04,FULL,RETURNED_ORDER,1512.29,INR,SUCCESS,PayFlow,RF_00003664,CUST_000780
REF_003665,ORD_107118,PAY_088037,2026-06-01T02:36:08,FULL,CUSTOMER_REQUEST,390.58,INR,SUCCESS,PayFlow,RF_00003665,CUST_007084
REF_003666,ORD_107131,PAY_088050,2026-06-02T21:04:21,FULL,CUSTOMER_REQUEST,371.70,INR,SUCCESS,PayFlow,RF_00003666,CUST_008044
REF_003667,ORD_107147,PAY_088063,2026-05-28T06:39:04,FULL,RETURNED_ORDER,3448.20,INR,SUCCESS,PayFlow,RF_00003667,CUST_000879
REF_003668,ORD_107181,PAY_088091,2026-05-05T23:33:21,FULL,CUSTOMER_REQUEST,555.15,INR,SUCCESS,PayFlow,RF_00003668,CUST_006995
REF_003669,ORD_107195,PAY_088101,2026-05-17T05:07:38,FULL,RETURNED_ORDER,1208.44,INR,SUCCESS,PayFlow,RF_00003669,CUST_001653
REF_003670,ORD_107242,PAY_088139,2026-05-16T04:37:44,PARTIAL,CUSTOMER_REQUEST,3020.09,INR,SUCCESS,PayFlow,RF_00003670,CUST_008401
REF_003671,ORD_107243,PAY_088140,2026-05-18T07:20:59,FULL,RETURNED_ORDER,812.31,INR,SUCCESS,PayFlow,RF_00003671,CUST_005396
REF_003672,ORD_107251,PAY_088148,2026-05-19T14:13:27,FULL,RETURNED_ORDER,306.80,INR,SUCCESS,PayFlow,RF_00003672,CUST_003266
REF_003673,ORD_107253,PAY_088150,2026-05-24T11:31:16,FULL,RETURNED_ORDER,582.92,INR,SUCCESS,PayFlow,RF_00003673,CUST_003336
REF_003674,ORD_107264,PAY_088158,2026-05-21T02:28:49,FULL,CUSTOMER_REQUEST,4079.26,INR,SUCCESS,PayFlow,RF_00003674,CUST_001425
REF_003675,ORD_107280,PAY_088172,2026-06-08T10:56:28,FULL,RETURNED_ORDER,800.46,INR,SUCCESS,PayFlow,RF_00003675,CUST_000458
REF_003676,ORD_107291,PAY_088182,2026-05-27T06:26:14,FULL,RETURNED_ORDER,391.35,INR,SUCCESS,PayFlow,RF_00003676,CUST_007057
REF_003677,ORD_107296,PAY_088185,2026-05-19T02:38:29,FULL,CUSTOMER_REQUEST,1448.33,INR,SUCCESS,PayFlow,RF_00003677,CUST_007188
REF_003678,ORD_107404,PAY_088279,2026-05-16T01:52:57,FULL,RETURNED_ORDER,2165.15,INR,SUCCESS,PayFlow,RF_00003678,CUST_007088
REF_003679,ORD_107413,PAY_088288,2026-06-02T10:49:49,FULL,RETURNED_ORDER,1917.89,INR,SUCCESS,PayFlow,RF_00003679,CUST_004624
REF_003680,ORD_107438,PAY_088307,2026-06-10T01:51:35,FULL,RETURNED_ORDER,700.15,INR,SUCCESS,PayFlow,RF_00003680,CUST_007917
REF_003681,ORD_107512,,2026-05-27T14:11:43,FULL,RETURNED_ORDER,534.54,INR,SUCCESS,,,CUST_002558
REF_003682,ORD_107517,,2026-05-26T09:10:08,FULL,RETURNED_ORDER,745.76,INR,SUCCESS,,,CUST_002925
REF_003683,ORD_107518,PAY_088373,2026-05-28T15:10:36,FULL,RETURNED_ORDER,1582.38,INR,SUCCESS,PayFlow,RF_00003683,CUST_002023
REF_003684,ORD_107632,PAY_088465,2026-05-06T02:01:56,FULL,CUSTOMER_REQUEST,2215.10,INR,SUCCESS,PayFlow,RF_00003684,CUST_004126
REF_003685,ORD_107666,PAY_088493,2026-05-06T21:34:29,FULL,CUSTOMER_REQUEST,712.54,INR,SUCCESS,PayFlow,RF_00003685,CUST_003796
REF_003686,ORD_107677,PAY_088500,2026-05-18T01:23:44,FULL,RETURNED_ORDER,1155.22,INR,SUCCESS,PayFlow,RF_00003686,CUST_004930
REF_003687,ORD_107684,PAY_088506,2026-05-17T17:31:50,FULL,RETURNED_ORDER,1142.40,INR,SUCCESS,PayFlow,RF_00003687,CUST_004966
REF_003688,ORD_107753,,2026-05-28T08:40:23,FULL,RETURNED_ORDER,852.43,INR,SUCCESS,,,CUST_000194
REF_003689,ORD_107794,PAY_088596,2026-05-13T13:57:17,FULL,RETURNED_ORDER,738.56,INR,SUCCESS,PayFlow,RF_00003689,CUST_000233
REF_003690,ORD_107822,PAY_088618,2026-05-28T09:18:46,FULL,RETURNED_ORDER,271.28,INR,SUCCESS,PayFlow,RF_00003690,CUST_007041
REF_003691,ORD_107839,PAY_088631,2026-05-14T11:17:53,FULL,RETURNED_ORDER,397.54,INR,SUCCESS,PayFlow,RF_00003691,CUST_008236
REF_003692,ORD_107844,,2026-05-25T01:30:50,FULL,RETURNED_ORDER,457.84,INR,SUCCESS,,,CUST_008425
REF_003693,ORD_107853,PAY_088644,2026-05-26T13:12:33,FULL,RETURNED_ORDER,1189.44,INR,SUCCESS,PayFlow,RF_00003693,CUST_002263
REF_003694,ORD_107858,PAY_088649,2026-05-23T14:48:27,FULL,CUSTOMER_REQUEST,367.81,INR,SUCCESS,PayFlow,RF_00003694,CUST_005324
REF_003695,ORD_107868,PAY_088658,2026-05-11T15:57:02,FULL,RETURNED_ORDER,3067.06,INR,SUCCESS,PayFlow,RF_00003695,CUST_005151
REF_003696,ORD_107872,PAY_088662,2026-05-22T22:57:24,FULL,CUSTOMER_REQUEST,1118.64,INR,SUCCESS,PayFlow,RF_00003696,CUST_002652
REF_003697,ORD_107912,PAY_088694,2026-06-05T12:13:21,FULL,RETURNED_ORDER,909.78,INR,SUCCESS,PayFlow,RF_00003697,CUST_005793
REF_003698,ORD_107921,PAY_088701,2026-06-03T05:14:06,FULL,RETURNED_ORDER,778.58,INR,SUCCESS,PayFlow,RF_00003698,CUST_007205
REF_003699,ORD_107932,PAY_088711,2026-05-25T10:53:36,FULL,RETURNED_ORDER,3076.02,INR,SUCCESS,PayFlow,RF_00003699,CUST_002855
REF_003700,ORD_107956,PAY_088725,2026-06-05T05:57:27,FULL,RETURNED_ORDER,415.42,INR,SUCCESS,PayFlow,RF_00003700,CUST_003463
REF_003701,ORD_107966,PAY_088734,2026-05-08T02:27:40,FULL,CUSTOMER_REQUEST,915.98,INR,SUCCESS,PayFlow,RF_00003701,CUST_000403
REF_003702,ORD_107985,PAY_088750,2026-05-20T17:54:50,FULL,RETURNED_ORDER,306.80,INR,SUCCESS,PayFlow,RF_00003702,CUST_005145
REF_003703,ORD_107991,PAY_088756,2026-05-10T17:26:04,FULL,CUSTOMER_REQUEST,2699.84,INR,SUCCESS,PayFlow,RF_00003703,CUST_006784
REF_003704,ORD_108012,PAY_088776,2026-05-28T23:50:05,FULL,RETURNED_ORDER,306.80,INR,SUCCESS,PayFlow,RF_00003704,CUST_002626
REF_003705,ORD_108037,PAY_088796,2026-05-30T02:33:17,FULL,CUSTOMER_REQUEST,2316.16,INR,SUCCESS,PayFlow,RF_00003705,CUST_006391
REF_003706,ORD_108085,PAY_088834,2026-05-12T01:24:50,FULL,CUSTOMER_REQUEST,526.40,INR,SUCCESS,PayFlow,RF_00003706,CUST_004949
REF_003707,ORD_108088,PAY_088837,2026-05-30T22:01:06,FULL,RETURNED_ORDER,306.80,INR,SUCCESS,PayFlow,RF_00003707,CUST_005311
REF_003708,ORD_108094,PAY_088843,2026-06-03T08:37:24,FULL,RETURNED_ORDER,645.61,INR,SUCCESS,PayFlow,RF_00003708,CUST_000108
REF_003709,ORD_108109,,2026-06-05T05:47:05,FULL,RETURNED_ORDER,295.00,INR,SUCCESS,,,CUST_000307
REF_003710,ORD_108112,PAY_088857,2026-05-28T01:09:54,FULL,CUSTOMER_REQUEST,2183.00,INR,SUCCESS,PayFlow,RF_00003710,CUST_006255
REF_003711,ORD_108148,PAY_088884,2026-05-28T20:17:55,FULL,CUSTOMER_REQUEST,1710.88,INR,SUCCESS,PayFlow,RF_00003711,CUST_004751
REF_003712,ORD_108175,PAY_088907,2026-06-02T11:26:55,FULL,RETURNED_ORDER,546.34,INR,SUCCESS,PayFlow,RF_00003712,CUST_007146
REF_003713,ORD_108179,PAY_088911,2026-05-08T22:08:51,FULL,CUSTOMER_REQUEST,901.52,INR,SUCCESS,PayFlow,RF_00003713,CUST_006162
REF_003714,ORD_108215,PAY_088937,2026-05-20T04:12:48,FULL,CUSTOMER_REQUEST,3098.46,INR,SUCCESS,PayFlow,RF_00003714,CUST_001297
REF_003715,ORD_108240,PAY_088959,2026-05-29T21:35:31,FULL,CUSTOMER_REQUEST,1424.57,INR,SUCCESS,PayFlow,RF_00003715,CUST_000065
REF_003716,ORD_108316,PAY_089024,2026-06-03T17:59:25,FULL,CUSTOMER_REQUEST,636.53,INR,SUCCESS,PayFlow,RF_00003716,CUST_004295
REF_003717,ORD_108347,PAY_089051,2026-05-18T23:30:11,FULL,CUSTOMER_REQUEST,1894.49,INR,SUCCESS,PayFlow,RF_00003717,CUST_002059
REF_003718,ORD_108473,PAY_089153,2026-05-23T13:07:48,FULL,RETURNED_ORDER,371.70,INR,SUCCESS,PayFlow,RF_00003718,CUST_008386
REF_003719,ORD_108514,PAY_089187,2026-06-03T13:38:33,FULL,RETURNED_ORDER,2061.34,INR,SUCCESS,PayFlow,RF_00003719,CUST_003920
REF_003720,ORD_108560,PAY_089221,2026-05-16T20:57:59,PARTIAL,CUSTOMER_REQUEST,414.06,INR,SUCCESS,PayFlow,RF_00003720,CUST_002083
REF_003721,ORD_108567,PAY_089227,2026-05-15T15:50:52,FULL,RETURNED_ORDER,813.96,INR,SUCCESS,PayFlow,RF_00003721,CUST_000505
REF_003722,ORD_108574,,2026-05-21T09:53:25,FULL,RETURNED_ORDER,678.50,INR,SUCCESS,,,CUST_001766
REF_003723,ORD_108579,PAY_089237,2026-06-06T12:56:05,FULL,RETURNED_ORDER,1868.71,INR,SUCCESS,PayFlow,RF_00003723,CUST_003724
REF_003724,ORD_108594,PAY_089248,2026-05-12T08:34:50,FULL,RETURNED_ORDER,295.00,INR,SUCCESS,PayFlow,RF_00003724,CUST_000160
REF_003725,ORD_108607,PAY_089261,2026-06-01T03:56:44,FULL,RETURNED_ORDER,594.25,INR,SUCCESS,PayFlow,RF_00003725,CUST_001545
REF_003726,ORD_108621,PAY_089275,2026-05-13T17:46:14,FULL,RETURNED_ORDER,1078.52,INR,SUCCESS,PayFlow,RF_00003726,CUST_006211
REF_003727,ORD_108623,PAY_089277,2026-05-27T23:17:18,PARTIAL,CUSTOMER_REQUEST,171.83,INR,SUCCESS,PayFlow,RF_00003727,CUST_002431
REF_003728,ORD_108692,PAY_089340,2026-05-04T23:19:54,FULL,CUSTOMER_REQUEST,377.60,INR,SUCCESS,PayFlow,RF_00003728,CUST_001154
REF_003729,ORD_108726,PAY_089370,2026-06-06T13:56:45,FULL,RETURNED_ORDER,2120.16,INR,SUCCESS,PayFlow,RF_00003729,CUST_008233
REF_003730,ORD_108727,,2026-06-10T04:06:58,FULL,RETURNED_ORDER,2417.70,INR,SUCCESS,,,CUST_005777
REF_003731,ORD_108760,PAY_089399,2026-06-04T07:12:03,FULL,CUSTOMER_REQUEST,1582.38,INR,SUCCESS,PayFlow,RF_00003731,CUST_004167
REF_003732,ORD_108786,PAY_089422,2026-05-17T01:31:47,FULL,RETURNED_ORDER,744.46,INR,SUCCESS,PayFlow,RF_00003732,CUST_002855
REF_003733,ORD_108792,PAY_089427,2026-05-07T21:54:17,PARTIAL,CUSTOMER_REQUEST,1449.19,INR,SUCCESS,PayFlow,RF_00003733,CUST_002880
REF_003734,ORD_108827,PAY_089454,2026-06-03T04:42:15,FULL,RETURNED_ORDER,737.81,INR,SUCCESS,PayFlow,RF_00003734,CUST_002542
REF_003735,ORD_108853,PAY_089476,2026-05-30T09:59:12,FULL,RETURNED_ORDER,829.61,INR,SUCCESS,PayFlow,RF_00003735,CUST_004714
REF_003736,ORD_108936,PAY_089541,2026-05-12T22:50:13,PARTIAL,CUSTOMER_REQUEST,485.19,INR,SUCCESS,PayFlow,RF_00003736,CUST_000400
REF_003737,ORD_109090,PAY_089662,2026-05-05T15:05:34,PARTIAL,CUSTOMER_REQUEST,737.26,INR,SUCCESS,PayFlow,RF_00003737,CUST_006733
REF_003738,ORD_109112,,2026-06-06T08:54:51,FULL,RETURNED_ORDER,336.18,INR,SUCCESS,,,CUST_003762
REF_003739,ORD_109125,PAY_089691,2026-05-18T14:52:36,FULL,RETURNED_ORDER,1235.46,INR,SUCCESS,PayFlow,RF_00003739,CUST_007517
REF_003740,ORD_109173,PAY_089732,2026-05-26T05:13:48,FULL,RETURNED_ORDER,720.86,INR,SUCCESS,PayFlow,RF_00003740,CUST_006786
REF_003741,ORD_109177,PAY_089736,2026-06-11T09:22:05,FULL,RETURNED_ORDER,784.78,INR,SUCCESS,PayFlow,RF_00003741,CUST_002477
REF_003742,ORD_109192,PAY_089748,2026-05-16T17:56:19,FULL,RETURNED_ORDER,790.38,INR,SUCCESS,PayFlow,RF_00003742,CUST_003095
REF_003743,ORD_109224,PAY_089773,2026-05-30T19:53:51,FULL,CUSTOMER_REQUEST,1373.12,INR,SUCCESS,PayFlow,RF_00003743,CUST_004852
REF_003744,ORD_109267,PAY_089811,2026-05-27T22:49:38,FULL,CUSTOMER_REQUEST,623.39,INR,SUCCESS,PayFlow,RF_00003744,CUST_004256
REF_003745,ORD_109269,PAY_089813,2026-06-03T07:35:53,FULL,RETURNED_ORDER,2175.70,INR,SUCCESS,PayFlow,RF_00003745,CUST_001182
REF_003746,ORD_109279,PAY_089821,2026-06-07T05:31:59,FULL,RETURNED_ORDER,295.00,INR,SUCCESS,PayFlow,RF_00003746,CUST_006819
REF_003747,ORD_109300,PAY_089839,2026-05-17T17:38:14,PARTIAL,CUSTOMER_REQUEST,817.55,INR,SUCCESS,PayFlow,RF_00003747,CUST_002138
REF_003748,ORD_109303,PAY_089841,2026-05-10T17:23:20,PARTIAL,CUSTOMER_REQUEST,81.77,INR,SUCCESS,PayFlow,RF_00003748,CUST_002993
REF_003749,ORD_109371,PAY_089897,2026-05-26T23:29:40,FULL,RETURNED_ORDER,859.63,INR,SUCCESS,PayFlow,RF_00003749,CUST_006026
REF_003750,ORD_109376,,2026-06-03T23:35:02,FULL,RETURNED_ORDER,2217.60,INR,SUCCESS,,,CUST_001807
REF_003751,ORD_109385,,2026-05-16T02:45:55,FULL,RETURNED_ORDER,371.70,INR,SUCCESS,,,CUST_006592
REF_003752,ORD_109419,PAY_089939,2026-05-17T19:21:22,FULL,RETURNED_ORDER,2214.86,INR,SUCCESS,PayFlow,RF_00003752,CUST_007580
REF_003753,ORD_109430,,2026-06-08T10:39:55,FULL,RETURNED_ORDER,294.94,INR,SUCCESS,,,CUST_004502
REF_003754,ORD_109464,PAY_089974,2026-05-03T23:48:17,PARTIAL,CUSTOMER_REQUEST,269.15,INR,SUCCESS,PayFlow,RF_00003754,CUST_007670
REF_003755,ORD_109509,PAY_090012,2026-05-04T00:39:46,FULL,CUSTOMER_REQUEST,504.69,INR,SUCCESS,PayFlow,RF_00003755,CUST_006073
REF_003756,ORD_109594,PAY_090086,2026-05-21T04:55:41,FULL,CUSTOMER_REQUEST,369.28,INR,SUCCESS,PayFlow,RF_00003756,CUST_007560
REF_003757,ORD_109616,PAY_090103,2026-05-04T00:18:58,PARTIAL,CUSTOMER_REQUEST,137.35,INR,SUCCESS,PayFlow,RF_00003757,CUST_007935
REF_003758,ORD_109677,PAY_090152,2026-05-05T00:30:07,FULL,CUSTOMER_REQUEST,448.99,INR,SUCCESS,PayFlow,RF_00003758,CUST_000298
REF_003759,ORD_109752,PAY_090214,2026-05-11T23:46:54,FULL,CUSTOMER_REQUEST,4597.81,INR,SUCCESS,PayFlow,RF_00003759,CUST_006410
REF_003760,ORD_109769,PAY_090230,2026-05-19T07:10:53,FULL,RETURNED_ORDER,2601.90,INR,SUCCESS,PayFlow,RF_00003760,CUST_004394
REF_003761,ORD_109814,PAY_090269,2026-05-18T19:27:04,FULL,CUSTOMER_REQUEST,1784.63,INR,SUCCESS,PayFlow,RF_00003761,CUST_002518
REF_003762,ORD_109822,,2026-05-19T14:04:19,FULL,RETURNED_ORDER,712.72,INR,SUCCESS,,,CUST_007376
REF_003763,ORD_109981,PAY_090397,2026-05-09T22:24:43,FULL,CUSTOMER_REQUEST,7239.30,INR,SUCCESS,PayFlow,RF_00003763,CUST_001053
REF_003764,ORD_109990,PAY_090405,2026-05-25T14:59:33,FULL,RETURNED_ORDER,377.60,INR,SUCCESS,PayFlow,RF_00003764,CUST_000207
REF_003765,ORD_110000,PAY_090414,2026-05-22T20:58:44,FULL,CUSTOMER_REQUEST,260.60,INR,SUCCESS,PayFlow,RF_00003765,CUST_000253
REF_003766,ORD_110018,PAY_090432,2026-05-12T09:24:16,FULL,RETURNED_ORDER,1440.49,INR,SUCCESS,PayFlow,RF_00003766,CUST_003765
REF_003767,ORD_110033,PAY_090444,2026-06-01T17:54:49,FULL,RETURNED_ORDER,743.87,INR,SUCCESS,PayFlow,RF_00003767,CUST_004992
REF_003768,ORD_110035,PAY_090446,2026-05-23T00:54:26,FULL,CUSTOMER_REQUEST,2129.90,INR,SUCCESS,PayFlow,RF_00003768,CUST_005285
REF_003769,ORD_110043,PAY_090453,2026-05-23T10:53:26,FULL,RETURNED_ORDER,518.02,INR,SUCCESS,PayFlow,RF_00003769,CUST_006616
REF_003770,ORD_110114,PAY_090508,2026-05-19T16:35:42,PARTIAL,CUSTOMER_REQUEST,915.70,INR,SUCCESS,PayFlow,RF_00003770,CUST_000982
REF_003771,ORD_110137,PAY_090524,2026-05-03T00:47:04,FULL,CUSTOMER_REQUEST,371.70,INR,SUCCESS,PayFlow,RF_00003771,CUST_003480
REF_003772,ORD_110165,,2026-06-14T03:50:34,FULL,RETURNED_ORDER,271.28,INR,SUCCESS,,,CUST_005784
REF_003773,ORD_110169,PAY_090549,2026-05-12T06:40:38,FULL,RETURNED_ORDER,364.69,INR,SUCCESS,PayFlow,RF_00003773,CUST_001502
REF_003774,ORD_110202,PAY_090575,2026-06-05T02:31:47,FULL,RETURNED_ORDER,354.00,INR,SUCCESS,PayFlow,RF_00003774,CUST_006634
REF_003775,ORD_110208,PAY_090580,2026-05-18T05:32:13,FULL,CUSTOMER_REQUEST,829.65,INR,SUCCESS,PayFlow,RF_00003775,CUST_002308
REF_003776,ORD_110241,,2026-05-30T05:44:26,FULL,RETURNED_ORDER,663.23,INR,SUCCESS,,,CUST_001011
REF_003777,ORD_110284,,2026-06-11T03:30:57,FULL,RETURNED_ORDER,306.80,INR,SUCCESS,,,CUST_002960
REF_003778,ORD_110287,PAY_090643,2026-05-03T19:24:20,FULL,CUSTOMER_REQUEST,904.18,INR,SUCCESS,PayFlow,RF_00003778,CUST_005726
REF_003779,ORD_110306,PAY_090662,2026-05-30T21:57:56,FULL,RETURNED_ORDER,609.12,INR,SUCCESS,PayFlow,RF_00003779,CUST_004819
REF_003780,ORD_110318,PAY_090673,2026-05-12T01:28:16,FULL,RETURNED_ORDER,294.88,INR,SUCCESS,PayFlow,RF_00003780,CUST_003774
REF_003781,ORD_110363,,2026-05-19T04:11:03,FULL,RETURNED_ORDER,948.72,INR,SUCCESS,,,CUST_005635
REF_003782,ORD_110395,PAY_090738,2026-05-08T15:08:50,FULL,RETURNED_ORDER,4756.40,INR,SUCCESS,PayFlow,RF_00003782,CUST_004845
REF_003783,ORD_110412,,2026-06-02T10:18:16,FULL,RETURNED_ORDER,778.58,INR,SUCCESS,,,CUST_001195
REF_003784,ORD_110448,PAY_090776,2026-06-03T02:30:59,FULL,CUSTOMER_REQUEST,1265.92,INR,SUCCESS,PayFlow,RF_00003784,CUST_008365
REF_003785,ORD_110512,PAY_090826,2026-05-15T01:45:15,FULL,CUSTOMER_REQUEST,2294.98,INR,SUCCESS,PayFlow,RF_00003785,CUST_002236
REF_003786,ORD_110516,PAY_090830,2026-05-25T21:33:05,FULL,CUSTOMER_REQUEST,733.96,INR,SUCCESS,PayFlow,RF_00003786,CUST_002598
REF_003787,ORD_110561,PAY_090870,2026-05-19T02:25:39,FULL,RETURNED_ORDER,1538.72,INR,SUCCESS,PayFlow,RF_00003787,CUST_004384
REF_003788,ORD_110676,PAY_090970,2026-05-24T15:49:36,FULL,RETURNED_ORDER,318.60,INR,SUCCESS,PayFlow,RF_00003788,CUST_002170
REF_003789,ORD_110690,PAY_090983,2026-05-24T12:08:59,FULL,RETURNED_ORDER,796.56,INR,SUCCESS,PayFlow,RF_00003789,CUST_005359
REF_003790,ORD_110709,PAY_090998,2026-06-02T01:16:11,FULL,CUSTOMER_REQUEST,755.67,INR,SUCCESS,PayFlow,RF_00003790,CUST_005455
REF_003791,ORD_110718,PAY_091005,2026-05-23T06:12:25,FULL,RETURNED_ORDER,790.38,INR,SUCCESS,PayFlow,RF_00003791,CUST_005909
REF_003792,ORD_110728,PAY_091014,2026-05-15T21:20:41,FULL,CUSTOMER_REQUEST,2526.38,INR,SUCCESS,PayFlow,RF_00003792,CUST_000488
REF_003793,ORD_110751,PAY_091035,2026-05-15T13:51:38,FULL,RETURNED_ORDER,294.94,INR,SUCCESS,PayFlow,RF_00003793,CUST_008079
REF_003794,ORD_110835,PAY_091108,2026-05-26T04:54:13,FULL,RETURNED_ORDER,402.38,INR,SUCCESS,PayFlow,RF_00003794,CUST_004584
REF_003795,ORD_110856,PAY_091125,2026-05-16T00:59:59,FULL,RETURNED_ORDER,1145.78,INR,SUCCESS,PayFlow,RF_00003795,CUST_002290
REF_003796,ORD_110964,PAY_091214,2026-05-14T02:52:39,FULL,CUSTOMER_REQUEST,2600.64,INR,SUCCESS,PayFlow,RF_00003796,CUST_001333
REF_003797,ORD_110980,PAY_091229,2026-05-21T12:07:04,FULL,RETURNED_ORDER,1524.78,INR,SUCCESS,PayFlow,RF_00003797,CUST_003364
REF_003798,ORD_111099,PAY_091325,2026-05-13T04:21:52,FULL,RETURNED_ORDER,1143.42,INR,SUCCESS,PayFlow,RF_00003798,CUST_007828
REF_003799,ORD_111128,,2026-05-26T05:17:07,FULL,RETURNED_ORDER,1256.70,INR,SUCCESS,,,CUST_003623
REF_003800,ORD_111136,PAY_091352,2026-06-07T15:27:03,FULL,RETURNED_ORDER,1142.40,INR,SUCCESS,PayFlow,RF_00003800,CUST_004932
REF_003801,ORD_111143,PAY_091358,2026-05-14T11:08:35,FULL,RETURNED_ORDER,1272.04,INR,SUCCESS,PayFlow,RF_00003801,CUST_002821
REF_003802,ORD_111200,PAY_091405,2026-05-16T02:56:26,FULL,RETURNED_ORDER,1011.79,INR,SUCCESS,PayFlow,RF_00003802,CUST_002061
REF_003803,ORD_111214,PAY_091418,2026-05-13T07:35:59,PARTIAL,CUSTOMER_REQUEST,100.82,INR,SUCCESS,PayFlow,RF_00003803,CUST_007210
REF_003804,ORD_111218,,2026-05-16T05:47:23,FULL,RETURNED_ORDER,1267.32,INR,SUCCESS,,,CUST_004581
REF_003805,ORD_111225,PAY_091427,2026-05-13T09:09:16,FULL,RETURNED_ORDER,897.98,INR,SUCCESS,PayFlow,RF_00003805,CUST_002579
REF_003806,ORD_111231,PAY_091431,2026-05-11T11:41:37,FULL,RETURNED_ORDER,1222.48,INR,SUCCESS,PayFlow,RF_00003806,CUST_006018
REF_003807,ORD_111262,PAY_091457,2026-05-30T14:04:44,FULL,RETURNED_ORDER,1524.56,INR,SUCCESS,PayFlow,RF_00003807,CUST_007379
REF_003808,ORD_111270,PAY_091464,2026-05-20T08:52:48,FULL,RETURNED_ORDER,3737.41,INR,SUCCESS,PayFlow,RF_00003808,CUST_005315
REF_003809,ORD_111279,PAY_091471,2026-05-21T08:41:04,FULL,RETURNED_ORDER,337.99,INR,SUCCESS,PayFlow,RF_00003809,CUST_003964
REF_003810,ORD_111325,PAY_091508,2026-05-22T01:49:44,FULL,CUSTOMER_REQUEST,383.50,INR,SUCCESS,PayFlow,RF_00003810,CUST_006794
REF_003811,ORD_111328,,2026-05-14T10:04:44,FULL,RETURNED_ORDER,1027.49,INR,SUCCESS,,,CUST_008442
REF_003812,ORD_111336,PAY_091516,2026-05-12T09:54:31,FULL,RETURNED_ORDER,3848.39,INR,SUCCESS,PayFlow,RF_00003812,CUST_003715
REF_003813,ORD_111359,PAY_091537,2026-05-25T17:10:23,FULL,RETURNED_ORDER,306.80,INR,SUCCESS,PayFlow,RF_00003813,CUST_007237
REF_003814,ORD_111405,,2026-05-26T12:00:43,FULL,RETURNED_ORDER,295.00,INR,SUCCESS,,,CUST_003700
REF_003815,ORD_111413,PAY_091582,2026-05-30T05:45:24,FULL,RETURNED_ORDER,2175.04,INR,SUCCESS,PayFlow,RF_00003815,CUST_001259
REF_003816,ORD_111541,PAY_091689,2026-05-15T09:14:49,FULL,RETURNED_ORDER,1860.62,INR,SUCCESS,PayFlow,RF_00003816,CUST_005410
REF_003817,ORD_111587,PAY_091729,2026-06-09T09:10:50,FULL,RETURNED_ORDER,295.00,INR,SUCCESS,PayFlow,RF_00003817,CUST_003224
REF_003818,ORD_111600,PAY_091741,2026-05-26T22:36:52,PARTIAL,CUSTOMER_REQUEST,195.76,INR,SUCCESS,PayFlow,RF_00003818,CUST_007553
REF_003819,ORD_111605,PAY_091746,2026-05-17T17:26:23,FULL,RETURNED_ORDER,1664.92,INR,SUCCESS,PayFlow,RF_00003819,CUST_004495
REF_003820,ORD_111628,PAY_091765,2026-06-06T09:39:57,FULL,RETURNED_ORDER,604.99,INR,SUCCESS,PayFlow,RF_00003820,CUST_004243
REF_003821,ORD_111683,PAY_091813,2026-06-05T23:37:18,FULL,RETURNED_ORDER,318.60,INR,SUCCESS,PayFlow,RF_00003821,CUST_002525
REF_003822,ORD_111701,PAY_091828,2026-05-28T04:32:27,FULL,RETURNED_ORDER,318.60,INR,SUCCESS,PayFlow,RF_00003822,CUST_005627
REF_003823,ORD_111749,PAY_091864,2026-05-28T06:02:53,FULL,CUSTOMER_REQUEST,710.30,INR,SUCCESS,PayFlow,RF_00003823,CUST_005012
REF_003824,ORD_111770,PAY_091882,2026-05-18T00:17:02,FULL,CUSTOMER_REQUEST,690.10,INR,SUCCESS,PayFlow,RF_00003824,CUST_005652
REF_003825,ORD_111793,PAY_091901,2026-05-17T04:20:07,FULL,RETURNED_ORDER,3453.86,INR,SUCCESS,PayFlow,RF_00003825,CUST_001221
REF_003826,ORD_111920,PAY_092003,2026-05-28T04:05:54,FULL,CUSTOMER_REQUEST,2010.01,INR,SUCCESS,PayFlow,RF_00003826,CUST_004105
REF_003827,ORD_111987,PAY_092061,2026-05-26T12:58:07,PARTIAL,CUSTOMER_REQUEST,127.75,INR,SUCCESS,PayFlow,RF_00003827,CUST_002743
REF_003828,ORD_112010,PAY_092081,2026-05-22T01:50:27,FULL,RETURNED_ORDER,318.60,INR,SUCCESS,PayFlow,RF_00003828,CUST_004119
REF_003829,ORD_112042,PAY_092107,2026-05-17T13:55:42,PARTIAL,CUSTOMER_REQUEST,1339.93,INR,SUCCESS,PayFlow,RF_00003829,CUST_008414
REF_003830,ORD_112079,PAY_092138,2026-05-29T02:29:55,PARTIAL,CUSTOMER_REQUEST,275.13,INR,SUCCESS,PayFlow,RF_00003830,CUST_002138
REF_003831,ORD_112205,PAY_092238,2026-05-23T12:52:43,PARTIAL,CUSTOMER_REQUEST,209.85,INR,SUCCESS,PayFlow,RF_00003831,CUST_001221
REF_003832,ORD_112214,PAY_092244,2026-06-02T09:38:39,FULL,RETURNED_ORDER,3737.41,INR,SUCCESS,PayFlow,RF_00003832,CUST_002256
REF_003833,ORD_112255,PAY_092281,2026-05-21T23:34:45,PARTIAL,CUSTOMER_REQUEST,37.31,INR,SUCCESS,PayFlow,RF_00003833,CUST_005188
REF_003834,ORD_112259,,2026-05-28T05:48:14,FULL,RETURNED_ORDER,558.14,INR,SUCCESS,,,CUST_001326
REF_003835,ORD_112260,,2026-06-05T10:46:24,FULL,RETURNED_ORDER,582.92,INR,SUCCESS,,,CUST_002127
REF_003836,ORD_112261,PAY_092283,2026-06-04T09:42:01,FULL,RETURNED_ORDER,720.86,INR,SUCCESS,PayFlow,RF_00003836,CUST_001563
REF_003837,ORD_112299,PAY_092316,2026-05-18T22:44:32,PARTIAL,CUSTOMER_REQUEST,185.86,INR,SUCCESS,PayFlow,RF_00003837,CUST_008160
REF_003838,ORD_112323,,2026-06-10T07:36:17,FULL,RETURNED_ORDER,776.38,INR,SUCCESS,,,CUST_004694
REF_003839,ORD_112333,PAY_092344,2026-06-09T08:03:09,FULL,RETURNED_ORDER,1174.10,INR,SUCCESS,PayFlow,RF_00003839,CUST_000151
REF_003840,ORD_112337,PAY_092347,2026-05-21T06:47:04,FULL,RETURNED_ORDER,978.22,INR,SUCCESS,PayFlow,RF_00003840,CUST_000920
REF_003841,ORD_112398,PAY_092404,2026-05-19T16:38:01,FULL,CUSTOMER_REQUEST,968.24,INR,SUCCESS,PayFlow,RF_00003841,CUST_008290
REF_003842,ORD_112411,PAY_092414,2026-05-20T01:15:57,PARTIAL,CUSTOMER_REQUEST,571.65,INR,SUCCESS,PayFlow,RF_00003842,CUST_002755
REF_003843,ORD_112414,,2026-06-10T15:41:51,FULL,RETURNED_ORDER,579.74,INR,SUCCESS,,,CUST_005058
REF_003844,ORD_112446,PAY_092442,2026-05-26T08:10:56,FULL,RETURNED_ORDER,1272.93,INR,SUCCESS,PayFlow,RF_00003844,CUST_004729
REF_003845,ORD_112463,PAY_092457,2026-05-26T19:47:58,FULL,CUSTOMER_REQUEST,933.38,INR,SUCCESS,PayFlow,RF_00003845,CUST_006054
REF_003846,ORD_112486,PAY_092478,2026-05-19T01:27:31,FULL,CUSTOMER_REQUEST,558.14,INR,SUCCESS,PayFlow,RF_00003846,CUST_003245
REF_003847,ORD_112487,PAY_092479,2026-05-16T21:01:44,PARTIAL,CUSTOMER_REQUEST,190.57,INR,SUCCESS,PayFlow,RF_00003847,CUST_002502
REF_003848,ORD_112490,PAY_092481,2026-06-02T02:27:53,FULL,CUSTOMER_REQUEST,2483.46,INR,SUCCESS,PayFlow,RF_00003848,CUST_006381
REF_003849,ORD_112567,PAY_092541,2026-05-06T19:02:38,FULL,RETURNED_ORDER,1707.28,INR,SUCCESS,PayFlow,RF_00003849,CUST_005564
REF_003850,ORD_112605,PAY_092571,2026-05-20T07:18:56,FULL,RETURNED_ORDER,318.60,INR,SUCCESS,PayFlow,RF_00003850,CUST_007115
REF_003851,ORD_112640,PAY_092599,2026-05-29T03:27:19,FULL,RETURNED_ORDER,638.38,INR,SUCCESS,PayFlow,RF_00003851,CUST_008048
REF_003852,ORD_112647,PAY_092605,2026-05-09T07:42:01,FULL,RETURNED_ORDER,565.44,INR,SUCCESS,PayFlow,RF_00003852,CUST_006968
REF_003853,ORD_112686,PAY_092639,2026-05-31T16:01:49,FULL,RETURNED_ORDER,1139.88,INR,SUCCESS,PayFlow,RF_00003853,CUST_005690
REF_003854,ORD_112708,PAY_092654,2026-05-23T14:33:25,FULL,CUSTOMER_REQUEST,4050.94,INR,SUCCESS,PayFlow,RF_00003854,CUST_002173
REF_003855,ORD_112736,PAY_092678,2026-05-06T03:21:27,PARTIAL,CUSTOMER_REQUEST,405.90,INR,SUCCESS,PayFlow,RF_00003855,CUST_004903
REF_003856,ORD_112799,PAY_092728,2026-05-14T09:43:06,FULL,RETURNED_ORDER,1409.43,INR,SUCCESS,PayFlow,RF_00003856,CUST_002061
REF_003857,ORD_112815,PAY_092741,2026-05-16T01:22:47,FULL,CUSTOMER_REQUEST,3543.48,INR,SUCCESS,PayFlow,RF_00003857,CUST_007579
REF_003858,ORD_112837,PAY_092762,2026-05-31T02:45:35,FULL,RETURNED_ORDER,383.50,INR,SUCCESS,PayFlow,RF_00003858,CUST_008222
REF_003859,ORD_112853,,2026-05-26T13:45:52,FULL,RETURNED_ORDER,1160.88,INR,SUCCESS,,,CUST_001612
REF_003860,ORD_112931,PAY_092832,2026-05-25T16:53:33,FULL,RETURNED_ORDER,1106.84,INR,SUCCESS,PayFlow,RF_00003860,CUST_001172
REF_003861,ORD_112935,PAY_092834,2026-06-03T08:17:27,FULL,RETURNED_ORDER,295.00,INR,SUCCESS,PayFlow,RF_00003861,CUST_002933
REF_003862,ORD_112974,PAY_092868,2026-05-09T01:05:47,PARTIAL,CUSTOMER_REQUEST,1700.16,INR,SUCCESS,PayFlow,RF_00003862,CUST_006768
REF_003863,ORD_112985,PAY_092877,2026-05-24T01:16:34,PARTIAL,CUSTOMER_REQUEST,98.83,INR,SUCCESS,PayFlow,RF_00003863,CUST_004659
REF_003864,ORD_112999,PAY_092889,2026-05-15T22:15:22,FULL,CUSTOMER_REQUEST,4807.97,INR,SUCCESS,PayFlow,RF_00003864,CUST_006756
REF_003865,ORD_113002,PAY_092892,2026-05-11T09:50:29,FULL,RETURNED_ORDER,1489.81,INR,SUCCESS,PayFlow,RF_00003865,CUST_006788
REF_003866,ORD_113010,PAY_092899,2026-05-20T10:25:15,FULL,RETURNED_ORDER,1227.08,INR,SUCCESS,PayFlow,RF_00003866,CUST_008442
REF_003867,ORD_113053,,2026-05-24T05:57:30,FULL,RETURNED_ORDER,1499.78,INR,SUCCESS,,,CUST_001927
REF_003868,ORD_113062,PAY_092942,2026-05-27T17:27:15,PARTIAL,CUSTOMER_REQUEST,173.36,INR,SUCCESS,PayFlow,RF_00003868,CUST_005209
REF_003869,ORD_113077,PAY_092955,2026-05-28T15:10:46,FULL,RETURNED_ORDER,1472.64,INR,SUCCESS,PayFlow,RF_00003869,CUST_007852
REF_003870,ORD_113080,PAY_092958,2026-05-29T14:03:50,FULL,RETURNED_ORDER,586.93,INR,SUCCESS,PayFlow,RF_00003870,CUST_004542
REF_003871,ORD_113088,PAY_092964,2026-06-02T07:45:02,FULL,RETURNED_ORDER,2304.54,INR,SUCCESS,PayFlow,RF_00003871,CUST_004180
REF_003872,ORD_113089,PAY_092965,2026-05-04T00:06:49,FULL,CUSTOMER_REQUEST,1618.40,INR,SUCCESS,PayFlow,RF_00003872,CUST_001913
REF_003873,ORD_113165,PAY_093030,2026-06-02T22:46:53,FULL,CUSTOMER_REQUEST,3856.24,INR,SUCCESS,PayFlow,RF_00003873,CUST_004271
REF_003874,ORD_113183,PAY_093045,2026-05-23T10:47:01,FULL,RETURNED_ORDER,1413.64,INR,SUCCESS,PayFlow,RF_00003874,CUST_000870
REF_003875,ORD_113222,PAY_093079,2026-05-27T23:02:22,PARTIAL,CUSTOMER_REQUEST,470.17,INR,SUCCESS,PayFlow,RF_00003875,CUST_006110
REF_003876,ORD_113252,PAY_093106,2026-06-07T04:19:56,FULL,RETURNED_ORDER,2011.07,INR,SUCCESS,PayFlow,RF_00003876,CUST_000510
REF_003877,ORD_113299,PAY_093143,2026-05-22T17:53:41,PARTIAL,CUSTOMER_REQUEST,626.84,INR,SUCCESS,PayFlow,RF_00003877,CUST_003495
REF_003878,ORD_113301,PAY_093145,2026-06-01T04:04:21,FULL,CUSTOMER_REQUEST,555.78,INR,SUCCESS,PayFlow,RF_00003878,CUST_002310
REF_003879,ORD_113309,PAY_093152,2026-05-31T05:59:16,FULL,CUSTOMER_REQUEST,738.56,INR,SUCCESS,PayFlow,RF_00003879,CUST_004791
REF_003880,ORD_113334,PAY_093171,2026-06-10T07:53:37,FULL,RETURNED_ORDER,1140.71,INR,SUCCESS,PayFlow,RF_00003880,CUST_007207
REF_003881,ORD_113346,PAY_093181,2026-05-18T03:35:37,FULL,CUSTOMER_REQUEST,826.00,INR,SUCCESS,PayFlow,RF_00003881,CUST_001132
REF_003882,ORD_113445,PAY_093258,2026-05-28T01:12:48,FULL,CUSTOMER_REQUEST,704.46,INR,SUCCESS,PayFlow,RF_00003882,CUST_007104
REF_003883,ORD_113461,,2026-05-10T05:06:24,FULL,RETURNED_ORDER,555.78,INR,SUCCESS,,,CUST_005953
REF_003884,ORD_113527,PAY_093318,2026-05-22T17:13:02,PARTIAL,CUSTOMER_REQUEST,170.98,INR,SUCCESS,PayFlow,RF_00003884,CUST_005245
REF_003885,ORD_113529,PAY_093320,2026-05-15T02:46:18,FULL,CUSTOMER_REQUEST,2682.44,INR,SUCCESS,PayFlow,RF_00003885,CUST_008157
REF_003886,ORD_113697,PAY_093464,2026-05-06T02:09:40,PARTIAL,CUSTOMER_REQUEST,493.68,INR,SUCCESS,PayFlow,RF_00003886,CUST_004096
REF_003887,ORD_113705,PAY_093471,2026-05-15T12:05:23,FULL,RETURNED_ORDER,546.34,INR,SUCCESS,PayFlow,RF_00003887,CUST_007833
REF_003888,ORD_113727,PAY_093489,2026-05-28T06:45:14,PARTIAL,CUSTOMER_REQUEST,102.42,INR,SUCCESS,PayFlow,RF_00003888,CUST_004009
REF_003889,ORD_113762,PAY_093517,2026-05-13T01:42:36,PARTIAL,CUSTOMER_REQUEST,156.11,INR,SUCCESS,PayFlow,RF_00003889,CUST_006215
REF_003890,ORD_113765,PAY_093519,2026-05-26T22:18:46,FULL,CUSTOMER_REQUEST,4105.22,INR,SUCCESS,PayFlow,RF_00003890,CUST_007261
REF_003891,ORD_113786,PAY_093537,2026-05-14T20:40:40,FULL,CUSTOMER_REQUEST,365.80,INR,SUCCESS,PayFlow,RF_00003891,CUST_004177
REF_003892,ORD_113805,PAY_093552,2026-05-26T21:07:46,PARTIAL,CUSTOMER_REQUEST,176.53,INR,SUCCESS,PayFlow,RF_00003892,CUST_000040
REF_003893,ORD_113810,PAY_093557,2026-05-30T10:50:16,FULL,RETURNED_ORDER,752.25,INR,SUCCESS,PayFlow,RF_00003893,CUST_000491
REF_003894,ORD_113819,PAY_093565,2026-05-22T20:26:39,FULL,CUSTOMER_REQUEST,848.02,INR,SUCCESS,PayFlow,RF_00003894,CUST_000671
REF_003895,ORD_113828,PAY_093571,2026-05-25T13:30:23,FULL,RETURNED_ORDER,687.71,INR,SUCCESS,PayFlow,RF_00003895,CUST_004764
REF_003896,ORD_113844,PAY_093585,2026-05-30T23:28:26,FULL,CUSTOMER_REQUEST,488.06,INR,SUCCESS,PayFlow,RF_00003896,CUST_005346
REF_003897,ORD_113956,,2026-06-09T05:35:43,FULL,RETURNED_ORDER,334.65,INR,SUCCESS,,,CUST_007722
REF_003898,ORD_114014,PAY_093722,2026-05-11T21:26:48,FULL,RETURNED_ORDER,1432.33,INR,SUCCESS,PayFlow,RF_00003898,CUST_008038
REF_003899,ORD_114016,PAY_093724,2026-05-24T12:45:38,FULL,RETURNED_ORDER,1582.38,INR,SUCCESS,PayFlow,RF_00003899,CUST_003837
REF_003900,ORD_114116,PAY_093805,2026-05-25T02:32:40,FULL,RETURNED_ORDER,362.79,INR,SUCCESS,PayFlow,RF_00003900,CUST_001481
REF_003901,ORD_114126,PAY_093814,2026-05-16T07:04:55,FULL,RETURNED_ORDER,306.80,INR,SUCCESS,PayFlow,RF_00003901,CUST_004393
REF_003902,ORD_114136,PAY_093823,2026-05-09T18:21:26,FULL,CUSTOMER_REQUEST,1519.84,INR,SUCCESS,PayFlow,RF_00003902,CUST_001801
REF_003903,ORD_114169,PAY_093849,2026-06-03T19:56:27,FULL,RETURNED_ORDER,546.34,INR,SUCCESS,PayFlow,RF_00003903,CUST_003816
REF_003904,ORD_114176,PAY_093855,2026-05-31T22:55:08,FULL,CUSTOMER_REQUEST,306.80,INR,SUCCESS,PayFlow,RF_00003904,CUST_001140
REF_003905,ORD_114187,PAY_093866,2026-05-31T07:54:03,FULL,RETURNED_ORDER,5279.91,INR,SUCCESS,PayFlow,RF_00003905,CUST_000881
REF_003906,ORD_114215,PAY_093890,2026-05-04T04:21:30,FULL,CUSTOMER_REQUEST,1077.34,INR,SUCCESS,PayFlow,RF_00003906,CUST_006753
REF_003907,ORD_114236,PAY_093908,2026-05-13T07:26:06,FULL,RETURNED_ORDER,686.06,INR,SUCCESS,PayFlow,RF_00003907,CUST_006010
REF_003908,ORD_114254,PAY_093925,2026-05-15T18:35:24,FULL,CUSTOMER_REQUEST,598.66,INR,SUCCESS,PayFlow,RF_00003908,CUST_002969
REF_003909,ORD_114309,PAY_093970,2026-06-05T04:17:56,FULL,RETURNED_ORDER,614.78,INR,SUCCESS,PayFlow,RF_00003909,CUST_004107
REF_003910,ORD_114313,PAY_093973,2026-05-10T16:48:46,FULL,CUSTOMER_REQUEST,1006.19,INR,SUCCESS,PayFlow,RF_00003910,CUST_001813
REF_003911,ORD_114314,PAY_093974,2026-05-15T10:58:33,FULL,CUSTOMER_REQUEST,1512.76,INR,SUCCESS,PayFlow,RF_00003911,CUST_004159
REF_003912,ORD_114333,PAY_093988,2026-05-28T20:22:00,FULL,CUSTOMER_REQUEST,863.76,INR,SUCCESS,PayFlow,RF_00003912,CUST_004353
REF_003913,ORD_114347,PAY_094001,2026-05-28T01:11:29,FULL,CUSTOMER_REQUEST,1245.96,INR,SUCCESS,PayFlow,RF_00003913,CUST_006920
REF_003914,ORD_114354,PAY_094007,2026-05-17T00:59:21,FULL,CUSTOMER_REQUEST,883.68,INR,SUCCESS,PayFlow,RF_00003914,CUST_003575
REF_003915,ORD_114407,PAY_094054,2026-05-26T13:27:15,FULL,RETURNED_ORDER,2799.14,INR,SUCCESS,PayFlow,RF_00003915,CUST_001315
REF_003916,ORD_114413,PAY_094058,2026-05-21T00:20:52,FULL,CUSTOMER_REQUEST,295.00,INR,SUCCESS,PayFlow,RF_00003916,CUST_006820
REF_003917,ORD_114428,PAY_094070,2026-06-06T01:56:34,FULL,RETURNED_ORDER,522.50,INR,SUCCESS,PayFlow,RF_00003917,CUST_000725
REF_003918,ORD_114439,PAY_094079,2026-05-18T04:53:39,FULL,RETURNED_ORDER,1648.46,INR,SUCCESS,PayFlow,RF_00003918,CUST_001261
REF_003919,ORD_114448,PAY_094087,2026-05-21T08:09:47,FULL,RETURNED_ORDER,1225.25,INR,SUCCESS,PayFlow,RF_00003919,CUST_000449
REF_003920,ORD_114451,,2026-05-25T10:54:18,FULL,RETURNED_ORDER,659.27,INR,SUCCESS,,,CUST_001919
REF_003921,ORD_114457,PAY_094095,2026-06-01T10:28:27,FULL,RETURNED_ORDER,371.70,INR,SUCCESS,PayFlow,RF_00003921,CUST_007214
REF_003922,ORD_114465,PAY_094100,2026-05-21T03:08:37,PARTIAL,CUSTOMER_REQUEST,66.21,INR,SUCCESS,PayFlow,RF_00003922,CUST_002779
REF_003923,ORD_114487,PAY_094118,2026-06-10T16:03:05,FULL,RETURNED_ORDER,558.14,INR,SUCCESS,PayFlow,RF_00003923,CUST_008062
REF_003924,ORD_114558,PAY_094176,2026-05-09T17:15:45,FULL,CUSTOMER_REQUEST,383.50,INR,SUCCESS,PayFlow,RF_00003924,CUST_002083
REF_003925,ORD_114584,PAY_094198,2026-05-13T11:04:37,FULL,RETURNED_ORDER,3234.38,INR,SUCCESS,PayFlow,RF_00003925,CUST_006098
REF_003926,ORD_114590,PAY_094204,2026-05-25T05:16:26,FULL,RETURNED_ORDER,530.88,INR,SUCCESS,PayFlow,RF_00003926,CUST_005183
REF_003927,ORD_114619,PAY_094224,2026-05-15T18:24:03,FULL,RETURNED_ORDER,1286.67,INR,SUCCESS,PayFlow,RF_00003927,CUST_003951
REF_003928,ORD_114643,PAY_094244,2026-05-22T02:27:29,FULL,CUSTOMER_REQUEST,695.85,INR,SUCCESS,PayFlow,RF_00003928,CUST_002935
REF_003929,ORD_114649,PAY_094249,2026-06-05T08:17:24,FULL,RETURNED_ORDER,546.34,INR,SUCCESS,PayFlow,RF_00003929,CUST_006437
REF_003930,ORD_114721,PAY_094305,2026-05-15T14:30:05,FULL,RETURNED_ORDER,678.50,INR,SUCCESS,PayFlow,RF_00003930,CUST_006054
REF_003931,ORD_114734,PAY_094317,2026-05-22T19:55:01,FULL,RETURNED_ORDER,341.09,INR,SUCCESS,PayFlow,RF_00003931,CUST_007738
REF_003932,ORD_114806,PAY_094382,2026-05-20T07:36:21,FULL,RETURNED_ORDER,2559.24,INR,SUCCESS,PayFlow,RF_00003932,CUST_004044
REF_003933,ORD_114885,PAY_094444,2026-06-03T15:51:07,FULL,RETURNED_ORDER,966.42,INR,SUCCESS,PayFlow,RF_00003933,CUST_003629
REF_003934,ORD_114904,PAY_094460,2026-06-01T17:09:31,FULL,CUSTOMER_REQUEST,1503.32,INR,SUCCESS,PayFlow,RF_00003934,CUST_003340
REF_003935,ORD_114971,,2026-05-22T00:55:45,FULL,RETURNED_ORDER,259.42,INR,SUCCESS,,,CUST_000497
REF_003936,ORD_115035,PAY_094573,2026-06-03T19:34:29,FULL,RETURNED_ORDER,755.58,INR,SUCCESS,PayFlow,RF_00003936,CUST_006875
REF_003937,ORD_115060,PAY_094594,2026-06-05T05:19:06,FULL,RETURNED_ORDER,3232.02,INR,SUCCESS,PayFlow,RF_00003937,CUST_004513
REF_003938,ORD_115063,PAY_094597,2026-05-18T09:55:21,FULL,RETURNED_ORDER,558.14,INR,SUCCESS,PayFlow,RF_00003938,CUST_007619
REF_003939,ORD_115093,PAY_094623,2026-05-09T01:06:04,PARTIAL,CUSTOMER_REQUEST,957.93,INR,SUCCESS,PayFlow,RF_00003939,CUST_007401
REF_003940,ORD_115115,PAY_094637,2026-06-02T04:00:52,FULL,RETURNED_ORDER,2099.22,INR,SUCCESS,PayFlow,RF_00003940,CUST_006954
REF_003941,ORD_115119,PAY_094640,2026-05-26T23:29:49,FULL,CUSTOMER_REQUEST,3888.30,INR,SUCCESS,PayFlow,RF_00003941,CUST_003208
REF_003942,ORD_115141,PAY_094657,2026-05-22T22:15:03,PARTIAL,CUSTOMER_REQUEST,210.61,INR,SUCCESS,PayFlow,RF_00003942,CUST_007987
REF_003943,ORD_115143,PAY_094658,2026-05-11T04:23:31,FULL,RETURNED_ORDER,1308.40,INR,SUCCESS,PayFlow,RF_00003943,CUST_006934
REF_003944,ORD_115151,PAY_094665,2026-05-24T17:22:16,FULL,RETURNED_ORDER,1358.90,INR,SUCCESS,PayFlow,RF_00003944,CUST_000061
REF_003945,ORD_115181,,2026-05-11T17:30:33,FULL,RETURNED_ORDER,1270.54,INR,SUCCESS,,,CUST_000330
REF_003946,ORD_115186,PAY_094694,2026-06-06T05:06:05,FULL,RETURNED_ORDER,671.07,INR,SUCCESS,PayFlow,RF_00003946,CUST_004359
REF_003947,ORD_115242,PAY_094737,2026-05-08T12:14:15,FULL,RETURNED_ORDER,1222.48,INR,SUCCESS,PayFlow,RF_00003947,CUST_001703
REF_003948,ORD_115341,PAY_094811,2026-05-25T23:56:01,PARTIAL,CUSTOMER_REQUEST,385.04,INR,SUCCESS,PayFlow,RF_00003948,CUST_007752
REF_003949,ORD_115364,PAY_094825,2026-05-28T21:32:49,FULL,CUSTOMER_REQUEST,657.26,INR,SUCCESS,PayFlow,RF_00003949,CUST_003388
REF_003950,ORD_115365,PAY_094826,2026-06-05T00:31:15,FULL,RETURNED_ORDER,1559.53,INR,SUCCESS,PayFlow,RF_00003950,CUST_003281
REF_003951,ORD_115411,PAY_094859,2026-05-28T14:36:39,FULL,RETURNED_ORDER,295.00,INR,SUCCESS,PayFlow,RF_00003951,CUST_008486
REF_003952,ORD_115436,PAY_094877,2026-05-20T10:40:24,FULL,RETURNED_ORDER,1151.92,INR,SUCCESS,PayFlow,RF_00003952,CUST_006597
REF_003953,ORD_115459,PAY_094895,2026-06-04T11:46:10,FULL,RETURNED_ORDER,1215.40,INR,SUCCESS,PayFlow,RF_00003953,CUST_000705
REF_003954,ORD_115499,PAY_094926,2026-05-21T14:11:27,FULL,RETURNED_ORDER,294.94,INR,SUCCESS,PayFlow,RF_00003954,CUST_004479
REF_003955,ORD_115504,PAY_094931,2026-05-30T16:09:09,FULL,RETURNED_ORDER,2676.24,INR,SUCCESS,PayFlow,RF_00003955,CUST_002920
REF_003956,ORD_115532,PAY_094957,2026-05-29T03:39:05,FULL,RETURNED_ORDER,1358.18,INR,SUCCESS,PayFlow,RF_00003956,CUST_005803
REF_003957,ORD_115575,PAY_094996,2026-05-21T22:43:08,FULL,CUSTOMER_REQUEST,3460.53,INR,SUCCESS,PayFlow,RF_00003957,CUST_001757
REF_003958,ORD_115577,PAY_094998,2026-06-05T16:24:40,FULL,RETURNED_ORDER,1066.78,INR,SUCCESS,PayFlow,RF_00003958,CUST_003240
REF_003959,ORD_115598,PAY_095013,2026-05-27T19:48:09,FULL,RETURNED_ORDER,498.67,INR,SUCCESS,PayFlow,RF_00003959,CUST_005103
REF_003960,ORD_115616,PAY_095030,2026-05-19T22:00:14,PARTIAL,CUSTOMER_REQUEST,74.36,INR,SUCCESS,PayFlow,RF_00003960,CUST_007899
REF_003961,ORD_115696,PAY_095096,2026-05-05T23:09:18,PARTIAL,CUSTOMER_REQUEST,174.88,INR,SUCCESS,PayFlow,RF_00003961,CUST_007552
REF_003962,ORD_115748,PAY_095140,2026-05-25T02:26:24,FULL,RETURNED_ORDER,799.98,INR,SUCCESS,PayFlow,RF_00003962,CUST_008279
REF_003963,ORD_115790,PAY_095175,2026-05-17T21:42:35,FULL,CUSTOMER_REQUEST,2475.64,INR,SUCCESS,PayFlow,RF_00003963,CUST_005881
REF_003964,ORD_115814,PAY_095195,2026-05-18T10:06:43,FULL,RETURNED_ORDER,586.93,INR,SUCCESS,PayFlow,RF_00003964,CUST_006510
REF_003965,ORD_115819,PAY_095199,2026-05-31T21:57:56,FULL,RETURNED_ORDER,1994.26,INR,SUCCESS,PayFlow,RF_00003965,CUST_002269
REF_003966,ORD_115831,PAY_095209,2026-05-23T14:46:08,FULL,RETURNED_ORDER,324.38,INR,SUCCESS,PayFlow,RF_00003966,CUST_002935
REF_003967,ORD_115843,PAY_095220,2026-06-07T04:42:30,FULL,RETURNED_ORDER,921.58,INR,SUCCESS,PayFlow,RF_00003967,CUST_004733
REF_003968,ORD_115930,PAY_095290,2026-05-17T03:42:23,FULL,RETURNED_ORDER,2214.86,INR,SUCCESS,PayFlow,RF_00003968,CUST_002347
REF_003969,ORD_115931,PAY_095291,2026-05-17T14:07:52,FULL,CUSTOMER_REQUEST,1622.09,INR,SUCCESS,PayFlow,RF_00003969,CUST_002528
REF_003970,ORD_115956,PAY_095310,2026-05-10T03:19:31,FULL,RETURNED_ORDER,623.81,INR,SUCCESS,PayFlow,RF_00003970,CUST_004313
REF_003971,ORD_115983,PAY_095334,2026-05-10T00:41:03,PARTIAL,CUSTOMER_REQUEST,379.98,INR,SUCCESS,PayFlow,RF_00003971,CUST_006066
REF_003972,ORD_116007,PAY_095355,2026-05-17T14:02:31,FULL,RETURNED_ORDER,1228.45,INR,SUCCESS,PayFlow,RF_00003972,CUST_005766
REF_003973,ORD_116025,PAY_095367,2026-05-17T19:58:26,FULL,RETURNED_ORDER,2029.60,INR,SUCCESS,PayFlow,RF_00003973,CUST_002152
REF_003974,ORD_116027,PAY_095369,2026-05-16T08:36:35,FULL,RETURNED_ORDER,4337.68,INR,SUCCESS,PayFlow,RF_00003974,CUST_003570
REF_003975,ORD_116052,PAY_095390,2026-06-09T16:16:37,FULL,RETURNED_ORDER,762.28,INR,SUCCESS,PayFlow,RF_00003975,CUST_003860
REF_003976,ORD_116058,PAY_095395,2026-05-10T22:56:18,FULL,CUSTOMER_REQUEST,1589.46,INR,SUCCESS,PayFlow,RF_00003976,CUST_003021
REF_003977,ORD_116080,PAY_095414,2026-05-03T23:23:01,PARTIAL,CUSTOMER_REQUEST,2501.28,INR,SUCCESS,PayFlow,RF_00003977,CUST_005349
REF_003978,ORD_116097,PAY_095427,2026-05-31T15:57:02,FULL,RETURNED_ORDER,4845.91,INR,SUCCESS,PayFlow,RF_00003978,CUST_003417
REF_003979,ORD_116117,PAY_095445,2026-05-14T22:09:46,FULL,CUSTOMER_REQUEST,2200.35,INR,SUCCESS,PayFlow,RF_00003979,CUST_006786
REF_003980,ORD_116120,,2026-05-31T12:35:18,FULL,RETURNED_ORDER,528.64,INR,SUCCESS,,,CUST_001855
REF_003981,ORD_116125,PAY_095451,2026-05-13T04:01:27,FULL,RETURNED_ORDER,339.19,INR,SUCCESS,PayFlow,RF_00003981,CUST_000582
REF_003982,ORD_116126,PAY_095452,2026-05-20T09:33:40,FULL,RETURNED_ORDER,704.46,INR,SUCCESS,PayFlow,RF_00003982,CUST_005674
REF_003983,ORD_116186,PAY_095500,2026-05-25T13:15:44,FULL,RETURNED_ORDER,2104.12,INR,SUCCESS,PayFlow,RF_00003983,CUST_004869
REF_003984,ORD_116229,PAY_095538,2026-05-17T04:32:16,FULL,RETURNED_ORDER,1093.30,INR,SUCCESS,PayFlow,RF_00003984,CUST_002478
REF_003985,ORD_116342,PAY_095633,2026-05-19T22:58:30,PARTIAL,CUSTOMER_REQUEST,243.72,INR,SUCCESS,PayFlow,RF_00003985,CUST_006753
REF_003986,ORD_116343,PAY_095634,2026-06-08T03:40:05,FULL,RETURNED_ORDER,966.42,INR,SUCCESS,PayFlow,RF_00003986,CUST_006532
REF_003987,ORD_116409,PAY_095690,2026-06-11T08:30:44,FULL,RETURNED_ORDER,2646.74,INR,SUCCESS,PayFlow,RF_00003987,CUST_001109
REF_003988,ORD_116597,PAY_095840,2026-06-27T23:46:02,PARTIAL,CUSTOMER_REQUEST,37.17,INR,SUCCESS,PayFlow,RF_00003988,CUST_007586
REF_003989,ORD_116621,PAY_095861,2026-07-03T00:39:06,FULL,CUSTOMER_REQUEST,2279.55,INR,SUCCESS,PayFlow,RF_00003989,CUST_006398
REF_003990,ORD_116655,PAY_095892,2026-06-23T00:56:17,FULL,RETURNED_ORDER,764.05,INR,SUCCESS,PayFlow,RF_00003990,CUST_000628
REF_003991,ORD_116714,PAY_095940,2026-06-03T04:47:00,FULL,CUSTOMER_REQUEST,1206.43,INR,SUCCESS,PayFlow,RF_00003991,CUST_000330
REF_003992,ORD_116821,PAY_096029,2026-06-20T14:05:08,FULL,RETURNED_ORDER,1340.48,INR,SUCCESS,PayFlow,RF_00003992,CUST_005573
REF_003993,ORD_116885,PAY_096087,2026-07-02T09:53:30,FULL,RETURNED_ORDER,499.86,INR,SUCCESS,PayFlow,RF_00003993,CUST_007792
REF_003994,ORD_116971,PAY_096162,2026-06-13T12:43:08,FULL,RETURNED_ORDER,807.02,INR,SUCCESS,PayFlow,RF_00003994,CUST_003378
REF_003995,ORD_117019,PAY_096201,2026-06-21T20:13:20,FULL,CUSTOMER_REQUEST,588.82,INR,SUCCESS,PayFlow,RF_00003995,CUST_001121
REF_003996,ORD_117050,PAY_096221,2026-06-10T19:43:01,PARTIAL,CUSTOMER_REQUEST,967.69,INR,SUCCESS,PayFlow,RF_00003996,CUST_002478
REF_003997,ORD_117120,PAY_096283,2026-06-23T07:27:41,FULL,RETURNED_ORDER,876.74,INR,SUCCESS,PayFlow,RF_00003997,CUST_005074
REF_003998,ORD_117162,PAY_096316,2026-06-03T20:40:57,FULL,CUSTOMER_REQUEST,534.54,INR,SUCCESS,PayFlow,RF_00003998,CUST_005712
REF_003999,ORD_117165,PAY_096319,2026-06-27T20:06:49,FULL,CUSTOMER_REQUEST,473.14,INR,SUCCESS,PayFlow,RF_00003999,CUST_006974
REF_004000,ORD_117171,PAY_096322,2026-06-12T14:56:52,FULL,RETURNED_ORDER,767.47,INR,SUCCESS,PayFlow,RF_00004000,CUST_004402
REF_004001,ORD_117196,PAY_096342,2026-06-13T21:01:29,FULL,CUSTOMER_REQUEST,702.10,INR,SUCCESS,PayFlow,RF_00004001,CUST_004625
REF_004002,ORD_117227,PAY_096364,2026-06-17T18:37:26,FULL,RETURNED_ORDER,788.18,INR,SUCCESS,PayFlow,RF_00004002,CUST_007235
REF_004003,ORD_117295,PAY_096410,2026-06-20T02:27:13,PARTIAL,CUSTOMER_REQUEST,791.68,INR,SUCCESS,PayFlow,RF_00004003,CUST_007738
REF_004004,ORD_117298,,2026-06-14T12:43:49,FULL,RETURNED_ORDER,2183.00,INR,SUCCESS,,,CUST_000669
REF_004005,ORD_117318,,2026-06-27T11:03:04,FULL,RETURNED_ORDER,928.90,INR,SUCCESS,,,CUST_006275
REF_004006,ORD_117330,PAY_096438,2026-07-01T11:54:27,FULL,RETURNED_ORDER,1095.04,INR,SUCCESS,PayFlow,RF_00004006,CUST_004002
REF_004007,ORD_117437,PAY_096528,2026-06-30T01:02:01,FULL,CUSTOMER_REQUEST,371.70,INR,SUCCESS,PayFlow,RF_00004007,CUST_001100
REF_004008,ORD_117547,PAY_096621,2026-06-11T20:20:11,FULL,CUSTOMER_REQUEST,1688.96,INR,SUCCESS,PayFlow,RF_00004008,CUST_005831
REF_004009,ORD_117573,PAY_096642,2026-06-13T23:29:03,FULL,RETURNED_ORDER,651.78,INR,SUCCESS,PayFlow,RF_00004009,CUST_006842
REF_004010,ORD_117606,PAY_096673,2026-06-28T05:38:00,FULL,RETURNED_ORDER,295.00,INR,SUCCESS,PayFlow,RF_00004010,CUST_004652
REF_004011,ORD_117613,PAY_096680,2026-07-05T18:32:31,FULL,CUSTOMER_REQUEST,1388.92,INR,SUCCESS,PayFlow,RF_00004011,CUST_001105
REF_004012,ORD_117635,PAY_096701,2026-07-02T05:02:39,FULL,RETURNED_ORDER,642.16,INR,SUCCESS,PayFlow,RF_00004012,CUST_001791
REF_004013,ORD_117636,PAY_096702,2026-06-30T22:33:14,FULL,CUSTOMER_REQUEST,733.96,INR,SUCCESS,PayFlow,RF_00004013,CUST_000949
REF_004014,ORD_117700,PAY_096754,2026-07-02T21:03:41,FULL,RETURNED_ORDER,1110.16,INR,SUCCESS,PayFlow,RF_00004014,CUST_004313
REF_004015,ORD_117708,PAY_096760,2026-06-16T23:50:41,FULL,CUSTOMER_REQUEST,999.83,INR,SUCCESS,PayFlow,RF_00004015,CUST_007469
REF_004016,ORD_117716,PAY_096768,2026-07-10T19:33:46,FULL,RETURNED_ORDER,1233.69,INR,SUCCESS,PayFlow,RF_00004016,CUST_004310
REF_004017,ORD_117858,PAY_096891,2026-06-12T13:30:27,FULL,RETURNED_ORDER,2050.93,INR,SUCCESS,PayFlow,RF_00004017,CUST_003814
REF_004018,ORD_117915,PAY_096942,2026-06-17T01:20:34,FULL,RETURNED_ORDER,2639.66,INR,SUCCESS,PayFlow,RF_00004018,CUST_001241
REF_004019,ORD_117997,,2026-06-08T06:29:22,FULL,RETURNED_ORDER,753.03,INR,SUCCESS,,,CUST_004597
REF_004020,ORD_118002,PAY_097013,2026-07-01T09:55:57,FULL,RETURNED_ORDER,1855.31,INR,SUCCESS,PayFlow,RF_00004020,CUST_002328
REF_004021,ORD_118004,,2026-06-12T02:06:55,FULL,RETURNED_ORDER,700.92,INR,SUCCESS,,,CUST_006309
REF_004022,ORD_118024,PAY_097032,2026-06-19T10:57:01,FULL,RETURNED_ORDER,699.09,INR,SUCCESS,PayFlow,RF_00004022,CUST_004728
REF_004023,ORD_118034,PAY_097040,2026-07-11T09:04:56,FULL,RETURNED_ORDER,390.58,INR,SUCCESS,PayFlow,RF_00004023,CUST_002080
REF_004024,ORD_118042,PAY_097047,2026-07-09T05:33:02,FULL,RETURNED_ORDER,2290.20,INR,SUCCESS,PayFlow,RF_00004024,CUST_004304
REF_004025,ORD_118061,PAY_097061,2026-06-23T11:57:44,FULL,RETURNED_ORDER,306.80,INR,SUCCESS,PayFlow,RF_00004025,CUST_001426
REF_004026,ORD_118069,PAY_097067,2026-06-21T00:57:04,FULL,CUSTOMER_REQUEST,2758.78,INR,SUCCESS,PayFlow,RF_00004026,CUST_002342
REF_004027,ORD_118106,PAY_097100,2026-06-15T04:04:42,FULL,RETURNED_ORDER,962.67,INR,SUCCESS,PayFlow,RF_00004027,CUST_002208
REF_004028,ORD_118151,,2026-07-13T01:00:49,FULL,RETURNED_ORDER,2012.49,INR,SUCCESS,,,CUST_003279
REF_004029,ORD_118192,PAY_097172,2026-06-26T23:58:35,FULL,CUSTOMER_REQUEST,1725.94,INR,SUCCESS,PayFlow,RF_00004029,CUST_007937
REF_004030,ORD_118235,PAY_097207,2026-06-18T03:38:06,FULL,RETURNED_ORDER,1958.39,INR,SUCCESS,PayFlow,RF_00004030,CUST_001465
REF_004031,ORD_118307,,2026-07-02T08:44:18,FULL,RETURNED_ORDER,546.34,INR,SUCCESS,,,CUST_001684
REF_004032,ORD_118397,PAY_097338,2026-07-01T00:01:42,FULL,RETURNED_ORDER,357.30,INR,SUCCESS,PayFlow,RF_00004032,CUST_001043
REF_004033,ORD_118451,PAY_097385,2026-06-24T10:40:19,FULL,RETURNED_ORDER,1175.04,INR,SUCCESS,PayFlow,RF_00004033,CUST_005230
REF_004034,ORD_118470,PAY_097401,2026-06-10T22:46:26,FULL,CUSTOMER_REQUEST,1920.92,INR,SUCCESS,PayFlow,RF_00004034,CUST_008042
REF_004035,ORD_118471,PAY_097402,2026-07-04T11:17:24,FULL,RETURNED_ORDER,1062.00,INR,SUCCESS,PayFlow,RF_00004035,CUST_002651
REF_004036,ORD_118512,PAY_097438,2026-06-28T22:32:34,FULL,RETURNED_ORDER,1799.50,INR,SUCCESS,PayFlow,RF_00004036,CUST_003689
REF_004037,ORD_118530,PAY_097452,2026-06-28T06:52:19,FULL,RETURNED_ORDER,318.60,INR,SUCCESS,PayFlow,RF_00004037,CUST_002306
REF_004038,ORD_118552,PAY_097472,2026-06-15T23:36:29,FULL,CUSTOMER_REQUEST,318.60,INR,SUCCESS,PayFlow,RF_00004038,CUST_008362
REF_004039,ORD_118554,PAY_097474,2026-06-16T22:26:13,FULL,CUSTOMER_REQUEST,920.16,INR,SUCCESS,PayFlow,RF_00004039,CUST_000063
REF_004040,ORD_118563,PAY_097482,2026-06-19T13:49:22,FULL,RETURNED_ORDER,700.74,INR,SUCCESS,PayFlow,RF_00004040,CUST_007309
REF_004041,ORD_118579,PAY_097498,2026-07-08T12:05:45,FULL,RETURNED_ORDER,283.08,INR,SUCCESS,PayFlow,RF_00004041,CUST_004241
REF_004042,ORD_118648,PAY_097556,2026-06-26T05:07:11,FULL,RETURNED_ORDER,1437.24,INR,SUCCESS,PayFlow,RF_00004042,CUST_006219
REF_004043,ORD_118671,PAY_097572,2026-07-02T11:02:52,FULL,RETURNED_ORDER,927.78,INR,SUCCESS,PayFlow,RF_00004043,CUST_000227
REF_004044,ORD_118691,PAY_097591,2026-06-09T21:34:06,FULL,CUSTOMER_REQUEST,1230.86,INR,SUCCESS,PayFlow,RF_00004044,CUST_003167
REF_004045,ORD_118734,PAY_097626,2026-06-06T22:14:33,PARTIAL,CUSTOMER_REQUEST,458.39,INR,SUCCESS,PayFlow,RF_00004045,CUST_004833
REF_004046,ORD_118763,PAY_097649,2026-06-19T19:22:10,FULL,RETURNED_ORDER,554.48,INR,SUCCESS,PayFlow,RF_00004046,CUST_006252
REF_004047,ORD_118767,,2026-06-17T07:14:34,FULL,RETURNED_ORDER,568.29,INR,SUCCESS,,,CUST_008070
REF_004048,ORD_118812,PAY_097689,2026-06-13T19:39:14,PARTIAL,CUSTOMER_REQUEST,342.27,INR,SUCCESS,PayFlow,RF_00004048,CUST_003775
REF_004049,ORD_118949,,2026-06-29T15:36:23,FULL,RETURNED_ORDER,629.09,INR,SUCCESS,,,CUST_001210
REF_004050,ORD_118990,PAY_097831,2026-06-26T20:51:34,FULL,CUSTOMER_REQUEST,1306.91,INR,SUCCESS,PayFlow,RF_00004050,CUST_003228
REF_004051,ORD_119017,PAY_097853,2026-06-15T00:21:38,FULL,CUSTOMER_REQUEST,6235.00,INR,SUCCESS,PayFlow,RF_00004051,CUST_002807
REF_004052,ORD_119042,PAY_097877,2026-06-03T01:18:38,PARTIAL,CUSTOMER_REQUEST,490.15,INR,SUCCESS,PayFlow,RF_00004052,CUST_003224
REF_004053,ORD_119096,PAY_097921,2026-06-09T22:17:17,PARTIAL,CUSTOMER_REQUEST,84.94,INR,SUCCESS,PayFlow,RF_00004053,CUST_004526
REF_004054,ORD_119112,PAY_097934,2026-06-23T23:36:50,PARTIAL,CUSTOMER_REQUEST,59.00,INR,SUCCESS,PayFlow,RF_00004054,CUST_007288
REF_004055,ORD_119176,PAY_097987,2026-06-17T13:21:10,FULL,RETURNED_ORDER,1381.78,INR,SUCCESS,PayFlow,RF_00004055,CUST_006359
REF_004056,ORD_119209,PAY_098014,2026-06-29T10:56:12,FULL,RETURNED_ORDER,272.95,INR,SUCCESS,PayFlow,RF_00004056,CUST_001688
REF_004057,ORD_119236,PAY_098033,2026-06-25T07:49:26,FULL,RETURNED_ORDER,565.22,INR,SUCCESS,PayFlow,RF_00004057,CUST_003979
REF_004058,ORD_119278,,2026-06-21T08:56:16,FULL,RETURNED_ORDER,826.00,INR,SUCCESS,,,CUST_004623
REF_004059,ORD_119323,PAY_098101,2026-06-07T23:11:52,FULL,CUSTOMER_REQUEST,3372.24,INR,SUCCESS,PayFlow,RF_00004059,CUST_007775
REF_004060,ORD_119330,PAY_098108,2026-06-25T09:35:36,FULL,RETURNED_ORDER,1898.97,INR,SUCCESS,PayFlow,RF_00004060,CUST_002730
REF_004061,ORD_119345,PAY_098121,2026-07-02T04:16:03,FULL,RETURNED_ORDER,1086.78,INR,SUCCESS,PayFlow,RF_00004061,CUST_007032
REF_004062,ORD_119346,,2026-07-06T17:36:31,FULL,RETURNED_ORDER,704.52,INR,SUCCESS,,,CUST_006386
REF_004063,ORD_119386,PAY_098155,2026-06-21T21:03:27,FULL,CUSTOMER_REQUEST,963.12,INR,SUCCESS,PayFlow,RF_00004063,CUST_000713
REF_004064,ORD_119404,PAY_098168,2026-07-04T03:37:56,FULL,RETURNED_ORDER,1163.48,INR,SUCCESS,PayFlow,RF_00004064,CUST_005844
REF_004065,ORD_119428,PAY_098186,2026-06-16T22:56:57,PARTIAL,CUSTOMER_REQUEST,134.99,INR,SUCCESS,PayFlow,RF_00004065,CUST_004273
REF_004066,ORD_119432,PAY_098190,2026-06-22T16:24:34,FULL,RETURNED_ORDER,350.99,INR,SUCCESS,PayFlow,RF_00004066,CUST_003104
REF_004067,ORD_119473,PAY_098221,2026-06-27T21:49:32,FULL,CUSTOMER_REQUEST,4362.93,INR,SUCCESS,PayFlow,RF_00004067,CUST_004467
REF_004068,ORD_119474,PAY_098222,2026-06-18T07:11:47,FULL,RETURNED_ORDER,352.47,INR,SUCCESS,PayFlow,RF_00004068,CUST_007069
REF_004069,ORD_119480,,2026-06-28T07:02:29,FULL,RETURNED_ORDER,1130.09,INR,SUCCESS,,,CUST_008268
REF_004070,ORD_119527,PAY_098260,2026-06-17T13:52:45,FULL,RETURNED_ORDER,6563.16,INR,SUCCESS,PayFlow,RF_00004070,CUST_002330
REF_004071,ORD_119593,PAY_098314,2026-06-26T00:54:43,PARTIAL,CUSTOMER_REQUEST,736.60,INR,SUCCESS,PayFlow,RF_00004071,CUST_001403
REF_004072,ORD_119609,PAY_098327,2026-06-04T02:00:05,FULL,CUSTOMER_REQUEST,6103.31,INR,SUCCESS,PayFlow,RF_00004072,CUST_003906
REF_004073,ORD_119613,PAY_098331,2026-06-24T11:39:02,FULL,RETURNED_ORDER,2010.01,INR,SUCCESS,PayFlow,RF_00004073,CUST_003222
REF_004074,ORD_119615,PAY_098332,2026-06-21T22:52:58,FULL,RETURNED_ORDER,2116.92,INR,SUCCESS,PayFlow,RF_00004074,CUST_008168
REF_004075,ORD_119628,PAY_098343,2026-06-05T00:37:01,FULL,CUSTOMER_REQUEST,486.87,INR,SUCCESS,PayFlow,RF_00004075,CUST_007167
REF_004076,ORD_119631,PAY_098346,2026-06-24T12:01:08,FULL,RETURNED_ORDER,577.02,INR,SUCCESS,PayFlow,RF_00004076,CUST_000042
REF_004077,ORD_119655,PAY_098364,2026-06-19T04:47:26,FULL,RETURNED_ORDER,283.14,INR,SUCCESS,PayFlow,RF_00004077,CUST_006687
REF_004078,ORD_119659,,2026-06-17T05:50:21,FULL,RETURNED_ORDER,772.98,INR,SUCCESS,,,CUST_002312
REF_004079,ORD_119697,PAY_098401,2026-06-12T09:16:03,FULL,RETURNED_ORDER,2326.64,INR,SUCCESS,PayFlow,RF_00004079,CUST_003519
REF_004080,ORD_119810,PAY_098491,2026-07-02T10:04:51,FULL,RETURNED_ORDER,1388.69,INR,SUCCESS,PayFlow,RF_00004080,CUST_000845
REF_004081,ORD_119836,PAY_098512,2026-06-29T06:29:53,FULL,RETURNED_ORDER,2269.14,INR,SUCCESS,PayFlow,RF_00004081,CUST_004247
REF_004082,ORD_119903,PAY_098572,2026-07-02T01:11:23,FULL,CUSTOMER_REQUEST,2424.55,INR,SUCCESS,PayFlow,RF_00004082,CUST_000256
REF_004083,ORD_119931,PAY_098594,2026-06-13T11:02:34,FULL,RETURNED_ORDER,1534.25,INR,SUCCESS,PayFlow,RF_00004083,CUST_007761
REF_004084,ORD_119970,PAY_098626,2026-06-16T13:42:54,FULL,RETURNED_ORDER,767.47,INR,SUCCESS,PayFlow,RF_00004084,CUST_003705
REF_004085,ORD_119980,,2026-06-22T10:46:56,FULL,RETURNED_ORDER,3136.44,INR,SUCCESS,,,CUST_003203
REF_004086,ORD_119996,PAY_098647,2026-07-08T04:58:44,FULL,RETURNED_ORDER,543.52,INR,SUCCESS,PayFlow,RF_00004086,CUST_005250
REF_004087,ORD_120034,PAY_098678,2026-06-13T20:23:31,FULL,CUSTOMER_REQUEST,690.30,INR,SUCCESS,PayFlow,RF_00004087,CUST_004464
REF_004088,ORD_120037,PAY_098681,2026-06-13T19:18:24,FULL,CUSTOMER_REQUEST,2159.14,INR,SUCCESS,PayFlow,RF_00004088,CUST_007868
REF_004089,ORD_120050,PAY_098693,2026-07-09T11:13:08,FULL,RETURNED_ORDER,1215.64,INR,SUCCESS,PayFlow,RF_00004089,CUST_007536
REF_004090,ORD_120076,PAY_098716,2026-06-16T06:23:27,FULL,RETURNED_ORDER,528.64,INR,SUCCESS,PayFlow,RF_00004090,CUST_002880
REF_004091,ORD_120096,PAY_098735,2026-06-18T04:55:54,FULL,RETURNED_ORDER,530.88,INR,SUCCESS,PayFlow,RF_00004091,CUST_001161
REF_004092,ORD_120101,PAY_098739,2026-06-06T21:58:35,PARTIAL,CUSTOMER_REQUEST,306.49,INR,SUCCESS,PayFlow,RF_00004092,CUST_001891
REF_004093,ORD_120217,PAY_098836,2026-06-05T14:43:05,FULL,CUSTOMER_REQUEST,1313.34,INR,SUCCESS,PayFlow,RF_00004093,CUST_005218
REF_004094,ORD_120258,PAY_098874,2026-06-29T00:06:33,FULL,CUSTOMER_REQUEST,396.48,INR,SUCCESS,PayFlow,RF_00004094,CUST_000726
REF_004095,ORD_120370,PAY_098969,2026-06-21T05:36:25,FULL,RETURNED_ORDER,377.60,INR,SUCCESS,PayFlow,RF_00004095,CUST_007792
REF_004096,ORD_120386,PAY_098980,2026-06-24T12:38:22,FULL,RETURNED_ORDER,800.51,INR,SUCCESS,PayFlow,RF_00004096,CUST_000819
REF_004097,ORD_120387,PAY_098981,2026-06-13T22:22:54,FULL,CUSTOMER_REQUEST,1023.59,INR,SUCCESS,PayFlow,RF_00004097,CUST_002370
REF_004098,ORD_120459,,2026-07-09T03:23:16,FULL,RETURNED_ORDER,524.75,INR,SUCCESS,,,CUST_006275
REF_004099,ORD_120499,PAY_099068,2026-06-28T14:11:08,FULL,RETURNED_ORDER,1244.43,INR,SUCCESS,PayFlow,RF_00004099,CUST_002122
REF_004100,ORD_120528,PAY_099090,2026-07-04T10:22:09,FULL,RETURNED_ORDER,582.45,INR,SUCCESS,PayFlow,RF_00004100,CUST_003479
REF_004101,ORD_120537,,2026-06-21T09:13:33,FULL,RETURNED_ORDER,1097.73,INR,SUCCESS,,,CUST_007757
REF_004102,ORD_120656,,2026-06-18T08:19:42,FULL,RETURNED_ORDER,688.94,INR,SUCCESS,,,CUST_005321
REF_004103,ORD_120681,PAY_099213,2026-06-14T22:43:02,FULL,CUSTOMER_REQUEST,993.86,INR,SUCCESS,PayFlow,RF_00004103,CUST_000823
REF_004104,ORD_120712,PAY_099240,2026-06-07T02:45:04,FULL,CUSTOMER_REQUEST,1568.22,INR,SUCCESS,PayFlow,RF_00004104,CUST_003038
REF_004105,ORD_120831,PAY_099330,2026-06-16T18:28:41,FULL,CUSTOMER_REQUEST,295.47,INR,SUCCESS,PayFlow,RF_00004105,CUST_001851
REF_004106,ORD_120832,PAY_099331,2026-06-26T23:41:35,PARTIAL,CUSTOMER_REQUEST,114.19,INR,SUCCESS,PayFlow,RF_00004106,CUST_008373
REF_004107,ORD_120854,PAY_099349,2026-06-05T23:24:58,FULL,CUSTOMER_REQUEST,1099.64,INR,SUCCESS,PayFlow,RF_00004107,CUST_000011
REF_004108,ORD_120875,PAY_099365,2026-06-10T11:17:17,FULL,RETURNED_ORDER,758.35,INR,SUCCESS,PayFlow,RF_00004108,CUST_005960
REF_004109,ORD_120898,PAY_099386,2026-06-14T06:59:47,FULL,CUSTOMER_REQUEST,311.05,INR,SUCCESS,PayFlow,RF_00004109,CUST_005305
REF_004110,ORD_120953,PAY_099433,2026-06-14T22:59:58,FULL,CUSTOMER_REQUEST,3692.57,INR,SUCCESS,PayFlow,RF_00004110,CUST_001403
REF_004111,ORD_120971,PAY_099450,2026-06-06T02:04:02,FULL,CUSTOMER_REQUEST,318.60,INR,SUCCESS,PayFlow,RF_00004111,CUST_001426
REF_004112,ORD_120972,PAY_099451,2026-06-25T11:51:28,FULL,RETURNED_ORDER,999.46,INR,SUCCESS,PayFlow,RF_00004112,CUST_004752
REF_004113,ORD_120993,PAY_099466,2026-06-14T13:49:28,FULL,RETURNED_ORDER,1765.28,INR,SUCCESS,PayFlow,RF_00004113,CUST_004136
REF_004114,ORD_121040,PAY_099507,2026-06-17T05:18:03,FULL,CUSTOMER_REQUEST,3939.95,INR,SUCCESS,PayFlow,RF_00004114,CUST_001753
REF_004115,ORD_121094,PAY_099547,2026-06-30T20:31:29,FULL,CUSTOMER_REQUEST,1140.04,INR,SUCCESS,PayFlow,RF_00004115,CUST_006672
REF_004116,ORD_121104,PAY_099557,2026-06-15T02:02:40,FULL,RETURNED_ORDER,1533.15,INR,SUCCESS,PayFlow,RF_00004116,CUST_006493
REF_004117,ORD_121182,PAY_099621,2026-06-21T07:35:36,FULL,RETURNED_ORDER,2946.11,INR,SUCCESS,PayFlow,RF_00004117,CUST_003216
REF_004118,ORD_121290,PAY_099711,2026-07-10T05:06:30,FULL,RETURNED_ORDER,1538.72,INR,SUCCESS,PayFlow,RF_00004118,CUST_005899
REF_004119,ORD_121293,PAY_099713,2026-06-10T21:04:36,PARTIAL,CUSTOMER_REQUEST,1550.63,INR,SUCCESS,PayFlow,RF_00004119,CUST_002303
REF_004120,ORD_121300,PAY_099719,2026-06-16T03:31:44,FULL,CUSTOMER_REQUEST,774.08,INR,SUCCESS,PayFlow,RF_00004120,CUST_007701
REF_004121,ORD_121302,PAY_099721,2026-07-06T08:08:24,FULL,RETURNED_ORDER,1568.22,INR,SUCCESS,PayFlow,RF_00004121,CUST_005209
REF_004122,ORD_121317,PAY_099732,2026-06-06T01:27:10,FULL,CUSTOMER_REQUEST,582.45,INR,SUCCESS,PayFlow,RF_00004122,CUST_002721
REF_004123,ORD_121348,PAY_099757,2026-07-11T01:30:07,FULL,RETURNED_ORDER,390.58,INR,SUCCESS,PayFlow,RF_00004123,CUST_004984
REF_004124,ORD_121354,PAY_099763,2026-07-01T01:23:38,FULL,RETURNED_ORDER,723.75,INR,SUCCESS,PayFlow,RF_00004124,CUST_006843
REF_004125,ORD_121387,PAY_099791,2026-06-22T13:23:25,FULL,RETURNED_ORDER,334.65,INR,SUCCESS,PayFlow,RF_00004125,CUST_003530
REF_004126,ORD_121431,PAY_099828,2026-06-22T16:09:30,FULL,RETURNED_ORDER,1016.81,INR,SUCCESS,PayFlow,RF_00004126,CUST_000633
REF_004127,ORD_121440,PAY_099835,2026-06-29T00:15:47,FULL,RETURNED_ORDER,1490.98,INR,SUCCESS,PayFlow,RF_00004127,CUST_001899
REF_004128,ORD_121466,PAY_099857,2026-06-05T14:36:44,FULL,CUSTOMER_REQUEST,1720.44,INR,SUCCESS,PayFlow,RF_00004128,CUST_004219
REF_004129,ORD_121486,,2026-07-12T08:08:58,FULL,RETURNED_ORDER,385.74,INR,SUCCESS,,,CUST_000370
REF_004130,ORD_121487,PAY_099873,2026-06-16T22:35:02,FULL,CUSTOMER_REQUEST,283.14,INR,SUCCESS,PayFlow,RF_00004130,CUST_002440
REF_004131,ORD_121507,PAY_099889,2026-07-06T05:36:43,FULL,RETURNED_ORDER,3465.66,INR,SUCCESS,PayFlow,RF_00004131,CUST_005715
REF_004132,ORD_121571,PAY_099940,2026-06-25T08:18:05,FULL,RETURNED_ORDER,1678.94,INR,SUCCESS,PayFlow,RF_00004132,CUST_006934
REF_004133,ORD_121598,PAY_099962,2026-07-02T05:54:14,FULL,CUSTOMER_REQUEST,610.53,INR,SUCCESS,PayFlow,RF_00004133,CUST_006460
REF_004134,ORD_121599,PAY_099963,2026-06-11T22:36:12,PARTIAL,CUSTOMER_REQUEST,111.08,INR,SUCCESS,PayFlow,RF_00004134,CUST_001780
REF_004135,ORD_121616,,2026-06-21T03:54:28,FULL,RETURNED_ORDER,283.14,INR,SUCCESS,,,CUST_000363
REF_004136,ORD_121617,PAY_099977,2026-06-17T22:43:30,FULL,CUSTOMER_REQUEST,2011.07,INR,SUCCESS,PayFlow,RF_00004136,CUST_003503
REF_004137,ORD_121693,PAY_100038,2026-06-07T05:47:26,FULL,CUSTOMER_REQUEST,685.58,INR,SUCCESS,PayFlow,RF_00004137,CUST_000419
REF_004138,ORD_121694,PAY_100039,2026-06-28T01:34:37,FULL,CUSTOMER_REQUEST,339.19,INR,SUCCESS,PayFlow,RF_00004138,CUST_001643
REF_004139,ORD_121719,PAY_100060,2026-06-23T20:19:39,FULL,CUSTOMER_REQUEST,991.32,INR,SUCCESS,PayFlow,RF_00004139,CUST_001993
REF_004140,ORD_121725,PAY_100066,2026-06-18T04:55:04,FULL,RETURNED_ORDER,1214.46,INR,SUCCESS,PayFlow,RF_00004140,CUST_007228
REF_004141,ORD_121730,PAY_100069,2026-06-26T19:01:20,PARTIAL,CUSTOMER_REQUEST,384.28,INR,SUCCESS,PayFlow,RF_00004141,CUST_005734
REF_004142,ORD_121745,,2026-06-17T00:06:05,FULL,RETURNED_ORDER,666.58,INR,SUCCESS,,,CUST_001746
REF_004143,ORD_121817,PAY_100132,2026-06-13T05:51:00,FULL,RETURNED_ORDER,692.09,INR,SUCCESS,PayFlow,RF_00004143,CUST_004729
REF_004144,ORD_121819,PAY_100134,2026-06-14T23:46:36,FULL,CUSTOMER_REQUEST,365.80,INR,SUCCESS,PayFlow,RF_00004144,CUST_004530
REF_004145,ORD_121827,,2026-06-29T11:51:08,FULL,RETURNED_ORDER,3934.12,INR,SUCCESS,,,CUST_008248
REF_004146,ORD_121850,PAY_100161,2026-06-17T16:04:52,FULL,RETURNED_ORDER,1223.66,INR,SUCCESS,PayFlow,RF_00004146,CUST_008350
REF_004147,ORD_121893,PAY_100196,2026-06-25T04:49:38,FULL,CUSTOMER_REQUEST,371.70,INR,SUCCESS,PayFlow,RF_00004147,CUST_001644
REF_004148,ORD_121912,PAY_100212,2026-06-14T17:17:50,FULL,CUSTOMER_REQUEST,365.80,INR,SUCCESS,PayFlow,RF_00004148,CUST_008419
REF_004149,ORD_121977,,2026-06-30T21:00:48,FULL,RETURNED_ORDER,2289.19,INR,SUCCESS,,,CUST_007217
REF_004150,ORD_122130,,2026-06-22T11:47:04,FULL,RETURNED_ORDER,669.30,INR,SUCCESS,,,CUST_005468
REF_004151,ORD_122137,PAY_100393,2026-06-13T08:44:48,FULL,RETURNED_ORDER,505.10,INR,SUCCESS,PayFlow,RF_00004151,CUST_006869
REF_004152,ORD_122146,PAY_100402,2026-06-19T22:22:14,FULL,CUSTOMER_REQUEST,680.57,INR,SUCCESS,PayFlow,RF_00004152,CUST_005650
REF_004153,ORD_122156,PAY_100410,2026-07-03T00:11:27,FULL,CUSTOMER_REQUEST,377.60,INR,SUCCESS,PayFlow,RF_00004153,CUST_003030
REF_004154,ORD_122195,PAY_100443,2026-07-04T06:06:02,FULL,RETURNED_ORDER,356.01,INR,SUCCESS,PayFlow,RF_00004154,CUST_004688
REF_004155,ORD_122240,PAY_100478,2026-06-08T05:25:41,FULL,CUSTOMER_REQUEST,541.79,INR,SUCCESS,PayFlow,RF_00004155,CUST_003518
REF_004156,ORD_122295,PAY_100521,2026-06-11T22:20:45,PARTIAL,CUSTOMER_REQUEST,143.53,INR,SUCCESS,PayFlow,RF_00004156,CUST_000098
REF_004157,ORD_122333,PAY_100555,2026-07-02T15:15:10,FULL,RETURNED_ORDER,2894.41,INR,SUCCESS,PayFlow,RF_00004157,CUST_000398
REF_004158,ORD_122340,PAY_100562,2026-06-08T20:39:14,FULL,CUSTOMER_REQUEST,1116.28,INR,SUCCESS,PayFlow,RF_00004158,CUST_004201
REF_004159,ORD_122363,PAY_100578,2026-06-24T23:36:50,FULL,CUSTOMER_REQUEST,708.54,INR,SUCCESS,PayFlow,RF_00004159,CUST_005605
REF_004160,ORD_122372,PAY_100587,2026-06-17T00:45:46,FULL,RETURNED_ORDER,546.34,INR,SUCCESS,PayFlow,RF_00004160,CUST_005620
REF_004161,ORD_122377,PAY_100591,2026-06-26T14:11:52,FULL,RETURNED_ORDER,383.50,INR,SUCCESS,PayFlow,RF_00004161,CUST_006384
REF_004162,ORD_122402,PAY_100611,2026-06-15T07:08:24,FULL,RETURNED_ORDER,3468.37,INR,SUCCESS,PayFlow,RF_00004162,CUST_004867
REF_004163,ORD_122423,PAY_100628,2026-07-09T07:06:46,FULL,RETURNED_ORDER,1722.56,INR,SUCCESS,PayFlow,RF_00004163,CUST_007916
REF_004164,ORD_122500,PAY_100688,2026-07-02T06:28:43,FULL,RETURNED_ORDER,669.21,INR,SUCCESS,PayFlow,RF_00004164,CUST_003338
REF_004165,ORD_122507,PAY_100695,2026-07-08T08:09:14,FULL,RETURNED_ORDER,295.00,INR,SUCCESS,PayFlow,RF_00004165,CUST_001236
REF_004166,ORD_122535,PAY_100717,2026-06-22T15:24:09,FULL,RETURNED_ORDER,614.78,INR,SUCCESS,PayFlow,RF_00004166,CUST_004052
REF_004167,ORD_122606,PAY_100772,2026-06-12T21:56:43,PARTIAL,CUSTOMER_REQUEST,611.30,INR,SUCCESS,PayFlow,RF_00004167,CUST_007593
REF_004168,ORD_122669,PAY_100821,2026-07-01T19:27:05,FULL,RETURNED_ORDER,754.93,INR,SUCCESS,PayFlow,RF_00004168,CUST_000969
REF_004169,ORD_122685,PAY_100833,2026-06-26T06:27:00,FULL,RETURNED_ORDER,669.21,INR,SUCCESS,PayFlow,RF_00004169,CUST_003555
REF_004170,ORD_122693,PAY_100841,2026-06-27T10:39:54,FULL,RETURNED_ORDER,1146.26,INR,SUCCESS,PayFlow,RF_00004170,CUST_000246
REF_004171,ORD_122724,PAY_100869,2026-06-07T21:53:12,FULL,CUSTOMER_REQUEST,983.98,INR,SUCCESS,PayFlow,RF_00004171,CUST_007814
REF_004172,ORD_122756,PAY_100897,2026-06-17T19:28:25,FULL,CUSTOMER_REQUEST,540.56,INR,SUCCESS,PayFlow,RF_00004172,CUST_000960
REF_004173,ORD_122833,PAY_100955,2026-06-07T20:53:14,FULL,CUSTOMER_REQUEST,614.78,INR,SUCCESS,PayFlow,RF_00004173,CUST_002986
REF_004174,ORD_122845,PAY_100964,2026-06-27T22:23:02,FULL,CUSTOMER_REQUEST,948.72,INR,SUCCESS,PayFlow,RF_00004174,CUST_006530
REF_004175,ORD_122857,PAY_100972,2026-07-06T18:51:13,FULL,RETURNED_ORDER,1876.16,INR,SUCCESS,PayFlow,RF_00004175,CUST_003666
REF_004176,ORD_122881,PAY_100991,2026-06-21T10:19:12,FULL,RETURNED_ORDER,1225.76,INR,SUCCESS,PayFlow,RF_00004176,CUST_003178
REF_004177,ORD_122910,PAY_101015,2026-06-26T15:22:46,FULL,CUSTOMER_REQUEST,318.60,INR,SUCCESS,PayFlow,RF_00004177,CUST_008068
REF_004178,ORD_122991,PAY_101083,2026-06-21T23:07:06,FULL,CUSTOMER_REQUEST,3598.45,INR,SUCCESS,PayFlow,RF_00004178,CUST_003559
REF_004179,ORD_123086,PAY_101166,2026-06-24T00:02:53,FULL,CUSTOMER_REQUEST,1804.22,INR,SUCCESS,PayFlow,RF_00004179,CUST_006518
REF_004180,ORD_123173,PAY_101236,2026-07-06T10:50:29,FULL,RETURNED_ORDER,1462.02,INR,SUCCESS,PayFlow,RF_00004180,CUST_000812
REF_004181,ORD_123181,PAY_101243,2026-06-18T02:15:01,FULL,RETURNED_ORDER,667.53,INR,SUCCESS,PayFlow,RF_00004181,CUST_000456
REF_004182,ORD_123188,PAY_101250,2026-06-17T14:07:09,FULL,RETURNED_ORDER,364.69,INR,SUCCESS,PayFlow,RF_00004182,CUST_001751
REF_004183,ORD_123201,,2026-06-14T00:51:03,FULL,RETURNED_ORDER,1420.16,INR,SUCCESS,,,CUST_008472
REF_004184,ORD_123223,PAY_101278,2026-06-10T02:53:54,FULL,CUSTOMER_REQUEST,427.22,INR,SUCCESS,PayFlow,RF_00004184,CUST_006141
REF_004185,ORD_123229,PAY_101282,2026-06-10T09:49:40,FULL,RETURNED_ORDER,1972.39,INR,SUCCESS,PayFlow,RF_00004185,CUST_001446
REF_004186,ORD_123291,PAY_101335,2026-06-30T16:14:43,FULL,RETURNED_ORDER,318.60,INR,SUCCESS,PayFlow,RF_00004186,CUST_000317
REF_004187,ORD_123318,PAY_101355,2026-06-13T10:21:06,FULL,RETURNED_ORDER,699.09,INR,SUCCESS,PayFlow,RF_00004187,CUST_007681
REF_004188,ORD_123415,PAY_101437,2026-06-22T09:35:35,FULL,RETURNED_ORDER,324.62,INR,SUCCESS,PayFlow,RF_00004188,CUST_006510
REF_004189,ORD_123459,PAY_101471,2026-07-07T01:22:37,FULL,RETURNED_ORDER,1209.50,INR,SUCCESS,PayFlow,RF_00004189,CUST_001672
REF_004190,ORD_123528,PAY_101525,2026-06-19T05:22:28,FULL,RETURNED_ORDER,271.28,INR,SUCCESS,PayFlow,RF_00004190,CUST_007413
REF_004191,ORD_123542,PAY_101537,2026-07-10T10:43:55,FULL,RETURNED_ORDER,336.18,INR,SUCCESS,PayFlow,RF_00004191,CUST_006520
REF_004192,ORD_123547,PAY_101541,2026-06-21T08:54:56,FULL,RETURNED_ORDER,767.47,INR,SUCCESS,PayFlow,RF_00004192,CUST_005142
REF_004193,ORD_123581,,2026-06-13T03:08:58,FULL,RETURNED_ORDER,2897.78,INR,SUCCESS,,,CUST_000504
REF_004194,ORD_123588,PAY_101572,2026-07-06T08:26:33,FULL,RETURNED_ORDER,484.94,INR,SUCCESS,PayFlow,RF_00004194,CUST_000359
REF_004195,ORD_123623,PAY_101598,2026-06-11T02:57:25,FULL,CUSTOMER_REQUEST,1303.07,INR,SUCCESS,PayFlow,RF_00004195,CUST_004419
REF_004196,ORD_123672,PAY_101640,2026-07-01T04:07:22,FULL,RETURNED_ORDER,750.36,INR,SUCCESS,PayFlow,RF_00004196,CUST_006502
REF_004197,ORD_123727,PAY_101682,2026-06-15T11:33:02,FULL,RETURNED_ORDER,585.17,INR,SUCCESS,PayFlow,RF_00004197,CUST_005092
REF_004198,ORD_123768,PAY_101717,2026-06-11T20:40:21,FULL,CUSTOMER_REQUEST,1313.34,INR,SUCCESS,PayFlow,RF_00004198,CUST_003829
REF_004199,ORD_123780,PAY_101725,2026-06-22T09:17:21,FULL,RETURNED_ORDER,550.45,INR,SUCCESS,PayFlow,RF_00004199,CUST_001504
REF_004200,ORD_123785,,2026-06-24T08:23:58,FULL,RETURNED_ORDER,414.18,INR,SUCCESS,,,CUST_001691
REF_004201,ORD_123788,PAY_101732,2026-06-19T22:48:39,FULL,CUSTOMER_REQUEST,541.62,INR,SUCCESS,PayFlow,RF_00004201,CUST_007389
REF_004202,ORD_123804,PAY_101745,2026-07-04T11:44:30,FULL,RETURNED_ORDER,671.66,INR,SUCCESS,PayFlow,RF_00004202,CUST_007552
REF_004203,ORD_123809,PAY_101750,2026-06-06T08:38:52,PARTIAL,CUSTOMER_REQUEST,204.11,INR,SUCCESS,PayFlow,RF_00004203,CUST_007787
REF_004204,ORD_123836,PAY_101772,2026-06-20T04:25:11,FULL,CUSTOMER_REQUEST,611.00,INR,SUCCESS,PayFlow,RF_00004204,CUST_007984
REF_004205,ORD_123841,PAY_101775,2026-06-21T11:51:34,FULL,RETURNED_ORDER,1332.75,INR,SUCCESS,PayFlow,RF_00004205,CUST_000733
REF_004206,ORD_123848,PAY_101782,2026-07-08T11:10:59,FULL,RETURNED_ORDER,2462.84,INR,SUCCESS,PayFlow,RF_00004206,CUST_003521
REF_004207,ORD_123852,,2026-06-26T04:12:19,FULL,RETURNED_ORDER,336.18,INR,SUCCESS,,,CUST_000777
REF_004208,ORD_123882,,2026-06-16T11:21:57,FULL,RETURNED_ORDER,318.60,INR,SUCCESS,,,CUST_001645
REF_004209,ORD_123918,PAY_101841,2026-06-22T14:27:11,FULL,RETURNED_ORDER,546.34,INR,SUCCESS,PayFlow,RF_00004209,CUST_002345
REF_004210,ORD_123925,PAY_101847,2026-06-16T23:13:36,FULL,CUSTOMER_REQUEST,1247.67,INR,SUCCESS,PayFlow,RF_00004210,CUST_000197
REF_004211,ORD_123933,PAY_101854,2026-06-22T19:00:05,FULL,CUSTOMER_REQUEST,295.47,INR,SUCCESS,PayFlow,RF_00004211,CUST_007204
REF_004212,ORD_123943,PAY_101864,2026-06-11T19:15:59,FULL,CUSTOMER_REQUEST,3125.74,INR,SUCCESS,PayFlow,RF_00004212,CUST_003782
REF_004213,ORD_123962,PAY_101881,2026-06-29T20:36:39,FULL,CUSTOMER_REQUEST,371.70,INR,SUCCESS,PayFlow,RF_00004213,CUST_004230
REF_004214,ORD_123970,PAY_101888,2026-06-07T02:41:51,FULL,RETURNED_ORDER,698.88,INR,SUCCESS,PayFlow,RF_00004214,CUST_001023
REF_004215,ORD_124022,PAY_101934,2026-06-07T09:46:53,FULL,CUSTOMER_REQUEST,610.53,INR,SUCCESS,PayFlow,RF_00004215,CUST_004732
REF_004216,ORD_124035,PAY_101946,2026-06-18T04:48:59,FULL,RETURNED_ORDER,295.00,INR,SUCCESS,PayFlow,RF_00004216,CUST_000994
REF_004217,ORD_124043,PAY_101952,2026-07-01T22:19:23,FULL,CUSTOMER_REQUEST,800.51,INR,SUCCESS,PayFlow,RF_00004217,CUST_002838
REF_004218,ORD_124055,PAY_101960,2026-07-13T10:56:54,FULL,RETURNED_ORDER,352.47,INR,SUCCESS,PayFlow,RF_00004218,CUST_006862
REF_004219,ORD_124060,PAY_101964,2026-07-11T07:06:30,FULL,RETURNED_ORDER,669.06,INR,SUCCESS,PayFlow,RF_00004219,CUST_001264
REF_004220,ORD_124062,PAY_101966,2026-06-25T18:47:32,FULL,CUSTOMER_REQUEST,608.88,INR,SUCCESS,PayFlow,RF_00004220,CUST_002648
REF_004221,ORD_124067,PAY_101970,2026-06-11T20:18:03,FULL,RETURNED_ORDER,529.82,INR,SUCCESS,PayFlow,RF_00004221,CUST_007043
REF_004222,ORD_124158,PAY_102044,2026-06-30T00:34:33,FULL,CUSTOMER_REQUEST,486.87,INR,SUCCESS,PayFlow,RF_00004222,CUST_006309
REF_004223,ORD_124240,PAY_102116,2026-06-16T20:05:40,FULL,RETURNED_ORDER,600.30,INR,SUCCESS,PayFlow,RF_00004223,CUST_000167
REF_004224,ORD_124245,PAY_102120,2026-06-30T19:51:19,FULL,RETURNED_ORDER,1385.32,INR,SUCCESS,PayFlow,RF_00004224,CUST_002694
REF_004225,ORD_124258,PAY_102132,2026-06-18T21:10:35,PARTIAL,CUSTOMER_REQUEST,70.20,INR,SUCCESS,PayFlow,RF_00004225,CUST_000349
REF_004226,ORD_124259,,2026-06-23T12:11:53,FULL,RETURNED_ORDER,3072.66,INR,SUCCESS,,,CUST_006342
REF_004227,ORD_124302,PAY_102170,2026-06-28T02:44:08,FULL,CUSTOMER_REQUEST,4646.55,INR,SUCCESS,PayFlow,RF_00004227,CUST_003373
REF_004228,ORD_124319,PAY_102185,2026-07-03T13:47:52,FULL,RETURNED_ORDER,611.59,INR,SUCCESS,PayFlow,RF_00004228,CUST_000148
REF_004229,ORD_124331,PAY_102194,2026-06-19T13:35:35,FULL,RETURNED_ORDER,554.48,INR,SUCCESS,PayFlow,RF_00004229,CUST_002841
REF_004230,ORD_124345,PAY_102206,2026-06-17T14:25:16,FULL,RETURNED_ORDER,558.14,INR,SUCCESS,PayFlow,RF_00004230,CUST_008389
REF_004231,ORD_124349,PAY_102210,2026-06-10T06:07:46,FULL,RETURNED_ORDER,294.88,INR,SUCCESS,PayFlow,RF_00004231,CUST_000496
REF_004232,ORD_124360,PAY_102220,2026-06-29T05:23:14,FULL,RETURNED_ORDER,295.00,INR,SUCCESS,PayFlow,RF_00004232,CUST_000988
REF_004233,ORD_124383,PAY_102240,2026-07-02T07:30:51,FULL,RETURNED_ORDER,649.42,INR,SUCCESS,PayFlow,RF_00004233,CUST_007218
REF_004234,ORD_124406,PAY_102259,2026-06-05T10:00:12,PARTIAL,CUSTOMER_REQUEST,696.14,INR,SUCCESS,PayFlow,RF_00004234,CUST_003868
REF_004235,ORD_124479,PAY_102324,2026-06-27T00:46:54,PARTIAL,CUSTOMER_REQUEST,1095.87,INR,SUCCESS,PayFlow,RF_00004235,CUST_005751
REF_004236,ORD_124503,PAY_102345,2026-06-20T06:22:56,FULL,CUSTOMER_REQUEST,1568.22,INR,SUCCESS,PayFlow,RF_00004236,CUST_003404
REF_004237,ORD_124515,PAY_102356,2026-06-15T04:52:41,FULL,CUSTOMER_REQUEST,1118.29,INR,SUCCESS,PayFlow,RF_00004237,CUST_003202
REF_004238,ORD_124567,PAY_102401,2026-06-15T19:52:20,FULL,CUSTOMER_REQUEST,510.70,INR,SUCCESS,PayFlow,RF_00004238,CUST_004967
REF_004239,ORD_124580,PAY_102409,2026-06-24T09:33:14,FULL,RETURNED_ORDER,897.98,INR,SUCCESS,PayFlow,RF_00004239,CUST_005321
REF_004240,ORD_124639,PAY_102458,2026-06-16T21:30:37,FULL,RETURNED_ORDER,948.72,INR,SUCCESS,PayFlow,RF_00004240,CUST_003094
REF_004241,ORD_124700,PAY_102510,2026-07-03T06:32:36,FULL,RETURNED_ORDER,1674.77,INR,SUCCESS,PayFlow,RF_00004241,CUST_004764
REF_004242,ORD_124706,PAY_102515,2026-06-15T03:02:52,FULL,CUSTOMER_REQUEST,283.08,INR,SUCCESS,PayFlow,RF_00004242,CUST_006695
REF_004243,ORD_124771,PAY_102567,2026-06-28T20:56:31,FULL,CUSTOMER_REQUEST,2068.34,INR,SUCCESS,PayFlow,RF_00004243,CUST_005562
REF_004244,ORD_124794,PAY_102587,2026-06-07T05:15:28,FULL,CUSTOMER_REQUEST,2133.26,INR,SUCCESS,PayFlow,RF_00004244,CUST_007105
REF_004245,ORD_124876,PAY_102649,2026-06-13T23:59:15,FULL,CUSTOMER_REQUEST,324.38,INR,SUCCESS,PayFlow,RF_00004245,CUST_004896
REF_004246,ORD_124914,,2026-06-26T12:52:24,FULL,RETURNED_ORDER,1157.88,INR,SUCCESS,,,CUST_006581
REF_004247,ORD_124953,,2026-06-25T23:17:02,FULL,RETURNED_ORDER,354.00,INR,SUCCESS,,,CUST_007013
REF_004248,ORD_125066,PAY_102806,2026-07-05T14:21:42,FULL,RETURNED_ORDER,5378.44,INR,SUCCESS,PayFlow,RF_00004248,CUST_003465
REF_004249,ORD_125073,PAY_102812,2026-06-25T06:02:18,FULL,CUSTOMER_REQUEST,2125.18,INR,SUCCESS,PayFlow,RF_00004249,CUST_003106
REF_004250,ORD_125090,PAY_102829,2026-06-20T20:16:31,FULL,CUSTOMER_REQUEST,3517.70,INR,SUCCESS,PayFlow,RF_00004250,CUST_004440
REF_004251,ORD_125099,PAY_102838,2026-06-26T20:25:26,PARTIAL,CUSTOMER_REQUEST,1300.16,INR,SUCCESS,PayFlow,RF_00004251,CUST_003839
REF_004252,ORD_125142,PAY_102872,2026-06-11T09:54:46,FULL,RETURNED_ORDER,686.06,INR,SUCCESS,PayFlow,RF_00004252,CUST_002652
REF_004253,ORD_125146,PAY_102873,2026-06-15T08:44:29,FULL,RETURNED_ORDER,1078.52,INR,SUCCESS,PayFlow,RF_00004253,CUST_007521
REF_004254,ORD_125175,PAY_102897,2026-06-21T13:40:12,FULL,RETURNED_ORDER,2987.47,INR,SUCCESS,PayFlow,RF_00004254,CUST_008442
REF_004255,ORD_125183,PAY_102903,2026-07-11T16:05:01,FULL,RETURNED_ORDER,1503.26,INR,SUCCESS,PayFlow,RF_00004255,CUST_004336
REF_004256,ORD_125203,,2026-06-19T09:03:31,FULL,RETURNED_ORDER,347.98,INR,SUCCESS,,,CUST_004991
REF_004257,ORD_125233,PAY_102941,2026-06-28T22:49:41,FULL,RETURNED_ORDER,367.81,INR,SUCCESS,PayFlow,RF_00004257,CUST_006910
REF_004258,ORD_125249,,2026-07-01T19:37:11,FULL,RETURNED_ORDER,725.10,INR,SUCCESS,,,CUST_008048
REF_004259,ORD_125299,PAY_102992,2026-07-09T10:23:54,FULL,RETURNED_ORDER,558.14,INR,SUCCESS,PayFlow,RF_00004259,CUST_000256
REF_004260,ORD_125307,PAY_103000,2026-06-24T10:47:24,FULL,RETURNED_ORDER,926.30,INR,SUCCESS,PayFlow,RF_00004260,CUST_000321
REF_004261,ORD_125309,PAY_103001,2026-06-30T20:30:24,FULL,CUSTOMER_REQUEST,1059.64,INR,SUCCESS,PayFlow,RF_00004261,CUST_003109
REF_004262,ORD_125347,PAY_103031,2026-06-23T23:01:49,FULL,CUSTOMER_REQUEST,2408.38,INR,SUCCESS,PayFlow,RF_00004262,CUST_002227
REF_004263,ORD_125370,PAY_103051,2026-06-07T13:06:13,FULL,RETURNED_ORDER,542.21,INR,SUCCESS,PayFlow,RF_00004263,CUST_007806
REF_004264,ORD_125389,,2026-06-20T10:49:03,FULL,RETURNED_ORDER,2100.64,INR,SUCCESS,,,CUST_004490
REF_004265,ORD_125418,PAY_103090,2026-06-17T07:24:31,FULL,RETURNED_ORDER,283.14,INR,SUCCESS,PayFlow,RF_00004265,CUST_007049
REF_004266,ORD_125420,PAY_103092,2026-06-12T12:51:51,FULL,RETURNED_ORDER,402.38,INR,SUCCESS,PayFlow,RF_00004266,CUST_001632
REF_004267,ORD_125421,PAY_103093,2026-07-05T00:48:55,FULL,CUSTOMER_REQUEST,336.18,INR,SUCCESS,PayFlow,RF_00004267,CUST_003039
REF_004268,ORD_125425,PAY_103097,2026-06-20T14:44:15,FULL,RETURNED_ORDER,402.38,INR,SUCCESS,PayFlow,RF_00004268,CUST_001717
REF_004269,ORD_125427,PAY_103099,2026-07-01T02:40:48,FULL,RETURNED_ORDER,745.76,INR,SUCCESS,PayFlow,RF_00004269,CUST_003878
REF_004270,ORD_125454,PAY_103122,2026-07-02T07:12:48,FULL,RETURNED_ORDER,2219.43,INR,SUCCESS,PayFlow,RF_00004270,CUST_001778
REF_004271,ORD_125462,PAY_103128,2026-06-19T03:36:17,FULL,CUSTOMER_REQUEST,3067.06,INR,SUCCESS,PayFlow,RF_00004271,CUST_003875
REF_004272,ORD_125469,,2026-07-04T07:25:20,FULL,RETURNED_ORDER,651.00,INR,SUCCESS,,,CUST_005929
REF_004273,ORD_125480,PAY_103144,2026-06-27T16:01:53,FULL,RETURNED_ORDER,1895.67,INR,SUCCESS,PayFlow,RF_00004273,CUST_001371
REF_004274,ORD_125484,PAY_103148,2026-06-15T10:17:51,FULL,RETURNED_ORDER,715.69,INR,SUCCESS,PayFlow,RF_00004274,CUST_000764
REF_004275,ORD_125486,PAY_103150,2026-06-16T04:11:14,FULL,RETURNED_ORDER,703.89,INR,SUCCESS,PayFlow,RF_00004275,CUST_003362
REF_004276,ORD_125538,PAY_103192,2026-06-24T09:04:56,FULL,RETURNED_ORDER,837.56,INR,SUCCESS,PayFlow,RF_00004276,CUST_003010
REF_004277,ORD_125553,PAY_103206,2026-06-16T12:20:03,FULL,RETURNED_ORDER,807.83,INR,SUCCESS,PayFlow,RF_00004277,CUST_008421
REF_004278,ORD_125562,PAY_103215,2026-07-04T11:42:17,FULL,RETURNED_ORDER,2530.75,INR,SUCCESS,PayFlow,RF_00004278,CUST_002075
REF_004279,ORD_125605,PAY_103248,2026-07-09T04:58:34,FULL,RETURNED_ORDER,999.46,INR,SUCCESS,PayFlow,RF_00004279,CUST_006268
REF_004280,ORD_125648,PAY_103279,2026-06-18T03:52:39,PARTIAL,CUSTOMER_REQUEST,235.32,INR,SUCCESS,PayFlow,RF_00004280,CUST_002590
REF_004281,ORD_125697,PAY_103318,2026-07-04T09:09:37,FULL,RETURNED_ORDER,1174.10,INR,SUCCESS,PayFlow,RF_00004281,CUST_005844
REF_004282,ORD_125720,PAY_103337,2026-06-23T22:04:35,PARTIAL,CUSTOMER_REQUEST,424.08,INR,SUCCESS,PayFlow,RF_00004282,CUST_007025
REF_004283,ORD_125722,PAY_103338,2026-07-05T03:48:26,FULL,RETURNED_ORDER,294.88,INR,SUCCESS,PayFlow,RF_00004283,CUST_002756
REF_004284,ORD_125743,PAY_103355,2026-06-08T14:31:20,FULL,RETURNED_ORDER,2000.10,INR,SUCCESS,PayFlow,RF_00004284,CUST_008102
REF_004285,ORD_125784,PAY_103394,2026-06-14T00:13:59,FULL,CUSTOMER_REQUEST,295.47,INR,SUCCESS,PayFlow,RF_00004285,CUST_001059
REF_004286,ORD_125788,PAY_103398,2026-06-15T19:05:38,FULL,CUSTOMER_REQUEST,2878.02,INR,SUCCESS,PayFlow,RF_00004286,CUST_001400
REF_004287,ORD_125789,PAY_103399,2026-07-02T17:51:47,FULL,RETURNED_ORDER,594.72,INR,SUCCESS,PayFlow,RF_00004287,CUST_005077
REF_004288,ORD_125791,PAY_103401,2026-07-05T02:21:27,FULL,RETURNED_ORDER,901.06,INR,SUCCESS,PayFlow,RF_00004288,CUST_007803
REF_004289,ORD_125804,,2026-07-12T05:23:42,FULL,RETURNED_ORDER,3490.44,INR,SUCCESS,,,CUST_000671
REF_004290,ORD_125810,PAY_103417,2026-06-07T19:59:01,FULL,CUSTOMER_REQUEST,3686.20,INR,SUCCESS,PayFlow,RF_00004290,CUST_004453
REF_004291,ORD_125860,PAY_103456,2026-06-16T10:11:46,FULL,RETURNED_ORDER,932.20,INR,SUCCESS,PayFlow,RF_00004291,CUST_005282
REF_004292,ORD_125870,PAY_103465,2026-06-16T02:06:05,FULL,CUSTOMER_REQUEST,1234.28,INR,SUCCESS,PayFlow,RF_00004292,CUST_008350
REF_004293,ORD_125874,PAY_103468,2026-06-26T12:39:19,FULL,RETURNED_ORDER,738.98,INR,SUCCESS,PayFlow,RF_00004293,CUST_001676
REF_004294,ORD_125875,PAY_103469,2026-06-25T23:36:53,FULL,CUSTOMER_REQUEST,952.38,INR,SUCCESS,PayFlow,RF_00004294,CUST_003662
REF_004295,ORD_125920,PAY_103503,2026-06-23T15:43:10,FULL,CUSTOMER_REQUEST,974.33,INR,SUCCESS,PayFlow,RF_00004295,CUST_007035
REF_004296,ORD_125945,PAY_103524,2026-06-22T23:17:14,FULL,CUSTOMER_REQUEST,294.88,INR,SUCCESS,PayFlow,RF_00004296,CUST_003978
REF_004297,ORD_126044,,2026-06-18T05:01:49,FULL,RETURNED_ORDER,2749.22,INR,SUCCESS,,,CUST_000449
REF_004298,ORD_126078,PAY_103629,2026-06-28T20:55:02,PARTIAL,CUSTOMER_REQUEST,131.60,INR,SUCCESS,PayFlow,RF_00004298,CUST_007512
REF_004299,ORD_126112,PAY_103656,2026-06-17T09:53:56,FULL,RETURNED_ORDER,1247.67,INR,SUCCESS,PayFlow,RF_00004299,CUST_008117
REF_004300,ORD_126118,PAY_103660,2026-06-12T07:48:19,FULL,CUSTOMER_REQUEST,528.64,INR,SUCCESS,PayFlow,RF_00004300,CUST_001520
REF_004301,ORD_126144,,2026-06-18T15:47:42,FULL,RETURNED_ORDER,1256.70,INR,SUCCESS,,,CUST_001931
REF_004302,ORD_126153,PAY_103688,2026-07-09T13:45:41,FULL,RETURNED_ORDER,581.50,INR,SUCCESS,PayFlow,RF_00004302,CUST_006707
REF_004303,ORD_126229,PAY_103751,2026-07-11T01:25:54,FULL,RETURNED_ORDER,2099.22,INR,SUCCESS,PayFlow,RF_00004303,CUST_006489
REF_004304,ORD_126262,PAY_103775,2026-06-13T20:45:41,PARTIAL,CUSTOMER_REQUEST,209.90,INR,SUCCESS,PayFlow,RF_00004304,CUST_006364
REF_004305,ORD_126284,PAY_103793,2026-06-15T21:45:49,FULL,CUSTOMER_REQUEST,294.94,INR,SUCCESS,PayFlow,RF_00004305,CUST_002764
REF_004306,ORD_126321,PAY_103823,2026-07-02T21:36:35,FULL,RETURNED_ORDER,1402.90,INR,SUCCESS,PayFlow,RF_00004306,CUST_007434
REF_004307,ORD_126356,PAY_103851,2026-07-04T10:13:31,FULL,RETURNED_ORDER,1086.96,INR,SUCCESS,PayFlow,RF_00004307,CUST_000078
REF_004308,ORD_126394,PAY_103884,2026-06-06T01:50:55,FULL,RETURNED_ORDER,1614.24,INR,SUCCESS,PayFlow,RF_00004308,CUST_007937
REF_004309,ORD_126397,PAY_103887,2026-06-16T22:09:35,FULL,CUSTOMER_REQUEST,1462.02,INR,SUCCESS,PayFlow,RF_00004309,CUST_000041
REF_004310,ORD_126406,PAY_103895,2026-06-21T09:11:28,FULL,RETURNED_ORDER,324.38,INR,SUCCESS,PayFlow,RF_00004310,CUST_001870
REF_004311,ORD_126412,PAY_103900,2026-06-15T12:36:34,FULL,RETURNED_ORDER,391.35,INR,SUCCESS,PayFlow,RF_00004311,CUST_007808
REF_004312,ORD_126423,PAY_103910,2026-06-22T11:23:17,FULL,CUSTOMER_REQUEST,386.21,INR,SUCCESS,PayFlow,RF_00004312,CUST_001619
REF_004313,ORD_126429,PAY_103915,2026-06-30T04:41:04,FULL,RETURNED_ORDER,1618.40,INR,SUCCESS,PayFlow,RF_00004313,CUST_002098
REF_004314,ORD_126544,PAY_104003,2026-06-20T00:16:57,FULL,CUSTOMER_REQUEST,534.54,INR,SUCCESS,PayFlow,RF_00004314,CUST_008116
REF_004315,ORD_126596,PAY_104050,2026-06-27T19:39:58,FULL,CUSTOMER_REQUEST,2327.48,INR,SUCCESS,PayFlow,RF_00004315,CUST_003932
REF_004316,ORD_126614,PAY_104064,2026-07-12T03:08:14,FULL,RETURNED_ORDER,354.00,INR,SUCCESS,PayFlow,RF_00004316,CUST_003117
REF_004317,ORD_126625,PAY_104074,2026-06-21T02:08:47,FULL,RETURNED_ORDER,306.80,INR,SUCCESS,PayFlow,RF_00004317,CUST_003434
REF_004318,ORD_126650,PAY_104095,2026-06-04T00:59:11,FULL,CUSTOMER_REQUEST,1292.51,INR,SUCCESS,PayFlow,RF_00004318,CUST_002306
REF_004319,ORD_126666,PAY_104108,2026-06-20T01:38:21,FULL,RETURNED_ORDER,670.12,INR,SUCCESS,PayFlow,RF_00004319,CUST_003176
REF_004320,ORD_126759,PAY_104191,2026-06-12T15:06:15,FULL,CUSTOMER_REQUEST,4643.84,INR,SUCCESS,PayFlow,RF_00004320,CUST_004237
REF_004321,ORD_126833,PAY_104251,2026-06-29T12:28:17,FULL,RETURNED_ORDER,385.74,INR,SUCCESS,PayFlow,RF_00004321,CUST_000154
REF_004322,ORD_126836,PAY_104254,2026-06-12T01:21:01,PARTIAL,CUSTOMER_REQUEST,348.48,INR,SUCCESS,PayFlow,RF_00004322,CUST_001878
REF_004323,ORD_126852,PAY_104268,2026-06-14T11:45:17,FULL,RETURNED_ORDER,816.06,INR,SUCCESS,PayFlow,RF_00004323,CUST_004540
REF_004324,ORD_126859,PAY_104274,2026-06-19T17:50:06,FULL,CUSTOMER_REQUEST,3023.47,INR,SUCCESS,PayFlow,RF_00004324,CUST_006081
REF_004325,ORD_126872,,2026-06-25T09:54:41,FULL,RETURNED_ORDER,2377.64,INR,SUCCESS,,,CUST_001186
REF_004326,ORD_126889,PAY_104297,2026-06-08T06:51:59,FULL,RETURNED_ORDER,390.58,INR,SUCCESS,PayFlow,RF_00004326,CUST_002630
REF_004327,ORD_126982,,2026-07-08T05:32:22,FULL,RETURNED_ORDER,318.60,INR,SUCCESS,,,CUST_008172
REF_004328,ORD_127036,PAY_104422,2026-07-08T15:12:27,FULL,RETURNED_ORDER,283.08,INR,SUCCESS,PayFlow,RF_00004328,CUST_008420
REF_004329,ORD_127046,PAY_104432,2026-07-08T14:16:19,FULL,RETURNED_ORDER,283.08,INR,SUCCESS,PayFlow,RF_00004329,CUST_003327
REF_004330,ORD_127096,PAY_104476,2026-07-06T12:22:14,FULL,RETURNED_ORDER,510.47,INR,SUCCESS,PayFlow,RF_00004330,CUST_005613
REF_004331,ORD_127199,PAY_104554,2026-06-26T15:28:39,FULL,RETURNED_ORDER,837.80,INR,SUCCESS,PayFlow,RF_00004331,CUST_000962
REF_004332,ORD_127202,PAY_104557,2026-06-14T04:11:39,FULL,CUSTOMER_REQUEST,556.67,INR,SUCCESS,PayFlow,RF_00004332,CUST_000900
REF_004333,ORD_127222,PAY_104576,2026-07-03T10:07:55,FULL,RETURNED_ORDER,365.80,INR,SUCCESS,PayFlow,RF_00004333,CUST_007630
REF_004334,ORD_127247,PAY_104593,2026-06-19T05:04:48,FULL,CUSTOMER_REQUEST,1260.24,INR,SUCCESS,PayFlow,RF_00004334,CUST_007759
REF_004335,ORD_127254,PAY_104600,2026-06-14T23:01:56,FULL,CUSTOMER_REQUEST,367.81,INR,SUCCESS,PayFlow,RF_00004335,CUST_006683
REF_004336,ORD_127279,PAY_104618,2026-06-25T20:57:35,FULL,CUSTOMER_REQUEST,4846.08,INR,SUCCESS,PayFlow,RF_00004336,CUST_001583
REF_004337,ORD_127319,PAY_104651,2026-07-03T09:59:27,FULL,RETURNED_ORDER,765.23,INR,SUCCESS,PayFlow,RF_00004337,CUST_006013
REF_004338,ORD_127324,PAY_104656,2026-07-09T11:19:38,FULL,RETURNED_ORDER,639.09,INR,SUCCESS,PayFlow,RF_00004338,CUST_008448
REF_004339,ORD_127326,PAY_104658,2026-06-29T11:11:27,FULL,RETURNED_ORDER,1193.87,INR,SUCCESS,PayFlow,RF_00004339,CUST_007313
REF_004340,ORD_127416,PAY_104734,2026-06-30T03:06:33,FULL,CUSTOMER_REQUEST,295.47,INR,SUCCESS,PayFlow,RF_00004340,CUST_005744
REF_004341,ORD_127494,PAY_104798,2026-06-26T02:15:26,FULL,RETURNED_ORDER,1413.64,INR,SUCCESS,PayFlow,RF_00004341,CUST_001690
REF_004342,ORD_127518,,2026-06-22T17:34:00,FULL,RETURNED_ORDER,2187.07,INR,SUCCESS,,,CUST_000067
REF_004343,ORD_127569,PAY_104858,2026-07-03T06:00:50,FULL,RETURNED_ORDER,439.02,INR,SUCCESS,PayFlow,RF_00004343,CUST_002967
REF_004344,ORD_127643,PAY_104920,2026-06-08T13:38:54,FULL,CUSTOMER_REQUEST,367.81,INR,SUCCESS,PayFlow,RF_00004344,CUST_000963
REF_004345,ORD_127663,PAY_104936,2026-06-29T11:26:23,FULL,RETURNED_ORDER,498.67,INR,SUCCESS,PayFlow,RF_00004345,CUST_001540
REF_004346,ORD_127675,,2026-06-08T10:21:17,FULL,RETURNED_ORDER,582.14,INR,SUCCESS,,,CUST_008375
REF_004347,ORD_127676,,2026-06-20T03:55:31,FULL,RETURNED_ORDER,1140.71,INR,SUCCESS,,,CUST_000999
REF_004348,ORD_127699,PAY_104964,2026-07-07T03:50:38,FULL,RETURNED_ORDER,397.54,INR,SUCCESS,PayFlow,RF_00004348,CUST_003050
REF_004349,ORD_127810,PAY_105056,2026-06-28T18:12:54,FULL,CUSTOMER_REQUEST,640.74,INR,SUCCESS,PayFlow,RF_00004349,CUST_002852
REF_004350,ORD_127824,PAY_105067,2026-06-30T19:04:49,PARTIAL,CUSTOMER_REQUEST,258.85,INR,SUCCESS,PayFlow,RF_00004350,CUST_004014
REF_004351,ORD_127846,PAY_105083,2026-07-05T07:02:46,FULL,RETURNED_ORDER,927.78,INR,SUCCESS,PayFlow,RF_00004351,CUST_001914
REF_004352,ORD_127917,,2026-06-24T09:17:11,FULL,RETURNED_ORDER,294.94,INR,SUCCESS,,,CUST_003920
REF_004353,ORD_127922,PAY_105148,2026-06-18T02:26:41,FULL,RETURNED_ORDER,395.30,INR,SUCCESS,PayFlow,RF_00004353,CUST_002227
REF_004354,ORD_127926,,2026-07-01T18:44:50,FULL,RETURNED_ORDER,598.63,INR,SUCCESS,,,CUST_008133
REF_004355,ORD_128004,PAY_105217,2026-06-11T05:25:27,FULL,RETURNED_ORDER,506.81,INR,SUCCESS,PayFlow,RF_00004355,CUST_003540
REF_004356,ORD_128060,PAY_105263,2026-06-07T21:17:08,FULL,CUSTOMER_REQUEST,1197.23,INR,SUCCESS,PayFlow,RF_00004356,CUST_005627
REF_004357,ORD_128097,PAY_105295,2026-07-11T20:36:18,FULL,RETURNED_ORDER,1059.64,INR,SUCCESS,PayFlow,RF_00004357,CUST_002487
REF_004358,ORD_128118,PAY_105313,2026-07-09T18:42:22,FULL,RETURNED_ORDER,598.73,INR,SUCCESS,PayFlow,RF_00004358,CUST_004011
REF_004359,ORD_128132,PAY_105325,2026-06-11T02:00:25,FULL,CUSTOMER_REQUEST,1451.40,INR,SUCCESS,PayFlow,RF_00004359,CUST_005911
REF_004360,ORD_128147,PAY_105337,2026-06-16T05:56:02,PARTIAL,CUSTOMER_REQUEST,371.38,INR,SUCCESS,PayFlow,RF_00004360,CUST_005154
REF_004361,ORD_128148,PAY_105338,2026-06-30T01:12:15,FULL,CUSTOMER_REQUEST,4743.73,INR,SUCCESS,PayFlow,RF_00004361,CUST_000272
REF_004362,ORD_128191,PAY_105372,2026-06-20T18:25:28,FULL,RETURNED_ORDER,680.86,INR,SUCCESS,PayFlow,RF_00004362,CUST_003598
REF_004363,ORD_128272,PAY_105436,2026-07-05T08:46:33,FULL,RETURNED_ORDER,1215.40,INR,SUCCESS,PayFlow,RF_00004363,CUST_005893
REF_004364,ORD_128281,PAY_105442,2026-06-14T01:20:57,FULL,RETURNED_ORDER,643.44,INR,SUCCESS,PayFlow,RF_00004364,CUST_001898
REF_004365,ORD_128305,,2026-07-10T08:48:30,FULL,RETURNED_ORDER,1950.12,INR,SUCCESS,,,CUST_002061
REF_004366,ORD_128313,PAY_105469,2026-06-19T13:02:12,PARTIAL,CUSTOMER_REQUEST,134.23,INR,SUCCESS,PayFlow,RF_00004366,CUST_005893
REF_004367,ORD_128379,PAY_105521,2026-06-11T19:22:52,FULL,CUSTOMER_REQUEST,5289.94,INR,SUCCESS,PayFlow,RF_00004367,CUST_006386
REF_004368,ORD_128382,PAY_105523,2026-06-16T16:14:42,FULL,RETURNED_ORDER,670.59,INR,SUCCESS,PayFlow,RF_00004368,CUST_006256
REF_004369,ORD_128383,PAY_105524,2026-06-28T03:38:07,FULL,RETURNED_ORDER,724.52,INR,SUCCESS,PayFlow,RF_00004369,CUST_004214
REF_004370,ORD_128403,PAY_105543,2026-06-26T02:36:33,FULL,CUSTOMER_REQUEST,283.14,INR,SUCCESS,PayFlow,RF_00004370,CUST_004295
REF_004371,ORD_128421,PAY_105557,2026-07-06T01:43:31,PARTIAL,CUSTOMER_REQUEST,365.39,INR,SUCCESS,PayFlow,RF_00004371,CUST_001622
REF_004372,ORD_128445,PAY_105579,2026-06-19T02:39:01,FULL,CUSTOMER_REQUEST,318.60,INR,SUCCESS,PayFlow,RF_00004372,CUST_006486
REF_004373,ORD_128460,PAY_105594,2026-06-21T03:45:34,FULL,RETURNED_ORDER,2699.28,INR,SUCCESS,PayFlow,RF_00004373,CUST_000313
REF_004374,ORD_128480,PAY_105610,2026-07-12T04:08:30,FULL,RETURNED_ORDER,652.54,INR,SUCCESS,PayFlow,RF_00004374,CUST_006050
REF_004375,ORD_128512,PAY_105636,2026-06-24T00:12:11,PARTIAL,CUSTOMER_REQUEST,335.54,INR,SUCCESS,PayFlow,RF_00004375,CUST_005465
REF_004376,ORD_128525,PAY_105648,2026-07-07T03:28:23,FULL,RETURNED_ORDER,3079.00,INR,SUCCESS,PayFlow,RF_00004376,CUST_005602
REF_004377,ORD_128536,PAY_105655,2026-07-04T18:40:54,FULL,RETURNED_ORDER,306.80,INR,SUCCESS,PayFlow,RF_00004377,CUST_002531
REF_004378,ORD_128550,PAY_105666,2026-06-14T06:29:16,FULL,RETURNED_ORDER,1804.22,INR,SUCCESS,PayFlow,RF_00004378,CUST_003231
REF_004379,ORD_128594,PAY_105699,2026-07-05T02:04:55,FULL,RETURNED_ORDER,565.44,INR,SUCCESS,PayFlow,RF_00004379,CUST_007235
REF_004380,ORD_128607,PAY_105711,2026-06-17T05:58:27,PARTIAL,CUSTOMER_REQUEST,821.48,INR,SUCCESS,PayFlow,RF_00004380,CUST_002814
REF_004381,ORD_128709,PAY_105799,2026-07-01T16:41:39,FULL,RETURNED_ORDER,852.08,INR,SUCCESS,PayFlow,RF_00004381,CUST_002539
REF_004382,ORD_128742,PAY_105826,2026-07-02T09:14:19,FULL,RETURNED_ORDER,2303.66,INR,SUCCESS,PayFlow,RF_00004382,CUST_002772
REF_004383,ORD_128746,PAY_105830,2026-06-29T15:52:10,FULL,RETURNED_ORDER,755.67,INR,SUCCESS,PayFlow,RF_00004383,CUST_004949
REF_004384,ORD_128799,PAY_105876,2026-06-17T11:47:12,FULL,RETURNED_ORDER,1347.56,INR,SUCCESS,PayFlow,RF_00004384,CUST_004793
REF_004385,ORD_128810,PAY_105886,2026-06-11T11:29:44,FULL,RETURNED_ORDER,575.06,INR,SUCCESS,PayFlow,RF_00004385,CUST_006695
REF_004386,ORD_128813,PAY_105888,2026-06-14T11:18:12,FULL,RETURNED_ORDER,1107.31,INR,SUCCESS,PayFlow,RF_00004386,CUST_007626
REF_004387,ORD_128856,PAY_105921,2026-06-08T09:04:44,FULL,RETURNED_ORDER,669.21,INR,SUCCESS,PayFlow,RF_00004387,CUST_005186
REF_004388,ORD_128938,PAY_105986,2026-06-07T21:21:43,FULL,CUSTOMER_REQUEST,371.70,INR,SUCCESS,PayFlow,RF_00004388,CUST_000486
REF_004389,ORD_128991,,2026-06-16T07:03:24,FULL,RETURNED_ORDER,295.00,INR,SUCCESS,,,CUST_001988
REF_004390,ORD_129006,,2026-06-23T04:41:14,FULL,RETURNED_ORDER,611.59,INR,SUCCESS,,,CUST_007992
REF_004391,ORD_129014,PAY_106052,2026-06-12T17:19:06,FULL,CUSTOMER_REQUEST,1596.30,INR,SUCCESS,PayFlow,RF_00004391,CUST_003188
REF_004392,ORD_129039,PAY_106074,2026-06-12T19:15:28,PARTIAL,CUSTOMER_REQUEST,930.77,INR,SUCCESS,PayFlow,RF_00004392,CUST_008457
REF_004393,ORD_129059,PAY_106089,2026-06-14T00:18:40,FULL,RETURNED_ORDER,552.36,INR,SUCCESS,PayFlow,RF_00004393,CUST_006322
REF_004394,ORD_129064,,2026-06-23T05:19:51,FULL,RETURNED_ORDER,1242.78,INR,SUCCESS,,,CUST_005914
REF_004395,ORD_129148,PAY_106158,2026-06-08T23:57:43,FULL,CUSTOMER_REQUEST,776.38,INR,SUCCESS,PayFlow,RF_00004395,CUST_001883
REF_004396,ORD_129156,PAY_106164,2026-06-15T03:37:32,FULL,RETURNED_ORDER,1070.26,INR,SUCCESS,PayFlow,RF_00004396,CUST_003158
REF_004397,ORD_129199,PAY_106204,2026-06-23T20:03:35,FULL,CUSTOMER_REQUEST,678.30,INR,SUCCESS,PayFlow,RF_00004397,CUST_003039
REF_004398,ORD_129242,PAY_106238,2026-06-26T01:55:02,FULL,CUSTOMER_REQUEST,3067.06,INR,SUCCESS,PayFlow,RF_00004398,CUST_007065
REF_004399,ORD_129245,PAY_106241,2026-07-07T15:40:23,FULL,RETURNED_ORDER,283.08,INR,SUCCESS,PayFlow,RF_00004399,CUST_003162
REF_004400,ORD_129256,PAY_106247,2026-06-29T00:27:48,PARTIAL,CUSTOMER_REQUEST,655.66,INR,SUCCESS,PayFlow,RF_00004400,CUST_007485
REF_004401,ORD_129267,PAY_106257,2026-07-01T20:07:46,FULL,CUSTOMER_REQUEST,318.60,INR,SUCCESS,PayFlow,RF_00004401,CUST_002857
REF_004402,ORD_129297,PAY_106284,2026-06-28T05:46:10,FULL,RETURNED_ORDER,529.82,INR,SUCCESS,PayFlow,RF_00004402,CUST_004870
REF_004403,ORD_129299,PAY_106286,2026-06-21T23:24:42,PARTIAL,CUSTOMER_REQUEST,108.94,INR,SUCCESS,PayFlow,RF_00004403,CUST_006301
REF_004404,ORD_129302,PAY_106288,2026-06-09T04:33:23,PARTIAL,CUSTOMER_REQUEST,447.28,INR,SUCCESS,PayFlow,RF_00004404,CUST_008108
REF_004405,ORD_129323,PAY_106305,2026-06-07T03:53:05,FULL,CUSTOMER_REQUEST,1416.43,INR,SUCCESS,PayFlow,RF_00004405,CUST_000853
REF_004406,ORD_129358,PAY_106336,2026-06-11T05:57:32,FULL,RETURNED_ORDER,294.88,INR,SUCCESS,PayFlow,RF_00004406,CUST_007007
REF_004407,ORD_129359,,2026-06-21T10:53:10,FULL,RETURNED_ORDER,558.14,INR,SUCCESS,,,CUST_000277
REF_004408,ORD_129360,PAY_106337,2026-06-21T21:21:55,PARTIAL,CUSTOMER_REQUEST,200.20,INR,SUCCESS,PayFlow,RF_00004408,CUST_005076
REF_004409,ORD_129385,PAY_106358,2026-06-22T01:58:38,FULL,CUSTOMER_REQUEST,640.03,INR,SUCCESS,PayFlow,RF_00004409,CUST_007242
REF_004410,ORD_129438,PAY_106404,2026-06-05T22:01:30,FULL,CUSTOMER_REQUEST,306.80,INR,SUCCESS,PayFlow,RF_00004410,CUST_006416
REF_004411,ORD_129493,PAY_106451,2026-06-20T05:10:54,FULL,RETURNED_ORDER,2385.49,INR,SUCCESS,PayFlow,RF_00004411,CUST_003855
REF_004412,ORD_129514,PAY_106470,2026-06-02T20:45:41,PARTIAL,CUSTOMER_REQUEST,642.12,INR,SUCCESS,PayFlow,RF_00004412,CUST_000576
REF_004413,ORD_129600,PAY_106538,2026-07-06T11:12:18,FULL,RETURNED_ORDER,306.80,INR,SUCCESS,PayFlow,RF_00004413,CUST_000028
REF_004414,ORD_129641,PAY_106573,2026-07-01T12:02:34,FULL,RETURNED_ORDER,6692.61,INR,SUCCESS,PayFlow,RF_00004414,CUST_003495
REF_004415,ORD_129661,PAY_106589,2026-06-08T10:39:06,FULL,RETURNED_ORDER,534.30,INR,SUCCESS,PayFlow,RF_00004415,CUST_007379
REF_004416,ORD_129753,PAY_106665,2026-07-02T13:57:16,FULL,RETURNED_ORDER,306.80,INR,SUCCESS,PayFlow,RF_00004416,CUST_000224
REF_004417,ORD_129758,,2026-06-29T07:00:26,FULL,RETURNED_ORDER,529.58,INR,SUCCESS,,,CUST_001859
REF_004418,ORD_129813,PAY_106707,2026-06-13T07:30:35,FULL,RETURNED_ORDER,1709.53,INR,SUCCESS,PayFlow,RF_00004418,CUST_005040
REF_004419,ORD_129834,PAY_106727,2026-07-02T14:27:05,FULL,RETURNED_ORDER,294.88,INR,SUCCESS,PayFlow,RF_00004419,CUST_000627
REF_004420,ORD_129849,PAY_106738,2026-06-03T23:55:56,FULL,CUSTOMER_REQUEST,885.46,INR,SUCCESS,PayFlow,RF_00004420,CUST_001998
REF_004421,ORD_129871,PAY_106756,2026-06-22T10:25:26,FULL,RETURNED_ORDER,771.96,INR,SUCCESS,PayFlow,RF_00004421,CUST_002013
REF_004422,ORD_129893,PAY_106773,2026-06-18T19:45:36,FULL,CUSTOMER_REQUEST,295.00,INR,SUCCESS,PayFlow,RF_00004422,CUST_003024
REF_004423,ORD_129899,PAY_106778,2026-06-08T03:05:20,FULL,CUSTOMER_REQUEST,1063.36,INR,SUCCESS,PayFlow,RF_00004423,CUST_002294
REF_004424,ORD_129925,PAY_106799,2026-06-25T23:59:22,PARTIAL,CUSTOMER_REQUEST,300.66,INR,SUCCESS,PayFlow,RF_00004424,CUST_001838
REF_004425,ORD_129943,PAY_106815,2026-07-03T01:24:33,FULL,RETURNED_ORDER,1816.02,INR,SUCCESS,PayFlow,RF_00004425,CUST_003342
REF_004426,ORD_129966,PAY_106833,2026-06-26T04:55:32,FULL,CUSTOMER_REQUEST,889.66,INR,SUCCESS,PayFlow,RF_00004426,CUST_006465
REF_004427,ORD_129973,PAY_106839,2026-06-28T21:06:23,FULL,CUSTOMER_REQUEST,666.54,INR,SUCCESS,PayFlow,RF_00004427,CUST_005895
REF_004428,ORD_129978,,2026-07-06T07:01:31,FULL,RETURNED_ORDER,1154.71,INR,SUCCESS,,,CUST_002970
REF_004429,ORD_130062,,2026-06-15T11:45:28,FULL,RETURNED_ORDER,354.00,INR,SUCCESS,,,CUST_004649
REF_004430,ORD_130089,,2026-06-13T04:39:36,FULL,RETURNED_ORDER,1088.92,INR,SUCCESS,,,CUST_004200
REF_004431,ORD_130132,PAY_106966,2026-06-26T07:25:52,FULL,RETURNED_ORDER,1169.73,INR,SUCCESS,PayFlow,RF_00004431,CUST_005627
REF_004432,ORD_130176,PAY_107003,2026-06-18T13:13:07,FULL,RETURNED_ORDER,517.78,INR,SUCCESS,PayFlow,RF_00004432,CUST_002250
REF_004433,ORD_130179,PAY_107006,2026-07-08T03:41:16,FULL,RETURNED_ORDER,640.74,INR,SUCCESS,PayFlow,RF_00004433,CUST_006098
REF_004434,ORD_130217,PAY_107040,2026-06-20T01:08:44,FULL,RETURNED_ORDER,283.08,INR,SUCCESS,PayFlow,RF_00004434,CUST_005717
REF_004435,ORD_130224,PAY_107047,2026-06-22T06:22:31,FULL,RETURNED_ORDER,598.73,INR,SUCCESS,PayFlow,RF_00004435,CUST_003588
REF_004436,ORD_130276,PAY_107084,2026-06-07T02:33:42,FULL,RETURNED_ORDER,1556.80,INR,SUCCESS,PayFlow,RF_00004436,CUST_004002
REF_004437,ORD_130285,,2026-07-11T20:31:36,FULL,RETURNED_ORDER,2350.12,INR,SUCCESS,,,CUST_005560
REF_004438,ORD_130292,PAY_107096,2026-07-09T08:00:14,FULL,RETURNED_ORDER,5564.88,INR,SUCCESS,PayFlow,RF_00004438,CUST_001189
REF_004439,ORD_130296,PAY_107099,2026-06-30T17:53:56,PARTIAL,CUSTOMER_REQUEST,206.49,INR,SUCCESS,PayFlow,RF_00004439,CUST_006982
REF_004440,ORD_130361,PAY_107153,2026-06-29T18:15:17,FULL,CUSTOMER_REQUEST,3737.41,INR,SUCCESS,PayFlow,RF_00004440,CUST_001934
REF_004441,ORD_130389,,2026-07-02T10:12:22,FULL,RETURNED_ORDER,2250.91,INR,SUCCESS,,,CUST_004260
REF_004442,ORD_130416,PAY_107201,2026-06-16T12:57:13,FULL,RETURNED_ORDER,352.11,INR,SUCCESS,PayFlow,RF_00004442,CUST_008068
REF_004443,ORD_130449,PAY_107230,2026-06-11T20:49:59,FULL,CUSTOMER_REQUEST,892.83,INR,SUCCESS,PayFlow,RF_00004443,CUST_004495
REF_004444,ORD_130461,PAY_107241,2026-06-07T07:01:46,FULL,CUSTOMER_REQUEST,294.94,INR,SUCCESS,PayFlow,RF_00004444,CUST_002492
REF_004445,ORD_130467,PAY_107247,2026-06-16T13:31:01,FULL,RETURNED_ORDER,414.18,INR,SUCCESS,PayFlow,RF_00004445,CUST_005894
REF_004446,ORD_130480,PAY_107258,2026-06-15T03:57:20,FULL,RETURNED_ORDER,2549.98,INR,SUCCESS,PayFlow,RF_00004446,CUST_003859
REF_004447,ORD_130497,PAY_107273,2026-06-16T15:16:00,FULL,RETURNED_ORDER,373.94,INR,SUCCESS,PayFlow,RF_00004447,CUST_006294
REF_004448,ORD_130498,PAY_107274,2026-06-09T08:42:09,FULL,CUSTOMER_REQUEST,390.58,INR,SUCCESS,PayFlow,RF_00004448,CUST_006842
REF_004449,ORD_130516,PAY_107288,2026-06-27T23:48:27,FULL,CUSTOMER_REQUEST,803.58,INR,SUCCESS,PayFlow,RF_00004449,CUST_003218
REF_004450,ORD_130523,PAY_107294,2026-06-16T04:55:03,FULL,RETURNED_ORDER,336.18,INR,SUCCESS,PayFlow,RF_00004450,CUST_006920
REF_004451,ORD_130623,PAY_107376,2026-07-08T06:44:12,FULL,RETURNED_ORDER,2699.84,INR,SUCCESS,PayFlow,RF_00004451,CUST_004952
REF_004452,ORD_130629,PAY_107381,2026-07-02T05:52:55,FULL,RETURNED_ORDER,318.60,INR,SUCCESS,PayFlow,RF_00004452,CUST_001330
REF_004453,ORD_130652,PAY_107400,2026-06-09T22:23:14,PARTIAL,CUSTOMER_REQUEST,116.90,INR,SUCCESS,PayFlow,RF_00004453,CUST_008245
REF_004454,ORD_130656,PAY_107404,2026-07-08T15:33:21,FULL,RETURNED_ORDER,1272.04,INR,SUCCESS,PayFlow,RF_00004454,CUST_004952
REF_004455,ORD_130689,PAY_107428,2026-06-17T11:51:32,FULL,RETURNED_ORDER,363.91,INR,SUCCESS,PayFlow,RF_00004455,CUST_004896
REF_004456,ORD_130695,,2026-07-06T05:13:30,FULL,RETURNED_ORDER,367.81,INR,SUCCESS,,,CUST_006951
REF_004457,ORD_130696,PAY_107434,2026-06-23T15:43:31,FULL,RETURNED_ORDER,1260.24,INR,SUCCESS,PayFlow,RF_00004457,CUST_007892
REF_004458,ORD_130731,PAY_107465,2026-06-21T05:03:42,FULL,RETURNED_ORDER,956.39,INR,SUCCESS,PayFlow,RF_00004458,CUST_007598
REF_004459,ORD_130753,PAY_107485,2026-06-29T19:19:07,FULL,RETURNED_ORDER,947.91,INR,SUCCESS,PayFlow,RF_00004459,CUST_006265
REF_004460,ORD_130766,PAY_107496,2026-06-25T05:03:29,FULL,RETURNED_ORDER,1505.68,INR,SUCCESS,PayFlow,RF_00004460,CUST_005578
REF_004461,ORD_130869,PAY_107582,2026-06-23T14:34:13,FULL,RETURNED_ORDER,2246.72,INR,SUCCESS,PayFlow,RF_00004461,CUST_002248
REF_004462,ORD_130972,,2026-06-15T01:08:18,FULL,RETURNED_ORDER,402.38,INR,SUCCESS,,,CUST_001176
REF_004463,ORD_131071,PAY_107745,2026-06-26T00:09:38,FULL,RETURNED_ORDER,283.08,INR,SUCCESS,PayFlow,RF_00004463,CUST_006234
REF_004464,ORD_131198,PAY_107846,2026-06-24T18:51:16,FULL,RETURNED_ORDER,639.95,INR,SUCCESS,PayFlow,RF_00004464,CUST_002269
REF_004465,ORD_131210,PAY_107852,2026-06-13T23:54:48,FULL,CUSTOMER_REQUEST,271.28,INR,SUCCESS,PayFlow,RF_00004465,CUST_001221
REF_004466,ORD_131215,PAY_107857,2026-06-15T08:38:16,FULL,RETURNED_ORDER,1043.12,INR,SUCCESS,PayFlow,RF_00004466,CUST_001016
REF_004467,ORD_131239,PAY_107876,2026-06-18T00:23:19,FULL,CUSTOMER_REQUEST,1039.34,INR,SUCCESS,PayFlow,RF_00004467,CUST_002232
REF_004468,ORD_131244,,2026-07-05T12:28:00,FULL,RETURNED_ORDER,2894.41,INR,SUCCESS,,,CUST_003652
REF_004469,ORD_131264,PAY_107896,2026-07-03T06:30:17,FULL,RETURNED_ORDER,371.70,INR,SUCCESS,PayFlow,RF_00004469,CUST_005335
REF_004470,ORD_131266,PAY_107898,2026-06-12T22:15:08,FULL,CUSTOMER_REQUEST,2693.94,INR,SUCCESS,PayFlow,RF_00004470,CUST_006695
REF_004471,ORD_131307,PAY_107932,2026-07-01T22:48:35,PARTIAL,CUSTOMER_REQUEST,257.46,INR,SUCCESS,PayFlow,RF_00004471,CUST_002188
REF_004472,ORD_131321,PAY_107944,2026-07-08T09:40:02,FULL,RETURNED_ORDER,682.39,INR,SUCCESS,PayFlow,RF_00004472,CUST_005483
REF_004473,ORD_131348,,2026-06-19T20:33:38,FULL,RETURNED_ORDER,294.94,INR,SUCCESS,,,CUST_004920
REF_004474,ORD_131354,,2026-06-27T03:37:24,FULL,RETURNED_ORDER,697.73,INR,SUCCESS,,,CUST_003872
REF_004475,ORD_131382,PAY_107996,2026-07-03T04:04:29,FULL,CUSTOMER_REQUEST,1685.32,INR,SUCCESS,PayFlow,RF_00004475,CUST_007277
REF_004476,ORD_131392,PAY_108004,2026-06-09T01:21:59,PARTIAL,CUSTOMER_REQUEST,247.61,INR,SUCCESS,PayFlow,RF_00004476,CUST_001832
REF_004477,ORD_131422,PAY_108031,2026-07-12T10:46:31,FULL,RETURNED_ORDER,536.90,INR,SUCCESS,PayFlow,RF_00004477,CUST_002721
REF_004478,ORD_131445,PAY_108052,2026-07-06T14:27:15,FULL,RETURNED_ORDER,3599.00,INR,SUCCESS,PayFlow,RF_00004478,CUST_003902
REF_004479,ORD_131528,,2026-07-08T12:59:54,FULL,RETURNED_ORDER,2350.03,INR,SUCCESS,,,CUST_006936
REF_004480,ORD_131551,PAY_108139,2026-07-01T00:28:02,FULL,RETURNED_ORDER,486.87,INR,SUCCESS,PayFlow,RF_00004480,CUST_000843
REF_004481,ORD_131585,PAY_108166,2026-06-10T02:14:09,FULL,RETURNED_ORDER,3448.20,INR,SUCCESS,PayFlow,RF_00004481,CUST_000085
REF_004482,ORD_131603,PAY_108181,2026-07-02T04:43:02,FULL,RETURNED_ORDER,283.08,INR,SUCCESS,PayFlow,RF_00004482,CUST_001580
REF_004483,ORD_131627,PAY_108203,2026-06-17T00:31:57,FULL,CUSTOMER_REQUEST,1023.59,INR,SUCCESS,PayFlow,RF_00004483,CUST_007511
REF_004484,ORD_131632,PAY_108207,2026-06-26T22:37:11,PARTIAL,CUSTOMER_REQUEST,367.82,INR,SUCCESS,PayFlow,RF_00004484,CUST_001050
REF_004485,ORD_131704,PAY_108267,2026-06-28T01:13:42,FULL,CUSTOMER_REQUEST,610.53,INR,SUCCESS,PayFlow,RF_00004485,CUST_007261
REF_004486,ORD_131722,PAY_108282,2026-07-01T01:28:36,FULL,CUSTOMER_REQUEST,1378.83,INR,SUCCESS,PayFlow,RF_00004486,CUST_001939
REF_004487,ORD_131780,PAY_108333,2026-06-26T08:20:35,FULL,RETURNED_ORDER,1028.96,INR,SUCCESS,PayFlow,RF_00004487,CUST_008000
REF_004488,ORD_131813,,2026-07-05T06:25:47,FULL,RETURNED_ORDER,738.68,INR,SUCCESS,,,CUST_003019
REF_004489,ORD_131912,PAY_108444,2026-06-21T15:07:55,FULL,RETURNED_ORDER,1035.39,INR,SUCCESS,PayFlow,RF_00004489,CUST_003278
REF_004490,ORD_131929,PAY_108456,2026-06-23T06:33:35,FULL,RETURNED_ORDER,743.87,INR,SUCCESS,PayFlow,RF_00004490,CUST_002363
REF_004491,ORD_131980,PAY_108501,2026-06-10T22:33:16,FULL,CUSTOMER_REQUEST,4915.88,INR,SUCCESS,PayFlow,RF_00004491,CUST_004488
REF_004492,ORD_132012,PAY_108529,2026-07-02T07:40:10,FULL,RETURNED_ORDER,2008.47,INR,SUCCESS,PayFlow,RF_00004492,CUST_001132
REF_004493,ORD_132085,PAY_108589,2026-06-25T22:53:05,FULL,CUSTOMER_REQUEST,832.49,INR,SUCCESS,PayFlow,RF_00004493,CUST_000117
REF_004494,ORD_132108,,2026-07-04T07:51:06,FULL,RETURNED_ORDER,1005.66,INR,SUCCESS,,,CUST_001720
REF_004495,ORD_132142,PAY_108632,2026-06-29T13:32:58,FULL,RETURNED_ORDER,663.55,INR,SUCCESS,PayFlow,RF_00004495,CUST_007532
REF_004496,ORD_132221,PAY_108694,2026-06-21T08:01:52,FULL,CUSTOMER_REQUEST,4714.82,INR,SUCCESS,PayFlow,RF_00004496,CUST_008064
REF_004497,ORD_132225,PAY_108697,2026-07-04T07:52:37,FULL,RETURNED_ORDER,528.76,INR,SUCCESS,PayFlow,RF_00004497,CUST_006454
REF_004498,ORD_132243,PAY_108712,2026-06-15T11:21:41,FULL,RETURNED_ORDER,826.00,INR,SUCCESS,PayFlow,RF_00004498,CUST_001856
REF_004499,ORD_132285,PAY_108751,2026-06-19T11:32:17,FULL,RETURNED_ORDER,1898.97,INR,SUCCESS,PayFlow,RF_00004499,CUST_002582
REF_004500,ORD_132333,PAY_108790,2026-07-31T00:23:30,FULL,CUSTOMER_REQUEST,2236.99,INR,SUCCESS,PayFlow,RF_00004500,CUST_007440
REF_004501,ORD_132363,PAY_108810,2026-07-05T22:43:58,FULL,CUSTOMER_REQUEST,1481.96,INR,SUCCESS,PayFlow,RF_00004501,CUST_008180
REF_004502,ORD_132388,PAY_108830,2026-07-14T14:48:19,FULL,RETURNED_ORDER,3452.68,INR,SUCCESS,PayFlow,RF_00004502,CUST_007773
REF_004503,ORD_132390,PAY_108832,2026-07-19T00:38:15,FULL,RETURNED_ORDER,705.39,INR,SUCCESS,PayFlow,RF_00004503,CUST_003568
REF_004504,ORD_132445,PAY_108878,2026-07-31T01:22:47,PARTIAL,CUSTOMER_REQUEST,138.06,INR,SUCCESS,PayFlow,RF_00004504,CUST_001736
REF_004505,ORD_132534,PAY_108951,2026-07-25T08:25:02,FULL,RETURNED_ORDER,1189.44,INR,SUCCESS,PayFlow,RF_00004505,CUST_003432
REF_004506,ORD_132561,PAY_108973,2026-07-16T11:48:38,FULL,RETURNED_ORDER,1993.02,INR,SUCCESS,PayFlow,RF_00004506,CUST_001225
REF_004507,ORD_132575,,2026-08-07T02:36:44,FULL,RETURNED_ORDER,697.86,INR,SUCCESS,,,CUST_006615
REF_004508,ORD_132578,PAY_108986,2026-07-25T07:15:58,FULL,RETURNED_ORDER,635.19,INR,SUCCESS,PayFlow,RF_00004508,CUST_007203
REF_004509,ORD_132595,PAY_109000,2026-08-01T02:18:45,FULL,CUSTOMER_REQUEST,1628.70,INR,SUCCESS,PayFlow,RF_00004509,CUST_004163
REF_004510,ORD_132619,PAY_109018,2026-08-05T10:42:13,FULL,RETURNED_ORDER,1133.98,INR,SUCCESS,PayFlow,RF_00004510,CUST_001463
REF_004511,ORD_132663,PAY_109056,2026-07-16T06:17:59,FULL,CUSTOMER_REQUEST,522.50,INR,SUCCESS,PayFlow,RF_00004511,CUST_001431
REF_004512,ORD_132670,PAY_109063,2026-07-29T20:34:48,FULL,RETURNED_ORDER,371.70,INR,SUCCESS,PayFlow,RF_00004512,CUST_000950
REF_004513,ORD_132721,PAY_109102,2026-07-13T01:30:29,FULL,RETURNED_ORDER,2699.84,INR,SUCCESS,PayFlow,RF_00004513,CUST_004313
REF_004514,ORD_132741,PAY_109118,2026-07-15T13:13:12,FULL,RETURNED_ORDER,414.18,INR,SUCCESS,PayFlow,RF_00004514,CUST_008472
REF_004515,ORD_132744,PAY_109121,2026-07-08T00:59:25,FULL,CUSTOMER_REQUEST,1020.23,INR,SUCCESS,PayFlow,RF_00004515,CUST_007601
REF_004516,ORD_132770,PAY_109144,2026-07-16T19:26:15,FULL,CUSTOMER_REQUEST,972.32,INR,SUCCESS,PayFlow,RF_00004516,CUST_003878
REF_004517,ORD_132804,PAY_109175,2026-07-19T22:33:36,FULL,RETURNED_ORDER,306.74,INR,SUCCESS,PayFlow,RF_00004517,CUST_002819
REF_004518,ORD_132822,PAY_109192,2026-08-02T09:28:28,FULL,RETURNED_ORDER,1499.78,INR,SUCCESS,PayFlow,RF_00004518,CUST_005110
REF_004519,ORD_132830,PAY_109200,2026-07-09T04:39:03,PARTIAL,CUSTOMER_REQUEST,144.64,INR,SUCCESS,PayFlow,RF_00004519,CUST_004760
REF_004520,ORD_132834,PAY_109203,2026-07-11T13:50:05,FULL,RETURNED_ORDER,1690.70,INR,SUCCESS,PayFlow,RF_00004520,CUST_002046
REF_004521,ORD_132862,PAY_109227,2026-07-30T22:00:55,FULL,CUSTOMER_REQUEST,837.80,INR,SUCCESS,PayFlow,RF_00004521,CUST_006753
REF_004522,ORD_132912,PAY_109267,2026-07-16T22:58:38,FULL,RETURNED_ORDER,2723.44,INR,SUCCESS,PayFlow,RF_00004522,CUST_007530
REF_004523,ORD_133029,PAY_109367,2026-07-24T05:19:03,FULL,CUSTOMER_REQUEST,294.94,INR,SUCCESS,PayFlow,RF_00004523,CUST_001919
REF_004524,ORD_133031,PAY_109369,2026-07-27T23:46:31,FULL,RETURNED_ORDER,3897.72,INR,SUCCESS,PayFlow,RF_00004524,CUST_000130
REF_004525,ORD_133050,PAY_109385,2026-07-16T12:20:24,FULL,RETURNED_ORDER,4079.14,INR,SUCCESS,PayFlow,RF_00004525,CUST_003869
REF_004526,ORD_133052,,2026-07-19T12:51:13,FULL,RETURNED_ORDER,646.85,INR,SUCCESS,,,CUST_006595
REF_004527,ORD_133054,PAY_109388,2026-07-23T10:42:38,FULL,RETURNED_ORDER,995.68,INR,SUCCESS,PayFlow,RF_00004527,CUST_001899
REF_004528,ORD_133065,PAY_109398,2026-07-12T18:05:17,FULL,RETURNED_ORDER,1227.20,INR,SUCCESS,PayFlow,RF_00004528,CUST_008424
REF_004529,ORD_133082,PAY_109413,2026-07-25T07:14:59,FULL,RETURNED_ORDER,1293.63,INR,SUCCESS,PayFlow,RF_00004529,CUST_007893
REF_004530,ORD_133095,,2026-07-28T03:27:27,FULL,RETURNED_ORDER,1017.46,INR,SUCCESS,,,CUST_001006
REF_004531,ORD_133099,PAY_109428,2026-07-12T02:14:44,FULL,RETURNED_ORDER,596.02,INR,SUCCESS,PayFlow,RF_00004531,CUST_007943
REF_004532,ORD_133190,PAY_109505,2026-07-31T23:17:06,FULL,CUSTOMER_REQUEST,395.30,INR,SUCCESS,PayFlow,RF_00004532,CUST_005187
REF_004533,ORD_133194,PAY_109508,2026-07-08T21:00:04,FULL,RETURNED_ORDER,3172.62,INR,SUCCESS,PayFlow,RF_00004533,CUST_007479
REF_004534,ORD_133227,PAY_109541,2026-07-11T11:36:53,FULL,RETURNED_ORDER,1588.75,INR,SUCCESS,PayFlow,RF_00004534,CUST_000838
REF_004535,ORD_133288,,2026-08-09T04:07:06,FULL,RETURNED_ORDER,395.30,INR,SUCCESS,,,CUST_003131
REF_004536,ORD_133295,PAY_109599,2026-07-16T19:07:46,FULL,RETURNED_ORDER,1373.52,INR,SUCCESS,PayFlow,RF_00004536,CUST_004684
REF_004537,ORD_133296,PAY_109600,2026-07-24T21:55:45,PARTIAL,CUSTOMER_REQUEST,126.11,INR,SUCCESS,PayFlow,RF_00004537,CUST_003592
REF_004538,ORD_133338,PAY_109636,2026-07-19T06:36:49,FULL,RETURNED_ORDER,295.00,INR,SUCCESS,PayFlow,RF_00004538,CUST_004238
REF_004539,ORD_133345,PAY_109643,2026-08-08T02:11:10,FULL,RETURNED_ORDER,529.82,INR,SUCCESS,PayFlow,RF_00004539,CUST_006250
REF_004540,ORD_133404,PAY_109685,2026-07-27T02:30:51,FULL,CUSTOMER_REQUEST,1378.83,INR,SUCCESS,PayFlow,RF_00004540,CUST_004295
REF_004541,ORD_133407,PAY_109688,2026-07-24T00:43:32,FULL,CUSTOMER_REQUEST,1062.47,INR,SUCCESS,PayFlow,RF_00004541,CUST_008103
REF_004542,ORD_133466,PAY_109738,2026-07-21T08:53:56,FULL,RETURNED_ORDER,837.80,INR,SUCCESS,PayFlow,RF_00004542,CUST_006437
REF_004543,ORD_133469,PAY_109740,2026-08-10T05:27:20,FULL,RETURNED_ORDER,800.51,INR,SUCCESS,PayFlow,RF_00004543,CUST_004220
REF_004544,ORD_133519,,2026-07-12T01:43:56,FULL,RETURNED_ORDER,1017.46,INR,SUCCESS,,,CUST_002726
REF_004545,ORD_133528,PAY_109787,2026-07-05T01:27:33,FULL,CUSTOMER_REQUEST,260.60,INR,SUCCESS,PayFlow,RF_00004545,CUST_001078
REF_004546,ORD_133548,PAY_109803,2026-07-17T23:09:41,FULL,CUSTOMER_REQUEST,391.35,INR,SUCCESS,PayFlow,RF_00004546,CUST_002583
REF_004547,ORD_133559,,2026-07-08T03:18:18,FULL,RETURNED_ORDER,1152.51,INR,SUCCESS,,,CUST_003547
REF_004548,ORD_133631,PAY_109870,2026-07-18T12:52:21,PARTIAL,CUSTOMER_REQUEST,2829.64,INR,SUCCESS,PayFlow,RF_00004548,CUST_007088
REF_004549,ORD_133636,PAY_109873,2026-07-24T22:01:05,FULL,RETURNED_ORDER,2907.80,INR,SUCCESS,PayFlow,RF_00004549,CUST_004411
REF_004550,ORD_133724,PAY_109950,2026-07-18T01:18:41,PARTIAL,CUSTOMER_REQUEST,760.93,INR,SUCCESS,PayFlow,RF_00004550,CUST_006471
REF_004551,ORD_133768,PAY_109988,2026-07-06T00:15:57,PARTIAL,CUSTOMER_REQUEST,340.98,INR,SUCCESS,PayFlow,RF_00004551,CUST_003186
REF_004552,ORD_133769,PAY_109989,2026-08-05T00:42:41,FULL,CUSTOMER_REQUEST,356.01,INR,SUCCESS,PayFlow,RF_00004552,CUST_007806
REF_004553,ORD_133790,PAY_110008,2026-07-28T22:52:37,FULL,CUSTOMER_REQUEST,659.27,INR,SUCCESS,PayFlow,RF_00004553,CUST_007971
REF_004554,ORD_133811,PAY_110026,2026-08-11T04:59:47,FULL,RETURNED_ORDER,365.80,INR,SUCCESS,PayFlow,RF_00004554,CUST_002060
REF_004555,ORD_133831,PAY_110045,2026-08-11T12:52:13,FULL,RETURNED_ORDER,6431.00,INR,SUCCESS,PayFlow,RF_00004555,CUST_008353
REF_004556,ORD_133863,PAY_110073,2026-08-03T20:27:42,PARTIAL,CUSTOMER_REQUEST,502.68,INR,SUCCESS,PayFlow,RF_00004556,CUST_000893
REF_004557,ORD_133878,,2026-07-09T10:48:54,FULL,RETURNED_ORDER,580.24,INR,SUCCESS,,,CUST_003301
REF_004558,ORD_134016,PAY_110197,2026-08-05T12:51:46,FULL,RETURNED_ORDER,814.20,INR,SUCCESS,PayFlow,RF_00004558,CUST_003367
REF_004559,ORD_134046,PAY_110222,2026-07-12T20:27:47,FULL,CUSTOMER_REQUEST,339.19,INR,SUCCESS,PayFlow,RF_00004559,CUST_008348
REF_004560,ORD_134049,PAY_110225,2026-08-04T04:36:29,FULL,RETURNED_ORDER,395.30,INR,SUCCESS,PayFlow,RF_00004560,CUST_002187
REF_004561,ORD_134064,,2026-08-05T11:00:56,FULL,RETURNED_ORDER,719.80,INR,SUCCESS,,,CUST_002744
REF_004562,ORD_134077,PAY_110247,2026-07-31T10:52:28,FULL,RETURNED_ORDER,2758.78,INR,SUCCESS,PayFlow,RF_00004562,CUST_005311
REF_004563,ORD_134089,PAY_110258,2026-07-26T05:22:51,FULL,CUSTOMER_REQUEST,1047.13,INR,SUCCESS,PayFlow,RF_00004563,CUST_005000
REF_004564,ORD_134103,PAY_110271,2026-07-06T14:04:38,FULL,RETURNED_ORDER,1784.63,INR,SUCCESS,PayFlow,RF_00004564,CUST_007112
REF_004565,ORD_134117,PAY_110284,2026-07-12T11:00:17,FULL,RETURNED_ORDER,728.12,INR,SUCCESS,PayFlow,RF_00004565,CUST_007836
REF_004566,ORD_134151,PAY_110312,2026-08-07T13:16:25,FULL,RETURNED_ORDER,1503.26,INR,SUCCESS,PayFlow,RF_00004566,CUST_003109
REF_004567,ORD_134157,,2026-07-30T15:18:10,FULL,RETURNED_ORDER,1068.96,INR,SUCCESS,,,CUST_002787
REF_004568,ORD_134165,PAY_110323,2026-07-23T08:40:00,FULL,RETURNED_ORDER,306.80,INR,SUCCESS,PayFlow,RF_00004568,CUST_006766
REF_004569,ORD_134176,,2026-08-10T23:26:41,FULL,RETURNED_ORDER,638.38,INR,SUCCESS,,,CUST_001832
REF_004570,ORD_134218,PAY_110368,2026-07-29T01:55:20,PARTIAL,CUSTOMER_REQUEST,314.79,INR,SUCCESS,PayFlow,RF_00004570,CUST_008172
REF_004571,ORD_134229,PAY_110378,2026-07-19T17:59:17,FULL,CUSTOMER_REQUEST,1098.98,INR,SUCCESS,PayFlow,RF_00004571,CUST_005917
REF_004572,ORD_134273,PAY_110417,2026-07-20T03:38:22,FULL,RETURNED_ORDER,1420.16,INR,SUCCESS,PayFlow,RF_00004572,CUST_000667
REF_004573,ORD_134281,PAY_110423,2026-07-22T20:00:19,FULL,CUSTOMER_REQUEST,1247.67,INR,SUCCESS,PayFlow,RF_00004573,CUST_007759
REF_004574,ORD_134328,PAY_110457,2026-07-19T00:32:00,FULL,CUSTOMER_REQUEST,690.30,INR,SUCCESS,PayFlow,RF_00004574,CUST_001778
REF_004575,ORD_134338,PAY_110464,2026-07-28T15:46:17,FULL,RETURNED_ORDER,356.01,INR,SUCCESS,PayFlow,RF_00004575,CUST_004809
REF_004576,ORD_134375,PAY_110493,2026-07-07T19:54:59,PARTIAL,CUSTOMER_REQUEST,70.41,INR,SUCCESS,PayFlow,RF_00004576,CUST_006157
REF_004577,ORD_134414,PAY_110528,2026-07-30T05:05:48,FULL,CUSTOMER_REQUEST,1043.18,INR,SUCCESS,PayFlow,RF_00004577,CUST_004167
REF_004578,ORD_134427,PAY_110538,2026-07-27T02:23:39,FULL,CUSTOMER_REQUEST,1373.52,INR,SUCCESS,PayFlow,RF_00004578,CUST_000989
REF_004579,ORD_134471,PAY_110574,2026-07-16T03:25:22,FULL,CUSTOMER_REQUEST,951.06,INR,SUCCESS,PayFlow,RF_00004579,CUST_001459
REF_004580,ORD_134481,PAY_110582,2026-07-30T07:02:19,FULL,RETURNED_ORDER,745.76,INR,SUCCESS,PayFlow,RF_00004580,CUST_007520
REF_004581,ORD_134553,,2026-08-08T11:24:11,FULL,RETURNED_ORDER,373.94,INR,SUCCESS,,,CUST_002912
REF_004582,ORD_134557,PAY_110646,2026-07-12T06:08:17,FULL,CUSTOMER_REQUEST,1022.23,INR,SUCCESS,PayFlow,RF_00004582,CUST_008416
REF_004583,ORD_134581,PAY_110667,2026-08-03T09:52:22,FULL,RETURNED_ORDER,932.20,INR,SUCCESS,PayFlow,RF_00004583,CUST_006763
REF_004584,ORD_134653,PAY_110721,2026-07-12T23:40:38,FULL,CUSTOMER_REQUEST,1093.68,INR,SUCCESS,PayFlow,RF_00004584,CUST_001693
REF_004585,ORD_134657,PAY_110724,2026-07-05T02:14:21,FULL,CUSTOMER_REQUEST,890.78,INR,SUCCESS,PayFlow,RF_00004585,CUST_000804
REF_004586,ORD_134660,PAY_110727,2026-07-29T04:29:45,FULL,CUSTOMER_REQUEST,260.60,INR,SUCCESS,PayFlow,RF_00004586,CUST_007690
REF_004587,ORD_134668,PAY_110734,2026-07-28T01:28:04,FULL,CUSTOMER_REQUEST,1340.48,INR,SUCCESS,PayFlow,RF_00004587,CUST_008075
REF_004588,ORD_134678,,2026-08-08T14:06:51,FULL,RETURNED_ORDER,283.14,INR,SUCCESS,,,CUST_000995
REF_004589,ORD_134680,,2026-07-10T23:41:33,FULL,RETURNED_ORDER,690.10,INR,SUCCESS,,,CUST_000326
REF_004590,ORD_134702,PAY_110758,2026-07-15T18:26:28,FULL,CUSTOMER_REQUEST,2548.00,INR,SUCCESS,PayFlow,RF_00004590,CUST_004694
REF_004591,ORD_134790,PAY_110824,2026-07-18T23:38:14,PARTIAL,CUSTOMER_REQUEST,74.36,INR,SUCCESS,PayFlow,RF_00004591,CUST_001560
REF_004592,ORD_134798,PAY_110830,2026-07-06T02:05:44,FULL,CUSTOMER_REQUEST,283.14,INR,SUCCESS,PayFlow,RF_00004592,CUST_002306
REF_004593,ORD_134812,PAY_110843,2026-08-01T08:24:58,FULL,RETURNED_ORDER,883.68,INR,SUCCESS,PayFlow,RF_00004593,CUST_002381
REF_004594,ORD_134869,PAY_110890,2026-07-20T13:34:02,FULL,RETURNED_ORDER,318.60,INR,SUCCESS,PayFlow,RF_00004594,CUST_006869
REF_004595,ORD_134870,PAY_110891,2026-07-21T23:31:42,FULL,CUSTOMER_REQUEST,612.93,INR,SUCCESS,PayFlow,RF_00004595,CUST_008360
REF_004596,ORD_134896,PAY_110909,2026-07-10T08:37:49,FULL,RETURNED_ORDER,364.69,INR,SUCCESS,PayFlow,RF_00004596,CUST_006270
REF_004597,ORD_134977,PAY_110978,2026-07-30T18:02:00,FULL,RETURNED_ORDER,271.28,INR,SUCCESS,PayFlow,RF_00004597,CUST_005400
REF_004598,ORD_135030,PAY_111019,2026-08-08T10:47:54,FULL,RETURNED_ORDER,1179.29,INR,SUCCESS,PayFlow,RF_00004598,CUST_000388
REF_004599,ORD_135124,PAY_111091,2026-07-20T03:53:37,FULL,RETURNED_ORDER,871.43,INR,SUCCESS,PayFlow,RF_00004599,CUST_008042
REF_004600,ORD_135276,PAY_111214,2026-07-08T21:10:23,FULL,RETURNED_ORDER,542.68,INR,SUCCESS,PayFlow,RF_00004600,CUST_001413
REF_004601,ORD_135303,PAY_111235,2026-07-09T03:57:52,FULL,CUSTOMER_REQUEST,673.78,INR,SUCCESS,PayFlow,RF_00004601,CUST_002281
REF_004602,ORD_135316,PAY_111247,2026-08-08T16:51:07,FULL,RETURNED_ORDER,283.67,INR,SUCCESS,PayFlow,RF_00004602,CUST_003543
REF_004603,ORD_135368,PAY_111285,2026-07-11T17:18:25,FULL,RETURNED_ORDER,800.51,INR,SUCCESS,PayFlow,RF_00004603,CUST_002864
REF_004604,ORD_135381,PAY_111295,2026-08-02T05:12:15,FULL,CUSTOMER_REQUEST,635.19,INR,SUCCESS,PayFlow,RF_00004604,CUST_006524
REF_004605,ORD_135400,PAY_111310,2026-07-28T07:35:11,FULL,RETURNED_ORDER,318.60,INR,SUCCESS,PayFlow,RF_00004605,CUST_001187
REF_004606,ORD_135411,PAY_111319,2026-08-05T14:51:54,FULL,RETURNED_ORDER,318.60,INR,SUCCESS,PayFlow,RF_00004606,CUST_005969
REF_004607,ORD_135424,PAY_111327,2026-07-21T21:57:14,FULL,CUSTOMER_REQUEST,3024.58,INR,SUCCESS,PayFlow,RF_00004607,CUST_003025
REF_004608,ORD_135448,PAY_111349,2026-07-21T02:12:13,FULL,CUSTOMER_REQUEST,1054.98,INR,SUCCESS,PayFlow,RF_00004608,CUST_004896
REF_004609,ORD_135455,PAY_111354,2026-08-09T12:49:43,FULL,RETURNED_ORDER,2104.12,INR,SUCCESS,PayFlow,RF_00004609,CUST_006590
REF_004610,ORD_135482,PAY_111375,2026-08-01T21:57:53,FULL,RETURNED_ORDER,2463.64,INR,SUCCESS,PayFlow,RF_00004610,CUST_007392
REF_004611,ORD_135504,PAY_111394,2026-07-21T18:42:00,FULL,CUSTOMER_REQUEST,757.56,INR,SUCCESS,PayFlow,RF_00004611,CUST_002172
REF_004612,ORD_135553,PAY_111440,2026-07-13T21:15:03,FULL,RETURNED_ORDER,306.74,INR,SUCCESS,PayFlow,RF_00004612,CUST_008383
REF_004613,ORD_135644,PAY_111517,2026-07-16T11:36:52,FULL,RETURNED_ORDER,678.30,INR,SUCCESS,PayFlow,RF_00004613,CUST_001534
REF_004614,ORD_135683,PAY_111547,2026-07-26T04:40:59,FULL,CUSTOMER_REQUEST,754.93,INR,SUCCESS,PayFlow,RF_00004614,CUST_007007
REF_004615,ORD_135712,PAY_111570,2026-07-29T02:21:51,FULL,CUSTOMER_REQUEST,2191.56,INR,SUCCESS,PayFlow,RF_00004615,CUST_003278
REF_004616,ORD_135722,PAY_111578,2026-07-05T01:57:16,FULL,CUSTOMER_REQUEST,690.30,INR,SUCCESS,PayFlow,RF_00004616,CUST_000150
REF_004617,ORD_135788,PAY_111633,2026-07-14T01:28:01,FULL,RETURNED_ORDER,2704.56,INR,SUCCESS,PayFlow,RF_00004617,CUST_003935
REF_004618,ORD_135814,,2026-08-02T18:06:15,FULL,RETURNED_ORDER,390.58,INR,SUCCESS,,,CUST_004813
REF_004619,ORD_135831,,2026-07-24T04:04:33,FULL,RETURNED_ORDER,766.78,INR,SUCCESS,,,CUST_004445
REF_004620,ORD_135889,PAY_111717,2026-07-26T12:23:26,FULL,RETURNED_ORDER,723.75,INR,SUCCESS,PayFlow,RF_00004620,CUST_000744
REF_004621,ORD_135936,PAY_111752,2026-07-17T00:18:23,FULL,RETURNED_ORDER,377.60,INR,SUCCESS,PayFlow,RF_00004621,CUST_005946
REF_004622,ORD_135959,,2026-08-05T17:10:46,FULL,RETURNED_ORDER,715.62,INR,SUCCESS,,,CUST_007587
REF_004623,ORD_135982,PAY_111788,2026-08-07T14:26:31,FULL,RETURNED_ORDER,3866.86,INR,SUCCESS,PayFlow,RF_00004623,CUST_007989
REF_004624,ORD_135984,PAY_111790,2026-07-20T17:12:47,FULL,RETURNED_ORDER,1164.31,INR,SUCCESS,PayFlow,RF_00004624,CUST_006720
REF_004625,ORD_136010,PAY_111815,2026-07-05T23:35:33,FULL,CUSTOMER_REQUEST,701.90,INR,SUCCESS,PayFlow,RF_00004625,CUST_000982
REF_004626,ORD_136038,PAY_111838,2026-07-19T20:32:16,PARTIAL,CUSTOMER_REQUEST,227.98,INR,SUCCESS,PayFlow,RF_00004626,CUST_004228
REF_004627,ORD_136080,PAY_111867,2026-07-18T11:55:49,FULL,RETURNED_ORDER,377.60,INR,SUCCESS,PayFlow,RF_00004627,CUST_007140
REF_004628,ORD_136177,PAY_111947,2026-08-08T05:44:42,FULL,RETURNED_ORDER,1707.46,INR,SUCCESS,PayFlow,RF_00004628,CUST_007076
REF_004629,ORD_136191,PAY_111961,2026-07-23T00:11:11,FULL,CUSTOMER_REQUEST,1260.24,INR,SUCCESS,PayFlow,RF_00004629,CUST_006590
REF_004630,ORD_136213,PAY_111979,2026-07-27T11:47:03,FULL,RETURNED_ORDER,745.76,INR,SUCCESS,PayFlow,RF_00004630,CUST_005161
REF_004631,ORD_136218,PAY_111984,2026-08-01T08:40:25,FULL,RETURNED_ORDER,768.84,INR,SUCCESS,PayFlow,RF_00004631,CUST_004954
REF_004632,ORD_136219,PAY_111985,2026-07-27T11:50:20,FULL,RETURNED_ORDER,1275.80,INR,SUCCESS,PayFlow,RF_00004632,CUST_005629
REF_004633,ORD_136228,PAY_111994,2026-07-30T04:30:29,FULL,RETURNED_ORDER,640.74,INR,SUCCESS,PayFlow,RF_00004633,CUST_000260
REF_004634,ORD_136238,PAY_112002,2026-08-07T22:41:29,FULL,RETURNED_ORDER,383.50,INR,SUCCESS,PayFlow,RF_00004634,CUST_000734
REF_004635,ORD_136261,PAY_112018,2026-08-10T06:09:58,FULL,RETURNED_ORDER,2519.22,INR,SUCCESS,PayFlow,RF_00004635,CUST_004495
REF_004636,ORD_136301,PAY_112054,2026-07-31T00:24:02,FULL,RETURNED_ORDER,1361.72,INR,SUCCESS,PayFlow,RF_00004636,CUST_002226
REF_004637,ORD_136315,PAY_112065,2026-07-19T18:22:02,FULL,RETURNED_ORDER,1462.02,INR,SUCCESS,PayFlow,RF_00004637,CUST_005004
REF_004638,ORD_136330,PAY_112074,2026-07-19T10:51:47,FULL,RETURNED_ORDER,408.40,INR,SUCCESS,PayFlow,RF_00004638,CUST_006420
REF_004639,ORD_136346,PAY_112084,2026-08-07T00:16:19,FULL,RETURNED_ORDER,1361.06,INR,SUCCESS,PayFlow,RF_00004639,CUST_002600
REF_004640,ORD_136467,PAY_112175,2026-07-27T07:00:14,FULL,RETURNED_ORDER,318.60,INR,SUCCESS,PayFlow,RF_00004640,CUST_001498
REF_004641,ORD_136480,,2026-08-01T09:09:29,FULL,RETURNED_ORDER,539.35,INR,SUCCESS,,,CUST_007987
REF_004642,ORD_136521,PAY_112220,2026-08-03T21:57:26,FULL,RETURNED_ORDER,295.00,INR,SUCCESS,PayFlow,RF_00004642,CUST_001996
REF_004643,ORD_136530,PAY_112229,2026-07-22T05:24:44,FULL,RETURNED_ORDER,4347.12,INR,SUCCESS,PayFlow,RF_00004643,CUST_005107
REF_004644,ORD_136534,PAY_112232,2026-07-08T01:09:18,FULL,RETURNED_ORDER,1118.64,INR,SUCCESS,PayFlow,RF_00004644,CUST_001778
REF_004645,ORD_136537,PAY_112234,2026-07-15T09:13:01,FULL,RETURNED_ORDER,810.66,INR,SUCCESS,PayFlow,RF_00004645,CUST_006076
REF_004646,ORD_136548,PAY_112243,2026-07-20T01:18:31,FULL,CUSTOMER_REQUEST,1919.93,INR,SUCCESS,PayFlow,RF_00004646,CUST_007722
REF_004647,ORD_136552,PAY_112247,2026-07-16T03:31:00,FULL,RETURNED_ORDER,895.33,INR,SUCCESS,PayFlow,RF_00004647,CUST_000472
REF_004648,ORD_136660,,2026-08-06T07:47:57,FULL,RETURNED_ORDER,654.78,INR,SUCCESS,,,CUST_002561
REF_004649,ORD_136668,PAY_112341,2026-07-18T02:42:03,FULL,RETURNED_ORDER,1128.32,INR,SUCCESS,PayFlow,RF_00004649,CUST_003549
REF_004650,ORD_136692,PAY_112360,2026-07-22T22:49:47,PARTIAL,CUSTOMER_REQUEST,286.60,INR,SUCCESS,PayFlow,RF_00004650,CUST_005431
REF_004651,ORD_136715,PAY_112375,2026-07-27T08:30:45,FULL,RETURNED_ORDER,1998.92,INR,SUCCESS,PayFlow,RF_00004651,CUST_007506
REF_004652,ORD_136719,PAY_112379,2026-07-19T04:45:46,FULL,RETURNED_ORDER,1973.04,INR,SUCCESS,PayFlow,RF_00004652,CUST_007521
REF_004653,ORD_136724,PAY_112383,2026-08-07T03:44:26,FULL,RETURNED_ORDER,2188.48,INR,SUCCESS,PayFlow,RF_00004653,CUST_008253
REF_004654,ORD_136757,,2026-07-19T14:57:12,FULL,RETURNED_ORDER,929.84,INR,SUCCESS,,,CUST_004149
REF_004655,ORD_136776,PAY_112426,2026-07-28T11:43:01,FULL,RETURNED_ORDER,3947.51,INR,SUCCESS,PayFlow,RF_00004655,CUST_002590
REF_004656,ORD_136787,PAY_112435,2026-07-24T02:26:48,FULL,RETURNED_ORDER,1058.46,INR,SUCCESS,PayFlow,RF_00004656,CUST_000680
REF_004657,ORD_136796,PAY_112442,2026-07-17T09:59:08,FULL,RETURNED_ORDER,898.10,INR,SUCCESS,PayFlow,RF_00004657,CUST_008231
REF_004658,ORD_136803,PAY_112447,2026-07-17T01:58:04,FULL,RETURNED_ORDER,776.86,INR,SUCCESS,PayFlow,RF_00004658,CUST_001168
REF_004659,ORD_136870,PAY_112503,2026-07-15T00:30:01,FULL,CUSTOMER_REQUEST,1280.18,INR,SUCCESS,PayFlow,RF_00004659,CUST_004454
REF_004660,ORD_136898,PAY_112527,2026-07-26T10:51:03,FULL,RETURNED_ORDER,814.20,INR,SUCCESS,PayFlow,RF_00004660,CUST_000378
REF_004661,ORD_136900,PAY_112529,2026-07-17T02:20:18,FULL,RETURNED_ORDER,733.96,INR,SUCCESS,PayFlow,RF_00004661,CUST_001898
REF_004662,ORD_136958,PAY_112573,2026-07-21T08:40:59,FULL,RETURNED_ORDER,594.72,INR,SUCCESS,PayFlow,RF_00004662,CUST_004435
REF_004663,ORD_136971,,2026-07-10T04:24:22,FULL,RETURNED_ORDER,591.54,INR,SUCCESS,,,CUST_002296
REF_004664,ORD_137126,,2026-07-17T18:24:53,FULL,RETURNED_ORDER,402.38,INR,SUCCESS,,,CUST_000160
REF_004665,ORD_137161,PAY_112733,2026-07-23T18:00:08,FULL,CUSTOMER_REQUEST,1618.40,INR,SUCCESS,PayFlow,RF_00004665,CUST_004263
REF_004666,ORD_137171,,2026-07-20T13:25:05,FULL,RETURNED_ORDER,340.31,INR,SUCCESS,,,CUST_003325
REF_004667,ORD_137174,PAY_112743,2026-07-18T11:20:31,FULL,CUSTOMER_REQUEST,306.74,INR,SUCCESS,PayFlow,RF_00004667,CUST_004405
REF_004668,ORD_137201,,2026-07-21T11:53:51,FULL,RETURNED_ORDER,3228.48,INR,SUCCESS,,,CUST_000034
REF_004669,ORD_137288,PAY_112837,2026-07-29T13:20:27,FULL,CUSTOMER_REQUEST,847.12,INR,SUCCESS,PayFlow,RF_00004669,CUST_004056
REF_004670,ORD_137318,PAY_112865,2026-07-15T01:45:33,FULL,RETURNED_ORDER,750.48,INR,SUCCESS,PayFlow,RF_00004670,CUST_000580
REF_004671,ORD_137405,PAY_112936,2026-07-23T11:33:35,FULL,RETURNED_ORDER,283.67,INR,SUCCESS,PayFlow,RF_00004671,CUST_008028
REF_004672,ORD_137436,PAY_112963,2026-07-20T11:54:34,FULL,RETURNED_ORDER,2429.86,INR,SUCCESS,PayFlow,RF_00004672,CUST_005111
REF_004673,ORD_137446,PAY_112972,2026-07-16T18:45:26,FULL,RETURNED_ORDER,859.82,INR,SUCCESS,PayFlow,RF_00004673,CUST_003502
REF_004674,ORD_137566,PAY_113065,2026-07-22T16:55:11,FULL,RETURNED_ORDER,420.08,INR,SUCCESS,PayFlow,RF_00004674,CUST_000220
REF_004675,ORD_137573,PAY_113070,2026-07-13T09:27:22,FULL,RETURNED_ORDER,522.50,INR,SUCCESS,PayFlow,RF_00004675,CUST_008147
REF_004676,ORD_137583,PAY_113080,2026-07-17T07:32:40,FULL,RETURNED_ORDER,2351.86,INR,SUCCESS,PayFlow,RF_00004676,CUST_007482
REF_004677,ORD_137598,PAY_113093,2026-08-03T11:17:53,FULL,RETURNED_ORDER,1141.89,INR,SUCCESS,PayFlow,RF_00004677,CUST_000814
REF_004678,ORD_137634,PAY_113123,2026-07-25T10:34:58,FULL,RETURNED_ORDER,383.50,INR,SUCCESS,PayFlow,RF_00004678,CUST_003735
REF_004679,ORD_137658,PAY_113144,2026-07-05T04:00:28,FULL,CUSTOMER_REQUEST,1762.92,INR,SUCCESS,PayFlow,RF_00004679,CUST_000481
REF_004680,ORD_137731,PAY_113203,2026-08-06T08:05:14,FULL,RETURNED_ORDER,1520.67,INR,SUCCESS,PayFlow,RF_00004680,CUST_000979
REF_004681,ORD_137738,PAY_113210,2026-07-13T08:48:02,FULL,RETURNED_ORDER,704.46,INR,SUCCESS,PayFlow,RF_00004681,CUST_002201
REF_004682,ORD_137747,PAY_113217,2026-07-19T09:29:27,FULL,RETURNED_ORDER,2128.37,INR,SUCCESS,PayFlow,RF_00004682,CUST_005409
REF_004683,ORD_137781,,2026-07-24T10:27:40,FULL,RETURNED_ORDER,402.38,INR,SUCCESS,,,CUST_006661
REF_004684,ORD_137787,PAY_113250,2026-07-25T06:47:21,FULL,RETURNED_ORDER,689.95,INR,SUCCESS,PayFlow,RF_00004684,CUST_000842
REF_004685,ORD_137789,,2026-07-29T23:41:03,FULL,RETURNED_ORDER,414.18,INR,SUCCESS,,,CUST_007491
REF_004686,ORD_137826,,2026-07-31T11:46:25,FULL,RETURNED_ORDER,1135.16,INR,SUCCESS,,,CUST_002254
REF_004687,ORD_137845,PAY_113298,2026-07-09T14:24:28,FULL,CUSTOMER_REQUEST,1059.64,INR,SUCCESS,PayFlow,RF_00004687,CUST_002918
REF_004688,ORD_137861,PAY_113313,2026-08-07T17:09:52,FULL,RETURNED_ORDER,1748.76,INR,SUCCESS,PayFlow,RF_00004688,CUST_004880
REF_004689,ORD_137871,PAY_113320,2026-07-19T11:55:06,FULL,RETURNED_ORDER,1666.56,INR,SUCCESS,PayFlow,RF_00004689,CUST_007766
REF_004690,ORD_137874,PAY_113322,2026-07-24T20:31:40,FULL,CUSTOMER_REQUEST,580.27,INR,SUCCESS,PayFlow,RF_00004690,CUST_008362
REF_004691,ORD_137907,PAY_113350,2026-07-27T06:44:09,FULL,CUSTOMER_REQUEST,731.60,INR,SUCCESS,PayFlow,RF_00004691,CUST_006630
REF_004692,ORD_137912,PAY_113355,2026-07-24T23:46:27,FULL,CUSTOMER_REQUEST,2701.02,INR,SUCCESS,PayFlow,RF_00004692,CUST_001981
REF_004693,ORD_137925,PAY_113364,2026-08-04T03:50:35,FULL,RETURNED_ORDER,1197.70,INR,SUCCESS,PayFlow,RF_00004693,CUST_006649
REF_004694,ORD_137988,PAY_113419,2026-08-06T05:36:18,FULL,RETURNED_ORDER,371.70,INR,SUCCESS,PayFlow,RF_00004694,CUST_004743
REF_004695,ORD_137996,PAY_113424,2026-08-12T08:35:20,FULL,RETURNED_ORDER,720.34,INR,SUCCESS,PayFlow,RF_00004695,CUST_001160
REF_004696,ORD_138013,PAY_113437,2026-07-07T20:22:58,FULL,CUSTOMER_REQUEST,379.61,INR,SUCCESS,PayFlow,RF_00004696,CUST_007693
REF_004697,ORD_138019,,2026-08-09T06:59:27,FULL,RETURNED_ORDER,318.60,INR,SUCCESS,,,CUST_001555
REF_004698,ORD_138168,,2026-07-17T11:06:11,FULL,RETURNED_ORDER,380.90,INR,SUCCESS,,,CUST_004346
REF_004699,ORD_138205,PAY_113585,2026-07-19T11:49:08,FULL,RETURNED_ORDER,814.20,INR,SUCCESS,PayFlow,RF_00004699,CUST_000148
REF_004700,ORD_138208,PAY_113588,2026-07-16T04:09:44,PARTIAL,CUSTOMER_REQUEST,315.57,INR,SUCCESS,PayFlow,RF_00004700,CUST_002874
REF_004701,ORD_138209,PAY_113589,2026-07-12T14:38:20,FULL,RETURNED_ORDER,704.46,INR,SUCCESS,PayFlow,RF_00004701,CUST_004935
REF_004702,ORD_138253,PAY_113619,2026-07-15T23:43:21,FULL,RETURNED_ORDER,958.40,INR,SUCCESS,PayFlow,RF_00004702,CUST_003377
REF_004703,ORD_138302,PAY_113654,2026-07-20T05:08:34,FULL,CUSTOMER_REQUEST,1984.76,INR,SUCCESS,PayFlow,RF_00004703,CUST_002075
REF_004704,ORD_138363,PAY_113704,2026-07-12T19:47:41,FULL,RETURNED_ORDER,1648.46,INR,SUCCESS,PayFlow,RF_00004704,CUST_006842
REF_004705,ORD_138379,,2026-08-09T00:01:50,FULL,RETURNED_ORDER,1613.06,INR,SUCCESS,,,CUST_006590
REF_004706,ORD_138393,PAY_113725,2026-07-31T14:45:29,FULL,RETURNED_ORDER,2756.32,INR,SUCCESS,PayFlow,RF_00004706,CUST_005500
REF_004707,ORD_138410,PAY_113740,2026-07-25T02:41:50,FULL,CUSTOMER_REQUEST,489.02,INR,SUCCESS,PayFlow,RF_00004707,CUST_007284
REF_004708,ORD_138462,PAY_113785,2026-07-23T21:30:20,PARTIAL,CUSTOMER_REQUEST,311.76,INR,SUCCESS,PayFlow,RF_00004708,CUST_008039
REF_004709,ORD_138471,PAY_113793,2026-07-13T13:25:36,FULL,RETURNED_ORDER,283.14,INR,SUCCESS,PayFlow,RF_00004709,CUST_008389
REF_004710,ORD_138500,PAY_113819,2026-07-13T02:24:53,FULL,CUSTOMER_REQUEST,1340.48,INR,SUCCESS,PayFlow,RF_00004710,CUST_000391
REF_004711,ORD_138521,PAY_113837,2026-07-22T01:40:34,FULL,CUSTOMER_REQUEST,420.08,INR,SUCCESS,PayFlow,RF_00004711,CUST_001970
REF_004712,ORD_138525,PAY_113840,2026-07-17T22:41:14,FULL,CUSTOMER_REQUEST,966.42,INR,SUCCESS,PayFlow,RF_00004712,CUST_001866
REF_004713,ORD_138536,PAY_113849,2026-07-19T01:35:32,FULL,RETURNED_ORDER,850.78,INR,SUCCESS,PayFlow,RF_00004713,CUST_001203
REF_004714,ORD_138537,PAY_113850,2026-07-20T04:02:50,FULL,RETURNED_ORDER,271.22,INR,SUCCESS,PayFlow,RF_00004714,CUST_007541
REF_004715,ORD_138568,PAY_113875,2026-07-17T08:38:06,FULL,RETURNED_ORDER,283.14,INR,SUCCESS,PayFlow,RF_00004715,CUST_003905
REF_004716,ORD_138701,PAY_113987,2026-08-03T02:05:21,FULL,CUSTOMER_REQUEST,306.80,INR,SUCCESS,PayFlow,RF_00004716,CUST_004179
REF_004717,ORD_138727,PAY_114007,2026-07-29T00:01:53,FULL,CUSTOMER_REQUEST,584.22,INR,SUCCESS,PayFlow,RF_00004717,CUST_001507
REF_004718,ORD_138737,PAY_114015,2026-07-10T13:19:45,FULL,RETURNED_ORDER,5374.90,INR,SUCCESS,PayFlow,RF_00004718,CUST_008028
REF_004719,ORD_138895,PAY_114141,2026-08-05T13:00:46,FULL,RETURNED_ORDER,732.66,INR,SUCCESS,PayFlow,RF_00004719,CUST_006624
REF_004720,ORD_138902,PAY_114147,2026-08-11T18:19:04,FULL,RETURNED_ORDER,283.14,INR,SUCCESS,PayFlow,RF_00004720,CUST_005844
REF_004721,ORD_138907,PAY_114151,2026-07-31T21:04:58,FULL,RETURNED_ORDER,2846.16,INR,SUCCESS,PayFlow,RF_00004721,CUST_000521
REF_004722,ORD_138918,,2026-07-24T09:51:47,FULL,RETURNED_ORDER,987.01,INR,SUCCESS,,,CUST_007567
REF_004723,ORD_138919,PAY_114161,2026-07-17T22:42:28,FULL,CUSTOMER_REQUEST,1206.43,INR,SUCCESS,PayFlow,RF_00004723,CUST_007114
REF_004724,ORD_138967,PAY_114203,2026-08-09T08:54:38,FULL,RETURNED_ORDER,528.64,INR,SUCCESS,PayFlow,RF_00004724,CUST_006033
REF_004725,ORD_138994,PAY_114222,2026-07-29T13:40:51,FULL,RETURNED_ORDER,1081.88,INR,SUCCESS,PayFlow,RF_00004725,CUST_005854
REF_004726,ORD_139069,PAY_114286,2026-07-19T14:30:41,FULL,RETURNED_ORDER,457.84,INR,SUCCESS,PayFlow,RF_00004726,CUST_007611
REF_004727,ORD_139088,PAY_114302,2026-08-06T02:27:17,FULL,RETURNED_ORDER,1439.60,INR,SUCCESS,PayFlow,RF_00004727,CUST_003952
REF_004728,ORD_139132,PAY_114336,2026-07-23T23:24:32,FULL,CUSTOMER_REQUEST,975.98,INR,SUCCESS,PayFlow,RF_00004728,CUST_007175
REF_004729,ORD_139280,PAY_114458,2026-07-29T03:36:24,FULL,RETURNED_ORDER,306.74,INR,SUCCESS,PayFlow,RF_00004729,CUST_005727
REF_004730,ORD_139284,PAY_114462,2026-07-15T07:15:22,FULL,CUSTOMER_REQUEST,1571.64,INR,SUCCESS,PayFlow,RF_00004730,CUST_008389
REF_004731,ORD_139318,PAY_114489,2026-08-10T06:06:23,FULL,RETURNED_ORDER,362.79,INR,SUCCESS,PayFlow,RF_00004731,CUST_004716
REF_004732,ORD_139346,PAY_114510,2026-08-04T11:14:46,FULL,RETURNED_ORDER,1958.27,INR,SUCCESS,PayFlow,RF_00004732,CUST_004971
REF_004733,ORD_139348,,2026-07-18T16:04:10,FULL,RETURNED_ORDER,439.02,INR,SUCCESS,,,CUST_001856
REF_004734,ORD_139354,,2026-07-30T05:32:06,FULL,RETURNED_ORDER,1224.25,INR,SUCCESS,,,CUST_007804
REF_004735,ORD_139361,PAY_114521,2026-08-01T05:24:24,FULL,RETURNED_ORDER,558.14,INR,SUCCESS,PayFlow,RF_00004735,CUST_001899
REF_004736,ORD_139370,PAY_114528,2026-07-13T20:23:54,FULL,RETURNED_ORDER,377.60,INR,SUCCESS,PayFlow,RF_00004736,CUST_005386
REF_004737,ORD_139399,,2026-08-10T07:36:09,FULL,RETURNED_ORDER,294.88,INR,SUCCESS,,,CUST_000835
REF_004738,ORD_139459,PAY_114597,2026-08-07T10:14:43,FULL,RETURNED_ORDER,1070.26,INR,SUCCESS,PayFlow,RF_00004738,CUST_000852
REF_004739,ORD_139465,PAY_114602,2026-07-27T12:10:27,FULL,RETURNED_ORDER,766.78,INR,SUCCESS,PayFlow,RF_00004739,CUST_000310
REF_004740,ORD_139544,PAY_114663,2026-07-10T05:59:31,FULL,RETURNED_ORDER,778.58,INR,SUCCESS,PayFlow,RF_00004740,CUST_001133
REF_004741,ORD_139573,PAY_114686,2026-07-23T00:14:44,FULL,CUSTOMER_REQUEST,607.82,INR,SUCCESS,PayFlow,RF_00004741,CUST_008353
REF_004742,ORD_139591,PAY_114699,2026-07-13T04:01:37,FULL,RETURNED_ORDER,777.81,INR,SUCCESS,PayFlow,RF_00004742,CUST_007244
REF_004743,ORD_139608,PAY_114716,2026-08-02T10:12:14,FULL,RETURNED_ORDER,837.80,INR,SUCCESS,PayFlow,RF_00004743,CUST_002427
REF_004744,ORD_139640,PAY_114743,2026-07-31T15:57:13,FULL,RETURNED_ORDER,1707.28,INR,SUCCESS,PayFlow,RF_00004744,CUST_000024
REF_004745,ORD_139649,PAY_114751,2026-08-06T12:52:59,FULL,RETURNED_ORDER,1097.00,INR,SUCCESS,PayFlow,RF_00004745,CUST_003705
REF_004746,ORD_139669,PAY_114769,2026-08-03T20:29:15,FULL,RETURNED_ORDER,762.28,INR,SUCCESS,PayFlow,RF_00004746,CUST_006467
REF_004747,ORD_139678,PAY_114775,2026-08-04T01:22:21,FULL,CUSTOMER_REQUEST,5101.14,INR,SUCCESS,PayFlow,RF_00004747,CUST_001949
REF_004748,ORD_139775,PAY_114854,2026-07-14T16:41:39,FULL,CUSTOMER_REQUEST,1503.32,INR,SUCCESS,PayFlow,RF_00004748,CUST_003547
REF_004749,ORD_139802,PAY_114876,2026-07-14T01:56:39,FULL,RETURNED_ORDER,680.86,INR,SUCCESS,PayFlow,RF_00004749,CUST_000121
REF_004750,ORD_139803,PAY_114877,2026-07-21T20:35:10,FULL,RETURNED_ORDER,2125.18,INR,SUCCESS,PayFlow,RF_00004750,CUST_006988
REF_004751,ORD_139809,PAY_114883,2026-08-01T04:54:32,FULL,RETURNED_ORDER,3899.96,INR,SUCCESS,PayFlow,RF_00004751,CUST_006734
REF_004752,ORD_139810,PAY_114884,2026-07-15T01:40:48,PARTIAL,CUSTOMER_REQUEST,687.96,INR,SUCCESS,PayFlow,RF_00004752,CUST_008383
REF_004753,ORD_139853,PAY_114917,2026-07-16T14:23:54,FULL,RETURNED_ORDER,534.54,INR,SUCCESS,PayFlow,RF_00004753,CUST_001414
REF_004754,ORD_139859,PAY_114923,2026-07-06T21:28:29,FULL,CUSTOMER_REQUEST,321.37,INR,SUCCESS,PayFlow,RF_00004754,CUST_001901
REF_004755,ORD_139897,PAY_114952,2026-07-07T22:03:22,FULL,CUSTOMER_REQUEST,2600.64,INR,SUCCESS,PayFlow,RF_00004755,CUST_008054
REF_004756,ORD_139931,PAY_114983,2026-07-25T05:03:11,PARTIAL,CUSTOMER_REQUEST,206.22,INR,SUCCESS,PayFlow,RF_00004756,CUST_006944
REF_004757,ORD_139958,PAY_115005,2026-08-06T04:38:16,FULL,RETURNED_ORDER,546.34,INR,SUCCESS,PayFlow,RF_00004757,CUST_000390
REF_004758,ORD_139963,PAY_115010,2026-07-31T20:30:16,FULL,RETURNED_ORDER,692.66,INR,SUCCESS,PayFlow,RF_00004758,CUST_001664
REF_004759,ORD_139989,PAY_115030,2026-07-11T21:35:00,FULL,CUSTOMER_REQUEST,1295.64,INR,SUCCESS,PayFlow,RF_00004759,CUST_001810
REF_004760,ORD_139991,PAY_115032,2026-08-02T21:54:46,FULL,CUSTOMER_REQUEST,1015.74,INR,SUCCESS,PayFlow,RF_00004760,CUST_005838
REF_004761,ORD_140073,PAY_115101,2026-07-28T17:35:52,FULL,RETURNED_ORDER,552.36,INR,SUCCESS,PayFlow,RF_00004761,CUST_007101
REF_004762,ORD_140089,PAY_115113,2026-07-06T00:54:51,FULL,CUSTOMER_REQUEST,1784.63,INR,SUCCESS,PayFlow,RF_00004762,CUST_006234
REF_004763,ORD_140095,PAY_115119,2026-07-18T04:36:49,PARTIAL,CUSTOMER_REQUEST,383.61,INR,SUCCESS,PayFlow,RF_00004763,CUST_001581
REF_004764,ORD_140148,,2026-07-21T01:37:55,FULL,RETURNED_ORDER,4559.52,INR,SUCCESS,,,CUST_005519
REF_004765,ORD_140175,PAY_115184,2026-07-21T23:36:02,FULL,CUSTOMER_REQUEST,373.94,INR,SUCCESS,PayFlow,RF_00004765,CUST_004083
REF_004766,ORD_140264,PAY_115254,2026-08-02T10:22:39,FULL,RETURNED_ORDER,735.93,INR,SUCCESS,PayFlow,RF_00004766,CUST_007114
REF_004767,ORD_140267,PAY_115257,2026-08-01T05:18:33,FULL,RETURNED_ORDER,680.21,INR,SUCCESS,PayFlow,RF_00004767,CUST_003507
REF_004768,ORD_140327,PAY_115306,2026-07-15T07:42:39,FULL,RETURNED_ORDER,367.81,INR,SUCCESS,PayFlow,RF_00004768,CUST_000045
REF_004769,ORD_140331,PAY_115310,2026-07-16T06:09:10,FULL,RETURNED_ORDER,812.31,INR,SUCCESS,PayFlow,RF_00004769,CUST_001319
REF_004770,ORD_140367,PAY_115338,2026-08-04T08:46:51,FULL,RETURNED_ORDER,1707.46,INR,SUCCESS,PayFlow,RF_00004770,CUST_006880
REF_004771,ORD_140418,PAY_115374,2026-08-06T11:48:37,FULL,RETURNED_ORDER,700.15,INR,SUCCESS,PayFlow,RF_00004771,CUST_006299
REF_004772,ORD_140431,PAY_115386,2026-07-27T02:38:57,FULL,CUSTOMER_REQUEST,1093.30,INR,SUCCESS,PayFlow,RF_00004772,CUST_002576
REF_004773,ORD_140454,PAY_115402,2026-07-26T23:11:33,FULL,CUSTOMER_REQUEST,306.74,INR,SUCCESS,PayFlow,RF_00004773,CUST_003127
REF_004774,ORD_140464,PAY_115411,2026-07-07T20:00:11,FULL,CUSTOMER_REQUEST,1066.78,INR,SUCCESS,PayFlow,RF_00004774,CUST_000632
REF_004775,ORD_140479,PAY_115421,2026-08-03T13:07:25,FULL,RETURNED_ORDER,1762.92,INR,SUCCESS,PayFlow,RF_00004775,CUST_004275
REF_004776,ORD_140553,,2026-07-12T09:21:32,FULL,RETURNED_ORDER,4079.26,INR,SUCCESS,,,CUST_005012
REF_004777,ORD_140556,PAY_115483,2026-07-11T05:09:35,FULL,RETURNED_ORDER,283.14,INR,SUCCESS,PayFlow,RF_00004777,CUST_003113
REF_004778,ORD_140584,PAY_115506,2026-08-03T10:10:42,FULL,CUSTOMER_REQUEST,294.94,INR,SUCCESS,PayFlow,RF_00004778,CUST_003540
REF_004779,ORD_140658,PAY_115564,2026-08-05T02:32:41,FULL,CUSTOMER_REQUEST,948.72,INR,SUCCESS,PayFlow,RF_00004779,CUST_004313
REF_004780,ORD_140691,PAY_115591,2026-07-18T22:03:23,FULL,CUSTOMER_REQUEST,774.08,INR,SUCCESS,PayFlow,RF_00004780,CUST_002601
REF_004781,ORD_140701,PAY_115600,2026-07-26T02:10:54,FULL,RETURNED_ORDER,283.14,INR,SUCCESS,PayFlow,RF_00004781,CUST_005028
REF_004782,ORD_140706,PAY_115604,2026-08-03T12:25:34,FULL,RETURNED_ORDER,1034.03,INR,SUCCESS,PayFlow,RF_00004782,CUST_006794
REF_004783,ORD_140750,PAY_115644,2026-08-01T18:54:25,FULL,RETURNED_ORDER,1236.05,INR,SUCCESS,PayFlow,RF_00004783,CUST_003940
REF_004784,ORD_140822,PAY_115701,2026-07-27T06:00:09,FULL,RETURNED_ORDER,1568.22,INR,SUCCESS,PayFlow,RF_00004784,CUST_003057
REF_004785,ORD_140882,PAY_115750,2026-08-05T07:08:03,FULL,RETURNED_ORDER,3396.04,INR,SUCCESS,PayFlow,RF_00004785,CUST_004140
REF_004786,ORD_140969,,2026-07-20T16:50:10,FULL,RETURNED_ORDER,377.60,INR,SUCCESS,,,CUST_006037
REF_004787,ORD_140975,PAY_115829,2026-08-08T12:04:40,FULL,RETURNED_ORDER,1080.76,INR,SUCCESS,PayFlow,RF_00004787,CUST_006134
REF_004788,ORD_140985,PAY_115838,2026-07-27T08:15:14,FULL,RETURNED_ORDER,1868.71,INR,SUCCESS,PayFlow,RF_00004788,CUST_003681
REF_004789,ORD_141027,PAY_115876,2026-08-10T02:27:52,FULL,RETURNED_ORDER,318.60,INR,SUCCESS,PayFlow,RF_00004789,CUST_001856
REF_004790,ORD_141034,PAY_115883,2026-07-17T22:58:24,PARTIAL,CUSTOMER_REQUEST,1753.95,INR,SUCCESS,PayFlow,RF_00004790,CUST_002178
REF_004791,ORD_141065,,2026-08-01T04:21:43,FULL,RETURNED_ORDER,692.66,INR,SUCCESS,,,CUST_004023
REF_004792,ORD_141145,PAY_115972,2026-07-23T09:57:10,FULL,RETURNED_ORDER,2751.76,INR,SUCCESS,PayFlow,RF_00004792,CUST_008450
REF_004793,ORD_141165,PAY_115990,2026-07-21T15:42:21,PARTIAL,CUSTOMER_REQUEST,76.45,INR,SUCCESS,PayFlow,RF_00004793,CUST_004589
REF_004794,ORD_141251,PAY_116059,2026-08-01T08:20:45,FULL,RETURNED_ORDER,395.30,INR,SUCCESS,PayFlow,RF_00004794,CUST_001977
REF_004795,ORD_141312,PAY_116109,2026-07-04T00:48:17,FULL,CUSTOMER_REQUEST,371.70,INR,SUCCESS,PayFlow,RF_00004795,CUST_006842
REF_004796,ORD_141316,PAY_116113,2026-08-01T16:31:32,FULL,CUSTOMER_REQUEST,702.10,INR,SUCCESS,PayFlow,RF_00004796,CUST_006884
REF_004797,ORD_141416,PAY_116196,2026-08-02T04:14:20,PARTIAL,CUSTOMER_REQUEST,244.37,INR,SUCCESS,PayFlow,RF_00004797,CUST_006303
REF_004798,ORD_141418,PAY_116198,2026-07-16T13:28:26,FULL,RETURNED_ORDER,567.58,INR,SUCCESS,PayFlow,RF_00004798,CUST_001694
REF_004799,ORD_141420,PAY_116200,2026-07-17T02:41:48,FULL,RETURNED_ORDER,4207.64,INR,SUCCESS,PayFlow,RF_00004799,CUST_008073
REF_004800,ORD_141426,PAY_116205,2026-07-13T05:55:15,FULL,RETURNED_ORDER,909.78,INR,SUCCESS,PayFlow,RF_00004800,CUST_002315
REF_004801,ORD_141466,,2026-07-26T00:23:39,FULL,RETURNED_ORDER,716.44,INR,SUCCESS,,,CUST_003717
REF_004802,ORD_141483,PAY_116254,2026-07-24T01:08:18,FULL,RETURNED_ORDER,357.30,INR,SUCCESS,PayFlow,RF_00004802,CUST_003330
REF_004803,ORD_141505,PAY_116272,2026-07-30T11:27:45,FULL,RETURNED_ORDER,1509.99,INR,SUCCESS,PayFlow,RF_00004803,CUST_004126
REF_004804,ORD_141540,PAY_116303,2026-07-31T03:11:16,FULL,RETURNED_ORDER,754.02,INR,SUCCESS,PayFlow,RF_00004804,CUST_000812
REF_004805,ORD_141570,PAY_116330,2026-07-15T04:23:00,FULL,RETURNED_ORDER,1878.56,INR,SUCCESS,PayFlow,RF_00004805,CUST_004833
REF_004806,ORD_141595,,2026-08-02T07:21:26,FULL,RETURNED_ORDER,790.38,INR,SUCCESS,,,CUST_007623
REF_004807,ORD_141607,PAY_116360,2026-07-27T19:31:24,FULL,RETURNED_ORDER,534.30,INR,SUCCESS,PayFlow,RF_00004807,CUST_001766
REF_004808,ORD_141651,PAY_116398,2026-07-15T01:15:13,FULL,RETURNED_ORDER,2316.16,INR,SUCCESS,PayFlow,RF_00004808,CUST_000680
REF_004809,ORD_141683,PAY_116423,2026-07-13T23:42:18,FULL,CUSTOMER_REQUEST,408.28,INR,SUCCESS,PayFlow,RF_00004809,CUST_005051
REF_004810,ORD_141686,PAY_116426,2026-07-25T02:33:29,FULL,RETURNED_ORDER,272.40,INR,SUCCESS,PayFlow,RF_00004810,CUST_004001
REF_004811,ORD_141688,PAY_116428,2026-07-13T06:09:31,FULL,RETURNED_ORDER,998.34,INR,SUCCESS,PayFlow,RF_00004811,CUST_008093
REF_004812,ORD_141729,PAY_116465,2026-07-08T22:46:25,FULL,RETURNED_ORDER,827.86,INR,SUCCESS,PayFlow,RF_00004812,CUST_007747
REF_004813,ORD_141735,PAY_116470,2026-07-15T12:41:17,FULL,RETURNED_ORDER,395.30,INR,SUCCESS,PayFlow,RF_00004813,CUST_000786
REF_004814,ORD_141831,PAY_116546,2026-07-24T21:41:42,FULL,RETURNED_ORDER,1816.02,INR,SUCCESS,PayFlow,RF_00004814,CUST_002262
REF_004815,ORD_141917,PAY_116615,2026-07-31T01:44:39,FULL,RETURNED_ORDER,1231.51,INR,SUCCESS,PayFlow,RF_00004815,CUST_003594
REF_004816,ORD_141939,PAY_116634,2026-07-30T15:18:03,FULL,CUSTOMER_REQUEST,810.66,INR,SUCCESS,PayFlow,RF_00004816,CUST_003103
REF_004817,ORD_142003,PAY_116685,2026-07-28T02:23:39,PARTIAL,CUSTOMER_REQUEST,591.72,INR,SUCCESS,PayFlow,RF_00004817,CUST_000936
REF_004818,ORD_142036,PAY_116710,2026-07-23T13:47:58,FULL,RETURNED_ORDER,457.84,INR,SUCCESS,PayFlow,RF_00004818,CUST_000161
REF_004819,ORD_142040,PAY_116713,2026-07-10T05:54:10,FULL,RETURNED_ORDER,306.80,INR,SUCCESS,PayFlow,RF_00004819,CUST_006926
REF_004820,ORD_142053,PAY_116721,2026-07-31T15:37:10,FULL,RETURNED_ORDER,4045.16,INR,SUCCESS,PayFlow,RF_00004820,CUST_004376
REF_004821,ORD_142074,PAY_116737,2026-07-29T03:08:03,FULL,RETURNED_ORDER,295.00,INR,SUCCESS,PayFlow,RF_00004821,CUST_004074
REF_004822,ORD_142078,PAY_116741,2026-08-01T05:54:37,FULL,RETURNED_ORDER,1222.48,INR,SUCCESS,PayFlow,RF_00004822,CUST_000174
REF_004823,ORD_142091,PAY_116749,2026-07-11T00:51:14,FULL,CUSTOMER_REQUEST,673.78,INR,SUCCESS,PayFlow,RF_00004823,CUST_006849
REF_004824,ORD_142115,PAY_116769,2026-07-19T03:14:12,FULL,RETURNED_ORDER,837.80,INR,SUCCESS,PayFlow,RF_00004824,CUST_004882
REF_004825,ORD_142126,PAY_116778,2026-07-16T00:22:29,FULL,CUSTOMER_REQUEST,2214.06,INR,SUCCESS,PayFlow,RF_00004825,CUST_004943
REF_004826,ORD_142206,PAY_116842,2026-07-21T23:44:50,PARTIAL,CUSTOMER_REQUEST,260.72,INR,SUCCESS,PayFlow,RF_00004826,CUST_004838
REF_004827,ORD_142225,PAY_116858,2026-08-05T00:57:07,FULL,CUSTOMER_REQUEST,1020.23,INR,SUCCESS,PayFlow,RF_00004827,CUST_007543
REF_004828,ORD_142239,,2026-07-29T07:02:30,FULL,RETURNED_ORDER,754.93,INR,SUCCESS,,,CUST_004302
REF_004829,ORD_142243,PAY_116873,2026-07-15T00:41:30,FULL,CUSTOMER_REQUEST,283.08,INR,SUCCESS,PayFlow,RF_00004829,CUST_001524
REF_004830,ORD_142261,PAY_116888,2026-08-09T13:00:49,FULL,RETURNED_ORDER,1607.10,INR,SUCCESS,PayFlow,RF_00004830,CUST_004293
REF_004831,ORD_142266,PAY_116893,2026-07-10T06:05:37,FULL,RETURNED_ORDER,2406.49,INR,SUCCESS,PayFlow,RF_00004831,CUST_000271
REF_004832,ORD_142293,PAY_116917,2026-07-08T07:21:37,FULL,RETURNED_ORDER,397.54,INR,SUCCESS,PayFlow,RF_00004832,CUST_002910
REF_004833,ORD_142342,PAY_116956,2026-08-02T01:28:54,FULL,CUSTOMER_REQUEST,951.06,INR,SUCCESS,PayFlow,RF_00004833,CUST_004107
REF_004834,ORD_142352,,2026-07-31T14:02:05,FULL,RETURNED_ORDER,506.81,INR,SUCCESS,,,CUST_005249
REF_004835,ORD_142419,PAY_117017,2026-07-15T10:45:51,FULL,RETURNED_ORDER,1269.27,INR,SUCCESS,PayFlow,RF_00004835,CUST_004797
REF_004836,ORD_142420,PAY_117018,2026-08-05T16:43:34,FULL,RETURNED_ORDER,2799.14,INR,SUCCESS,PayFlow,RF_00004836,CUST_000352
REF_004837,ORD_142444,PAY_117039,2026-07-10T02:10:23,FULL,RETURNED_ORDER,764.05,INR,SUCCESS,PayFlow,RF_00004837,CUST_001189
REF_004838,ORD_142463,PAY_117055,2026-07-09T03:18:43,PARTIAL,CUSTOMER_REQUEST,852.54,INR,SUCCESS,PayFlow,RF_00004838,CUST_007440
REF_004839,ORD_142526,PAY_117105,2026-07-21T12:04:49,FULL,RETURNED_ORDER,510.70,INR,SUCCESS,PayFlow,RF_00004839,CUST_006182
REF_004840,ORD_142553,PAY_117128,2026-07-26T20:00:21,FULL,CUSTOMER_REQUEST,548.35,INR,SUCCESS,PayFlow,RF_00004840,CUST_003692
REF_004841,ORD_142584,PAY_117152,2026-07-26T05:39:37,FULL,RETURNED_ORDER,1208.56,INR,SUCCESS,PayFlow,RF_00004841,CUST_005247
REF_004842,ORD_142588,PAY_117156,2026-07-26T04:10:53,FULL,CUSTOMER_REQUEST,669.21,INR,SUCCESS,PayFlow,RF_00004842,CUST_004149
REF_004843,ORD_142629,PAY_117189,2026-07-11T22:18:28,PARTIAL,CUSTOMER_REQUEST,521.23,INR,SUCCESS,PayFlow,RF_00004843,CUST_003804
REF_004844,ORD_142656,PAY_117210,2026-08-07T05:47:17,FULL,RETURNED_ORDER,1255.11,INR,SUCCESS,PayFlow,RF_00004844,CUST_006999
REF_004845,ORD_142686,PAY_117231,2026-07-17T23:53:33,FULL,RETURNED_ORDER,808.36,INR,SUCCESS,PayFlow,RF_00004845,CUST_001615
REF_004846,ORD_142687,PAY_117232,2026-07-30T21:24:15,PARTIAL,CUSTOMER_REQUEST,169.88,INR,SUCCESS,PayFlow,RF_00004846,CUST_000497
REF_004847,ORD_142692,PAY_117235,2026-07-22T01:11:06,FULL,RETURNED_ORDER,294.94,INR,SUCCESS,PayFlow,RF_00004847,CUST_006426
REF_004848,ORD_142712,PAY_117252,2026-08-02T22:43:47,FULL,RETURNED_ORDER,4095.78,INR,SUCCESS,PayFlow,RF_00004848,CUST_000686
REF_004849,ORD_142771,PAY_117295,2026-07-09T12:22:03,FULL,RETURNED_ORDER,369.10,INR,SUCCESS,PayFlow,RF_00004849,CUST_005284
REF_004850,ORD_142772,PAY_117296,2026-07-26T11:50:23,FULL,RETURNED_ORDER,1742.92,INR,SUCCESS,PayFlow,RF_00004850,CUST_003810
REF_004851,ORD_142798,PAY_117319,2026-07-06T20:28:21,FULL,CUSTOMER_REQUEST,893.26,INR,SUCCESS,PayFlow,RF_00004851,CUST_003607
REF_004852,ORD_142800,PAY_117321,2026-07-11T19:46:59,FULL,RETURNED_ORDER,3010.77,INR,SUCCESS,PayFlow,RF_00004852,CUST_003951
REF_004853,ORD_142822,,2026-08-11T10:22:42,FULL,RETURNED_ORDER,871.67,INR,SUCCESS,,,CUST_003877
REF_004854,ORD_142825,PAY_117343,2026-07-05T02:18:48,FULL,CUSTOMER_REQUEST,295.00,INR,SUCCESS,PayFlow,RF_00004854,CUST_004256
REF_004855,ORD_142881,PAY_117387,2026-07-29T09:41:25,FULL,RETURNED_ORDER,1699.20,INR,SUCCESS,PayFlow,RF_00004855,CUST_006913
REF_004856,ORD_142912,PAY_117413,2026-07-13T03:21:15,FULL,CUSTOMER_REQUEST,638.38,INR,SUCCESS,PayFlow,RF_00004856,CUST_005001
REF_004857,ORD_142916,,2026-07-30T04:51:55,FULL,RETURNED_ORDER,652.54,INR,SUCCESS,,,CUST_005613
REF_004858,ORD_142958,PAY_117452,2026-07-07T20:48:33,FULL,RETURNED_ORDER,306.74,INR,SUCCESS,PayFlow,RF_00004858,CUST_005696
REF_004859,ORD_142974,PAY_117464,2026-07-30T23:23:34,FULL,RETURNED_ORDER,3544.60,INR,SUCCESS,PayFlow,RF_00004859,CUST_001680
REF_004860,ORD_142980,PAY_117470,2026-07-08T01:06:46,FULL,CUSTOMER_REQUEST,415.42,INR,SUCCESS,PayFlow,RF_00004860,CUST_007069
REF_004861,ORD_143065,PAY_117534,2026-08-05T12:12:55,FULL,RETURNED_ORDER,354.00,INR,SUCCESS,PayFlow,RF_00004861,CUST_006619
REF_004862,ORD_143067,PAY_117536,2026-07-08T15:47:09,FULL,CUSTOMER_REQUEST,664.34,INR,SUCCESS,PayFlow,RF_00004862,CUST_003993
REF_004863,ORD_143110,PAY_117567,2026-08-05T10:34:33,FULL,RETURNED_ORDER,1132.29,INR,SUCCESS,PayFlow,RF_00004863,CUST_002144
REF_004864,ORD_143111,PAY_117568,2026-07-31T14:29:43,FULL,RETURNED_ORDER,354.00,INR,SUCCESS,PayFlow,RF_00004864,CUST_003780
REF_004865,ORD_143177,PAY_117617,2026-07-13T10:07:17,FULL,RETURNED_ORDER,554.48,INR,SUCCESS,PayFlow,RF_00004865,CUST_005613
REF_004866,ORD_143231,PAY_117658,2026-07-21T06:23:08,FULL,RETURNED_ORDER,707.76,INR,SUCCESS,PayFlow,RF_00004866,CUST_007873
REF_004867,ORD_143262,PAY_117685,2026-07-17T10:17:36,FULL,RETURNED_ORDER,3663.43,INR,SUCCESS,PayFlow,RF_00004867,CUST_003427
REF_004868,ORD_143288,PAY_117706,2026-07-13T02:43:07,FULL,CUSTOMER_REQUEST,356.01,INR,SUCCESS,PayFlow,RF_00004868,CUST_002627
REF_004869,ORD_143289,PAY_117707,2026-07-21T01:33:10,PARTIAL,CUSTOMER_REQUEST,370.52,INR,SUCCESS,PayFlow,RF_00004869,CUST_001141
REF_004870,ORD_143351,PAY_117760,2026-07-11T23:25:33,FULL,CUSTOMER_REQUEST,1582.38,INR,SUCCESS,PayFlow,RF_00004870,CUST_000786
REF_004871,ORD_143376,PAY_117781,2026-07-24T08:08:17,FULL,RETURNED_ORDER,350.99,INR,SUCCESS,PayFlow,RF_00004871,CUST_006856
REF_004872,ORD_143381,PAY_117784,2026-07-14T15:29:56,FULL,RETURNED_ORDER,347.98,INR,SUCCESS,PayFlow,RF_00004872,CUST_008299
REF_004873,ORD_143384,PAY_117787,2026-08-11T16:35:26,FULL,RETURNED_ORDER,1983.96,INR,SUCCESS,PayFlow,RF_00004873,CUST_004790
REF_004874,ORD_143416,PAY_117813,2026-07-19T10:08:23,FULL,RETURNED_ORDER,2214.86,INR,SUCCESS,PayFlow,RF_00004874,CUST_000880
REF_004875,ORD_143417,PAY_117814,2026-07-24T09:04:14,FULL,RETURNED_ORDER,1032.42,INR,SUCCESS,PayFlow,RF_00004875,CUST_005944
REF_004876,ORD_143451,PAY_117843,2026-07-24T02:15:26,FULL,CUSTOMER_REQUEST,3337.04,INR,SUCCESS,PayFlow,RF_00004876,CUST_002547
REF_004877,ORD_143457,,2026-07-12T09:05:37,FULL,RETURNED_ORDER,669.06,INR,SUCCESS,,,CUST_008294
REF_004878,ORD_143504,PAY_117888,2026-08-02T10:13:50,FULL,RETURNED_ORDER,1388.92,INR,SUCCESS,PayFlow,RF_00004878,CUST_005486
REF_004879,ORD_143508,PAY_117892,2026-07-09T22:13:21,FULL,CUSTOMER_REQUEST,695.73,INR,SUCCESS,PayFlow,RF_00004879,CUST_001778
REF_004880,ORD_143546,PAY_117923,2026-07-17T16:47:05,FULL,RETURNED_ORDER,1105.10,INR,SUCCESS,PayFlow,RF_00004880,CUST_001382
REF_004881,ORD_143556,PAY_117932,2026-07-16T16:49:41,FULL,RETURNED_ORDER,1189.44,INR,SUCCESS,PayFlow,RF_00004881,CUST_002428
REF_004882,ORD_143605,,2026-07-20T06:47:08,FULL,RETURNED_ORDER,1898.97,INR,SUCCESS,,,CUST_006379
REF_004883,ORD_143628,PAY_117991,2026-07-12T20:48:48,PARTIAL,CUSTOMER_REQUEST,221.44,INR,SUCCESS,PayFlow,RF_00004883,CUST_000453
REF_004884,ORD_143660,PAY_118015,2026-07-30T15:45:40,FULL,CUSTOMER_REQUEST,728.06,INR,SUCCESS,PayFlow,RF_00004884,CUST_006134
REF_004885,ORD_143686,PAY_118035,2026-07-16T18:58:35,PARTIAL,CUSTOMER_REQUEST,212.40,INR,SUCCESS,PayFlow,RF_00004885,CUST_002742
REF_004886,ORD_143726,PAY_118068,2026-08-02T03:54:28,FULL,RETURNED_ORDER,534.54,INR,SUCCESS,PayFlow,RF_00004886,CUST_007888
REF_004887,ORD_143796,PAY_118125,2026-07-27T10:26:36,FULL,CUSTOMER_REQUEST,854.32,INR,SUCCESS,PayFlow,RF_00004887,CUST_000759
REF_004888,ORD_143812,PAY_118138,2026-07-17T05:40:46,FULL,CUSTOMER_REQUEST,892.83,INR,SUCCESS,PayFlow,RF_00004888,CUST_004214
REF_004889,ORD_143838,PAY_118158,2026-07-14T04:07:37,FULL,CUSTOMER_REQUEST,306.80,INR,SUCCESS,PayFlow,RF_00004889,CUST_000431
REF_004890,ORD_143843,PAY_118163,2026-07-25T05:01:17,FULL,RETURNED_ORDER,1185.00,INR,SUCCESS,PayFlow,RF_00004890,CUST_004238
REF_004891,ORD_143883,PAY_118197,2026-07-31T11:47:54,FULL,RETURNED_ORDER,3872.76,INR,SUCCESS,PayFlow,RF_00004891,CUST_001236
REF_004892,ORD_143924,PAY_118231,2026-08-06T04:51:27,FULL,RETURNED_ORDER,554.01,INR,SUCCESS,PayFlow,RF_00004892,CUST_004380
REF_004893,ORD_143932,PAY_118237,2026-07-16T04:59:10,FULL,RETURNED_ORDER,415.42,INR,SUCCESS,PayFlow,RF_00004893,CUST_000689
REF_004894,ORD_143997,PAY_118287,2026-07-06T21:29:23,FULL,CUSTOMER_REQUEST,766.78,INR,SUCCESS,PayFlow,RF_00004894,CUST_000982
REF_004895,ORD_144003,PAY_118293,2026-07-13T17:19:41,FULL,CUSTOMER_REQUEST,3590.74,INR,SUCCESS,PayFlow,RF_00004895,CUST_003056
REF_004896,ORD_144005,PAY_118295,2026-07-14T08:00:37,FULL,RETURNED_ORDER,306.80,INR,SUCCESS,PayFlow,RF_00004896,CUST_001084
REF_004897,ORD_144014,PAY_118303,2026-07-18T17:59:55,FULL,CUSTOMER_REQUEST,837.80,INR,SUCCESS,PayFlow,RF_00004897,CUST_000050
REF_004898,ORD_144082,PAY_118361,2026-08-02T12:53:21,FULL,RETURNED_ORDER,2722.26,INR,SUCCESS,PayFlow,RF_00004898,CUST_004536
REF_004899,ORD_144132,PAY_118404,2026-07-29T16:41:30,FULL,RETURNED_ORDER,534.54,INR,SUCCESS,PayFlow,RF_00004899,CUST_001533
REF_004900,ORD_144156,PAY_118426,2026-07-31T23:16:06,FULL,CUSTOMER_REQUEST,306.80,INR,SUCCESS,PayFlow,RF_00004900,CUST_004531
REF_004901,ORD_144189,,2026-07-24T17:21:54,FULL,RETURNED_ORDER,540.44,INR,SUCCESS,,,CUST_008193
REF_004902,ORD_144199,PAY_118460,2026-07-17T00:51:16,FULL,CUSTOMER_REQUEST,295.00,INR,SUCCESS,PayFlow,RF_00004902,CUST_005614
REF_004903,ORD_144236,PAY_118488,2026-07-28T14:08:34,FULL,RETURNED_ORDER,395.30,INR,SUCCESS,PayFlow,RF_00004903,CUST_003244
REF_004904,ORD_144249,PAY_118499,2026-07-22T03:04:32,FULL,RETURNED_ORDER,283.14,INR,SUCCESS,PayFlow,RF_00004904,CUST_001036
REF_004905,ORD_144296,PAY_118539,2026-07-24T21:48:26,PARTIAL,CUSTOMER_REQUEST,272.72,INR,SUCCESS,PayFlow,RF_00004905,CUST_008200
REF_004906,ORD_144316,,2026-07-19T23:06:38,FULL,RETURNED_ORDER,1241.36,INR,SUCCESS,,,CUST_002918
REF_004907,ORD_144351,,2026-08-05T07:24:11,FULL,RETURNED_ORDER,607.82,INR,SUCCESS,,,CUST_003945
REF_004908,ORD_144353,PAY_118581,2026-07-05T00:52:15,FULL,CUSTOMER_REQUEST,2035.85,INR,SUCCESS,PayFlow,RF_00004908,CUST_005928
REF_004909,ORD_144366,,2026-08-07T02:39:04,FULL,RETURNED_ORDER,495.01,INR,SUCCESS,,,CUST_006811
REF_004910,ORD_144384,PAY_118607,2026-07-28T06:01:54,FULL,RETURNED_ORDER,1355.11,INR,SUCCESS,PayFlow,RF_00004910,CUST_006107
REF_004911,ORD_144392,PAY_118615,2026-07-27T02:29:40,FULL,RETURNED_ORDER,1596.30,INR,SUCCESS,PayFlow,RF_00004911,CUST_005659
REF_004912,ORD_144423,PAY_118642,2026-07-12T23:52:53,FULL,CUSTOMER_REQUEST,1489.81,INR,SUCCESS,PayFlow,RF_00004912,CUST_005528
REF_004913,ORD_144424,,2026-07-17T13:34:16,FULL,RETURNED_ORDER,362.79,INR,SUCCESS,,,CUST_002567
REF_004914,ORD_144428,,2026-08-01T11:39:16,FULL,RETURNED_ORDER,318.60,INR,SUCCESS,,,CUST_003942
REF_004915,ORD_144433,PAY_118648,2026-07-29T19:24:50,FULL,RETURNED_ORDER,1095.04,INR,SUCCESS,PayFlow,RF_00004915,CUST_004801
REF_004916,ORD_144459,PAY_118672,2026-07-19T03:24:41,FULL,RETURNED_ORDER,2385.49,INR,SUCCESS,PayFlow,RF_00004916,CUST_007243
REF_004917,ORD_144479,PAY_118689,2026-07-31T04:08:30,FULL,RETURNED_ORDER,362.79,INR,SUCCESS,PayFlow,RF_00004917,CUST_004969
REF_004918,ORD_144482,PAY_118692,2026-07-18T04:18:39,FULL,RETURNED_ORDER,1998.74,INR,SUCCESS,PayFlow,RF_00004918,CUST_004691
REF_004919,ORD_144483,PAY_118693,2026-07-11T06:17:33,FULL,RETURNED_ORDER,1558.78,INR,SUCCESS,PayFlow,RF_00004919,CUST_008465
REF_004920,ORD_144536,PAY_118735,2026-08-08T17:11:17,FULL,RETURNED_ORDER,495.01,INR,SUCCESS,PayFlow,RF_00004920,CUST_007484
REF_004921,ORD_144574,PAY_118770,2026-07-08T21:20:01,FULL,CUSTOMER_REQUEST,318.60,INR,SUCCESS,PayFlow,RF_00004921,CUST_000024
REF_004922,ORD_144620,PAY_118811,2026-07-17T10:10:21,FULL,RETURNED_ORDER,1428.15,INR,SUCCESS,PayFlow,RF_00004922,CUST_004467
REF_004923,ORD_144682,PAY_118863,2026-07-21T21:09:29,FULL,CUSTOMER_REQUEST,318.60,INR,SUCCESS,PayFlow,RF_00004923,CUST_004586
REF_004924,ORD_144687,PAY_118866,2026-07-22T04:24:56,FULL,RETURNED_ORDER,1844.64,INR,SUCCESS,PayFlow,RF_00004924,CUST_003209
REF_004925,ORD_144708,PAY_118884,2026-07-11T08:57:22,FULL,RETURNED_ORDER,735.38,INR,SUCCESS,PayFlow,RF_00004925,CUST_003025
REF_004926,ORD_144719,,2026-07-11T03:00:39,FULL,RETURNED_ORDER,826.00,INR,SUCCESS,,,CUST_005988
REF_004927,ORD_144720,PAY_118893,2026-07-17T12:54:14,FULL,RETURNED_ORDER,7217.52,INR,SUCCESS,PayFlow,RF_00004927,CUST_004684
REF_004928,ORD_144845,PAY_118999,2026-07-30T18:35:38,FULL,RETURNED_ORDER,678.50,INR,SUCCESS,PayFlow,RF_00004928,CUST_006888
REF_004929,ORD_144859,PAY_119011,2026-08-02T22:01:27,FULL,CUSTOMER_REQUEST,1562.75,INR,SUCCESS,PayFlow,RF_00004929,CUST_002018
REF_004930,ORD_144860,PAY_119012,2026-07-24T10:30:42,FULL,RETURNED_ORDER,1519.84,INR,SUCCESS,PayFlow,RF_00004930,CUST_005891
REF_004931,ORD_144886,PAY_119030,2026-08-01T08:49:29,FULL,RETURNED_ORDER,356.01,INR,SUCCESS,PayFlow,RF_00004931,CUST_002205
REF_004932,ORD_144921,PAY_119058,2026-07-10T16:35:06,FULL,RETURNED_ORDER,1256.23,INR,SUCCESS,PayFlow,RF_00004932,CUST_006266
REF_004933,ORD_144949,PAY_119082,2026-07-29T22:27:41,FULL,CUSTOMER_REQUEST,284.20,INR,SUCCESS,PayFlow,RF_00004933,CUST_006428
REF_004934,ORD_144977,PAY_119105,2026-08-03T17:47:42,FULL,RETURNED_ORDER,1352.93,INR,SUCCESS,PayFlow,RF_00004934,CUST_004369
REF_004935,ORD_144986,PAY_119112,2026-07-29T21:34:31,FULL,CUSTOMER_REQUEST,2183.00,INR,SUCCESS,PayFlow,RF_00004935,CUST_002286
REF_004936,ORD_145019,PAY_119137,2026-07-27T06:15:15,FULL,RETURNED_ORDER,1281.24,INR,SUCCESS,PayFlow,RF_00004936,CUST_004361
REF_004937,ORD_145085,PAY_119190,2026-07-31T18:14:14,PARTIAL,CUSTOMER_REQUEST,525.77,INR,SUCCESS,PayFlow,RF_00004937,CUST_001215
REF_004938,ORD_145123,PAY_119213,2026-07-20T19:58:48,FULL,RETURNED_ORDER,546.34,INR,SUCCESS,PayFlow,RF_00004938,CUST_001042
REF_004939,ORD_145138,PAY_119226,2026-07-06T19:22:07,FULL,CUSTOMER_REQUEST,1911.60,INR,SUCCESS,PayFlow,RF_00004939,CUST_007830
REF_004940,ORD_145173,PAY_119252,2026-07-23T15:19:25,FULL,RETURNED_ORDER,708.54,INR,SUCCESS,PayFlow,RF_00004940,CUST_003820
REF_004941,ORD_145214,PAY_119283,2026-08-08T14:35:09,FULL,RETURNED_ORDER,1375.47,INR,SUCCESS,PayFlow,RF_00004941,CUST_000271
REF_004942,ORD_145248,PAY_119313,2026-07-18T21:31:32,PARTIAL,CUSTOMER_REQUEST,365.00,INR,SUCCESS,PayFlow,RF_00004942,CUST_004406
REF_004943,ORD_145300,PAY_119354,2026-07-24T00:10:38,FULL,CUSTOMER_REQUEST,2476.58,INR,SUCCESS,PayFlow,RF_00004943,CUST_002829
REF_004944,ORD_145318,PAY_119371,2026-07-15T23:36:33,FULL,CUSTOMER_REQUEST,4238.44,INR,SUCCESS,PayFlow,RF_00004944,CUST_002526
REF_004945,ORD_145396,,2026-07-28T07:03:40,FULL,RETURNED_ORDER,774.08,INR,SUCCESS,,,CUST_008497
REF_004946,ORD_145403,PAY_119441,2026-07-16T23:21:41,PARTIAL,CUSTOMER_REQUEST,161.44,INR,SUCCESS,PayFlow,RF_00004946,CUST_001563
REF_004947,ORD_145527,PAY_119538,2026-07-18T11:31:44,FULL,RETURNED_ORDER,354.00,INR,SUCCESS,PayFlow,RF_00004947,CUST_002456
REF_004948,ORD_145545,PAY_119555,2026-08-03T16:06:39,FULL,RETURNED_ORDER,5227.16,INR,SUCCESS,PayFlow,RF_00004948,CUST_002515
REF_004949,ORD_145556,PAY_119562,2026-07-28T07:47:21,FULL,RETURNED_ORDER,4452.97,INR,SUCCESS,PayFlow,RF_00004949,CUST_002457
REF_004950,ORD_145608,PAY_119604,2026-07-16T04:38:08,FULL,RETURNED_ORDER,1059.64,INR,SUCCESS,PayFlow,RF_00004950,CUST_004897
REF_004951,ORD_145642,PAY_119632,2026-08-29T06:32:40,FULL,RETURNED_ORDER,339.19,INR,SUCCESS,PayFlow,RF_00004951,CUST_001051
REF_004952,ORD_145643,PAY_119633,2026-08-20T03:46:59,FULL,RETURNED_ORDER,669.06,INR,SUCCESS,PayFlow,RF_00004952,CUST_007032
REF_004953,ORD_145654,PAY_119642,2026-08-08T16:47:23,FULL,CUSTOMER_REQUEST,339.19,INR,SUCCESS,PayFlow,RF_00004953,CUST_007382
REF_004954,ORD_145665,PAY_119650,2026-08-16T23:36:36,FULL,CUSTOMER_REQUEST,2424.90,INR,SUCCESS,PayFlow,RF_00004954,CUST_003588
REF_004955,ORD_145701,PAY_119678,2026-08-30T05:01:55,FULL,CUSTOMER_REQUEST,802.34,INR,SUCCESS,PayFlow,RF_00004955,CUST_003442
REF_004956,ORD_145719,PAY_119694,2026-08-25T00:52:15,FULL,CUSTOMER_REQUEST,555.78,INR,SUCCESS,PayFlow,RF_00004956,CUST_006142
REF_004957,ORD_145776,,2026-09-02T14:44:59,FULL,RETURNED_ORDER,2643.74,INR,SUCCESS,,,CUST_005731
REF_004958,ORD_145778,PAY_119743,2026-08-09T17:13:51,FULL,CUSTOMER_REQUEST,546.34,INR,SUCCESS,PayFlow,RF_00004958,CUST_004311
REF_004959,ORD_145790,PAY_119753,2026-08-30T10:30:00,FULL,CUSTOMER_REQUEST,766.78,INR,SUCCESS,PayFlow,RF_00004959,CUST_002857
REF_004960,ORD_145854,PAY_119801,2026-08-05T11:42:40,FULL,RETURNED_ORDER,2389.50,INR,SUCCESS,PayFlow,RF_00004960,CUST_007953
REF_004961,ORD_145857,PAY_119804,2026-08-23T01:52:49,FULL,CUSTOMER_REQUEST,826.00,INR,SUCCESS,PayFlow,RF_00004961,CUST_003224
REF_004962,ORD_145980,PAY_119909,2026-08-24T01:00:27,FULL,CUSTOMER_REQUEST,2639.66,INR,SUCCESS,PayFlow,RF_00004962,CUST_007036
REF_004963,ORD_146015,PAY_119936,2026-08-13T17:05:15,FULL,RETURNED_ORDER,446.04,INR,SUCCESS,PayFlow,RF_00004963,CUST_000893
REF_004964,ORD_146029,PAY_119948,2026-08-18T14:01:20,FULL,RETURNED_ORDER,2190.21,INR,SUCCESS,PayFlow,RF_00004964,CUST_003167
REF_004965,ORD_146041,PAY_119957,2026-08-17T21:23:25,FULL,RETURNED_ORDER,776.38,INR,SUCCESS,PayFlow,RF_00004965,CUST_004045
REF_004966,ORD_146053,PAY_119967,2026-08-25T11:44:56,FULL,RETURNED_ORDER,383.50,INR,SUCCESS,PayFlow,RF_00004966,CUST_002704
REF_004967,ORD_146091,PAY_119993,2026-09-09T00:24:42,FULL,RETURNED_ORDER,690.30,INR,SUCCESS,PayFlow,RF_00004967,CUST_007090
REF_004968,ORD_146118,PAY_120013,2026-08-13T16:49:37,FULL,RETURNED_ORDER,1185.90,INR,SUCCESS,PayFlow,RF_00004968,CUST_003902
REF_004969,ORD_146121,PAY_120016,2026-08-21T07:24:00,FULL,RETURNED_ORDER,664.34,INR,SUCCESS,PayFlow,RF_00004969,CUST_008018
REF_004970,ORD_146136,PAY_120030,2026-08-20T02:46:46,FULL,CUSTOMER_REQUEST,383.50,INR,SUCCESS,PayFlow,RF_00004970,CUST_005679
REF_004971,ORD_146295,PAY_120158,2026-08-17T03:02:49,FULL,RETURNED_ORDER,1440.49,INR,SUCCESS,PayFlow,RF_00004971,CUST_007889
REF_004972,ORD_146340,PAY_120195,2026-09-07T19:09:35,FULL,RETURNED_ORDER,700.74,INR,SUCCESS,PayFlow,RF_00004972,CUST_002546
REF_004973,ORD_146348,PAY_120200,2026-08-18T23:44:43,FULL,CUSTOMER_REQUEST,284.20,INR,SUCCESS,PayFlow,RF_00004973,CUST_005922
REF_004974,ORD_146351,PAY_120203,2026-08-26T00:01:07,FULL,CUSTOMER_REQUEST,1529.99,INR,SUCCESS,PayFlow,RF_00004974,CUST_006417
REF_004975,ORD_146387,PAY_120228,2026-08-30T21:01:08,FULL,CUSTOMER_REQUEST,708.00,INR,SUCCESS,PayFlow,RF_00004975,CUST_003859
REF_004976,ORD_146409,PAY_120248,2026-09-07T10:37:14,FULL,RETURNED_ORDER,640.74,INR,SUCCESS,PayFlow,RF_00004976,CUST_001412
REF_004977,ORD_146460,PAY_120289,2026-08-08T17:04:52,FULL,CUSTOMER_REQUEST,1388.92,INR,SUCCESS,PayFlow,RF_00004977,CUST_008217
REF_004978,ORD_146469,PAY_120296,2026-08-08T13:34:12,FULL,CUSTOMER_REQUEST,552.24,INR,SUCCESS,PayFlow,RF_00004978,CUST_008396
REF_004979,ORD_146476,,2026-08-30T03:14:17,FULL,RETURNED_ORDER,1373.52,INR,SUCCESS,,,CUST_008189
REF_004980,ORD_146509,PAY_120329,2026-08-27T00:06:21,FULL,CUSTOMER_REQUEST,2091.08,INR,SUCCESS,PayFlow,RF_00004980,CUST_005000
REF_004981,ORD_146542,PAY_120357,2026-09-01T04:56:37,FULL,RETURNED_ORDER,1799.50,INR,SUCCESS,PayFlow,RF_00004981,CUST_005396
REF_004982,ORD_146551,PAY_120365,2026-08-09T13:45:16,FULL,RETURNED_ORDER,594.72,INR,SUCCESS,PayFlow,RF_00004982,CUST_002852
REF_004983,ORD_146561,PAY_120375,2026-08-21T16:41:26,FULL,RETURNED_ORDER,379.61,INR,SUCCESS,PayFlow,RF_00004983,CUST_001161
REF_004984,ORD_146607,PAY_120413,2026-08-13T22:55:47,FULL,CUSTOMER_REQUEST,4223.04,INR,SUCCESS,PayFlow,RF_00004984,CUST_001197
REF_004985,ORD_146631,PAY_120435,2026-08-28T22:20:52,PARTIAL,CUSTOMER_REQUEST,217.88,INR,SUCCESS,PayFlow,RF_00004985,CUST_004191
REF_004986,ORD_146662,PAY_120463,2026-08-20T22:51:27,FULL,CUSTOMER_REQUEST,603.34,INR,SUCCESS,PayFlow,RF_00004986,CUST_000394
REF_004987,ORD_146680,PAY_120477,2026-08-27T14:49:06,FULL,RETURNED_ORDER,1340.48,INR,SUCCESS,PayFlow,RF_00004987,CUST_007284
REF_004988,ORD_146693,PAY_120487,2026-08-29T22:55:22,FULL,CUSTOMER_REQUEST,638.38,INR,SUCCESS,PayFlow,RF_00004988,CUST_002694
REF_004989,ORD_146708,PAY_120500,2026-09-01T23:41:57,FULL,CUSTOMER_REQUEST,755.37,INR,SUCCESS,PayFlow,RF_00004989,CUST_001481
REF_004990,ORD_146716,PAY_120508,2026-08-18T03:19:40,FULL,RETURNED_ORDER,271.28,INR,SUCCESS,PayFlow,RF_00004990,CUST_005787
REF_004991,ORD_146769,PAY_120549,2026-08-12T02:21:57,PARTIAL,CUSTOMER_REQUEST,449.98,INR,SUCCESS,PayFlow,RF_00004991,CUST_000505
REF_004992,ORD_146774,PAY_120554,2026-08-09T01:50:39,FULL,CUSTOMER_REQUEST,486.87,INR,SUCCESS,PayFlow,RF_00004992,CUST_001614
REF_004993,ORD_146775,PAY_120555,2026-09-06T09:05:28,FULL,RETURNED_ORDER,985.18,INR,SUCCESS,PayFlow,RF_00004993,CUST_006893
REF_004994,ORD_146858,,2026-09-07T17:16:54,FULL,RETURNED_ORDER,1081.50,INR,SUCCESS,,,CUST_004729
REF_004995,ORD_146879,PAY_120644,2026-08-22T14:19:22,FULL,RETURNED_ORDER,295.00,INR,SUCCESS,PayFlow,RF_00004995,CUST_004764
REF_004996,ORD_146974,,2026-09-03T13:33:35,FULL,RETURNED_ORDER,673.31,INR,SUCCESS,,,CUST_000197
REF_004997,ORD_146987,PAY_120734,2026-08-13T03:57:54,FULL,CUSTOMER_REQUEST,791.78,INR,SUCCESS,PayFlow,RF_00004997,CUST_005178
REF_004998,ORD_146996,PAY_120741,2026-08-09T17:49:20,FULL,CUSTOMER_REQUEST,738.98,INR,SUCCESS,PayFlow,RF_00004998,CUST_004839
REF_004999,ORD_147004,PAY_120748,2026-08-25T19:27:59,FULL,CUSTOMER_REQUEST,383.50,INR,SUCCESS,PayFlow,RF_00004999,CUST_008472
REF_005000,ORD_147137,PAY_120864,2026-08-13T15:56:29,FULL,CUSTOMER_REQUEST,616.43,INR,SUCCESS,PayFlow,RF_00005000,CUST_003789
REF_005001,ORD_147168,PAY_120888,2026-08-28T01:09:37,FULL,RETURNED_ORDER,745.76,INR,SUCCESS,PayFlow,RF_00005001,CUST_004141
REF_005002,ORD_147188,PAY_120906,2026-08-08T08:44:11,FULL,RETURNED_ORDER,655.73,INR,SUCCESS,PayFlow,RF_00005002,CUST_004169
REF_005003,ORD_147212,PAY_120926,2026-09-01T02:24:51,FULL,CUSTOMER_REQUEST,414.18,INR,SUCCESS,PayFlow,RF_00005003,CUST_004334
REF_005004,ORD_147253,PAY_120960,2026-08-27T22:41:03,FULL,CUSTOMER_REQUEST,356.01,INR,SUCCESS,PayFlow,RF_00005004,CUST_000370
REF_005005,ORD_147307,PAY_121003,2026-08-31T20:43:00,FULL,RETURNED_ORDER,719.80,INR,SUCCESS,PayFlow,RF_00005005,CUST_004369
REF_005006,ORD_147319,PAY_121012,2026-09-07T16:53:38,FULL,RETURNED_ORDER,295.00,INR,SUCCESS,PayFlow,RF_00005006,CUST_001829
REF_005007,ORD_147357,,2026-09-07T01:36:09,FULL,RETURNED_ORDER,951.06,INR,SUCCESS,,,CUST_003281
REF_005008,ORD_147367,PAY_121053,2026-09-09T14:24:34,FULL,RETURNED_ORDER,1187.79,INR,SUCCESS,PayFlow,RF_00005008,CUST_000557
REF_005009,ORD_147414,,2026-08-30T09:31:25,FULL,RETURNED_ORDER,671.07,INR,SUCCESS,,,CUST_003868
REF_005010,ORD_147454,,2026-09-03T11:01:01,FULL,RETURNED_ORDER,812.31,INR,SUCCESS,,,CUST_003879
REF_005011,ORD_147473,PAY_121136,2026-09-01T14:50:14,FULL,RETURNED_ORDER,4347.12,INR,SUCCESS,PayFlow,RF_00005011,CUST_005816
REF_005012,ORD_147521,PAY_121177,2026-08-13T13:22:57,FULL,RETURNED_ORDER,352.11,INR,SUCCESS,PayFlow,RF_00005012,CUST_003558
REF_005013,ORD_147562,PAY_121212,2026-08-08T10:15:52,FULL,RETURNED_ORDER,396.48,INR,SUCCESS,PayFlow,RF_00005013,CUST_003121
REF_005014,ORD_147665,PAY_121296,2026-08-10T04:00:08,FULL,RETURNED_ORDER,579.74,INR,SUCCESS,PayFlow,RF_00005014,CUST_005164
REF_005015,ORD_147677,,2026-08-25T02:22:14,FULL,RETURNED_ORDER,1046.66,INR,SUCCESS,,,CUST_007947
REF_005016,ORD_147706,PAY_121324,2026-08-09T02:32:49,FULL,CUSTOMER_REQUEST,3081.12,INR,SUCCESS,PayFlow,RF_00005016,CUST_000441
REF_005017,ORD_147741,PAY_121356,2026-08-25T17:17:22,FULL,RETURNED_ORDER,1840.80,INR,SUCCESS,PayFlow,RF_00005017,CUST_001593
REF_005018,ORD_147825,PAY_121418,2026-08-23T18:45:10,FULL,RETURNED_ORDER,1347.56,INR,SUCCESS,PayFlow,RF_00005018,CUST_004344
REF_005019,ORD_147853,PAY_121439,2026-08-14T12:32:47,FULL,RETURNED_ORDER,2106.30,INR,SUCCESS,PayFlow,RF_00005019,CUST_003305
REF_005020,ORD_147862,PAY_121446,2026-09-05T17:28:46,FULL,CUSTOMER_REQUEST,336.18,INR,SUCCESS,PayFlow,RF_00005020,CUST_005486
REF_005021,ORD_147867,PAY_121450,2026-08-07T02:05:48,FULL,CUSTOMER_REQUEST,1820.62,INR,SUCCESS,PayFlow,RF_00005021,CUST_005444
REF_005022,ORD_147885,,2026-08-22T08:03:20,FULL,RETURNED_ORDER,1107.31,INR,SUCCESS,,,CUST_008207
REF_005023,ORD_147893,PAY_121471,2026-08-17T21:02:10,FULL,CUSTOMER_REQUEST,283.14,INR,SUCCESS,PayFlow,RF_00005023,CUST_007403
REF_005024,ORD_147924,,2026-09-13T04:59:46,FULL,RETURNED_ORDER,350.99,INR,SUCCESS,,,CUST_005268
REF_005025,ORD_147930,PAY_121498,2026-09-02T11:07:23,FULL,RETURNED_ORDER,701.90,INR,SUCCESS,PayFlow,RF_00005025,CUST_002542
REF_005026,ORD_147937,PAY_121504,2026-09-01T09:43:36,FULL,RETURNED_ORDER,321.37,INR,SUCCESS,PayFlow,RF_00005026,CUST_001239
REF_005027,ORD_147957,PAY_121517,2026-08-25T22:47:25,PARTIAL,CUSTOMER_REQUEST,1475.72,INR,SUCCESS,PayFlow,RF_00005027,CUST_007237
REF_005028,ORD_147988,PAY_121545,2026-08-26T06:39:37,FULL,RETURNED_ORDER,1118.29,INR,SUCCESS,PayFlow,RF_00005028,CUST_003763
REF_005029,ORD_147994,PAY_121551,2026-09-06T19:46:48,FULL,RETURNED_ORDER,636.53,INR,SUCCESS,PayFlow,RF_00005029,CUST_008297
REF_005030,ORD_148022,PAY_121578,2026-08-25T23:30:45,FULL,CUSTOMER_REQUEST,383.50,INR,SUCCESS,PayFlow,RF_00005030,CUST_000507
REF_005031,ORD_148041,PAY_121594,2026-09-03T05:12:00,FULL,RETURNED_ORDER,306.80,INR,SUCCESS,PayFlow,RF_00005031,CUST_005749
REF_005032,ORD_148043,PAY_121596,2026-08-13T07:02:34,FULL,RETURNED_ORDER,626.58,INR,SUCCESS,PayFlow,RF_00005032,CUST_000689
REF_005033,ORD_148054,PAY_121603,2026-08-30T07:44:41,FULL,RETURNED_ORDER,295.00,INR,SUCCESS,PayFlow,RF_00005033,CUST_004419
REF_005034,ORD_148070,PAY_121616,2026-08-29T23:42:07,FULL,RETURNED_ORDER,2677.42,INR,SUCCESS,PayFlow,RF_00005034,CUST_000823
REF_005035,ORD_148073,PAY_121619,2026-08-29T18:29:47,FULL,RETURNED_ORDER,517.01,INR,SUCCESS,PayFlow,RF_00005035,CUST_004249
REF_005036,ORD_148092,PAY_121632,2026-08-15T11:24:53,FULL,RETURNED_ORDER,927.78,INR,SUCCESS,PayFlow,RF_00005036,CUST_002356
REF_005037,ORD_148114,PAY_121650,2026-08-17T15:13:09,FULL,RETURNED_ORDER,532.18,INR,SUCCESS,PayFlow,RF_00005037,CUST_003082
REF_005038,ORD_148138,PAY_121671,2026-08-10T00:17:32,FULL,RETURNED_ORDER,306.80,INR,SUCCESS,PayFlow,RF_00005038,CUST_002741
REF_005039,ORD_148165,,2026-08-27T11:10:22,FULL,RETURNED_ORDER,395.30,INR,SUCCESS,,,CUST_001013
REF_005040,ORD_148225,,2026-08-23T15:24:06,FULL,RETURNED_ORDER,657.41,INR,SUCCESS,,,CUST_003209
REF_005041,ORD_148246,PAY_121753,2026-08-30T15:03:21,FULL,RETURNED_ORDER,1399.08,INR,SUCCESS,PayFlow,RF_00005041,CUST_003912
REF_005042,ORD_148278,PAY_121782,2026-08-11T20:40:36,FULL,RETURNED_ORDER,546.34,INR,SUCCESS,PayFlow,RF_00005042,CUST_004211
REF_005043,ORD_148384,PAY_121871,2026-08-24T15:31:05,PARTIAL,CUSTOMER_REQUEST,271.40,INR,SUCCESS,PayFlow,RF_00005043,CUST_005056
REF_005044,ORD_148386,PAY_121872,2026-09-04T20:25:15,PARTIAL,CUSTOMER_REQUEST,139.35,INR,SUCCESS,PayFlow,RF_00005044,CUST_005165
REF_005045,ORD_148404,PAY_121887,2026-08-05T19:34:10,FULL,CUSTOMER_REQUEST,2600.64,INR,SUCCESS,PayFlow,RF_00005045,CUST_008255
REF_005046,ORD_148417,PAY_121900,2026-08-13T13:14:18,FULL,RETURNED_ORDER,1076.40,INR,SUCCESS,PayFlow,RF_00005046,CUST_007647
REF_005047,ORD_148420,PAY_121903,2026-08-30T22:04:20,FULL,RETURNED_ORDER,397.54,INR,SUCCESS,PayFlow,RF_00005047,CUST_006851
REF_005048,ORD_148421,PAY_121904,2026-08-18T23:50:27,FULL,RETURNED_ORDER,528.64,INR,SUCCESS,PayFlow,RF_00005048,CUST_000811
REF_005049,ORD_148447,PAY_121926,2026-08-20T15:23:27,FULL,RETURNED_ORDER,1440.78,INR,SUCCESS,PayFlow,RF_00005049,CUST_008415
REF_005050,ORD_148456,PAY_121933,2026-08-13T06:05:12,FULL,RETURNED_ORDER,4471.04,INR,SUCCESS,PayFlow,RF_00005050,CUST_007084
REF_005051,ORD_148495,PAY_121965,2026-08-18T01:01:10,FULL,CUSTOMER_REQUEST,586.83,INR,SUCCESS,PayFlow,RF_00005051,CUST_001831
REF_005052,ORD_148521,PAY_121984,2026-08-23T21:50:56,FULL,CUSTOMER_REQUEST,1459.87,INR,SUCCESS,PayFlow,RF_00005052,CUST_001011
REF_005053,ORD_148552,PAY_122011,2026-08-17T17:22:08,FULL,RETURNED_ORDER,765.82,INR,SUCCESS,PayFlow,RF_00005053,CUST_004065
REF_005054,ORD_148559,PAY_122018,2026-08-29T19:48:56,PARTIAL,CUSTOMER_REQUEST,469.09,INR,SUCCESS,PayFlow,RF_00005054,CUST_003841
REF_005055,ORD_148606,PAY_122060,2026-08-18T23:37:26,FULL,RETURNED_ORDER,379.61,INR,SUCCESS,PayFlow,RF_00005055,CUST_001784
REF_005056,ORD_148621,PAY_122075,2026-08-13T04:45:10,PARTIAL,CUSTOMER_REQUEST,268.12,INR,SUCCESS,PayFlow,RF_00005056,CUST_007937
REF_005057,ORD_148641,,2026-08-13T08:59:44,FULL,RETURNED_ORDER,759.63,INR,SUCCESS,,,CUST_003951
REF_005058,ORD_148660,PAY_122110,2026-08-24T22:11:22,FULL,CUSTOMER_REQUEST,732.66,INR,SUCCESS,PayFlow,RF_00005058,CUST_007774
REF_005059,ORD_148686,PAY_122132,2026-09-01T03:06:34,FULL,CUSTOMER_REQUEST,930.51,INR,SUCCESS,PayFlow,RF_00005059,CUST_000941
REF_005060,ORD_148708,PAY_122149,2026-08-21T07:45:09,FULL,RETURNED_ORDER,1893.37,INR,SUCCESS,PayFlow,RF_00005060,CUST_001911
REF_005061,ORD_148817,PAY_122237,2026-08-15T05:18:43,FULL,CUSTOMER_REQUEST,377.60,INR,SUCCESS,PayFlow,RF_00005061,CUST_005413
REF_005062,ORD_148887,PAY_122295,2026-08-23T12:19:59,FULL,RETURNED_ORDER,620.92,INR,SUCCESS,PayFlow,RF_00005062,CUST_001924
REF_005063,ORD_148918,PAY_122321,2026-08-15T03:49:04,FULL,CUSTOMER_REQUEST,5446.80,INR,SUCCESS,PayFlow,RF_00005063,CUST_005055
REF_005064,ORD_148932,PAY_122333,2026-08-09T03:07:09,FULL,CUSTOMER_REQUEST,2375.52,INR,SUCCESS,PayFlow,RF_00005064,CUST_003680
REF_005065,ORD_148943,PAY_122341,2026-09-12T23:56:27,FULL,RETURNED_ORDER,672.13,INR,SUCCESS,PayFlow,RF_00005065,CUST_005366
REF_005066,ORD_148961,PAY_122357,2026-08-13T03:00:37,FULL,CUSTOMER_REQUEST,596.02,INR,SUCCESS,PayFlow,RF_00005066,CUST_006624
REF_005067,ORD_148969,PAY_122363,2026-08-26T02:44:57,FULL,CUSTOMER_REQUEST,972.32,INR,SUCCESS,PayFlow,RF_00005067,CUST_000330
REF_005068,ORD_148993,PAY_122384,2026-08-20T20:00:19,FULL,CUSTOMER_REQUEST,1894.49,INR,SUCCESS,PayFlow,RF_00005068,CUST_002762
REF_005069,ORD_149033,PAY_122416,2026-08-10T00:19:51,PARTIAL,CUSTOMER_REQUEST,268.51,INR,SUCCESS,PayFlow,RF_00005069,CUST_000819
REF_005070,ORD_149040,PAY_122421,2026-08-14T11:55:53,FULL,RETURNED_ORDER,365.80,INR,SUCCESS,PayFlow,RF_00005070,CUST_002359
REF_005071,ORD_149066,PAY_122443,2026-08-27T01:14:54,FULL,RETURNED_ORDER,720.86,INR,SUCCESS,PayFlow,RF_00005071,CUST_007582
REF_005072,ORD_149124,,2026-08-30T00:23:20,FULL,RETURNED_ORDER,271.22,INR,SUCCESS,,,CUST_003315
REF_005073,ORD_149133,PAY_122494,2026-08-20T19:33:53,FULL,CUSTOMER_REQUEST,582.92,INR,SUCCESS,PayFlow,RF_00005073,CUST_005936
REF_005074,ORD_149169,PAY_122521,2026-08-08T16:01:09,FULL,CUSTOMER_REQUEST,383.50,INR,SUCCESS,PayFlow,RF_00005074,CUST_002919
REF_005075,ORD_149183,PAY_122532,2026-08-12T12:50:05,FULL,RETURNED_ORDER,390.58,INR,SUCCESS,PayFlow,RF_00005075,CUST_008148
REF_005076,ORD_149212,PAY_122557,2026-09-05T20:59:46,PARTIAL,CUSTOMER_REQUEST,1271.81,INR,SUCCESS,PayFlow,RF_00005076,CUST_002645
REF_005077,ORD_149234,PAY_122576,2026-09-02T21:12:25,PARTIAL,CUSTOMER_REQUEST,234.49,INR,SUCCESS,PayFlow,RF_00005077,CUST_003999
REF_005078,ORD_149255,PAY_122594,2026-08-09T23:09:17,FULL,CUSTOMER_REQUEST,745.76,INR,SUCCESS,PayFlow,RF_00005078,CUST_006243
REF_005079,ORD_149281,PAY_122617,2026-08-17T08:58:13,FULL,RETURNED_ORDER,294.94,INR,SUCCESS,PayFlow,RF_00005079,CUST_001828
REF_005080,ORD_149318,,2026-08-23T04:39:29,FULL,RETURNED_ORDER,669.06,INR,SUCCESS,,,CUST_004361
REF_005081,ORD_149323,PAY_122655,2026-09-05T01:01:56,FULL,CUSTOMER_REQUEST,6396.43,INR,SUCCESS,PayFlow,RF_00005081,CUST_001030
REF_005082,ORD_149364,PAY_122690,2026-08-21T10:00:16,FULL,RETURNED_ORDER,607.82,INR,SUCCESS,PayFlow,RF_00005082,CUST_000988
REF_005083,ORD_149368,PAY_122694,2026-09-02T20:44:54,FULL,CUSTOMER_REQUEST,985.45,INR,SUCCESS,PayFlow,RF_00005083,CUST_000759
REF_005084,ORD_149383,PAY_122708,2026-08-21T02:08:26,FULL,RETURNED_ORDER,754.02,INR,SUCCESS,PayFlow,RF_00005084,CUST_003861
REF_005085,ORD_149393,PAY_122718,2026-08-27T12:21:44,FULL,RETURNED_ORDER,1219.77,INR,SUCCESS,PayFlow,RF_00005085,CUST_002966
REF_005086,ORD_149404,PAY_122726,2026-08-27T23:15:41,PARTIAL,CUSTOMER_REQUEST,1592.96,INR,SUCCESS,PayFlow,RF_00005086,CUST_008036
REF_005087,ORD_149407,,2026-08-18T17:45:35,FULL,RETURNED_ORDER,664.34,INR,SUCCESS,,,CUST_008292
REF_005088,ORD_149435,PAY_122753,2026-08-12T05:30:36,FULL,RETURNED_ORDER,762.28,INR,SUCCESS,PayFlow,RF_00005088,CUST_005683
REF_005089,ORD_149448,PAY_122764,2026-08-24T11:21:45,FULL,RETURNED_ORDER,948.72,INR,SUCCESS,PayFlow,RF_00005089,CUST_001348
REF_005090,ORD_149453,PAY_122769,2026-09-02T13:46:47,FULL,RETURNED_ORDER,776.86,INR,SUCCESS,PayFlow,RF_00005090,CUST_007475
REF_005091,ORD_149462,PAY_122777,2026-08-11T06:42:36,FULL,RETURNED_ORDER,703.63,INR,SUCCESS,PayFlow,RF_00005091,CUST_003530
REF_005092,ORD_149481,,2026-08-12T04:04:15,FULL,RETURNED_ORDER,2173.62,INR,SUCCESS,,,CUST_007813
REF_005093,ORD_149562,PAY_122858,2026-08-24T05:20:10,PARTIAL,CUSTOMER_REQUEST,56.14,INR,SUCCESS,PayFlow,RF_00005093,CUST_003272
REF_005094,ORD_149586,PAY_122880,2026-08-19T21:26:32,FULL,CUSTOMER_REQUEST,1209.50,INR,SUCCESS,PayFlow,RF_00005094,CUST_004952
REF_005095,ORD_149594,,2026-08-25T00:17:27,FULL,RETURNED_ORDER,1448.33,INR,SUCCESS,,,CUST_001860
REF_005096,ORD_149617,PAY_122904,2026-08-26T05:04:38,FULL,RETURNED_ORDER,2626.50,INR,SUCCESS,PayFlow,RF_00005096,CUST_002678
REF_005097,ORD_149654,PAY_122935,2026-09-01T12:34:12,FULL,CUSTOMER_REQUEST,1340.48,INR,SUCCESS,PayFlow,RF_00005097,CUST_004054
REF_005098,ORD_149695,PAY_122971,2026-08-16T01:58:21,FULL,CUSTOMER_REQUEST,700.15,INR,SUCCESS,PayFlow,RF_00005098,CUST_000328
REF_005099,ORD_149732,PAY_123003,2026-08-16T14:44:33,FULL,RETURNED_ORDER,1757.73,INR,SUCCESS,PayFlow,RF_00005099,CUST_003183
REF_005100,ORD_149807,PAY_123066,2026-08-30T04:53:55,FULL,RETURNED_ORDER,350.99,INR,SUCCESS,PayFlow,RF_00005100,CUST_001994
REF_005101,ORD_149824,PAY_123081,2026-08-27T19:18:45,FULL,CUSTOMER_REQUEST,306.74,INR,SUCCESS,PayFlow,RF_00005101,CUST_003493
REF_005102,ORD_149854,PAY_123105,2026-08-19T15:16:38,FULL,RETURNED_ORDER,690.10,INR,SUCCESS,PayFlow,RF_00005102,CUST_007532
REF_005103,ORD_149875,PAY_123121,2026-08-14T06:18:50,FULL,RETURNED_ORDER,295.00,INR,SUCCESS,PayFlow,RF_00005103,CUST_003715
REF_005104,ORD_149893,PAY_123137,2026-09-06T03:36:42,FULL,RETURNED_ORDER,546.34,INR,SUCCESS,PayFlow,RF_00005104,CUST_002051
REF_005105,ORD_149932,PAY_123166,2026-08-19T02:20:45,FULL,RETURNED_ORDER,271.28,INR,SUCCESS,PayFlow,RF_00005105,CUST_002000
REF_005106,ORD_149980,PAY_123212,2026-08-15T20:20:07,FULL,RETURNED_ORDER,295.00,INR,SUCCESS,PayFlow,RF_00005106,CUST_007694
REF_005107,ORD_149991,,2026-09-09T05:35:46,FULL,RETURNED_ORDER,4228.41,INR,SUCCESS,,,CUST_000422
REF_005108,ORD_150000,PAY_123227,2026-08-08T23:15:24,FULL,CUSTOMER_REQUEST,859.04,INR,SUCCESS,PayFlow,RF_00005108,CUST_002987
REF_005109,ORD_150009,PAY_123234,2026-08-26T04:08:02,FULL,RETURNED_ORDER,555.78,INR,SUCCESS,PayFlow,RF_00005109,CUST_002451
REF_005110,ORD_150089,PAY_123294,2026-08-21T13:13:58,FULL,RETURNED_ORDER,871.43,INR,SUCCESS,PayFlow,RF_00005110,CUST_008110
REF_005111,ORD_150096,PAY_123299,2026-08-25T21:20:23,FULL,CUSTOMER_REQUEST,1508.05,INR,SUCCESS,PayFlow,RF_00005111,CUST_006610
REF_005112,ORD_150099,PAY_123301,2026-08-31T05:08:05,FULL,CUSTOMER_REQUEST,2165.42,INR,SUCCESS,PayFlow,RF_00005112,CUST_003792
REF_005113,ORD_150125,PAY_123322,2026-09-06T07:24:16,FULL,RETURNED_ORDER,1437.24,INR,SUCCESS,PayFlow,RF_00005113,CUST_001363
REF_005114,ORD_150145,,2026-08-17T08:52:52,FULL,RETURNED_ORDER,788.18,INR,SUCCESS,,,CUST_001866
REF_005115,ORD_150177,PAY_123361,2026-08-23T15:24:45,FULL,RETURNED_ORDER,2399.04,INR,SUCCESS,PayFlow,RF_00005115,CUST_006109
REF_005116,ORD_150183,PAY_123366,2026-08-16T01:12:59,FULL,RETURNED_ORDER,306.80,INR,SUCCESS,PayFlow,RF_00005116,CUST_000503
REF_005117,ORD_150184,PAY_123367,2026-08-16T00:20:18,FULL,CUSTOMER_REQUEST,2507.68,INR,SUCCESS,PayFlow,RF_00005117,CUST_001778
REF_005118,ORD_150194,,2026-09-01T10:48:29,FULL,RETURNED_ORDER,1157.58,INR,SUCCESS,,,CUST_000963
REF_005119,ORD_150210,PAY_123386,2026-08-23T18:32:48,FULL,RETURNED_ORDER,2967.29,INR,SUCCESS,PayFlow,RF_00005119,CUST_006401
REF_005120,ORD_150284,PAY_123447,2026-09-03T20:13:20,PARTIAL,CUSTOMER_REQUEST,164.80,INR,SUCCESS,PayFlow,RF_00005120,CUST_005224
REF_005121,ORD_150285,PAY_123448,2026-09-01T09:54:01,FULL,RETURNED_ORDER,1709.53,INR,SUCCESS,PayFlow,RF_00005121,CUST_005079
REF_005122,ORD_150293,PAY_123455,2026-08-23T00:26:12,FULL,CUSTOMER_REQUEST,294.94,INR,SUCCESS,PayFlow,RF_00005122,CUST_003806
REF_005123,ORD_150338,,2026-08-15T14:36:28,FULL,RETURNED_ORDER,542.21,INR,SUCCESS,,,CUST_000893
REF_005124,ORD_150339,,2026-08-18T05:39:27,FULL,RETURNED_ORDER,893.80,INR,SUCCESS,,,CUST_004977
REF_005125,ORD_150408,PAY_123546,2026-09-09T11:23:14,FULL,RETURNED_ORDER,356.01,INR,SUCCESS,PayFlow,RF_00005125,CUST_005704
REF_005126,ORD_150411,PAY_123549,2026-08-13T23:57:00,PARTIAL,CUSTOMER_REQUEST,136.68,INR,SUCCESS,PayFlow,RF_00005126,CUST_003554
REF_005127,ORD_150474,PAY_123599,2026-08-31T19:12:53,FULL,RETURNED_ORDER,1967.06,INR,SUCCESS,PayFlow,RF_00005127,CUST_004475
REF_005128,ORD_150507,PAY_123624,2026-09-04T02:19:18,FULL,RETURNED_ORDER,294.88,INR,SUCCESS,PayFlow,RF_00005128,CUST_004935
REF_005129,ORD_150523,PAY_123638,2026-08-12T02:32:19,FULL,CUSTOMER_REQUEST,611.59,INR,SUCCESS,PayFlow,RF_00005129,CUST_007819
REF_005130,ORD_150571,PAY_123677,2026-08-11T12:50:07,FULL,RETURNED_ORDER,272.40,INR,SUCCESS,PayFlow,RF_00005130,CUST_002494
REF_005131,ORD_150598,PAY_123701,2026-09-09T10:04:21,FULL,RETURNED_ORDER,373.94,INR,SUCCESS,PayFlow,RF_00005131,CUST_003108
REF_005132,ORD_150607,PAY_123708,2026-08-08T03:41:30,FULL,CUSTOMER_REQUEST,369.10,INR,SUCCESS,PayFlow,RF_00005132,CUST_000040
REF_005133,ORD_150612,,2026-08-22T23:40:15,FULL,RETURNED_ORDER,3595.05,INR,SUCCESS,,,CUST_000912
REF_005134,ORD_150615,PAY_123714,2026-09-07T08:43:21,FULL,RETURNED_ORDER,283.08,INR,SUCCESS,PayFlow,RF_00005134,CUST_000812
REF_005135,ORD_150617,PAY_123716,2026-08-14T02:23:17,FULL,CUSTOMER_REQUEST,1215.40,INR,SUCCESS,PayFlow,RF_00005135,CUST_005011
REF_005136,ORD_150621,PAY_123720,2026-08-19T01:34:12,FULL,CUSTOMER_REQUEST,2144.65,INR,SUCCESS,PayFlow,RF_00005136,CUST_000710
REF_005137,ORD_150650,PAY_123744,2026-08-30T23:57:49,FULL,RETURNED_ORDER,1415.32,INR,SUCCESS,PayFlow,RF_00005137,CUST_002632
REF_005138,ORD_150665,PAY_123756,2026-08-25T15:02:08,FULL,RETURNED_ORDER,283.08,INR,SUCCESS,PayFlow,RF_00005138,CUST_004877
REF_005139,ORD_150765,PAY_123836,2026-08-08T23:32:34,FULL,CUSTOMER_REQUEST,379.61,INR,SUCCESS,PayFlow,RF_00005139,CUST_004557
REF_005140,ORD_150817,PAY_123879,2026-08-23T00:36:45,FULL,RETURNED_ORDER,743.87,INR,SUCCESS,PayFlow,RF_00005140,CUST_002162
REF_005141,ORD_150849,PAY_123902,2026-08-07T01:36:06,FULL,CUSTOMER_REQUEST,5383.16,INR,SUCCESS,PayFlow,RF_00005141,CUST_000688
REF_005142,ORD_150875,,2026-09-06T20:38:00,FULL,RETURNED_ORDER,1239.83,INR,SUCCESS,,,CUST_000623
REF_005143,ORD_150902,PAY_123947,2026-08-30T02:13:35,FULL,RETURNED_ORDER,373.94,INR,SUCCESS,PayFlow,RF_00005143,CUST_006772
REF_005144,ORD_150908,PAY_123951,2026-08-17T18:01:41,FULL,RETURNED_ORDER,704.46,INR,SUCCESS,PayFlow,RF_00005144,CUST_000685
REF_005145,ORD_150927,PAY_123967,2026-08-09T22:48:42,FULL,CUSTOMER_REQUEST,318.60,INR,SUCCESS,PayFlow,RF_00005145,CUST_001898
REF_005146,ORD_150935,PAY_123972,2026-08-21T00:39:08,PARTIAL,CUSTOMER_REQUEST,108.32,INR,SUCCESS,PayFlow,RF_00005146,CUST_001049
REF_005147,ORD_150950,PAY_123987,2026-08-28T23:22:01,FULL,RETURNED_ORDER,614.78,INR,SUCCESS,PayFlow,RF_00005147,CUST_001987
REF_005148,ORD_150963,PAY_123998,2026-08-13T23:17:27,PARTIAL,CUSTOMER_REQUEST,168.27,INR,SUCCESS,PayFlow,RF_00005148,CUST_007038
REF_005149,ORD_150976,PAY_124008,2026-08-27T16:23:10,FULL,RETURNED_ORDER,558.14,INR,SUCCESS,PayFlow,RF_00005149,CUST_005342
REF_005150,ORD_150985,,2026-08-19T03:18:00,FULL,RETURNED_ORDER,2317.52,INR,SUCCESS,,,CUST_000115
REF_005151,ORD_151031,PAY_124053,2026-09-09T01:31:52,FULL,RETURNED_ORDER,1980.89,INR,SUCCESS,PayFlow,RF_00005151,CUST_003307
REF_005152,ORD_151035,PAY_124055,2026-08-28T10:28:41,FULL,RETURNED_ORDER,477.22,INR,SUCCESS,PayFlow,RF_00005152,CUST_003950
REF_005153,ORD_151045,PAY_124063,2026-08-30T00:36:55,FULL,CUSTOMER_REQUEST,529.82,INR,SUCCESS,PayFlow,RF_00005153,CUST_000713
REF_005154,ORD_151069,PAY_124081,2026-08-07T03:55:20,FULL,CUSTOMER_REQUEST,866.06,INR,SUCCESS,PayFlow,RF_00005154,CUST_005442
REF_005155,ORD_151157,PAY_124160,2026-08-08T14:29:00,FULL,CUSTOMER_REQUEST,373.94,INR,SUCCESS,PayFlow,RF_00005155,CUST_007370
REF_005156,ORD_151256,PAY_124242,2026-09-02T16:05:53,FULL,RETURNED_ORDER,2339.69,INR,SUCCESS,PayFlow,RF_00005156,CUST_003412
REF_005157,ORD_151288,PAY_124272,2026-08-06T21:28:04,FULL,CUSTOMER_REQUEST,1707.46,INR,SUCCESS,PayFlow,RF_00005157,CUST_000249
REF_005158,ORD_151318,PAY_124298,2026-09-01T02:53:16,FULL,RETURNED_ORDER,2846.16,INR,SUCCESS,PayFlow,RF_00005158,CUST_000681
REF_005159,ORD_151383,PAY_124351,2026-08-25T00:47:17,FULL,CUSTOMER_REQUEST,914.10,INR,SUCCESS,PayFlow,RF_00005159,CUST_003660
REF_005160,ORD_151440,PAY_124399,2026-08-26T00:01:48,FULL,CUSTOMER_REQUEST,902.30,INR,SUCCESS,PayFlow,RF_00005160,CUST_008211
REF_005161,ORD_151496,PAY_124447,2026-08-30T14:12:44,FULL,RETURNED_ORDER,1118.64,INR,SUCCESS,PayFlow,RF_00005161,CUST_004513
REF_005162,ORD_151498,PAY_124449,2026-08-14T00:35:17,PARTIAL,CUSTOMER_REQUEST,280.08,INR,SUCCESS,PayFlow,RF_00005162,CUST_008133
REF_005163,ORD_151510,PAY_124456,2026-08-03T00:00:50,PARTIAL,CUSTOMER_REQUEST,315.28,INR,SUCCESS,PayFlow,RF_00005163,CUST_006367
REF_005164,ORD_151531,,2026-09-03T08:12:25,FULL,RETURNED_ORDER,383.50,INR,SUCCESS,,,CUST_002909
REF_005165,ORD_151537,PAY_124477,2026-08-31T14:44:27,FULL,RETURNED_ORDER,391.35,INR,SUCCESS,PayFlow,RF_00005165,CUST_002324
REF_005166,ORD_151553,PAY_124488,2026-08-24T15:54:23,FULL,RETURNED_ORDER,790.38,INR,SUCCESS,PayFlow,RF_00005166,CUST_005778
REF_005167,ORD_151699,PAY_124614,2026-08-18T00:37:29,PARTIAL,CUSTOMER_REQUEST,207.32,INR,SUCCESS,PayFlow,RF_00005167,CUST_008412
REF_005168,ORD_151853,PAY_124744,2026-08-11T15:08:30,FULL,CUSTOMER_REQUEST,697.86,INR,SUCCESS,PayFlow,RF_00005168,CUST_007490
REF_005169,ORD_151920,,2026-09-05T06:47:17,FULL,RETURNED_ORDER,606.52,INR,SUCCESS,,,CUST_008489
REF_005170,ORD_151941,PAY_124812,2026-08-24T00:10:24,FULL,RETURNED_ORDER,294.94,INR,SUCCESS,PayFlow,RF_00005170,CUST_004122
REF_005171,ORD_151989,PAY_124852,2026-08-17T22:25:37,FULL,RETURNED_ORDER,459.26,INR,SUCCESS,PayFlow,RF_00005171,CUST_000914
REF_005172,ORD_152162,PAY_124987,2026-08-22T12:46:56,FULL,CUSTOMER_REQUEST,1118.64,INR,SUCCESS,PayFlow,RF_00005172,CUST_004669
REF_005173,ORD_152186,PAY_125003,2026-08-16T02:48:48,FULL,RETURNED_ORDER,1707.28,INR,SUCCESS,PayFlow,RF_00005173,CUST_006447
REF_005174,ORD_152362,PAY_125148,2026-08-28T00:58:59,FULL,CUSTOMER_REQUEST,408.28,INR,SUCCESS,PayFlow,RF_00005174,CUST_004031
REF_005175,ORD_152377,PAY_125160,2026-09-01T11:00:47,FULL,RETURNED_ORDER,1437.24,INR,SUCCESS,PayFlow,RF_00005175,CUST_006081
REF_005176,ORD_152382,,2026-09-08T08:35:45,FULL,RETURNED_ORDER,367.81,INR,SUCCESS,,,CUST_005694
REF_005177,ORD_152438,PAY_125213,2026-08-16T04:44:40,FULL,RETURNED_ORDER,3543.54,INR,SUCCESS,PayFlow,RF_00005177,CUST_006494
REF_005178,ORD_152487,PAY_125253,2026-08-12T21:29:54,FULL,CUSTOMER_REQUEST,1421.50,INR,SUCCESS,PayFlow,RF_00005178,CUST_008361
REF_005179,ORD_152510,,2026-08-16T18:47:09,FULL,RETURNED_ORDER,580.27,INR,SUCCESS,,,CUST_000952
REF_005180,ORD_152612,PAY_125348,2026-08-25T00:59:13,PARTIAL,CUSTOMER_REQUEST,457.18,INR,SUCCESS,PayFlow,RF_00005180,CUST_001107
REF_005181,ORD_152662,PAY_125390,2026-08-26T04:07:28,FULL,CUSTOMER_REQUEST,2159.02,INR,SUCCESS,PayFlow,RF_00005181,CUST_002556
REF_005182,ORD_152663,,2026-08-24T02:31:49,FULL,RETURNED_ORDER,306.74,INR,SUCCESS,,,CUST_002281
REF_005183,ORD_152682,PAY_125406,2026-08-18T15:26:38,FULL,RETURNED_ORDER,379.61,INR,SUCCESS,PayFlow,RF_00005183,CUST_007387
REF_005184,ORD_152698,,2026-08-31T17:02:41,FULL,RETURNED_ORDER,1998.92,INR,SUCCESS,,,CUST_002167
REF_005185,ORD_152701,PAY_125421,2026-08-29T01:04:34,FULL,RETURNED_ORDER,897.98,INR,SUCCESS,PayFlow,RF_00005185,CUST_001044
REF_005186,ORD_152706,PAY_125424,2026-08-14T05:45:16,FULL,RETURNED_ORDER,396.48,INR,SUCCESS,PayFlow,RF_00005186,CUST_006309
REF_005187,ORD_152712,PAY_125429,2026-08-26T22:20:18,FULL,CUSTOMER_REQUEST,518.57,INR,SUCCESS,PayFlow,RF_00005187,CUST_001600
REF_005188,ORD_152726,PAY_125442,2026-09-04T21:05:28,FULL,CUSTOMER_REQUEST,518.61,INR,SUCCESS,PayFlow,RF_00005188,CUST_004962
REF_005189,ORD_152741,PAY_125454,2026-08-15T00:31:36,FULL,RETURNED_ORDER,579.74,INR,SUCCESS,PayFlow,RF_00005189,CUST_001987
REF_005190,ORD_152815,,2026-08-20T11:00:54,FULL,RETURNED_ORDER,1704.03,INR,SUCCESS,,,CUST_001472
REF_005191,ORD_152838,PAY_125523,2026-08-08T03:32:39,FULL,CUSTOMER_REQUEST,553.67,INR,SUCCESS,PayFlow,RF_00005191,CUST_001868
REF_005192,ORD_152845,PAY_125530,2026-08-23T00:47:49,FULL,CUSTOMER_REQUEST,2637.30,INR,SUCCESS,PayFlow,RF_00005192,CUST_000226
REF_005193,ORD_152846,PAY_125531,2026-08-31T08:45:08,FULL,RETURNED_ORDER,1784.63,INR,SUCCESS,PayFlow,RF_00005193,CUST_004708
REF_005194,ORD_152853,,2026-08-23T07:39:55,FULL,RETURNED_ORDER,1707.46,INR,SUCCESS,,,CUST_004655
REF_005195,ORD_152870,,2026-09-15T12:38:18,FULL,RETURNED_ORDER,1215.40,INR,SUCCESS,,,CUST_006636
REF_005196,ORD_152895,PAY_125572,2026-08-25T03:05:04,FULL,CUSTOMER_REQUEST,546.34,INR,SUCCESS,PayFlow,RF_00005196,CUST_000073
REF_005197,ORD_152908,PAY_125583,2026-08-17T20:15:42,FULL,RETURNED_ORDER,657.26,INR,SUCCESS,PayFlow,RF_00005197,CUST_000130
REF_005198,ORD_152934,,2026-08-28T18:13:42,FULL,RETURNED_ORDER,369.93,INR,SUCCESS,,,CUST_008175
REF_005199,ORD_152964,PAY_125631,2026-09-04T08:58:35,FULL,RETURNED_ORDER,796.62,INR,SUCCESS,PayFlow,RF_00005199,CUST_007830
REF_005200,ORD_152971,PAY_125637,2026-08-07T00:54:10,FULL,CUSTOMER_REQUEST,1634.30,INR,SUCCESS,PayFlow,RF_00005200,CUST_008059
REF_005201,ORD_153041,PAY_125690,2026-08-31T23:28:14,FULL,CUSTOMER_REQUEST,402.38,INR,SUCCESS,PayFlow,RF_00005201,CUST_002485
REF_005202,ORD_153056,PAY_125704,2026-08-30T02:34:19,FULL,CUSTOMER_REQUEST,339.19,INR,SUCCESS,PayFlow,RF_00005202,CUST_006893
REF_005203,ORD_153071,PAY_125717,2026-08-28T04:03:18,FULL,RETURNED_ORDER,731.60,INR,SUCCESS,PayFlow,RF_00005203,CUST_007497
REF_005204,ORD_153113,PAY_125748,2026-08-24T19:35:28,FULL,RETURNED_ORDER,457.84,INR,SUCCESS,PayFlow,RF_00005204,CUST_003412
REF_005205,ORD_153169,PAY_125795,2026-09-05T16:22:19,FULL,RETURNED_ORDER,2210.18,INR,SUCCESS,PayFlow,RF_00005205,CUST_002483
REF_005206,ORD_153227,PAY_125847,2026-08-14T08:14:29,FULL,RETURNED_ORDER,701.90,INR,SUCCESS,PayFlow,RF_00005206,CUST_003282
REF_005207,ORD_153233,PAY_125853,2026-08-13T08:53:32,FULL,RETURNED_ORDER,1273.46,INR,SUCCESS,PayFlow,RF_00005207,CUST_003755
REF_005208,ORD_153244,,2026-09-04T12:14:27,FULL,RETURNED_ORDER,390.58,INR,SUCCESS,,,CUST_002212
REF_005209,ORD_153324,PAY_125930,2026-08-15T04:42:37,FULL,RETURNED_ORDER,1212.80,INR,SUCCESS,PayFlow,RF_00005209,CUST_006918
REF_005210,ORD_153325,PAY_125931,2026-08-15T20:47:03,FULL,CUSTOMER_REQUEST,377.60,INR,SUCCESS,PayFlow,RF_00005210,CUST_003341
REF_005211,ORD_153378,PAY_125971,2026-08-07T01:44:08,PARTIAL,CUSTOMER_REQUEST,204.96,INR,SUCCESS,PayFlow,RF_00005211,CUST_001606
REF_005212,ORD_153439,PAY_126021,2026-08-14T07:03:54,FULL,RETURNED_ORDER,2189.31,INR,SUCCESS,PayFlow,RF_00005212,CUST_004479
REF_005213,ORD_153449,PAY_126031,2026-09-03T04:18:39,FULL,RETURNED_ORDER,616.22,INR,SUCCESS,PayFlow,RF_00005213,CUST_001558
REF_005214,ORD_153468,PAY_126047,2026-09-03T18:53:57,FULL,CUSTOMER_REQUEST,807.02,INR,SUCCESS,PayFlow,RF_00005214,CUST_007486
REF_005215,ORD_153499,,2026-08-17T12:23:49,FULL,RETURNED_ORDER,951.06,INR,SUCCESS,,,CUST_005629
REF_005216,ORD_153532,PAY_126097,2026-08-21T09:27:48,FULL,RETURNED_ORDER,754.02,INR,SUCCESS,PayFlow,RF_00005216,CUST_005108
REF_005217,ORD_153534,PAY_126098,2026-09-12T14:03:47,FULL,RETURNED_ORDER,879.57,INR,SUCCESS,PayFlow,RF_00005217,CUST_003667
REF_005218,ORD_153541,PAY_126104,2026-08-19T05:54:30,FULL,RETURNED_ORDER,3330.48,INR,SUCCESS,PayFlow,RF_00005218,CUST_004177
REF_005219,ORD_153568,,2026-08-21T04:45:32,FULL,RETURNED_ORDER,2505.14,INR,SUCCESS,,,CUST_002123
REF_005220,ORD_153573,PAY_126128,2026-09-12T14:01:51,FULL,RETURNED_ORDER,1154.10,INR,SUCCESS,PayFlow,RF_00005220,CUST_002030
REF_005221,ORD_153601,PAY_126153,2026-08-11T19:06:47,FULL,RETURNED_ORDER,970.66,INR,SUCCESS,PayFlow,RF_00005221,CUST_004272
REF_005222,ORD_153619,PAY_126169,2026-09-06T03:12:49,FULL,RETURNED_ORDER,700.92,INR,SUCCESS,PayFlow,RF_00005222,CUST_006368
REF_005223,ORD_153688,PAY_126229,2026-08-21T01:38:38,FULL,CUSTOMER_REQUEST,1105.10,INR,SUCCESS,PayFlow,RF_00005223,CUST_006124
REF_005224,ORD_153691,PAY_126232,2026-09-10T07:46:52,FULL,RETURNED_ORDER,968.24,INR,SUCCESS,PayFlow,RF_00005224,CUST_002762
REF_005225,ORD_153712,PAY_126248,2026-08-19T14:37:17,FULL,RETURNED_ORDER,716.72,INR,SUCCESS,PayFlow,RF_00005225,CUST_000847
REF_005226,ORD_153781,PAY_126305,2026-08-30T00:40:22,FULL,CUSTOMER_REQUEST,352.11,INR,SUCCESS,PayFlow,RF_00005226,CUST_001069
REF_005227,ORD_153822,,2026-08-13T10:40:50,FULL,RETURNED_ORDER,1152.51,INR,SUCCESS,,,CUST_008062
REF_005228,ORD_153836,PAY_126354,2026-09-03T03:14:50,FULL,RETURNED_ORDER,3658.35,INR,SUCCESS,PayFlow,RF_00005228,CUST_006598
REF_005229,ORD_153839,PAY_126356,2026-08-18T11:35:23,FULL,RETURNED_ORDER,738.68,INR,SUCCESS,PayFlow,RF_00005229,CUST_005658
REF_005230,ORD_153902,PAY_126416,2026-09-05T18:03:41,FULL,RETURNED_ORDER,710.30,INR,SUCCESS,PayFlow,RF_00005230,CUST_001467
REF_005231,ORD_153926,PAY_126437,2026-08-24T15:49:58,FULL,CUSTOMER_REQUEST,558.14,INR,SUCCESS,PayFlow,RF_00005231,CUST_001375
REF_005232,ORD_153931,PAY_126442,2026-08-17T05:16:44,FULL,RETURNED_ORDER,835.44,INR,SUCCESS,PayFlow,RF_00005232,CUST_004275
REF_005233,ORD_153963,PAY_126466,2026-09-02T06:08:53,FULL,RETURNED_ORDER,1509.31,INR,SUCCESS,PayFlow,RF_00005233,CUST_005206
REF_005234,ORD_153965,PAY_126468,2026-09-07T10:21:36,FULL,RETURNED_ORDER,2713.94,INR,SUCCESS,PayFlow,RF_00005234,CUST_002932
REF_005235,ORD_153974,PAY_126476,2026-08-26T03:51:17,FULL,RETURNED_ORDER,690.10,INR,SUCCESS,PayFlow,RF_00005235,CUST_000463
REF_005236,ORD_153995,PAY_126493,2026-09-04T04:17:44,PARTIAL,CUSTOMER_REQUEST,119.34,INR,SUCCESS,PayFlow,RF_00005236,CUST_005958
REF_005237,ORD_154021,PAY_126515,2026-08-29T05:24:39,FULL,RETURNED_ORDER,283.14,INR,SUCCESS,PayFlow,RF_00005237,CUST_004769
REF_005238,ORD_154023,PAY_126517,2026-08-11T04:30:35,FULL,CUSTOMER_REQUEST,356.01,INR,SUCCESS,PayFlow,RF_00005238,CUST_002208
REF_005239,ORD_154084,PAY_126569,2026-08-19T02:06:39,FULL,CUSTOMER_REQUEST,352.11,INR,SUCCESS,PayFlow,RF_00005239,CUST_005168
REF_005240,ORD_154085,,2026-08-16T11:53:11,FULL,RETURNED_ORDER,369.10,INR,SUCCESS,,,CUST_007961
REF_005241,ORD_154099,PAY_126582,2026-08-23T18:06:25,FULL,CUSTOMER_REQUEST,1664.98,INR,SUCCESS,PayFlow,RF_00005241,CUST_008018
REF_005242,ORD_154187,PAY_126649,2026-08-17T23:16:25,FULL,CUSTOMER_REQUEST,1618.40,INR,SUCCESS,PayFlow,RF_00005242,CUST_004218
REF_005243,ORD_154206,PAY_126666,2026-08-15T16:50:06,FULL,RETURNED_ORDER,582.92,INR,SUCCESS,PayFlow,RF_00005243,CUST_007901
REF_005244,ORD_154230,,2026-09-04T12:31:12,FULL,RETURNED_ORDER,788.66,INR,SUCCESS,,,CUST_007838
REF_005245,ORD_154267,PAY_126709,2026-08-26T00:00:10,FULL,CUSTOMER_REQUEST,951.06,INR,SUCCESS,PayFlow,RF_00005245,CUST_007122
REF_005246,ORD_154311,PAY_126742,2026-09-06T09:37:10,FULL,RETURNED_ORDER,2306.90,INR,SUCCESS,PayFlow,RF_00005246,CUST_008292
REF_005247,ORD_154316,PAY_126746,2026-08-08T00:54:08,FULL,CUSTOMER_REQUEST,902.30,INR,SUCCESS,PayFlow,RF_00005247,CUST_002181
REF_005248,ORD_154349,PAY_126774,2026-08-21T05:31:54,FULL,RETURNED_ORDER,3729.98,INR,SUCCESS,PayFlow,RF_00005248,CUST_008063
REF_005249,ORD_154393,PAY_126811,2026-08-18T21:58:01,PARTIAL,CUSTOMER_REQUEST,119.66,INR,SUCCESS,PayFlow,RF_00005249,CUST_008329
REF_005250,ORD_154396,PAY_126814,2026-09-05T14:16:17,FULL,RETURNED_ORDER,1784.63,INR,SUCCESS,PayFlow,RF_00005250,CUST_004162
REF_005251,ORD_154399,PAY_126817,2026-08-30T23:56:48,FULL,RETURNED_ORDER,671.07,INR,SUCCESS,PayFlow,RF_00005251,CUST_004991
REF_005252,ORD_154435,PAY_126843,2026-09-09T08:35:33,FULL,RETURNED_ORDER,390.58,INR,SUCCESS,PayFlow,RF_00005252,CUST_002894
REF_005253,ORD_154441,PAY_126848,2026-08-05T18:15:45,FULL,CUSTOMER_REQUEST,1054.92,INR,SUCCESS,PayFlow,RF_00005253,CUST_003368
REF_005254,ORD_154449,PAY_126855,2026-08-28T10:40:20,FULL,RETURNED_ORDER,4982.85,INR,SUCCESS,PayFlow,RF_00005254,CUST_004248
REF_005255,ORD_154453,PAY_126858,2026-08-21T09:17:03,FULL,RETURNED_ORDER,2724.03,INR,SUCCESS,PayFlow,RF_00005255,CUST_007313
REF_005256,ORD_154483,PAY_126883,2026-08-19T19:23:41,FULL,CUSTOMER_REQUEST,991.32,INR,SUCCESS,PayFlow,RF_00005256,CUST_004929
REF_005257,ORD_154504,PAY_126897,2026-08-31T05:24:35,PARTIAL,CUSTOMER_REQUEST,117.68,INR,SUCCESS,PayFlow,RF_00005257,CUST_006842
REF_005258,ORD_154562,PAY_126944,2026-08-30T06:43:22,FULL,RETURNED_ORDER,4305.76,INR,SUCCESS,PayFlow,RF_00005258,CUST_006807
REF_005259,ORD_154604,PAY_126981,2026-08-28T11:40:29,FULL,RETURNED_ORDER,2133.26,INR,SUCCESS,PayFlow,RF_00005259,CUST_004558
REF_005260,ORD_154663,PAY_127031,2026-08-11T13:35:43,FULL,RETURNED_ORDER,294.88,INR,SUCCESS,PayFlow,RF_00005260,CUST_005189
REF_005261,ORD_154666,,2026-09-01T15:13:07,FULL,RETURNED_ORDER,1361.00,INR,SUCCESS,,,CUST_000811
REF_005262,ORD_154672,PAY_127038,2026-08-15T07:47:41,FULL,RETURNED_ORDER,373.94,INR,SUCCESS,PayFlow,RF_00005262,CUST_002760
REF_005263,ORD_154734,PAY_127091,2026-09-04T04:20:22,FULL,RETURNED_ORDER,743.40,INR,SUCCESS,PayFlow,RF_00005263,CUST_004584
REF_005264,ORD_154780,,2026-08-12T09:40:19,FULL,RETURNED_ORDER,377.60,INR,SUCCESS,,,CUST_005270
REF_005265,ORD_154841,PAY_127184,2026-08-10T03:34:40,PARTIAL,CUSTOMER_REQUEST,237.48,INR,SUCCESS,PayFlow,RF_00005265,CUST_007701
REF_005266,ORD_154877,PAY_127216,2026-08-14T05:59:20,FULL,RETURNED_ORDER,318.60,INR,SUCCESS,PayFlow,RF_00005266,CUST_004034
REF_005267,ORD_154915,PAY_127249,2026-08-14T19:06:13,FULL,CUSTOMER_REQUEST,638.38,INR,SUCCESS,PayFlow,RF_00005267,CUST_004416
REF_005268,ORD_154928,PAY_127258,2026-09-09T09:37:30,FULL,RETURNED_ORDER,1424.14,INR,SUCCESS,PayFlow,RF_00005268,CUST_000429
REF_005269,ORD_154929,PAY_127259,2026-09-03T03:50:49,PARTIAL,CUSTOMER_REQUEST,339.25,INR,SUCCESS,PayFlow,RF_00005269,CUST_000166
REF_005270,ORD_154949,PAY_127274,2026-09-01T09:17:20,FULL,RETURNED_ORDER,738.68,INR,SUCCESS,PayFlow,RF_00005270,CUST_004519
REF_005271,ORD_154953,PAY_127278,2026-08-10T21:05:29,FULL,RETURNED_ORDER,948.72,INR,SUCCESS,PayFlow,RF_00005271,CUST_002232
REF_005272,ORD_154986,PAY_127305,2026-08-23T21:59:23,FULL,CUSTOMER_REQUEST,719.80,INR,SUCCESS,PayFlow,RF_00005272,CUST_001101
REF_005273,ORD_155014,,2026-08-18T20:29:07,FULL,RETURNED_ORDER,951.06,INR,SUCCESS,,,CUST_007096
REF_005274,ORD_155055,PAY_127359,2026-08-22T21:53:59,FULL,RETURNED_ORDER,842.52,INR,SUCCESS,PayFlow,RF_00005274,CUST_000856
REF_005275,ORD_155059,PAY_127362,2026-08-16T19:29:46,FULL,RETURNED_ORDER,527.46,INR,SUCCESS,PayFlow,RF_00005275,CUST_002657
REF_005276,ORD_155114,PAY_127411,2026-08-16T23:31:09,FULL,CUSTOMER_REQUEST,627.29,INR,SUCCESS,PayFlow,RF_00005276,CUST_003915
REF_005277,ORD_155126,PAY_127422,2026-08-14T08:45:44,FULL,RETURNED_ORDER,1176.12,INR,SUCCESS,PayFlow,RF_00005277,CUST_000796
REF_005278,ORD_155158,PAY_127449,2026-08-03T02:51:50,PARTIAL,CUSTOMER_REQUEST,564.40,INR,SUCCESS,PayFlow,RF_00005278,CUST_002762
REF_005279,ORD_155223,PAY_127500,2026-08-29T06:54:15,FULL,RETURNED_ORDER,1205.87,INR,SUCCESS,PayFlow,RF_00005279,CUST_007984
REF_005280,ORD_155278,PAY_127544,2026-08-25T23:50:39,PARTIAL,CUSTOMER_REQUEST,431.99,INR,SUCCESS,PayFlow,RF_00005280,CUST_003041
REF_005281,ORD_155303,PAY_127564,2026-08-16T12:43:09,FULL,RETURNED_ORDER,3228.48,INR,SUCCESS,PayFlow,RF_00005281,CUST_004295
REF_005282,ORD_155327,PAY_127586,2026-08-15T14:46:53,FULL,CUSTOMER_REQUEST,1516.30,INR,SUCCESS,PayFlow,RF_00005282,CUST_001100
REF_005283,ORD_155383,PAY_127631,2026-08-12T20:09:13,FULL,CUSTOMER_REQUEST,3590.74,INR,SUCCESS,PayFlow,RF_00005283,CUST_003027
REF_005284,ORD_155422,PAY_127667,2026-08-19T12:13:11,FULL,RETURNED_ORDER,397.54,INR,SUCCESS,PayFlow,RF_00005284,CUST_004464
REF_005285,ORD_155425,PAY_127669,2026-08-06T07:08:24,FULL,CUSTOMER_REQUEST,1852.60,INR,SUCCESS,PayFlow,RF_00005285,CUST_001365
REF_005286,ORD_155434,PAY_127677,2026-08-19T13:03:53,FULL,RETURNED_ORDER,790.38,INR,SUCCESS,PayFlow,RF_00005286,CUST_001610
REF_005287,ORD_155482,PAY_127716,2026-08-30T13:09:51,FULL,CUSTOMER_REQUEST,659.08,INR,SUCCESS,PayFlow,RF_00005287,CUST_002912
REF_005288,ORD_155515,PAY_127746,2026-08-20T00:07:46,FULL,CUSTOMER_REQUEST,661.51,INR,SUCCESS,PayFlow,RF_00005288,CUST_005332
REF_005289,ORD_155622,PAY_127825,2026-08-22T04:00:23,FULL,CUSTOMER_REQUEST,639.09,INR,SUCCESS,PayFlow,RF_00005289,CUST_003954
REF_005290,ORD_155642,PAY_127841,2026-09-11T07:02:26,FULL,RETURNED_ORDER,1573.88,INR,SUCCESS,PayFlow,RF_00005290,CUST_003530
REF_005291,ORD_155667,PAY_127863,2026-08-22T16:24:31,FULL,RETURNED_ORDER,294.88,INR,SUCCESS,PayFlow,RF_00005291,CUST_003363
REF_005292,ORD_155694,,2026-09-09T13:28:25,FULL,RETURNED_ORDER,402.38,INR,SUCCESS,,,CUST_000449
REF_005293,ORD_155745,PAY_127932,2026-08-26T22:21:15,FULL,CUSTOMER_REQUEST,1256.70,INR,SUCCESS,PayFlow,RF_00005293,CUST_001750
REF_005294,ORD_155800,PAY_127979,2026-08-15T08:05:27,FULL,RETURNED_ORDER,552.24,INR,SUCCESS,PayFlow,RF_00005294,CUST_007200
REF_005295,ORD_155833,PAY_128003,2026-08-25T03:26:51,FULL,RETURNED_ORDER,390.58,INR,SUCCESS,PayFlow,RF_00005295,CUST_004882
REF_005296,ORD_155837,PAY_128007,2026-09-05T08:11:57,FULL,RETURNED_ORDER,395.30,INR,SUCCESS,PayFlow,RF_00005296,CUST_005526
REF_005297,ORD_155845,PAY_128014,2026-09-06T14:04:34,FULL,RETURNED_ORDER,909.78,INR,SUCCESS,PayFlow,RF_00005297,CUST_000401
REF_005298,ORD_155866,PAY_128028,2026-08-30T17:14:13,FULL,RETURNED_ORDER,1413.64,INR,SUCCESS,PayFlow,RF_00005298,CUST_000192
REF_005299,ORD_155967,PAY_128114,2026-08-14T16:52:45,FULL,RETURNED_ORDER,3253.61,INR,SUCCESS,PayFlow,RF_00005299,CUST_005148
REF_005300,ORD_156135,PAY_128250,2026-08-17T09:28:12,FULL,RETURNED_ORDER,1183.78,INR,SUCCESS,PayFlow,RF_00005300,CUST_007064
REF_005301,ORD_156240,PAY_128332,2026-09-01T07:43:18,FULL,RETURNED_ORDER,395.30,INR,SUCCESS,PayFlow,RF_00005301,CUST_000388
REF_005302,ORD_156241,PAY_128333,2026-08-20T01:17:12,FULL,RETURNED_ORDER,4728.44,INR,SUCCESS,PayFlow,RF_00005302,CUST_000232
REF_005303,ORD_156249,PAY_128339,2026-08-23T15:23:08,FULL,RETURNED_ORDER,295.00,INR,SUCCESS,PayFlow,RF_00005303,CUST_005753
REF_005304,ORD_156250,,2026-08-29T06:08:45,FULL,RETURNED_ORDER,842.52,INR,SUCCESS,,,CUST_007120
REF_005305,ORD_156264,PAY_128351,2026-08-29T16:37:30,FULL,RETURNED_ORDER,306.80,INR,SUCCESS,PayFlow,RF_00005305,CUST_006587
REF_005306,ORD_156268,PAY_128353,2026-08-15T14:03:35,FULL,RETURNED_ORDER,522.50,INR,SUCCESS,PayFlow,RF_00005306,CUST_002269
REF_005307,ORD_156290,PAY_128369,2026-08-28T06:59:17,FULL,RETURNED_ORDER,559.08,INR,SUCCESS,PayFlow,RF_00005307,CUST_003226
REF_005308,ORD_156373,PAY_128434,2026-08-31T21:03:51,FULL,RETURNED_ORDER,664.34,INR,SUCCESS,PayFlow,RF_00005308,CUST_005195
REF_005309,ORD_156382,PAY_128441,2026-09-11T16:39:01,FULL,RETURNED_ORDER,790.38,INR,SUCCESS,PayFlow,RF_00005309,CUST_005006
REF_005310,ORD_156405,PAY_128459,2026-08-11T05:19:40,FULL,RETURNED_ORDER,2292.74,INR,SUCCESS,PayFlow,RF_00005310,CUST_003279
REF_005311,ORD_156412,PAY_128464,2026-08-23T01:01:52,FULL,RETURNED_ORDER,2350.12,INR,SUCCESS,PayFlow,RF_00005311,CUST_005387
REF_005312,ORD_156422,PAY_128472,2026-09-01T18:48:14,FULL,CUSTOMER_REQUEST,283.08,INR,SUCCESS,PayFlow,RF_00005312,CUST_005914
REF_005313,ORD_156426,PAY_128475,2026-08-21T05:05:48,FULL,RETURNED_ORDER,1206.43,INR,SUCCESS,PayFlow,RF_00005313,CUST_004562
REF_005314,ORD_156451,PAY_128495,2026-08-12T01:18:24,FULL,RETURNED_ORDER,2949.35,INR,SUCCESS,PayFlow,RF_00005314,CUST_000706
REF_005315,ORD_156464,PAY_128506,2026-08-20T07:38:47,FULL,RETURNED_ORDER,283.08,INR,SUCCESS,PayFlow,RF_00005315,CUST_000694
REF_005316,ORD_156468,PAY_128509,2026-08-14T12:01:07,FULL,RETURNED_ORDER,732.14,INR,SUCCESS,PayFlow,RF_00005316,CUST_002250
REF_005317,ORD_156539,,2026-09-04T14:34:06,FULL,RETURNED_ORDER,552.25,INR,SUCCESS,,,CUST_007103
REF_005318,ORD_156565,PAY_128595,2026-08-28T15:33:09,FULL,CUSTOMER_REQUEST,534.30,INR,SUCCESS,PayFlow,RF_00005318,CUST_002655
REF_005319,ORD_156645,PAY_128663,2026-09-02T11:24:21,FULL,RETURNED_ORDER,306.80,INR,SUCCESS,PayFlow,RF_00005319,CUST_007280
REF_005320,ORD_156661,PAY_128676,2026-08-21T01:18:00,FULL,CUSTOMER_REQUEST,883.47,INR,SUCCESS,PayFlow,RF_00005320,CUST_002562
REF_005321,ORD_156696,PAY_128707,2026-08-25T16:47:08,FULL,CUSTOMER_REQUEST,1428.15,INR,SUCCESS,PayFlow,RF_00005321,CUST_003308
REF_005322,ORD_156705,PAY_128714,2026-08-18T22:41:08,FULL,CUSTOMER_REQUEST,1596.30,INR,SUCCESS,PayFlow,RF_00005322,CUST_005317
REF_005323,ORD_156716,,2026-08-21T02:29:34,FULL,RETURNED_ORDER,283.14,INR,SUCCESS,,,CUST_000423
REF_005324,ORD_156732,PAY_128735,2026-08-24T09:44:53,FULL,RETURNED_ORDER,556.67,INR,SUCCESS,PayFlow,RF_00005324,CUST_007293
REF_005325,ORD_156759,,2026-08-11T18:50:51,FULL,RETURNED_ORDER,888.54,INR,SUCCESS,,,CUST_005345
REF_005326,ORD_156800,PAY_128791,2026-08-31T15:58:27,FULL,RETURNED_ORDER,854.32,INR,SUCCESS,PayFlow,RF_00005326,CUST_000522
REF_005327,ORD_156823,PAY_128809,2026-08-19T02:01:26,FULL,CUSTOMER_REQUEST,1082.06,INR,SUCCESS,PayFlow,RF_00005327,CUST_005601
REF_005328,ORD_156899,PAY_128871,2026-08-08T20:59:37,PARTIAL,CUSTOMER_REQUEST,1186.91,INR,SUCCESS,PayFlow,RF_00005328,CUST_002946
REF_005329,ORD_156929,PAY_128895,2026-08-19T19:00:00,FULL,CUSTOMER_REQUEST,1332.62,INR,SUCCESS,PayFlow,RF_00005329,CUST_005260
REF_005330,ORD_156964,PAY_128927,2026-08-31T19:20:59,FULL,CUSTOMER_REQUEST,4797.88,INR,SUCCESS,PayFlow,RF_00005330,CUST_000445
REF_005331,ORD_157003,PAY_128957,2026-08-17T03:19:16,PARTIAL,CUSTOMER_REQUEST,259.72,INR,SUCCESS,PayFlow,RF_00005331,CUST_004474
REF_005332,ORD_157036,,2026-09-09T01:25:08,FULL,RETURNED_ORDER,767.47,INR,SUCCESS,,,CUST_001070
REF_005333,ORD_157045,,2026-08-31T10:21:26,FULL,RETURNED_ORDER,2758.78,INR,SUCCESS,,,CUST_005578
REF_005334,ORD_157106,,2026-09-10T05:18:49,FULL,RETURNED_ORDER,731.60,INR,SUCCESS,,,CUST_003943
REF_005335,ORD_157161,,2026-08-20T01:25:40,FULL,RETURNED_ORDER,948.72,INR,SUCCESS,,,CUST_000746
REF_005336,ORD_157194,PAY_129112,2026-08-16T23:31:49,FULL,CUSTOMER_REQUEST,510.70,INR,SUCCESS,PayFlow,RF_00005336,CUST_006960
REF_005337,ORD_157221,PAY_129136,2026-08-13T02:46:51,FULL,CUSTOMER_REQUEST,779.98,INR,SUCCESS,PayFlow,RF_00005337,CUST_005054
REF_005338,ORD_157306,PAY_129205,2026-08-08T06:50:00,FULL,CUSTOMER_REQUEST,1098.36,INR,SUCCESS,PayFlow,RF_00005338,CUST_007290
REF_005339,ORD_157309,PAY_129208,2026-08-12T16:31:25,FULL,RETURNED_ORDER,295.00,INR,SUCCESS,PayFlow,RF_00005339,CUST_007768
REF_005340,ORD_157354,PAY_129246,2026-09-01T00:57:06,FULL,CUSTOMER_REQUEST,1199.41,INR,SUCCESS,PayFlow,RF_00005340,CUST_001838
REF_005341,ORD_157366,PAY_129256,2026-08-16T15:53:08,FULL,RETURNED_ORDER,1306.26,INR,SUCCESS,PayFlow,RF_00005341,CUST_001961
REF_005342,ORD_157454,PAY_129337,2026-08-21T06:44:16,FULL,RETURNED_ORDER,403.15,INR,SUCCESS,PayFlow,RF_00005342,CUST_002801
