vendor_payment_id,vendor_invoice_id,vendor_id,payment_date,payment_account_id,amount,currency,payment_method,status,bank_reference
VPAY_000001,VINV_000001,VEND_000082,2025-10-17T20:34:00,BANK_003,87537.12,INR,BANK_TRANSFER,SUCCESS,VENDPAY_00000001
VPAY_000002,VINV_000002,VEND_000032,2025-10-06T22:55:00,BANK_003,103513.00,INR,BANK_TRANSFER,SUCCESS,VENDPAY_00000002
VPAY_000003,VINV_000003,VEND_000087,2025-10-04T21:14:00,BANK_003,221797.52,INR,BANK_TRANSFER,SUCCESS,VENDPAY_00000003
VPAY_000004,VINV_000004,VEND_000005,2025-10-04T19:18:00,BANK_003,62316.98,INR,BANK_TRANSFER,SUCCESS,VENDPAY_00000004
VPAY_000005,VINV_000005,VEND_000065,2025-10-02T20:10:00,BANK_003,239321.70,INR,BANK_TRANSFER,SUCCESS,VENDPAY_00000005
VPAY_000006,VINV_000006,VEND_000084,2025-10-26T01:28:00,BANK_003,221666.54,INR,BANK_TRANSFER,SUCCESS,VENDPAY_00000006
VPAY_000007,VINV_000007,VEND_000076,2025-10-03T00:39:00,BANK_003,139152.68,INR,BANK_TRANSFER,SUCCESS,VENDPAY_00000007
VPAY_000008,VINV_000008,VEND_000090,2025-10-12T22:01:00,BANK_003,183826.30,INR,BANK_TRANSFER,SUCCESS,VENDPAY_00000008
VPAY_000009,VINV_000009,VEND_000028,2025-10-05T23:14:00,BANK_003,157218.48,INR,BANK_TRANSFER,SUCCESS,VENDPAY_00000009
VPAY_000010,VINV_000010,VEND_000013,2025-10-29T00:44:00,BANK_003,164142.72,INR,BANK_TRANSFER,SUCCESS,VENDPAY_00000010
VPAY_000011,VINV_000011,VEND_000006,2025-10-19T01:01:00,BANK_003,195213.30,INR,BANK_TRANSFER,SUCCESS,VENDPAY_00000011
VPAY_000012,VINV_000012,VEND_000011,2025-10-27T00:44:00,BANK_003,223862.52,INR,BANK_TRANSFER,SUCCESS,VENDPAY_00000012
VPAY_000013,VINV_000013,VEND_000074,2025-10-20T21:03:00,BANK_003,112580.26,INR,BANK_TRANSFER,SUCCESS,VENDPAY_00000013
VPAY_000014,VINV_000014,VEND_000085,2025-10-26T23:58:00,BANK_003,123595.56,INR,BANK_TRANSFER,SUCCESS,VENDPAY_00000014
VPAY_000015,VINV_000015,VEND_000013,2025-10-26T01:05:00,BANK_003,170683.46,INR,BANK_TRANSFER,SUCCESS,VENDPAY_00000015
VPAY_000016,VINV_000016,VEND_000021,2025-10-27T19:55:00,BANK_003,167607.20,INR,BANK_TRANSFER,SUCCESS,VENDPAY_00000016
VPAY_000017,VINV_000017,VEND_000090,2025-10-04T23:43:00,BANK_003,253556.04,INR,BANK_TRANSFER,SUCCESS,VENDPAY_00000017
VPAY_000018,VINV_000018,VEND_000069,2025-10-22T20:53:00,BANK_003,128826.50,INR,BANK_TRANSFER,SUCCESS,VENDPAY_00000018
VPAY_000019,VINV_000019,VEND_000035,2025-10-25T00:45:00,BANK_003,251070.96,INR,BANK_TRANSFER,SUCCESS,VENDPAY_00000019
VPAY_000020,VINV_000020,VEND_000088,2025-10-03T22:56:00,BANK_003,153409.44,INR,BANK_TRANSFER,SUCCESS,VENDPAY_00000020
VPAY_000021,VINV_000021,VEND_000041,2025-10-10T20:42:00,BANK_003,177191.16,INR,BANK_TRANSFER,SUCCESS,VENDPAY_00000021
VPAY_000022,VINV_000022,VEND_000073,2025-10-23T22:51:00,BANK_003,150438.20,INR,BANK_TRANSFER,SUCCESS,VENDPAY_00000022
VPAY_000023,VINV_000023,VEND_000051,2025-11-01T00:08:00,BANK_003,251952.42,INR,BANK_TRANSFER,SUCCESS,VENDPAY_00000023
VPAY_000024,VINV_000024,VEND_000018,2025-11-09T23:18:00,BANK_003,129388.18,INR,BANK_TRANSFER,SUCCESS,VENDPAY_00000024
VPAY_000025,VINV_000025,VEND_000075,2025-11-04T19:39:00,BANK_003,185626.98,INR,BANK_TRANSFER,SUCCESS,VENDPAY_00000025
VPAY_000026,VINV_000026,VEND_000029,2025-10-19T00:56:00,BANK_003,81262.00,INR,BANK_TRANSFER,SUCCESS,VENDPAY_00000026
VPAY_000027,VINV_000027,VEND_000007,2025-10-21T23:38:00,BANK_003,73743.00,INR,BANK_TRANSFER,SUCCESS,VENDPAY_00000027
VPAY_000028,VINV_000028,VEND_000088,2025-10-25T00:17:00,BANK_003,183685.88,INR,BANK_TRANSFER,SUCCESS,VENDPAY_00000028
VPAY_000029,VINV_000029,VEND_000049,2025-10-17T02:29:00,BANK_003,237425.44,INR,BANK_TRANSFER,SUCCESS,VENDPAY_00000029
VPAY_000030,VINV_000030,VEND_000071,2025-10-25T22:02:00,BANK_003,56650.62,INR,BANK_TRANSFER,SUCCESS,VENDPAY_00000030
VPAY_000031,VINV_000031,VEND_000088,2025-10-06T00:36:00,BANK_003,219200.34,INR,BANK_TRANSFER,SUCCESS,VENDPAY_00000031
VPAY_000032,VINV_000032,VEND_000015,2025-10-31T01:33:00,BANK_003,143888.02,INR,BANK_TRANSFER,SUCCESS,VENDPAY_00000032
VPAY_000033,VINV_000033,VEND_000001,2025-10-18T22:20:00,BANK_003,134573.10,INR,BANK_TRANSFER,SUCCESS,VENDPAY_00000033
VPAY_000034,VINV_000034,VEND_000065,2025-10-22T20:14:00,BANK_003,86014.92,INR,BANK_TRANSFER,SUCCESS,VENDPAY_00000034
VPAY_000035,VINV_000035,VEND_000020,2025-10-21T02:12:00,BANK_003,168762.42,INR,BANK_TRANSFER,SUCCESS,VENDPAY_00000035
VPAY_000036,VINV_000036,VEND_000077,2025-10-14T02:34:00,BANK_003,153370.50,INR,BANK_TRANSFER,SUCCESS,VENDPAY_00000036
VPAY_000037,VINV_000037,VEND_000047,2025-10-24T19:46:00,BANK_003,148222.16,INR,BANK_TRANSFER,SUCCESS,VENDPAY_00000037
VPAY_000038,VINV_000038,VEND_000073,2025-10-20T00:35:00,BANK_003,77461.10,INR,BANK_TRANSFER,SUCCESS,VENDPAY_00000038
VPAY_000039,VINV_000039,VEND_000009,2025-10-21T20:26:00,BANK_003,217881.10,INR,BANK_TRANSFER,SUCCESS,VENDPAY_00000039
VPAY_000040,VINV_000040,VEND_000071,2025-10-11T02:33:00,BANK_003,104178.66,INR,BANK_TRANSFER,SUCCESS,VENDPAY_00000040
VPAY_000041,VINV_000041,VEND_000028,2025-10-29T00:16:00,BANK_003,219920.14,INR,BANK_TRANSFER,SUCCESS,VENDPAY_00000041
VPAY_000042,VINV_000042,VEND_000040,2025-11-07T21:36:00,BANK_003,176519.74,INR,BANK_TRANSFER,SUCCESS,VENDPAY_00000042
VPAY_000043,VINV_000043,VEND_000057,2025-10-16T22:16:00,BANK_003,213201.22,INR,BANK_TRANSFER,SUCCESS,VENDPAY_00000043
VPAY_000044,VINV_000044,VEND_000029,2025-10-12T21:35:00,BANK_003,61784.00,INR,BANK_TRANSFER,SUCCESS,VENDPAY_00000044
VPAY_000045,VINV_000045,VEND_000076,2025-10-05T19:42:00,BANK_003,121219.04,INR,BANK_TRANSFER,SUCCESS,VENDPAY_00000045
VPAY_000046,VINV_000046,VEND_000030,2025-10-03T20:02:00,BANK_003,73948.24,INR,BANK_TRANSFER,SUCCESS,VENDPAY_00000046
VPAY_000047,VINV_000047,VEND_000010,2025-10-11T22:20:00,BANK_003,212142.76,INR,BANK_TRANSFER,SUCCESS,VENDPAY_00000047
VPAY_000048,VINV_000048,VEND_000028,2025-10-06T20:51:00,BANK_003,219900.08,INR,BANK_TRANSFER,SUCCESS,VENDPAY_00000048
VPAY_000049,VINV_000049,VEND_000032,2025-10-15T21:00:00,BANK_003,168987.00,INR,BANK_TRANSFER,SUCCESS,VENDPAY_00000049
VPAY_000050,VINV_000050,VEND_000013,2025-10-30T21:30:00,BANK_003,256942.64,INR,BANK_TRANSFER,SUCCESS,VENDPAY_00000050
VPAY_000051,VINV_000051,VEND_000053,2025-10-25T21:19:00,BANK_003,167427.00,INR,BANK_TRANSFER,SUCCESS,VENDPAY_00000051
VPAY_000052,VINV_000052,VEND_000008,2025-10-26T01:34:00,BANK_003,150544.00,INR,BANK_TRANSFER,SUCCESS,VENDPAY_00000052
VPAY_000053,VINV_000053,VEND_000032,2025-10-11T23:19:00,BANK_003,95224.00,INR,BANK_TRANSFER,SUCCESS,VENDPAY_00000053
VPAY_000054,VINV_000054,VEND_000018,2025-10-23T00:45:00,BANK_003,183599.74,INR,BANK_TRANSFER,SUCCESS,VENDPAY_00000054
VPAY_000055,VINV_000055,VEND_000032,2025-10-17T02:58:00,BANK_003,64761.00,INR,BANK_TRANSFER,SUCCESS,VENDPAY_00000055
VPAY_000056,VINV_000056,VEND_000007,2025-11-03T21:14:00,BANK_003,215955.00,INR,BANK_TRANSFER,SUCCESS,VENDPAY_00000056
VPAY_000057,VINV_000057,VEND_000012,2025-10-02T23:03:00,BANK_003,126218.70,INR,BANK_TRANSFER,SUCCESS,VENDPAY_00000057
VPAY_000058,VINV_000058,VEND_000062,2025-10-14T21:42:00,BANK_003,101032.00,INR,BANK_TRANSFER,SUCCESS,VENDPAY_00000058
VPAY_000059,VINV_000059,VEND_000022,2025-10-17T22:28:00,BANK_003,170327.10,INR,BANK_TRANSFER,SUCCESS,VENDPAY_00000059
VPAY_000060,VINV_000060,VEND_000059,2025-10-17T21:16:00,BANK_003,141335.68,INR,BANK_TRANSFER,SUCCESS,VENDPAY_00000060
VPAY_000061,VINV_000061,VEND_000020,2025-10-27T02:26:00,BANK_003,111840.40,INR,BANK_TRANSFER,SUCCESS,VENDPAY_00000061
VPAY_000062,VINV_000062,VEND_000075,2025-10-19T03:02:00,BANK_003,220816.94,INR,BANK_TRANSFER,SUCCESS,VENDPAY_00000062
VPAY_000063,VINV_000063,VEND_000008,2025-10-21T01:42:00,BANK_003,58144.00,INR,BANK_TRANSFER,SUCCESS,VENDPAY_00000063
VPAY_000064,VINV_000064,VEND_000008,2025-10-01T01:21:00,BANK_003,178124.00,INR,BANK_TRANSFER,SUCCESS,VENDPAY_00000064
VPAY_000065,VINV_000065,VEND_000009,2025-10-19T20:26:00,BANK_003,237161.12,INR,BANK_TRANSFER,SUCCESS,VENDPAY_00000065
VPAY_000066,VINV_000066,VEND_000052,2025-10-20T20:18:00,BANK_003,90183.86,INR,BANK_TRANSFER,SUCCESS,VENDPAY_00000066
VPAY_000067,VINV_000067,VEND_000080,2025-10-31T01:33:00,BANK_003,78459.38,INR,BANK_TRANSFER,SUCCESS,VENDPAY_00000067
VPAY_000068,VINV_000068,VEND_000034,2025-10-23T22:57:00,BANK_003,116283.10,INR,BANK_TRANSFER,SUCCESS,VENDPAY_00000068
VPAY_000069,VINV_000069,VEND_000031,2025-10-10T21:35:00,BANK_003,135262.22,INR,BANK_TRANSFER,SUCCESS,VENDPAY_00000069
VPAY_000070,VINV_000070,VEND_000059,2025-09-30T22:55:00,BANK_003,150901.94,INR,BANK_TRANSFER,SUCCESS,VENDPAY_00000070
VPAY_000071,VINV_000071,VEND_000080,2025-10-22T20:07:00,BANK_003,227250.30,INR,BANK_TRANSFER,SUCCESS,VENDPAY_00000071
VPAY_000072,VINV_000072,VEND_000065,2025-10-06T20:04:00,BANK_003,135133.60,INR,BANK_TRANSFER,SUCCESS,VENDPAY_00000072
VPAY_000073,VINV_000073,VEND_000009,2025-10-29T21:44:00,BANK_003,128663.66,INR,BANK_TRANSFER,SUCCESS,VENDPAY_00000073
VPAY_000074,VINV_000074,VEND_000057,2025-10-24T23:14:00,BANK_003,221133.18,INR,BANK_TRANSFER,SUCCESS,VENDPAY_00000074
VPAY_000075,VINV_000075,VEND_000086,2025-10-11T20:09:00,BANK_003,190385.00,INR,BANK_TRANSFER,SUCCESS,VENDPAY_00000075
VPAY_000076,VINV_000076,VEND_000018,2025-10-21T02:12:00,BANK_003,134907.04,INR,BANK_TRANSFER,SUCCESS,VENDPAY_00000076
VPAY_000077,VINV_000077,VEND_000071,2025-10-12T23:45:00,BANK_003,101183.82,INR,BANK_TRANSFER,SUCCESS,VENDPAY_00000077
VPAY_000078,VINV_000078,VEND_000044,2025-10-24T02:49:00,BANK_003,116077.78,INR,BANK_TRANSFER,SUCCESS,VENDPAY_00000078
VPAY_000079,VINV_000079,VEND_000065,2025-10-08T20:34:00,BANK_003,204216.70,INR,BANK_TRANSFER,SUCCESS,VENDPAY_00000079
VPAY_000080,VINV_000080,VEND_000012,2025-10-15T20:40:00,BANK_003,249302.14,INR,BANK_TRANSFER,SUCCESS,VENDPAY_00000080
VPAY_000081,VINV_000081,VEND_000006,2025-10-12T20:26:00,BANK_003,54196.22,INR,BANK_TRANSFER,SUCCESS,VENDPAY_00000081
VPAY_000082,VINV_000082,VEND_000082,2025-10-22T21:50:00,BANK_003,134130.60,INR,BANK_TRANSFER,SUCCESS,VENDPAY_00000082
VPAY_000083,VINV_000083,VEND_000071,2025-10-20T21:04:00,BANK_003,185395.70,INR,BANK_TRANSFER,SUCCESS,VENDPAY_00000083
VPAY_000084,VINV_000084,VEND_000010,2025-10-19T22:27:00,BANK_003,99206.14,INR,BANK_TRANSFER,SUCCESS,VENDPAY_00000084
VPAY_000085,VINV_000085,VEND_000075,2025-10-16T23:04:00,BANK_003,224012.38,INR,BANK_TRANSFER,SUCCESS,VENDPAY_00000085
VPAY_000086,VINV_000086,VEND_000006,2025-10-13T21:23:00,BANK_003,148453.44,INR,BANK_TRANSFER,SUCCESS,VENDPAY_00000086
VPAY_000087,VINV_000087,VEND_000046,2025-11-08T01:14:00,BANK_003,118082.60,INR,BANK_TRANSFER,SUCCESS,VENDPAY_00000087
VPAY_000088,VINV_000088,VEND_000046,2025-10-31T00:54:00,BANK_003,226288.60,INR,BANK_TRANSFER,SUCCESS,VENDPAY_00000088
VPAY_000089,VINV_000089,VEND_000031,2025-10-07T22:38:00,BANK_003,103365.64,INR,BANK_TRANSFER,SUCCESS,VENDPAY_00000089
VPAY_000090,VINV_000090,VEND_000004,2025-10-26T03:19:00,BANK_003,108581.24,INR,BANK_TRANSFER,SUCCESS,VENDPAY_00000090
VPAY_000091,VINV_000091,VEND_000053,2025-10-11T19:39:00,BANK_003,110055.00,INR,BANK_TRANSFER,SUCCESS,VENDPAY_00000091
VPAY_000092,VINV_000092,VEND_000049,2025-10-17T20:18:00,BANK_003,65078.18,INR,BANK_TRANSFER,SUCCESS,VENDPAY_00000092
VPAY_000093,VINV_000093,VEND_000059,2025-10-12T00:00:00,BANK_003,161258.80,INR,BANK_TRANSFER,SUCCESS,VENDPAY_00000093
VPAY_000094,VINV_000094,VEND_000029,2025-10-24T22:35:00,BANK_003,51203.00,INR,BANK_TRANSFER,SUCCESS,VENDPAY_00000094
VPAY_000095,VINV_000095,VEND_000043,2025-10-20T03:42:00,BANK_003,139280.12,INR,BANK_TRANSFER,SUCCESS,VENDPAY_00000095
VPAY_000096,VINV_000096,VEND_000045,2025-10-19T00:04:00,BANK_003,251528.80,INR,BANK_TRANSFER,SUCCESS,VENDPAY_00000096
VPAY_000097,VINV_000097,VEND_000004,2025-10-13T19:53:00,BANK_003,88778.48,INR,BANK_TRANSFER,SUCCESS,VENDPAY_00000097
VPAY_000098,VINV_000098,VEND_000005,2025-10-22T00:26:00,BANK_003,86632.06,INR,BANK_TRANSFER,SUCCESS,VENDPAY_00000098
VPAY_000099,VINV_000099,VEND_000041,2025-10-21T21:48:00,BANK_003,188089.64,INR,BANK_TRANSFER,SUCCESS,VENDPAY_00000099
VPAY_000100,VINV_000100,VEND_000050,2025-10-07T21:33:00,BANK_003,231455.82,INR,BANK_TRANSFER,SUCCESS,VENDPAY_00000100
VPAY_000101,VINV_000101,VEND_000056,2025-11-02T23:44:00,BANK_003,53622.74,INR,BANK_TRANSFER,SUCCESS,VENDPAY_00000101
VPAY_000102,VINV_000102,VEND_000047,2025-10-20T00:14:00,BANK_003,186513.16,INR,BANK_TRANSFER,SUCCESS,VENDPAY_00000102
VPAY_000103,VINV_000103,VEND_000080,2025-11-07T19:59:00,BANK_003,150203.38,INR,BANK_TRANSFER,SUCCESS,VENDPAY_00000103
VPAY_000104,VINV_000104,VEND_000039,2025-10-26T23:44:00,BANK_003,209968.02,INR,BANK_TRANSFER,SUCCESS,VENDPAY_00000104
VPAY_000105,VINV_000105,VEND_000042,2025-10-22T23:28:00,BANK_003,177573.48,INR,BANK_TRANSFER,SUCCESS,VENDPAY_00000105
VPAY_000106,VINV_000106,VEND_000025,2025-10-24T01:59:00,BANK_003,183156.06,INR,BANK_TRANSFER,SUCCESS,VENDPAY_00000106
VPAY_000107,VINV_000107,VEND_000079,2025-10-10T21:59:00,BANK_003,229140.66,INR,BANK_TRANSFER,SUCCESS,VENDPAY_00000107
VPAY_000108,VINV_000108,VEND_000039,2025-10-20T21:54:00,BANK_003,141850.16,INR,BANK_TRANSFER,SUCCESS,VENDPAY_00000108
VPAY_000109,VINV_000109,VEND_000060,2025-10-14T01:40:00,BANK_003,189756.98,INR,BANK_TRANSFER,SUCCESS,VENDPAY_00000109
VPAY_000110,VINV_000110,VEND_000066,2025-10-27T00:23:00,BANK_003,199469.56,INR,BANK_TRANSFER,SUCCESS,VENDPAY_00000110
VPAY_000111,VINV_000111,VEND_000037,2025-11-07T21:02:00,BANK_003,212543.96,INR,BANK_TRANSFER,SUCCESS,VENDPAY_00000111
VPAY_000112,VINV_000112,VEND_000012,2025-10-24T01:58:00,BANK_003,125751.42,INR,BANK_TRANSFER,SUCCESS,VENDPAY_00000112
VPAY_000113,VINV_000113,VEND_000026,2025-10-17T22:57:00,BANK_003,98679.86,INR,BANK_TRANSFER,SUCCESS,VENDPAY_00000113
VPAY_000114,VINV_000114,VEND_000061,2025-10-03T01:30:00,BANK_003,242184.38,INR,BANK_TRANSFER,SUCCESS,VENDPAY_00000114
VPAY_000115,VINV_000115,VEND_000081,2025-10-21T02:36:00,BANK_003,231171.44,INR,BANK_TRANSFER,SUCCESS,VENDPAY_00000115
VPAY_000116,VINV_000116,VEND_000064,2025-10-09T22:26:00,BANK_003,176723.88,INR,BANK_TRANSFER,SUCCESS,VENDPAY_00000116
VPAY_000117,VINV_000117,VEND_000014,2025-10-24T02:06:00,BANK_003,184609.82,INR,BANK_TRANSFER,SUCCESS,VENDPAY_00000117
VPAY_000118,VINV_000118,VEND_000007,2025-10-20T23:10:00,BANK_003,191120.00,INR,BANK_TRANSFER,SUCCESS,VENDPAY_00000118
VPAY_000119,VINV_000119,VEND_000059,2025-10-17T03:04:00,BANK_003,94345.72,INR,BANK_TRANSFER,SUCCESS,VENDPAY_00000119
VPAY_000120,VINV_000120,VEND_000057,2025-10-25T23:11:00,BANK_003,242611.54,INR,BANK_TRANSFER,SUCCESS,VENDPAY_00000120
VPAY_000121,VINV_000121,VEND_000071,2025-10-06T02:08:00,BANK_003,191033.74,INR,BANK_TRANSFER,SUCCESS,VENDPAY_00000121
VPAY_000122,VINV_000122,VEND_000058,2025-10-09T21:42:00,BANK_003,133275.10,INR,BANK_TRANSFER,SUCCESS,VENDPAY_00000122
VPAY_000123,VINV_000123,VEND_000067,2025-10-23T01:58:00,BANK_003,203000.12,INR,BANK_TRANSFER,SUCCESS,VENDPAY_00000123
VPAY_000124,VINV_000124,VEND_000057,2025-10-28T00:19:00,BANK_003,77066.98,INR,BANK_TRANSFER,SUCCESS,VENDPAY_00000124
VPAY_000125,VINV_000125,VEND_000035,2025-10-09T22:34:00,BANK_003,156987.20,INR,BANK_TRANSFER,SUCCESS,VENDPAY_00000125
VPAY_000126,VINV_000126,VEND_000018,2025-10-26T19:30:00,BANK_003,99756.02,INR,BANK_TRANSFER,SUCCESS,VENDPAY_00000126
VPAY_000127,VINV_000127,VEND_000028,2025-10-16T01:12:00,BANK_003,72967.66,INR,BANK_TRANSFER,SUCCESS,VENDPAY_00000127
VPAY_000128,VINV_000128,VEND_000070,2025-10-31T01:41:00,BANK_003,197224.02,INR,BANK_TRANSFER,SUCCESS,VENDPAY_00000128
VPAY_000129,VINV_000129,VEND_000054,2025-11-06T02:41:00,BANK_003,173576.82,INR,BANK_TRANSFER,SUCCESS,VENDPAY_00000129
VPAY_000130,VINV_000130,VEND_000074,2025-10-17T23:02:00,BANK_003,170762.52,INR,BANK_TRANSFER,SUCCESS,VENDPAY_00000130
VPAY_000131,VINV_000131,VEND_000039,2025-10-30T20:07:00,BANK_003,173733.76,INR,BANK_TRANSFER,SUCCESS,VENDPAY_00000131
VPAY_000132,VINV_000132,VEND_000063,2025-10-13T22:50:00,BANK_003,120973.60,INR,BANK_TRANSFER,SUCCESS,VENDPAY_00000132
VPAY_000133,VINV_000133,VEND_000004,2025-10-13T01:21:00,BANK_003,173384.48,INR,BANK_TRANSFER,SUCCESS,VENDPAY_00000133
VPAY_000134,VINV_000134,VEND_000022,2025-10-21T21:25:00,BANK_003,197677.14,INR,BANK_TRANSFER,SUCCESS,VENDPAY_00000134
VPAY_000135,VINV_000135,VEND_000051,2025-11-08T00:24:00,BANK_003,236189.98,INR,BANK_TRANSFER,SUCCESS,VENDPAY_00000135
VPAY_000136,VINV_000136,VEND_000011,2025-10-31T01:52:00,BANK_003,251920.56,INR,BANK_TRANSFER,SUCCESS,VENDPAY_00000136
VPAY_000137,VINV_000137,VEND_000024,2025-10-10T21:36:00,BANK_003,68653.58,INR,BANK_TRANSFER,SUCCESS,VENDPAY_00000137
VPAY_000138,VINV_000138,VEND_000028,2025-10-13T02:04:00,BANK_003,193751.28,INR,BANK_TRANSFER,SUCCESS,VENDPAY_00000138
VPAY_000139,VINV_000139,VEND_000036,2025-10-10T22:32:00,BANK_003,183501.80,INR,BANK_TRANSFER,SUCCESS,VENDPAY_00000139
VPAY_000140,VINV_000140,VEND_000061,2025-10-26T02:09:00,BANK_003,59095.58,INR,BANK_TRANSFER,SUCCESS,VENDPAY_00000140
VPAY_000141,VINV_000141,VEND_000045,2025-10-22T23:22:00,BANK_003,122458.04,INR,BANK_TRANSFER,SUCCESS,VENDPAY_00000141
VPAY_000142,VINV_000142,VEND_000004,2025-10-09T01:22:00,BANK_003,129591.14,INR,BANK_TRANSFER,SUCCESS,VENDPAY_00000142
VPAY_000143,VINV_000143,VEND_000080,2025-10-24T22:40:00,BANK_003,100236.28,INR,BANK_TRANSFER,SUCCESS,VENDPAY_00000143
VPAY_000144,VINV_000144,VEND_000086,2025-10-20T21:55:00,BANK_003,74986.00,INR,BANK_TRANSFER,SUCCESS,VENDPAY_00000144
VPAY_000145,VINV_000145,VEND_000090,2025-10-09T00:15:00,BANK_003,132362.96,INR,BANK_TRANSFER,SUCCESS,VENDPAY_00000145
VPAY_000146,VINV_000146,VEND_000021,2025-10-20T23:20:00,BANK_003,149312.48,INR,BANK_TRANSFER,SUCCESS,VENDPAY_00000146
VPAY_000147,VINV_000147,VEND_000040,2025-11-07T23:07:00,BANK_003,231210.38,INR,BANK_TRANSFER,SUCCESS,VENDPAY_00000147
VPAY_000148,VINV_000148,VEND_000051,2025-10-18T03:16:00,BANK_003,114448.20,INR,BANK_TRANSFER,SUCCESS,VENDPAY_00000148
VPAY_000149,VINV_000149,VEND_000014,2025-11-07T21:07:00,BANK_003,146388.44,INR,BANK_TRANSFER,SUCCESS,VENDPAY_00000149
VPAY_000150,VINV_000150,VEND_000073,2025-10-28T23:19:00,BANK_003,65803.88,INR,BANK_TRANSFER,SUCCESS,VENDPAY_00000150
VPAY_000151,VINV_000151,VEND_000085,2025-10-20T02:57:00,BANK_003,167727.56,INR,BANK_TRANSFER,SUCCESS,VENDPAY_00000151
VPAY_000152,VINV_000152,VEND_000002,2025-11-01T20:03:00,BANK_003,183035.70,INR,BANK_TRANSFER,SUCCESS,VENDPAY_00000152
VPAY_000153,VINV_000153,VEND_000047,2025-10-31T21:34:00,BANK_003,249704.52,INR,BANK_TRANSFER,SUCCESS,VENDPAY_00000153
VPAY_000154,VINV_000154,VEND_000056,2025-11-09T22:24:00,BANK_003,107584.14,INR,BANK_TRANSFER,SUCCESS,VENDPAY_00000154
VPAY_000155,VINV_000155,VEND_000079,2025-10-21T02:32:00,BANK_003,219572.04,INR,BANK_TRANSFER,SUCCESS,VENDPAY_00000155
VPAY_000156,VINV_000156,VEND_000076,2025-10-12T21:23:00,BANK_003,136122.44,INR,BANK_TRANSFER,SUCCESS,VENDPAY_00000156
VPAY_000157,VINV_000157,VEND_000012,2025-10-13T01:03:00,BANK_003,139380.42,INR,BANK_TRANSFER,SUCCESS,VENDPAY_00000157
VPAY_000158,VINV_000158,VEND_000073,2025-11-08T02:17:00,BANK_003,241892.92,INR,BANK_TRANSFER,SUCCESS,VENDPAY_00000158
VPAY_000159,VINV_000159,VEND_000004,2025-10-14T21:58:00,BANK_003,206003.22,INR,BANK_TRANSFER,SUCCESS,VENDPAY_00000159
VPAY_000160,VINV_000160,VEND_000028,2025-10-11T02:37:00,BANK_003,162857.70,INR,BANK_TRANSFER,SUCCESS,VENDPAY_00000160
VPAY_000161,VINV_000161,VEND_000077,2025-10-19T23:49:00,BANK_003,138557.96,INR,BANK_TRANSFER,SUCCESS,VENDPAY_00000161
VPAY_000162,VINV_000162,VEND_000011,2025-11-10T03:06:00,BANK_003,127758.60,INR,BANK_TRANSFER,SUCCESS,VENDPAY_00000162
VPAY_000163,VINV_000163,VEND_000072,2025-10-25T02:34:00,BANK_003,127438.82,INR,BANK_TRANSFER,SUCCESS,VENDPAY_00000163
VPAY_000164,VINV_000164,VEND_000058,2025-10-04T22:35:00,BANK_003,58433.60,INR,BANK_TRANSFER,SUCCESS,VENDPAY_00000164
VPAY_000165,VINV_000165,VEND_000052,2025-10-11T20:50:00,BANK_003,128360.40,INR,BANK_TRANSFER,SUCCESS,VENDPAY_00000165
VPAY_000166,VINV_000166,VEND_000061,2025-10-14T22:07:00,BANK_003,224305.02,INR,BANK_TRANSFER,SUCCESS,VENDPAY_00000166
VPAY_000167,VINV_000167,VEND_000071,2025-10-14T02:10:00,BANK_003,155422.52,INR,BANK_TRANSFER,SUCCESS,VENDPAY_00000167
VPAY_000168,VINV_000168,VEND_000035,2025-10-11T02:40:00,BANK_003,147947.22,INR,BANK_TRANSFER,SUCCESS,VENDPAY_00000168
VPAY_000169,VINV_000169,VEND_000025,2025-10-02T02:44:00,BANK_003,150708.42,INR,BANK_TRANSFER,SUCCESS,VENDPAY_00000169
VPAY_000170,VINV_000170,VEND_000025,2025-10-25T20:24:00,BANK_003,120033.14,INR,BANK_TRANSFER,SUCCESS,VENDPAY_00000170
VPAY_000171,VINV_000171,VEND_000076,2025-10-22T01:48:00,BANK_003,215385.40,INR,BANK_TRANSFER,SUCCESS,VENDPAY_00000171
VPAY_000172,VINV_000172,VEND_000025,2025-10-07T00:11:00,BANK_003,144737.62,INR,BANK_TRANSFER,SUCCESS,VENDPAY_00000172
VPAY_000173,VINV_000173,VEND_000039,2025-11-09T02:08:00,BANK_003,57475.44,INR,BANK_TRANSFER,SUCCESS,VENDPAY_00000173
VPAY_000174,VINV_000174,VEND_000036,2025-10-03T23:06:00,BANK_003,67178.58,INR,BANK_TRANSFER,SUCCESS,VENDPAY_00000174
VPAY_000175,VINV_000175,VEND_000090,2025-10-23T02:26:00,BANK_003,92161.54,INR,BANK_TRANSFER,SUCCESS,VENDPAY_00000175
VPAY_000176,VINV_000176,VEND_000014,2025-11-02T02:04:00,BANK_003,56893.70,INR,BANK_TRANSFER,SUCCESS,VENDPAY_00000176
VPAY_000177,VINV_000177,VEND_000062,2025-10-08T21:50:00,BANK_003,160466.00,INR,BANK_TRANSFER,SUCCESS,VENDPAY_00000177
VPAY_000178,VINV_000178,VEND_000033,2025-10-06T02:29:00,BANK_003,200874.94,INR,BANK_TRANSFER,SUCCESS,VENDPAY_00000178
VPAY_000179,VINV_000179,VEND_000052,2025-10-04T19:41:00,BANK_003,205211.44,INR,BANK_TRANSFER,SUCCESS,VENDPAY_00000179
VPAY_000180,VINV_000180,VEND_000020,2025-11-04T22:14:00,BANK_003,99250.98,INR,BANK_TRANSFER,SUCCESS,VENDPAY_00000180
VPAY_000181,VINV_000181,VEND_000032,2025-10-19T20:04:00,BANK_003,76051.00,INR,BANK_TRANSFER,SUCCESS,VENDPAY_00000181
VPAY_000182,VINV_000182,VEND_000078,2025-11-05T22:43:00,BANK_003,237499.78,INR,BANK_TRANSFER,SUCCESS,VENDPAY_00000182
VPAY_000183,VINV_000183,VEND_000058,2025-10-12T02:12:00,BANK_003,190046.08,INR,BANK_TRANSFER,SUCCESS,VENDPAY_00000183
VPAY_000184,VINV_000184,VEND_000040,2025-11-06T01:19:00,BANK_003,228993.16,INR,BANK_TRANSFER,SUCCESS,VENDPAY_00000184
VPAY_000185,VINV_000185,VEND_000027,2025-10-24T02:17:00,BANK_003,246590.50,INR,BANK_TRANSFER,SUCCESS,VENDPAY_00000185
VPAY_000186,VINV_000186,VEND_000021,2025-10-22T19:57:00,BANK_003,127297.22,INR,BANK_TRANSFER,SUCCESS,VENDPAY_00000186
VPAY_000187,VINV_000187,VEND_000021,2025-10-30T21:17:00,BANK_003,53927.18,INR,BANK_TRANSFER,SUCCESS,VENDPAY_00000187
VPAY_000188,VINV_000188,VEND_000038,2025-10-10T19:33:00,BANK_003,63196.08,INR,BANK_TRANSFER,SUCCESS,VENDPAY_00000188
VPAY_000189,VINV_000189,VEND_000090,2025-10-03T21:58:00,BANK_003,193544.78,INR,BANK_TRANSFER,SUCCESS,VENDPAY_00000189
VPAY_000190,VINV_000190,VEND_000034,2025-10-19T23:11:00,BANK_003,246448.90,INR,BANK_TRANSFER,SUCCESS,VENDPAY_00000190
VPAY_000191,VINV_000191,VEND_000055,2025-10-20T00:24:00,BANK_003,88602.66,INR,BANK_TRANSFER,SUCCESS,VENDPAY_00000191
VPAY_000192,VINV_000192,VEND_000035,2025-10-04T20:52:00,BANK_003,97097.48,INR,BANK_TRANSFER,SUCCESS,VENDPAY_00000192
VPAY_000193,VINV_000193,VEND_000040,2025-11-09T23:58:00,BANK_003,237164.66,INR,BANK_TRANSFER,SUCCESS,VENDPAY_00000193
VPAY_000194,VINV_000194,VEND_000057,2025-10-17T00:20:00,BANK_003,91565.64,INR,BANK_TRANSFER,SUCCESS,VENDPAY_00000194
VPAY_000195,VINV_000195,VEND_000090,2025-10-11T01:57:00,BANK_003,177607.70,INR,BANK_TRANSFER,SUCCESS,VENDPAY_00000195
VPAY_000196,VINV_000196,VEND_000057,2025-10-22T20:39:00,BANK_003,77982.66,INR,BANK_TRANSFER,SUCCESS,VENDPAY_00000196
VPAY_000197,VINV_000197,VEND_000042,2025-10-10T22:07:00,BANK_003,239845.62,INR,BANK_TRANSFER,SUCCESS,VENDPAY_00000197
VPAY_000198,VINV_000198,VEND_000030,2025-10-20T23:55:00,BANK_003,231025.12,INR,BANK_TRANSFER,SUCCESS,VENDPAY_00000198
VPAY_000199,VINV_000199,VEND_000074,2025-10-07T21:20:00,BANK_003,65544.28,INR,BANK_TRANSFER,SUCCESS,VENDPAY_00000199
VPAY_000200,VINV_000200,VEND_000036,2025-10-22T01:01:00,BANK_003,109239.68,INR,BANK_TRANSFER,SUCCESS,VENDPAY_00000200
VPAY_000201,VINV_000201,VEND_000012,2025-10-14T00:30:00,BANK_003,198487.80,INR,BANK_TRANSFER,SUCCESS,VENDPAY_00000201
VPAY_000202,VINV_000202,VEND_000042,2025-10-08T00:21:00,BANK_003,85455.60,INR,BANK_TRANSFER,SUCCESS,VENDPAY_00000202
VPAY_000203,VINV_000203,VEND_000089,2025-10-12T02:48:00,BANK_003,206363.12,INR,BANK_TRANSFER,SUCCESS,VENDPAY_00000203
VPAY_000204,VINV_000204,VEND_000071,2025-10-17T00:45:00,BANK_003,64450.42,INR,BANK_TRANSFER,SUCCESS,VENDPAY_00000204
VPAY_000205,VINV_000205,VEND_000033,2025-10-06T03:34:00,BANK_003,153097.92,INR,BANK_TRANSFER,SUCCESS,VENDPAY_00000205
VPAY_000206,VINV_000206,VEND_000066,2025-10-22T00:34:00,BANK_003,53455.18,INR,BANK_TRANSFER,SUCCESS,VENDPAY_00000206
VPAY_000207,VINV_000207,VEND_000053,2025-10-09T03:02:00,BANK_003,59209.00,INR,BANK_TRANSFER,SUCCESS,VENDPAY_00000207
VPAY_000208,VINV_000208,VEND_000080,2025-11-06T23:48:00,BANK_003,207297.68,INR,BANK_TRANSFER,SUCCESS,VENDPAY_00000208
VPAY_000209,VINV_000209,VEND_000027,2025-11-03T20:25:00,BANK_003,135708.26,INR,BANK_TRANSFER,SUCCESS,VENDPAY_00000209
VPAY_000210,VINV_000210,VEND_000057,2025-10-05T22:49:00,BANK_003,203035.52,INR,BANK_TRANSFER,SUCCESS,VENDPAY_00000210
VPAY_000211,VINV_000211,VEND_000021,2025-11-04T01:21:00,BANK_003,149223.98,INR,BANK_TRANSFER,SUCCESS,VENDPAY_00000211
VPAY_000212,VINV_000212,VEND_000012,2025-10-02T22:00:00,BANK_003,122605.54,INR,BANK_TRANSFER,SUCCESS,VENDPAY_00000212
VPAY_000213,VINV_000213,VEND_000083,2025-10-18T00:20:00,BANK_003,100727.16,INR,BANK_TRANSFER,SUCCESS,VENDPAY_00000213
VPAY_000214,VINV_000214,VEND_000066,2025-10-16T00:28:00,BANK_003,137677.68,INR,BANK_TRANSFER,SUCCESS,VENDPAY_00000214
VPAY_000215,VINV_000215,VEND_000061,2025-10-14T20:50:00,BANK_003,128492.56,INR,BANK_TRANSFER,SUCCESS,VENDPAY_00000215
VPAY_000216,VINV_000216,VEND_000050,2025-10-22T03:07:00,BANK_003,112061.06,INR,BANK_TRANSFER,SUCCESS,VENDPAY_00000216
VPAY_000217,VINV_000217,VEND_000009,2025-10-31T03:02:00,BANK_003,138550.88,INR,BANK_TRANSFER,SUCCESS,VENDPAY_00000217
VPAY_000218,VINV_000218,VEND_000001,2025-10-26T03:09:00,BANK_003,140589.92,INR,BANK_TRANSFER,SUCCESS,VENDPAY_00000218
VPAY_000219,VINV_000219,VEND_000020,2025-10-31T22:55:00,BANK_003,191229.62,INR,BANK_TRANSFER,SUCCESS,VENDPAY_00000219
VPAY_000220,VINV_000220,VEND_000043,2025-11-04T00:06:00,BANK_003,223823.58,INR,BANK_TRANSFER,SUCCESS,VENDPAY_00000220
VPAY_000221,VINV_000221,VEND_000042,2025-10-25T02:50:00,BANK_003,111455.72,INR,BANK_TRANSFER,SUCCESS,VENDPAY_00000221
VPAY_000222,VINV_000222,VEND_000030,2025-10-04T02:07:00,BANK_003,180164.76,INR,BANK_TRANSFER,SUCCESS,VENDPAY_00000222
VPAY_000223,VINV_000223,VEND_000049,2025-10-24T01:34:00,BANK_003,172525.44,INR,BANK_TRANSFER,SUCCESS,VENDPAY_00000223
VPAY_000224,VINV_000224,VEND_000064,2025-10-06T23:48:00,BANK_003,64550.72,INR,BANK_TRANSFER,SUCCESS,VENDPAY_00000224
VPAY_000225,VINV_000225,VEND_000013,2025-10-20T22:53:00,BANK_003,189299.14,INR,BANK_TRANSFER,SUCCESS,VENDPAY_00000225
VPAY_000226,VINV_000226,VEND_000002,2025-10-25T22:07:00,BANK_003,97691.02,INR,BANK_TRANSFER,SUCCESS,VENDPAY_00000226
VPAY_000227,VINV_000227,VEND_000010,2025-10-11T02:38:00,BANK_003,198327.32,INR,BANK_TRANSFER,SUCCESS,VENDPAY_00000227
VPAY_000228,VINV_000228,VEND_000084,2025-10-28T00:00:00,BANK_003,77943.72,INR,BANK_TRANSFER,SUCCESS,VENDPAY_00000228
VPAY_000229,VINV_000229,VEND_000041,2025-10-25T00:10:00,BANK_003,246986.98,INR,BANK_TRANSFER,SUCCESS,VENDPAY_00000229
VPAY_000230,VINV_000230,VEND_000070,2025-11-05T23:04:00,BANK_003,64203.80,INR,BANK_TRANSFER,SUCCESS,VENDPAY_00000230
VPAY_000231,VINV_000231,VEND_000081,2025-10-24T22:04:00,BANK_003,141994.12,INR,BANK_TRANSFER,SUCCESS,VENDPAY_00000231
VPAY_000232,VINV_000232,VEND_000056,2025-11-06T00:29:00,BANK_003,83551.08,INR,BANK_TRANSFER,SUCCESS,VENDPAY_00000232
VPAY_000233,VINV_000233,VEND_000057,2025-10-28T02:25:00,BANK_003,104560.98,INR,BANK_TRANSFER,SUCCESS,VENDPAY_00000233
VPAY_000234,VINV_000234,VEND_000006,2025-10-03T23:48:00,BANK_003,153437.76,INR,BANK_TRANSFER,SUCCESS,VENDPAY_00000234
VPAY_000235,VINV_000235,VEND_000048,2025-10-07T00:26:00,BANK_003,186323.18,INR,BANK_TRANSFER,SUCCESS,VENDPAY_00000235
VPAY_000236,VINV_000236,VEND_000073,2025-10-25T02:18:00,BANK_003,108796.00,INR,BANK_TRANSFER,SUCCESS,VENDPAY_00000236
VPAY_000237,VINV_000237,VEND_000079,2025-10-22T02:14:00,BANK_003,171431.58,INR,BANK_TRANSFER,SUCCESS,VENDPAY_00000237
VPAY_000238,VINV_000238,VEND_000064,2025-10-05T21:23:00,BANK_003,233487.78,INR,BANK_TRANSFER,SUCCESS,VENDPAY_00000238
VPAY_000239,VINV_000239,VEND_000082,2025-10-31T23:21:00,BANK_003,131662.04,INR,BANK_TRANSFER,SUCCESS,VENDPAY_00000239
VPAY_000240,VINV_000240,VEND_000060,2025-10-25T02:12:00,BANK_003,142072.00,INR,BANK_TRANSFER,SUCCESS,VENDPAY_00000240
VPAY_000241,VINV_000241,VEND_000010,2025-10-13T23:26:00,BANK_003,189739.28,INR,BANK_TRANSFER,SUCCESS,VENDPAY_00000241
VPAY_000242,VINV_000242,VEND_000082,2025-11-09T03:14:00,BANK_003,184351.40,INR,BANK_TRANSFER,SUCCESS,VENDPAY_00000242
VPAY_000243,VINV_000243,VEND_000039,2025-10-30T02:13:00,BANK_003,114723.14,INR,BANK_TRANSFER,SUCCESS,VENDPAY_00000243
VPAY_000244,VINV_000244,VEND_000014,2025-10-29T20:15:00,BANK_003,126474.76,INR,BANK_TRANSFER,SUCCESS,VENDPAY_00000244
VPAY_000245,VINV_000245,VEND_000074,2025-10-25T22:58:00,BANK_003,144621.98,INR,BANK_TRANSFER,SUCCESS,VENDPAY_00000245
VPAY_000246,VINV_000246,VEND_000085,2025-10-25T20:10:00,BANK_003,175534.44,INR,BANK_TRANSFER,SUCCESS,VENDPAY_00000246
VPAY_000247,VINV_000247,VEND_000078,2025-10-26T20:59:00,BANK_003,206752.52,INR,BANK_TRANSFER,SUCCESS,VENDPAY_00000247
VPAY_000248,VINV_000248,VEND_000078,2025-10-21T02:58:00,BANK_003,162082.44,INR,BANK_TRANSFER,SUCCESS,VENDPAY_00000248
VPAY_000249,VINV_000249,VEND_000080,2025-11-05T00:32:00,BANK_003,130626.00,INR,BANK_TRANSFER,SUCCESS,VENDPAY_00000249
VPAY_000250,VINV_000250,VEND_000081,2025-11-06T21:24:00,BANK_003,83154.60,INR,BANK_TRANSFER,SUCCESS,VENDPAY_00000250
VPAY_000251,VINV_000251,VEND_000040,2025-10-19T00:27:00,BANK_003,189459.62,INR,BANK_TRANSFER,SUCCESS,VENDPAY_00000251
VPAY_000252,VINV_000252,VEND_000017,2025-10-26T22:47:00,BANK_003,68627.00,INR,BANK_TRANSFER,SUCCESS,VENDPAY_00000252
VPAY_000253,VINV_000253,VEND_000023,2025-10-19T22:48:00,BANK_003,115211.66,INR,BANK_TRANSFER,SUCCESS,VENDPAY_00000253
VPAY_000254,VINV_000254,VEND_000068,2025-10-10T21:57:00,BANK_003,208319.56,INR,BANK_TRANSFER,SUCCESS,VENDPAY_00000254
VPAY_000255,VINV_000255,VEND_000033,2025-10-09T00:15:00,BANK_003,202149.34,INR,BANK_TRANSFER,SUCCESS,VENDPAY_00000255
VPAY_000256,VINV_000256,VEND_000015,2025-10-17T01:26:00,BANK_003,197968.60,INR,BANK_TRANSFER,SUCCESS,VENDPAY_00000256
VPAY_000257,VINV_000257,VEND_000087,2025-10-20T02:51:00,BANK_003,176031.22,INR,BANK_TRANSFER,SUCCESS,VENDPAY_00000257
VPAY_000258,VINV_000258,VEND_000051,2025-10-25T02:21:00,BANK_003,57404.64,INR,BANK_TRANSFER,SUCCESS,VENDPAY_00000258
VPAY_000259,VINV_000259,VEND_000059,2025-10-23T23:48:00,BANK_003,167113.96,INR,BANK_TRANSFER,SUCCESS,VENDPAY_00000259
VPAY_000260,VINV_000260,VEND_000075,2025-11-01T20:11:00,BANK_003,170961.94,INR,BANK_TRANSFER,SUCCESS,VENDPAY_00000260
VPAY_000261,VINV_000261,VEND_000087,2025-10-17T23:37:00,BANK_003,125428.10,INR,BANK_TRANSFER,SUCCESS,VENDPAY_00000261
VPAY_000262,VINV_000262,VEND_000079,2025-10-21T02:37:00,BANK_003,121575.40,INR,BANK_TRANSFER,SUCCESS,VENDPAY_00000262
VPAY_000263,VINV_000263,VEND_000090,2025-10-22T23:37:00,BANK_003,146576.06,INR,BANK_TRANSFER,SUCCESS,VENDPAY_00000263
VPAY_000264,VINV_000264,VEND_000018,2025-10-21T02:24:00,BANK_003,67126.66,INR,BANK_TRANSFER,SUCCESS,VENDPAY_00000264
VPAY_000265,VINV_000265,VEND_000015,2025-10-25T02:17:00,BANK_003,83164.04,INR,BANK_TRANSFER,SUCCESS,VENDPAY_00000265
VPAY_000266,VINV_000266,VEND_000050,2025-10-13T21:36:00,BANK_003,193424.42,INR,BANK_TRANSFER,SUCCESS,VENDPAY_00000266
VPAY_000267,VINV_000267,VEND_000076,2025-10-12T02:59:00,BANK_003,100898.26,INR,BANK_TRANSFER,SUCCESS,VENDPAY_00000267
VPAY_000268,VINV_000268,VEND_000063,2025-10-16T02:09:00,BANK_003,243539.02,INR,BANK_TRANSFER,SUCCESS,VENDPAY_00000268
VPAY_000269,VINV_000269,VEND_000089,2025-10-08T19:57:00,BANK_003,167715.76,INR,BANK_TRANSFER,SUCCESS,VENDPAY_00000269
VPAY_000270,VINV_000270,VEND_000031,2025-10-03T00:50:00,BANK_003,165288.50,INR,BANK_TRANSFER,SUCCESS,VENDPAY_00000270
VPAY_000271,VINV_000271,VEND_000070,2025-10-30T19:45:00,BANK_003,252563.66,INR,BANK_TRANSFER,SUCCESS,VENDPAY_00000271
VPAY_000272,VINV_000272,VEND_000036,2025-10-06T03:20:00,BANK_003,111813.26,INR,BANK_TRANSFER,SUCCESS,VENDPAY_00000272
VPAY_000273,VINV_000273,VEND_000012,2025-10-04T01:20:00,BANK_003,258113.20,INR,BANK_TRANSFER,SUCCESS,VENDPAY_00000273
VPAY_000274,VINV_000274,VEND_000007,2025-10-25T02:56:00,BANK_003,132427.00,INR,BANK_TRANSFER,SUCCESS,VENDPAY_00000274
VPAY_000275,VINV_000275,VEND_000009,2025-10-20T22:36:00,BANK_003,224532.76,INR,BANK_TRANSFER,SUCCESS,VENDPAY_00000275
VPAY_000276,VINV_000276,VEND_000030,2025-10-07T02:57:00,BANK_003,154732.22,INR,BANK_TRANSFER,SUCCESS,VENDPAY_00000276
VPAY_000277,VINV_000277,VEND_000036,2025-10-01T23:19:00,BANK_003,97856.22,INR,BANK_TRANSFER,SUCCESS,VENDPAY_00000277
VPAY_000278,VINV_000278,VEND_000023,2025-11-02T20:30:00,BANK_003,87102.88,INR,BANK_TRANSFER,SUCCESS,VENDPAY_00000278
VPAY_000279,VINV_000279,VEND_000017,2025-10-28T23:43:00,BANK_003,48895.00,INR,BANK_TRANSFER,SUCCESS,VENDPAY_00000279
VPAY_000280,VINV_000280,VEND_000076,2025-10-04T20:52:00,BANK_003,153251.32,INR,BANK_TRANSFER,SUCCESS,VENDPAY_00000280
VPAY_000281,VINV_000281,VEND_000007,2025-11-10T03:25:00,BANK_003,78228.00,INR,BANK_TRANSFER,SUCCESS,VENDPAY_00000281
VPAY_000282,VINV_000282,VEND_000009,2025-11-01T00:15:00,BANK_003,200417.10,INR,BANK_TRANSFER,SUCCESS,VENDPAY_00000282
VPAY_000283,VINV_000283,VEND_000066,2025-10-06T02:43:00,BANK_003,236737.50,INR,BANK_TRANSFER,SUCCESS,VENDPAY_00000283
VPAY_000284,VINV_000284,VEND_000079,2025-10-25T22:14:00,BANK_003,66513.06,INR,BANK_TRANSFER,SUCCESS,VENDPAY_00000284
VPAY_000285,VINV_000285,VEND_000059,2025-09-27T21:58:00,BANK_003,252103.46,INR,BANK_TRANSFER,SUCCESS,VENDPAY_00000285
VPAY_000286,VINV_000286,VEND_000052,2025-10-20T01:05:00,BANK_003,184959.10,INR,BANK_TRANSFER,SUCCESS,VENDPAY_00000286
VPAY_000287,VINV_000287,VEND_000057,2025-10-05T00:12:00,BANK_003,75832.70,INR,BANK_TRANSFER,SUCCESS,VENDPAY_00000287
VPAY_000288,VINV_000288,VEND_000009,2025-10-23T03:34:00,BANK_003,92134.40,INR,BANK_TRANSFER,SUCCESS,VENDPAY_00000288
VPAY_000289,VINV_000289,VEND_000049,2025-10-14T02:40:00,BANK_003,237890.36,INR,BANK_TRANSFER,SUCCESS,VENDPAY_00000289
VPAY_000290,VINV_000290,VEND_000065,2025-10-16T01:35:00,BANK_003,240376.62,INR,BANK_TRANSFER,SUCCESS,VENDPAY_00000290
VPAY_000291,VINV_000291,VEND_000084,2025-11-04T23:22:00,BANK_003,254446.94,INR,BANK_TRANSFER,SUCCESS,VENDPAY_00000291
VPAY_000292,VINV_000292,VEND_000056,2025-10-25T01:28:00,BANK_003,192778.96,INR,BANK_TRANSFER,SUCCESS,VENDPAY_00000292
VPAY_000293,VINV_000293,VEND_000059,2025-10-16T03:31:00,BANK_003,176438.32,INR,BANK_TRANSFER,SUCCESS,VENDPAY_00000293
VPAY_000294,VINV_000294,VEND_000041,2025-10-15T02:24:00,BANK_003,185110.14,INR,BANK_TRANSFER,SUCCESS,VENDPAY_00000294
VPAY_000295,VINV_000295,VEND_000048,2025-10-23T22:30:00,BANK_003,100315.34,INR,BANK_TRANSFER,SUCCESS,VENDPAY_00000295
VPAY_000296,VINV_000296,VEND_000009,2025-10-21T01:00:00,BANK_003,81318.52,INR,BANK_TRANSFER,SUCCESS,VENDPAY_00000296
VPAY_000297,VINV_000297,VEND_000013,2025-10-17T21:08:00,BANK_003,168370.66,INR,BANK_TRANSFER,SUCCESS,VENDPAY_00000297
VPAY_000298,VINV_000298,VEND_000076,2025-10-20T21:47:00,BANK_003,226814.88,INR,BANK_TRANSFER,SUCCESS,VENDPAY_00000298
VPAY_000299,VINV_000299,VEND_000053,2025-10-23T21:52:00,BANK_003,137693.00,INR,BANK_TRANSFER,SUCCESS,VENDPAY_00000299
VPAY_000300,VINV_000300,VEND_000007,2025-11-05T23:40:00,BANK_003,120400.00,INR,BANK_TRANSFER,SUCCESS,VENDPAY_00000300
VPAY_000301,VINV_000301,VEND_000014,2025-11-03T01:54:00,BANK_003,231866.46,INR,BANK_TRANSFER,SUCCESS,VENDPAY_00000301
VPAY_000302,VINV_000302,VEND_000085,2025-10-22T02:14:00,BANK_003,202255.54,INR,BANK_TRANSFER,SUCCESS,VENDPAY_00000302
VPAY_000303,VINV_000303,VEND_000045,2025-10-14T03:02:00,BANK_003,225168.78,INR,BANK_TRANSFER,SUCCESS,VENDPAY_00000303
VPAY_000304,VINV_000304,VEND_000074,2025-10-15T21:09:00,BANK_003,123057.48,INR,BANK_TRANSFER,SUCCESS,VENDPAY_00000304
VPAY_000305,VINV_000305,VEND_000078,2025-11-08T23:31:00,BANK_003,256586.28,INR,BANK_TRANSFER,SUCCESS,VENDPAY_00000305
VPAY_000306,VINV_000306,VEND_000024,2025-10-25T01:54:00,BANK_003,137630.48,INR,BANK_TRANSFER,SUCCESS,VENDPAY_00000306
VPAY_000307,VINV_000307,VEND_000044,2025-10-02T20:39:00,BANK_003,161681.24,INR,BANK_TRANSFER,SUCCESS,VENDPAY_00000307
VPAY_000308,VINV_000308,VEND_000073,2025-10-26T19:06:00,BANK_003,256435.24,INR,BANK_TRANSFER,SUCCESS,VENDPAY_00000308
VPAY_000309,VINV_000309,VEND_000082,2025-10-19T20:05:00,BANK_003,62582.48,INR,BANK_TRANSFER,SUCCESS,VENDPAY_00000309
VPAY_000310,VINV_000310,VEND_000049,2025-10-17T01:30:00,BANK_003,182966.08,INR,BANK_TRANSFER,SUCCESS,VENDPAY_00000310
VPAY_000311,VINV_000311,VEND_000048,2025-10-26T01:56:00,BANK_003,149497.74,INR,BANK_TRANSFER,SUCCESS,VENDPAY_00000311
VPAY_000312,VINV_000312,VEND_000007,2025-10-22T21:58:00,BANK_003,85784.00,INR,BANK_TRANSFER,SUCCESS,VENDPAY_00000312
VPAY_000313,VINV_000313,VEND_000087,2025-10-06T02:07:00,BANK_003,78335.48,INR,BANK_TRANSFER,SUCCESS,VENDPAY_00000313
VPAY_000314,VINV_000314,VEND_000063,2025-10-17T03:24:00,BANK_003,240886.38,INR,BANK_TRANSFER,SUCCESS,VENDPAY_00000314
VPAY_000315,VINV_000315,VEND_000028,2025-10-05T22:51:00,BANK_003,211583.44,INR,BANK_TRANSFER,SUCCESS,VENDPAY_00000315
VPAY_000316,VINV_000316,VEND_000015,2025-11-08T02:59:00,BANK_003,140716.18,INR,BANK_TRANSFER,SUCCESS,VENDPAY_00000316
VPAY_000317,VINV_000317,VEND_000068,2025-10-12T02:59:00,BANK_003,259463.12,INR,BANK_TRANSFER,SUCCESS,VENDPAY_00000317
VPAY_000318,VINV_000318,VEND_000051,2025-10-18T21:04:00,BANK_003,238488.62,INR,BANK_TRANSFER,SUCCESS,VENDPAY_00000318
VPAY_000319,VINV_000319,VEND_000039,2025-10-22T01:25:00,BANK_003,118440.14,INR,BANK_TRANSFER,SUCCESS,VENDPAY_00000319
VPAY_000320,VINV_000320,VEND_000038,2025-10-06T01:44:00,BANK_003,154597.70,INR,BANK_TRANSFER,SUCCESS,VENDPAY_00000320
VPAY_000321,VINV_000321,VEND_000056,2025-10-21T23:36:00,BANK_003,107447.26,INR,BANK_TRANSFER,SUCCESS,VENDPAY_00000321
VPAY_000322,VINV_000322,VEND_000065,2025-10-25T21:06:00,BANK_003,225929.88,INR,BANK_TRANSFER,SUCCESS,VENDPAY_00000322
VPAY_000323,VINV_000323,VEND_000010,2025-10-26T00:38:00,BANK_003,175925.02,INR,BANK_TRANSFER,SUCCESS,VENDPAY_00000323
VPAY_000324,VINV_000324,VEND_000003,2025-10-04T23:56:00,BANK_003,195314.78,INR,BANK_TRANSFER,SUCCESS,VENDPAY_00000324
VPAY_000325,VINV_000325,VEND_000074,2025-10-24T01:42:00,BANK_003,185890.12,INR,BANK_TRANSFER,SUCCESS,VENDPAY_00000325
VPAY_000326,VINV_000326,VEND_000038,2025-10-14T02:54:00,BANK_003,88726.56,INR,BANK_TRANSFER,SUCCESS,VENDPAY_00000326
VPAY_000327,VINV_000327,VEND_000022,2025-11-02T23:31:00,BANK_003,244303.66,INR,BANK_TRANSFER,SUCCESS,VENDPAY_00000327
VPAY_000328,VINV_000328,VEND_000012,2025-10-05T22:55:00,BANK_003,188187.58,INR,BANK_TRANSFER,SUCCESS,VENDPAY_00000328
VPAY_000329,VINV_000329,VEND_000076,2025-10-15T21:45:00,BANK_003,176970.50,INR,BANK_TRANSFER,SUCCESS,VENDPAY_00000329
VPAY_000330,VINV_000330,VEND_000040,2025-10-24T00:11:00,BANK_003,158121.18,INR,BANK_TRANSFER,SUCCESS,VENDPAY_00000330
VPAY_000331,VINV_000331,VEND_000010,2025-10-23T00:53:00,BANK_003,211007.60,INR,BANK_TRANSFER,SUCCESS,VENDPAY_00000331
VPAY_000332,VINV_000332,VEND_000045,2025-10-23T01:39:00,BANK_003,161704.84,INR,BANK_TRANSFER,SUCCESS,VENDPAY_00000332
VPAY_000333,VINV_000333,VEND_000031,2025-10-06T22:24:00,BANK_003,84899.82,INR,BANK_TRANSFER,SUCCESS,VENDPAY_00000333
VPAY_000334,VINV_000334,VEND_000023,2025-10-22T01:21:00,BANK_003,239439.70,INR,BANK_TRANSFER,SUCCESS,VENDPAY_00000334
VPAY_000335,VINV_000335,VEND_000023,2025-11-02T00:22:00,BANK_003,247343.34,INR,BANK_TRANSFER,SUCCESS,VENDPAY_00000335
VPAY_000336,VINV_000336,VEND_000088,2025-10-19T00:27:00,BANK_003,227714.04,INR,BANK_TRANSFER,SUCCESS,VENDPAY_00000336
VPAY_000337,VINV_000337,VEND_000081,2025-10-21T20:57:00,BANK_003,150890.14,INR,BANK_TRANSFER,SUCCESS,VENDPAY_00000337
VPAY_000338,VINV_000338,VEND_000061,2025-10-23T23:14:00,BANK_003,189887.96,INR,BANK_TRANSFER,SUCCESS,VENDPAY_00000338
VPAY_000339,VINV_000339,VEND_000076,2025-10-14T02:26:00,BANK_003,70475.50,INR,BANK_TRANSFER,SUCCESS,VENDPAY_00000339
VPAY_000340,VINV_000340,VEND_000040,2025-11-01T00:07:00,BANK_003,195930.74,INR,BANK_TRANSFER,SUCCESS,VENDPAY_00000340
VPAY_000341,VINV_000341,VEND_000048,2025-10-04T19:57:00,BANK_003,141900.90,INR,BANK_TRANSFER,SUCCESS,VENDPAY_00000341
VPAY_000342,VINV_000342,VEND_000079,2025-10-19T02:47:00,BANK_003,236866.12,INR,BANK_TRANSFER,SUCCESS,VENDPAY_00000342
VPAY_000343,VINV_000343,VEND_000075,2025-11-10T00:34:00,BANK_003,224565.80,INR,BANK_TRANSFER,SUCCESS,VENDPAY_00000343
VPAY_000344,VINV_000344,VEND_000058,2025-10-23T00:18:00,BANK_003,229930.08,INR,BANK_TRANSFER,SUCCESS,VENDPAY_00000344
VPAY_000345,VINV_000345,VEND_000078,2025-11-03T02:10:00,BANK_003,200225.94,INR,BANK_TRANSFER,SUCCESS,VENDPAY_00000345
VPAY_000346,VINV_000346,VEND_000058,2025-10-13T01:43:00,BANK_003,85115.76,INR,BANK_TRANSFER,SUCCESS,VENDPAY_00000346
VPAY_000347,VINV_000347,VEND_000065,2025-10-07T20:42:00,BANK_003,252966.04,INR,BANK_TRANSFER,SUCCESS,VENDPAY_00000347
VPAY_000348,VINV_000348,VEND_000057,2025-10-19T00:14:00,BANK_003,189025.38,INR,BANK_TRANSFER,SUCCESS,VENDPAY_00000348
VPAY_000349,VINV_000349,VEND_000047,2025-10-26T21:26:00,BANK_003,168433.20,INR,BANK_TRANSFER,SUCCESS,VENDPAY_00000349
VPAY_000350,VINV_000350,VEND_000044,2025-10-06T02:57:00,BANK_003,238043.76,INR,BANK_TRANSFER,SUCCESS,VENDPAY_00000350
VPAY_000351,VINV_000351,VEND_000009,2025-10-15T21:59:00,BANK_003,155082.68,INR,BANK_TRANSFER,SUCCESS,VENDPAY_00000351
VPAY_000352,VINV_000352,VEND_000037,2025-11-10T02:31:00,BANK_003,131049.62,INR,BANK_TRANSFER,SUCCESS,VENDPAY_00000352
VPAY_000353,VINV_000353,VEND_000043,2025-11-04T22:38:00,BANK_003,78310.70,INR,BANK_TRANSFER,SUCCESS,VENDPAY_00000353
VPAY_000354,VINV_000354,VEND_000045,2025-10-22T21:37:00,BANK_003,149063.50,INR,BANK_TRANSFER,SUCCESS,VENDPAY_00000354
VPAY_000355,VINV_000355,VEND_000017,2025-11-09T01:22:00,BANK_003,200986.00,INR,BANK_TRANSFER,SUCCESS,VENDPAY_00000355
VPAY_000356,VINV_000356,VEND_000072,2025-10-19T23:18:00,BANK_003,169617.92,INR,BANK_TRANSFER,SUCCESS,VENDPAY_00000356
VPAY_000357,VINV_000357,VEND_000017,2025-10-19T23:35:00,BANK_003,182990.00,INR,BANK_TRANSFER,SUCCESS,VENDPAY_00000357
VPAY_000358,VINV_000358,VEND_000066,2025-10-03T00:57:00,BANK_003,165024.18,INR,BANK_TRANSFER,SUCCESS,VENDPAY_00000358
VPAY_000359,VINV_000359,VEND_000024,2025-10-16T00:52:00,BANK_003,119355.82,INR,BANK_TRANSFER,SUCCESS,VENDPAY_00000359
VPAY_000360,VINV_000360,VEND_000025,2025-10-06T22:16:00,BANK_003,123175.48,INR,BANK_TRANSFER,SUCCESS,VENDPAY_00000360
VPAY_000361,VINV_000361,VEND_000038,2025-10-20T21:31:00,BANK_003,84385.34,INR,BANK_TRANSFER,SUCCESS,VENDPAY_00000361
VPAY_000362,VINV_000362,VEND_000085,2025-11-05T19:11:00,BANK_003,157270.40,INR,BANK_TRANSFER,SUCCESS,VENDPAY_00000362
VPAY_000363,VINV_000363,VEND_000020,2025-10-22T23:01:00,BANK_003,103287.76,INR,BANK_TRANSFER,SUCCESS,VENDPAY_00000363
VPAY_000364,VINV_000364,VEND_000057,2025-10-15T22:27:00,BANK_003,66614.54,INR,BANK_TRANSFER,SUCCESS,VENDPAY_00000364
VPAY_000365,VINV_000365,VEND_000110,2025-10-12T00:27:00,BANK_003,65308.28,INR,BANK_TRANSFER,SUCCESS,VENDPAY_00000365
VPAY_000366,VINV_000366,VEND_000098,2025-10-19T00:18:00,BANK_003,58562.00,INR,BANK_TRANSFER,SUCCESS,VENDPAY_00000366
VPAY_000367,VINV_000367,VEND_000109,2025-10-02T21:06:00,BANK_003,89383.82,INR,BANK_TRANSFER,SUCCESS,VENDPAY_00000367
VPAY_000368,VINV_000368,VEND_000107,2025-10-16T22:18:00,BANK_003,102819.30,INR,BANK_TRANSFER,SUCCESS,VENDPAY_00000368
VPAY_000369,VINV_000369,VEND_000095,2025-09-24T22:48:00,BANK_003,59906.24,INR,BANK_TRANSFER,SUCCESS,VENDPAY_00000369
VPAY_000370,VINV_000370,VEND_000108,2025-10-10T21:02:00,BANK_003,37106.28,INR,BANK_TRANSFER,SUCCESS,VENDPAY_00000370
VPAY_000371,VINV_000371,VEND_000096,2025-10-06T01:58:00,BANK_003,63430.90,INR,BANK_TRANSFER,SUCCESS,VENDPAY_00000371
VPAY_000372,VINV_000372,VEND_000093,2025-10-06T23:43:00,BANK_003,47102.00,INR,BANK_TRANSFER,SUCCESS,VENDPAY_00000372
VPAY_000373,VINV_000373,VEND_000104,2025-10-15T22:19:00,BANK_003,24980.00,INR,BANK_TRANSFER,SUCCESS,VENDPAY_00000373
VPAY_000374,VINV_000374,VEND_000093,2025-09-27T01:33:00,BANK_003,67140.00,INR,BANK_TRANSFER,SUCCESS,VENDPAY_00000374
VPAY_000375,VINV_000375,VEND_000101,2025-09-28T03:34:00,BANK_003,43827.56,INR,BANK_TRANSFER,SUCCESS,VENDPAY_00000375
VPAY_000376,VINV_000376,VEND_000106,2025-10-25T21:16:00,BANK_003,42705.38,INR,BANK_TRANSFER,SUCCESS,VENDPAY_00000376
VPAY_000377,VINV_000377,VEND_000093,2025-10-02T00:42:00,BANK_003,20490.00,INR,BANK_TRANSFER,SUCCESS,VENDPAY_00000377
VPAY_000378,VINV_000378,VEND_000110,2025-10-01T20:10:00,BANK_003,102867.68,INR,BANK_TRANSFER,SUCCESS,VENDPAY_00000378
VPAY_000379,VINV_000379,VEND_000094,2025-10-03T03:09:00,BANK_003,28624.44,INR,BANK_TRANSFER,SUCCESS,VENDPAY_00000379
VPAY_000380,VINV_000380,VEND_000106,2025-09-29T22:37:00,BANK_003,104147.98,INR,BANK_TRANSFER,SUCCESS,VENDPAY_00000380
VPAY_000381,VINV_000381,VEND_000100,2025-09-28T22:43:00,BANK_003,87627.98,INR,BANK_TRANSFER,SUCCESS,VENDPAY_00000381
VPAY_000382,VINV_000382,VEND_000104,2025-10-20T02:06:00,BANK_003,42551.00,INR,BANK_TRANSFER,SUCCESS,VENDPAY_00000382
VPAY_000383,VINV_000383,VEND_000102,2025-10-13T01:03:00,BANK_003,31706.60,INR,BANK_TRANSFER,SUCCESS,VENDPAY_00000383
VPAY_000384,VINV_000384,VEND_000106,2025-10-24T02:30:00,BANK_003,27973.08,INR,BANK_TRANSFER,SUCCESS,VENDPAY_00000384
VPAY_000385,VINV_000385,VEND_000091,2025-09-25T22:16:00,BANK_003,76469.90,INR,BANK_TRANSFER,SUCCESS,VENDPAY_00000385
VPAY_000386,VINV_000386,VEND_000094,2025-10-17T00:15:00,BANK_003,111239.78,INR,BANK_TRANSFER,SUCCESS,VENDPAY_00000386
VPAY_000387,VINV_000387,VEND_000102,2025-10-04T00:18:00,BANK_003,105689.06,INR,BANK_TRANSFER,SUCCESS,VENDPAY_00000387
VPAY_000388,VINV_000388,VEND_000105,2025-10-09T03:36:00,BANK_003,95251.96,INR,BANK_TRANSFER,SUCCESS,VENDPAY_00000388
VPAY_000389,VINV_000389,VEND_000105,2025-09-27T21:32:00,BANK_003,26959.46,INR,BANK_TRANSFER,SUCCESS,VENDPAY_00000389
VPAY_000390,VINV_000390,VEND_000092,2025-10-13T00:55:00,BANK_003,70050.70,INR,BANK_TRANSFER,SUCCESS,VENDPAY_00000390
VPAY_000391,VINV_000391,VEND_000108,2025-09-30T03:06:00,BANK_003,94457.82,INR,BANK_TRANSFER,SUCCESS,VENDPAY_00000391
VPAY_000392,VINV_000392,VEND_000092,2025-10-10T21:34:00,BANK_003,72577.08,INR,BANK_TRANSFER,SUCCESS,VENDPAY_00000392
VPAY_000393,VINV_000393,VEND_000103,2025-09-27T22:56:00,BANK_003,89251.66,INR,BANK_TRANSFER,SUCCESS,VENDPAY_00000393
VPAY_000394,VINV_000394,VEND_000106,2025-10-15T01:59:00,BANK_003,78054.64,INR,BANK_TRANSFER,SUCCESS,VENDPAY_00000394
VPAY_000395,VINV_000395,VEND_000093,2025-10-10T03:47:00,BANK_003,74440.00,INR,BANK_TRANSFER,SUCCESS,VENDPAY_00000395
VPAY_000396,VINV_000396,VEND_000101,2025-09-27T00:58:00,BANK_003,37107.46,INR,BANK_TRANSFER,SUCCESS,VENDPAY_00000396
VPAY_000397,VINV_000397,VEND_000110,2025-09-23T22:20:00,BANK_003,87144.18,INR,BANK_TRANSFER,SUCCESS,VENDPAY_00000397
VPAY_000398,VINV_000398,VEND_000092,2025-10-22T23:09:00,BANK_003,75767.80,INR,BANK_TRANSFER,SUCCESS,VENDPAY_00000398
VPAY_000399,VINV_000399,VEND_000092,2025-10-24T22:02:00,BANK_003,32845.30,INR,BANK_TRANSFER,SUCCESS,VENDPAY_00000399
VPAY_000400,VINV_000400,VEND_000096,2025-09-28T02:01:00,BANK_003,26055.58,INR,BANK_TRANSFER,SUCCESS,VENDPAY_00000400
VPAY_000401,VINV_000401,VEND_000093,2025-10-14T00:14:00,BANK_003,48932.00,INR,BANK_TRANSFER,SUCCESS,VENDPAY_00000401
VPAY_000402,VINV_000402,VEND_000109,2025-10-07T20:47:00,BANK_003,26247.92,INR,BANK_TRANSFER,SUCCESS,VENDPAY_00000402
VPAY_000403,VINV_000403,VEND_000102,2025-09-29T00:37:00,BANK_003,89901.84,INR,BANK_TRANSFER,SUCCESS,VENDPAY_00000403
VPAY_000404,VINV_000404,VEND_000103,2025-10-06T01:39:00,BANK_003,69864.26,INR,BANK_TRANSFER,SUCCESS,VENDPAY_00000404
VPAY_000405,VINV_000405,VEND_000091,2025-10-07T02:37:00,BANK_003,50014.30,INR,BANK_TRANSFER,SUCCESS,VENDPAY_00000405
VPAY_000406,VINV_000406,VEND_000094,2025-09-30T22:32:00,BANK_003,61726.98,INR,BANK_TRANSFER,SUCCESS,VENDPAY_00000406
VPAY_000407,VINV_000407,VEND_000110,2025-10-11T03:24:00,BANK_003,65408.58,INR,BANK_TRANSFER,SUCCESS,VENDPAY_00000407
VPAY_000408,VINV_000408,VEND_000095,2025-10-07T22:34:00,BANK_003,32693.08,INR,BANK_TRANSFER,SUCCESS,VENDPAY_00000408
VPAY_000409,VINV_000409,VEND_000101,2025-10-16T01:53:00,BANK_003,74973.66,INR,BANK_TRANSFER,SUCCESS,VENDPAY_00000409
VPAY_000410,VINV_000410,VEND_000096,2025-10-07T22:28:00,BANK_003,48165.24,INR,BANK_TRANSFER,SUCCESS,VENDPAY_00000410
VPAY_000411,VINV_000411,VEND_000097,2025-10-08T21:33:00,BANK_003,42718.36,INR,BANK_TRANSFER,SUCCESS,VENDPAY_00000411
VPAY_000412,VINV_000412,VEND_000108,2025-09-26T03:00:00,BANK_003,109750.62,INR,BANK_TRANSFER,SUCCESS,VENDPAY_00000412
VPAY_000413,VINV_000413,VEND_000093,2025-10-03T02:42:00,BANK_003,26617.00,INR,BANK_TRANSFER,SUCCESS,VENDPAY_00000413
VPAY_000414,VINV_000414,VEND_000104,2025-10-05T21:30:00,BANK_003,93353.00,INR,BANK_TRANSFER,SUCCESS,VENDPAY_00000414
VPAY_000415,VINV_000415,VEND_000105,2025-10-10T01:16:00,BANK_003,93287.26,INR,BANK_TRANSFER,SUCCESS,VENDPAY_00000415
VPAY_000416,VINV_000416,VEND_000108,2025-09-23T04:00:00,BANK_003,49383.00,INR,BANK_TRANSFER,SUCCESS,VENDPAY_00000416
VPAY_000417,VINV_000417,VEND_000107,2025-10-12T20:24:00,BANK_003,44906.08,INR,BANK_TRANSFER,SUCCESS,VENDPAY_00000417
VPAY_000418,VINV_000418,VEND_000098,2025-10-19T20:57:00,BANK_003,63353.00,INR,BANK_TRANSFER,SUCCESS,VENDPAY_00000418
VPAY_000419,VINV_000419,VEND_000099,2025-10-24T00:24:00,BANK_003,51600.22,INR,BANK_TRANSFER,SUCCESS,VENDPAY_00000419
VPAY_000420,VINV_000420,VEND_000100,2025-10-03T00:52:00,BANK_003,103750.32,INR,BANK_TRANSFER,SUCCESS,VENDPAY_00000420
VPAY_000421,VINV_000421,VEND_000109,2025-09-20T02:53:00,BANK_003,45087.80,INR,BANK_TRANSFER,SUCCESS,VENDPAY_00000421
VPAY_000422,VINV_000422,VEND_000109,2025-09-13T23:37:00,BANK_003,27610.82,INR,BANK_TRANSFER,SUCCESS,VENDPAY_00000422
VPAY_000423,VINV_000423,VEND_000109,2025-10-09T01:17:00,BANK_003,62171.84,INR,BANK_TRANSFER,SUCCESS,VENDPAY_00000423
VPAY_000424,VINV_000424,VEND_000091,2025-10-13T21:01:00,BANK_003,98268.04,INR,BANK_TRANSFER,SUCCESS,VENDPAY_00000424
VPAY_000425,VINV_000425,VEND_000100,2025-10-10T02:27:00,BANK_003,95934.00,INR,BANK_TRANSFER,SUCCESS,VENDPAY_00000425
VPAY_000426,VINV_000426,VEND_000093,2025-09-29T03:13:00,BANK_003,25852.00,INR,BANK_TRANSFER,SUCCESS,VENDPAY_00000426
VPAY_000427,VINV_000427,VEND_000097,2025-10-23T00:16:00,BANK_003,73855.02,INR,BANK_TRANSFER,SUCCESS,VENDPAY_00000427
VPAY_000428,VINV_000428,VEND_000101,2025-10-06T01:18:00,BANK_003,74656.24,INR,BANK_TRANSFER,SUCCESS,VENDPAY_00000428
VPAY_000429,VINV_000429,VEND_000094,2025-10-01T04:22:00,BANK_003,70595.86,INR,BANK_TRANSFER,SUCCESS,VENDPAY_00000429
VPAY_000430,VINV_000430,VEND_000098,2025-10-07T01:08:00,BANK_003,36465.00,INR,BANK_TRANSFER,SUCCESS,VENDPAY_00000430
VPAY_000431,VINV_000431,VEND_000110,2025-09-25T22:10:00,BANK_003,85909.90,INR,BANK_TRANSFER,SUCCESS,VENDPAY_00000431
VPAY_000432,VINV_000432,VEND_000109,2025-09-25T03:21:00,BANK_003,69605.84,INR,BANK_TRANSFER,SUCCESS,VENDPAY_00000432
VPAY_000433,VINV_000433,VEND_000107,2025-10-16T02:10:00,BANK_003,93439.48,INR,BANK_TRANSFER,SUCCESS,VENDPAY_00000433
VPAY_000434,VINV_000434,VEND_000093,2025-10-09T22:33:00,BANK_003,69543.00,INR,BANK_TRANSFER,SUCCESS,VENDPAY_00000434
VPAY_000435,VINV_000435,VEND_000102,2025-09-24T21:51:00,BANK_003,28764.86,INR,BANK_TRANSFER,SUCCESS,VENDPAY_00000435
VPAY_000436,VINV_000436,VEND_000106,2025-10-21T01:22:00,BANK_003,65434.54,INR,BANK_TRANSFER,SUCCESS,VENDPAY_00000436
VPAY_000437,VINV_000437,VEND_000099,2025-10-15T22:38:00,BANK_003,77812.74,INR,BANK_TRANSFER,SUCCESS,VENDPAY_00000437
VPAY_000438,VINV_000438,VEND_000109,2025-09-21T23:34:00,BANK_003,108132.84,INR,BANK_TRANSFER,SUCCESS,VENDPAY_00000438
VPAY_000439,VINV_000439,VEND_000107,2025-10-20T21:28:00,BANK_003,90893.04,INR,BANK_TRANSFER,SUCCESS,VENDPAY_00000439
VPAY_000440,VINV_000440,VEND_000094,2025-10-08T04:19:00,BANK_003,82162.22,INR,BANK_TRANSFER,SUCCESS,VENDPAY_00000440
VPAY_000441,VINV_000441,VEND_000102,2025-09-30T04:21:00,BANK_003,43552.62,INR,BANK_TRANSFER,SUCCESS,VENDPAY_00000441
VPAY_000442,VINV_000442,VEND_000092,2025-10-11T02:40:00,BANK_003,27258.00,INR,BANK_TRANSFER,SUCCESS,VENDPAY_00000442
VPAY_000443,VINV_000443,VEND_000107,2025-10-09T23:06:00,BANK_003,91919.64,INR,BANK_TRANSFER,SUCCESS,VENDPAY_00000443
VPAY_000444,VINV_000444,VEND_000110,2025-09-20T01:15:00,BANK_003,70505.00,INR,BANK_TRANSFER,SUCCESS,VENDPAY_00000444
VPAY_000445,VINV_000445,VEND_000107,2025-10-20T20:53:00,BANK_003,100074.62,INR,BANK_TRANSFER,SUCCESS,VENDPAY_00000445
VPAY_000446,VINV_000446,VEND_000091,2025-10-04T01:12:00,BANK_003,78211.58,INR,BANK_TRANSFER,SUCCESS,VENDPAY_00000446
VPAY_000447,VINV_000447,VEND_000109,2025-10-11T21:18:00,BANK_003,68825.86,INR,BANK_TRANSFER,SUCCESS,VENDPAY_00000447
VPAY_000448,VINV_000448,VEND_000099,2025-10-21T21:55:00,BANK_003,110708.78,INR,BANK_TRANSFER,SUCCESS,VENDPAY_00000448
VPAY_000449,VINV_000449,VEND_000096,2025-10-13T22:25:00,BANK_003,102320.16,INR,BANK_TRANSFER,SUCCESS,VENDPAY_00000449
VPAY_000450,VINV_000450,VEND_000098,2025-10-22T03:13:00,BANK_003,22138.00,INR,BANK_TRANSFER,SUCCESS,VENDPAY_00000450
VPAY_000451,VINV_000451,VEND_000105,2025-10-01T20:37:00,BANK_003,69756.88,INR,BANK_TRANSFER,SUCCESS,VENDPAY_00000451
VPAY_000452,VINV_000452,VEND_000104,2025-10-26T00:18:00,BANK_003,83774.00,INR,BANK_TRANSFER,SUCCESS,VENDPAY_00000452
VPAY_000453,VINV_000453,VEND_000092,2025-10-19T22:16:00,BANK_003,42595.64,INR,BANK_TRANSFER,SUCCESS,VENDPAY_00000453
VPAY_000454,VINV_000454,VEND_000106,2025-10-16T02:05:00,BANK_003,102512.50,INR,BANK_TRANSFER,SUCCESS,VENDPAY_00000454
VPAY_000455,VINV_000455,VEND_000108,2025-10-03T20:37:00,BANK_003,74185.42,INR,BANK_TRANSFER,SUCCESS,VENDPAY_00000455
VPAY_000456,VINV_000456,VEND_000097,2025-10-12T04:08:00,BANK_003,59366.98,INR,BANK_TRANSFER,SUCCESS,VENDPAY_00000456
VPAY_000457,VINV_000457,VEND_000100,2025-10-25T22:36:00,BANK_003,65938.40,INR,BANK_TRANSFER,SUCCESS,VENDPAY_00000457
VPAY_000458,VINV_000458,VEND_000102,2025-10-17T00:41:00,BANK_003,107927.52,INR,BANK_TRANSFER,SUCCESS,VENDPAY_00000458
VPAY_000459,VINV_000459,VEND_000108,2025-10-01T02:35:00,BANK_003,79965.06,INR,BANK_TRANSFER,SUCCESS,VENDPAY_00000459
VPAY_000460,VINV_000460,VEND_000095,2025-09-25T01:22:00,BANK_003,66162.60,INR,BANK_TRANSFER,SUCCESS,VENDPAY_00000460
VPAY_000461,VINV_000461,VEND_000105,2025-10-12T02:48:00,BANK_003,60902.16,INR,BANK_TRANSFER,SUCCESS,VENDPAY_00000461
VPAY_000462,VINV_000462,VEND_000108,2025-10-05T23:05:00,BANK_003,63173.66,INR,BANK_TRANSFER,SUCCESS,VENDPAY_00000462
VPAY_000463,VINV_000463,VEND_000110,2025-09-24T01:34:00,BANK_003,112002.06,INR,BANK_TRANSFER,SUCCESS,VENDPAY_00000463
VPAY_000464,VINV_000464,VEND_000107,2025-10-27T02:22:00,BANK_003,56143.22,INR,BANK_TRANSFER,SUCCESS,VENDPAY_00000464
VPAY_000465,VINV_000465,VEND_000101,2025-09-26T22:02:00,BANK_003,94303.24,INR,BANK_TRANSFER,SUCCESS,VENDPAY_00000465
VPAY_000466,VINV_000466,VEND_000108,2025-10-02T02:33:00,BANK_003,45667.18,INR,BANK_TRANSFER,SUCCESS,VENDPAY_00000466
VPAY_000467,VINV_000467,VEND_000097,2025-10-08T21:59:00,BANK_003,65665.82,INR,BANK_TRANSFER,SUCCESS,VENDPAY_00000467
VPAY_000468,VINV_000468,VEND_000093,2025-10-01T01:35:00,BANK_003,93252.00,INR,BANK_TRANSFER,SUCCESS,VENDPAY_00000468
VPAY_000469,VINV_000469,VEND_000096,2025-09-28T23:12:00,BANK_003,85872.14,INR,BANK_TRANSFER,SUCCESS,VENDPAY_00000469
VPAY_000470,VINV_000470,VEND_000103,2025-09-24T04:11:00,BANK_003,97857.40,INR,BANK_TRANSFER,SUCCESS,VENDPAY_00000470
VPAY_000471,VINV_000471,VEND_000091,2025-10-11T22:47:00,BANK_003,67389.80,INR,BANK_TRANSFER,SUCCESS,VENDPAY_00000471
VPAY_000472,VINV_000472,VEND_000101,2025-10-06T21:23:00,BANK_003,65251.64,INR,BANK_TRANSFER,SUCCESS,VENDPAY_00000472
VPAY_000473,VINV_000473,VEND_000095,2025-10-07T22:55:00,BANK_003,99223.84,INR,BANK_TRANSFER,SUCCESS,VENDPAY_00000473
VPAY_000474,VINV_000474,VEND_000101,2025-10-16T22:40:00,BANK_003,46371.64,INR,BANK_TRANSFER,SUCCESS,VENDPAY_00000474
VPAY_000475,VINV_000475,VEND_000091,2025-10-02T23:22:00,BANK_003,73378.30,INR,BANK_TRANSFER,SUCCESS,VENDPAY_00000475
VPAY_000476,VINV_000476,VEND_000103,2025-10-05T02:43:00,BANK_003,87389.62,INR,BANK_TRANSFER,SUCCESS,VENDPAY_00000476
VPAY_000477,VINV_000477,VEND_000094,2025-09-27T23:58:00,BANK_003,49818.42,INR,BANK_TRANSFER,SUCCESS,VENDPAY_00000477
VPAY_000478,VINV_000478,VEND_000091,2025-10-06T03:29:00,BANK_003,61573.58,INR,BANK_TRANSFER,SUCCESS,VENDPAY_00000478
VPAY_000479,VINV_000479,VEND_000101,2025-10-12T01:37:00,BANK_003,67939.68,INR,BANK_TRANSFER,SUCCESS,VENDPAY_00000479
VPAY_000480,VINV_000480,VEND_000102,2025-09-25T00:05:00,BANK_003,57786.96,INR,BANK_TRANSFER,SUCCESS,VENDPAY_00000480
VPAY_000481,VINV_000481,VEND_000096,2025-10-15T04:01:00,BANK_003,83942.84,INR,BANK_TRANSFER,SUCCESS,VENDPAY_00000481
VPAY_000482,VINV_000482,VEND_000100,2025-10-23T02:46:00,BANK_003,78085.32,INR,BANK_TRANSFER,SUCCESS,VENDPAY_00000482
VPAY_000483,VINV_000483,VEND_000106,2025-10-17T23:39:00,BANK_003,44932.04,INR,BANK_TRANSFER,SUCCESS,VENDPAY_00000483
VPAY_000484,VINV_000484,VEND_000108,2025-09-30T23:46:00,BANK_003,94060.16,INR,BANK_TRANSFER,SUCCESS,VENDPAY_00000484
VPAY_000485,VINV_000485,VEND_000110,2025-10-05T04:23:00,BANK_003,33901.40,INR,BANK_TRANSFER,SUCCESS,VENDPAY_00000485
VPAY_000486,VINV_000486,VEND_000109,2025-09-19T22:38:00,BANK_003,38594.26,INR,BANK_TRANSFER,SUCCESS,VENDPAY_00000486
VPAY_000487,VINV_000487,VEND_000095,2025-10-03T22:12:00,BANK_003,46687.88,INR,BANK_TRANSFER,SUCCESS,VENDPAY_00000487
VPAY_000488,VINV_000488,VEND_000097,2025-10-17T00:33:00,BANK_003,111432.12,INR,BANK_TRANSFER,SUCCESS,VENDPAY_00000488
VPAY_000489,VINV_000489,VEND_000105,2025-10-06T02:31:00,BANK_003,41646.92,INR,BANK_TRANSFER,SUCCESS,VENDPAY_00000489
VPAY_000490,VINV_000490,VEND_000108,2025-10-11T04:47:00,BANK_003,92752.72,INR,BANK_TRANSFER,SUCCESS,VENDPAY_00000490
VPAY_000491,VINV_000491,VEND_000103,2025-09-18T21:13:00,BANK_003,60595.36,INR,BANK_TRANSFER,SUCCESS,VENDPAY_00000491
VPAY_000492,VINV_000492,VEND_000092,2025-10-10T01:59:00,BANK_003,86770.12,INR,BANK_TRANSFER,SUCCESS,VENDPAY_00000492
VPAY_000493,VINV_000493,VEND_000092,2025-10-18T21:25:00,BANK_003,31914.28,INR,BANK_TRANSFER,SUCCESS,VENDPAY_00000493
VPAY_000494,VINV_000494,VEND_000095,2025-10-05T02:56:00,BANK_003,86254.46,INR,BANK_TRANSFER,SUCCESS,VENDPAY_00000494
VPAY_000495,VINV_000495,VEND_000103,2025-09-17T22:51:00,BANK_003,79338.48,INR,BANK_TRANSFER,SUCCESS,VENDPAY_00000495
VPAY_000496,VINV_000496,VEND_000102,2025-09-24T23:22:00,BANK_003,39587.82,INR,BANK_TRANSFER,SUCCESS,VENDPAY_00000496
VPAY_000497,VINV_000497,VEND_000098,2025-10-04T03:58:00,BANK_003,18455.00,INR,BANK_TRANSFER,SUCCESS,VENDPAY_00000497
VPAY_000498,VINV_000498,VEND_000108,2025-10-04T20:40:00,BANK_003,86837.38,INR,BANK_TRANSFER,SUCCESS,VENDPAY_00000498
VPAY_000499,VINV_000499,VEND_000102,2025-10-01T22:47:00,BANK_003,45231.76,INR,BANK_TRANSFER,SUCCESS,VENDPAY_00000499
VPAY_000500,VINV_000500,VEND_000104,2025-10-14T02:20:00,BANK_003,20050.00,INR,BANK_TRANSFER,SUCCESS,VENDPAY_00000500
VPAY_000501,VINV_000501,VEND_000092,2025-10-23T00:02:00,BANK_003,90287.70,INR,BANK_TRANSFER,SUCCESS,VENDPAY_00000501
VPAY_000502,VINV_000502,VEND_000092,2025-10-16T02:54:00,BANK_003,83455.50,INR,BANK_TRANSFER,SUCCESS,VENDPAY_00000502
VPAY_000503,VINV_000503,VEND_000092,2025-10-20T03:22:00,BANK_003,42913.06,INR,BANK_TRANSFER,SUCCESS,VENDPAY_00000503
VPAY_000504,VINV_000504,VEND_000109,2025-10-02T21:18:00,BANK_003,70562.82,INR,BANK_TRANSFER,SUCCESS,VENDPAY_00000504
VPAY_000505,VINV_000505,VEND_000095,2025-10-01T00:11:00,BANK_003,101858.78,INR,BANK_TRANSFER,SUCCESS,VENDPAY_00000505
VPAY_000506,VINV_000506,VEND_000108,2025-10-04T21:22:00,BANK_003,48326.90,INR,BANK_TRANSFER,SUCCESS,VENDPAY_00000506
VPAY_000507,VINV_000507,VEND_000092,2025-10-24T02:53:00,BANK_003,74508.74,INR,BANK_TRANSFER,SUCCESS,VENDPAY_00000507
VPAY_000508,VINV_000508,VEND_000101,2025-10-06T21:42:00,BANK_003,85630.24,INR,BANK_TRANSFER,SUCCESS,VENDPAY_00000508
VPAY_000509,VINV_000509,VEND_000108,2025-09-26T21:18:00,BANK_003,94476.70,INR,BANK_TRANSFER,SUCCESS,VENDPAY_00000509
VPAY_000510,VINV_000510,VEND_000095,2025-09-24T21:15:00,BANK_003,92853.02,INR,BANK_TRANSFER,SUCCESS,VENDPAY_00000510
VPAY_000511,VINV_000511,VEND_000108,2025-09-23T01:40:00,BANK_003,103211.06,INR,BANK_TRANSFER,SUCCESS,VENDPAY_00000511
VPAY_000512,VINV_000512,VEND_000101,2025-10-08T02:44:00,BANK_003,33468.34,INR,BANK_TRANSFER,SUCCESS,VENDPAY_00000512
VPAY_000513,VINV_000513,VEND_000097,2025-10-09T22:13:00,BANK_003,29210.90,INR,BANK_TRANSFER,SUCCESS,VENDPAY_00000513
VPAY_000514,VINV_000514,VEND_000097,2025-10-10T01:38:00,BANK_003,107673.82,INR,BANK_TRANSFER,SUCCESS,VENDPAY_00000514
VPAY_000515,VINV_000515,VEND_000101,2025-09-19T02:05:00,BANK_003,68132.02,INR,BANK_TRANSFER,SUCCESS,VENDPAY_00000515
VPAY_000516,VINV_000516,VEND_000094,2025-10-01T04:28:00,BANK_003,95312.14,INR,BANK_TRANSFER,SUCCESS,VENDPAY_00000516
VPAY_000517,VINV_000517,VEND_000098,2025-10-13T23:40:00,BANK_003,90362.00,INR,BANK_TRANSFER,SUCCESS,VENDPAY_00000517
VPAY_000518,VINV_000518,VEND_000108,2025-09-23T20:34:00,BANK_003,76803.84,INR,BANK_TRANSFER,SUCCESS,VENDPAY_00000518
VPAY_000519,VINV_000519,VEND_000106,2025-10-07T00:47:00,BANK_003,93314.40,INR,BANK_TRANSFER,SUCCESS,VENDPAY_00000519
VPAY_000520,VINV_000520,VEND_000101,2025-10-02T03:12:00,BANK_003,52656.32,INR,BANK_TRANSFER,SUCCESS,VENDPAY_00000520
VPAY_000521,VINV_000521,VEND_000098,2025-10-04T00:18:00,BANK_003,37126.00,INR,BANK_TRANSFER,SUCCESS,VENDPAY_00000521
VPAY_000522,VINV_000522,VEND_000097,2025-10-10T23:42:00,BANK_003,72258.48,INR,BANK_TRANSFER,SUCCESS,VENDPAY_00000522
VPAY_000523,VINV_000523,VEND_000101,2025-10-08T21:41:00,BANK_003,61039.04,INR,BANK_TRANSFER,SUCCESS,VENDPAY_00000523
VPAY_000524,VINV_000524,VEND_000102,2025-09-28T00:53:00,BANK_003,47418.30,INR,BANK_TRANSFER,SUCCESS,VENDPAY_00000524
VPAY_000525,VINV_000525,VEND_000108,2025-10-05T02:58:00,BANK_003,30323.64,INR,BANK_TRANSFER,SUCCESS,VENDPAY_00000525
VPAY_000526,VINV_000526,VEND_000092,2025-10-17T04:05:00,BANK_003,22226.48,INR,BANK_TRANSFER,SUCCESS,VENDPAY_00000526
VPAY_000527,VINV_000527,VEND_000095,2025-10-01T23:03:00,BANK_003,22653.64,INR,BANK_TRANSFER,SUCCESS,VENDPAY_00000527
VPAY_000528,VINV_000528,VEND_000110,2025-10-10T02:30:00,BANK_003,95974.12,INR,BANK_TRANSFER,SUCCESS,VENDPAY_00000528
VPAY_000529,VINV_000529,VEND_000108,2025-09-19T00:52:00,BANK_003,84858.52,INR,BANK_TRANSFER,SUCCESS,VENDPAY_00000529
VPAY_000530,VINV_000530,VEND_000100,2025-10-15T22:19:00,BANK_003,23890.28,INR,BANK_TRANSFER,SUCCESS,VENDPAY_00000530
VPAY_000531,VINV_000531,VEND_000096,2025-09-26T23:07:00,BANK_003,37790.68,INR,BANK_TRANSFER,SUCCESS,VENDPAY_00000531
VPAY_000532,VINV_000532,VEND_000110,2025-09-26T21:57:00,BANK_003,102663.54,INR,BANK_TRANSFER,SUCCESS,VENDPAY_00000532
VPAY_000533,VINV_000533,VEND_000103,2025-09-30T00:44:00,BANK_003,33461.26,INR,BANK_TRANSFER,SUCCESS,VENDPAY_00000533
VPAY_000534,VINV_000534,VEND_000098,2025-10-25T03:02:00,BANK_003,57318.00,INR,BANK_TRANSFER,SUCCESS,VENDPAY_00000534
VPAY_000535,VINV_000535,VEND_000092,2025-10-16T01:52:00,BANK_003,35700.90,INR,BANK_TRANSFER,SUCCESS,VENDPAY_00000535
VPAY_000536,VINV_000536,VEND_000092,2025-10-23T02:27:00,BANK_003,22700.84,INR,BANK_TRANSFER,SUCCESS,VENDPAY_00000536
VPAY_000537,VINV_000537,VEND_000104,2025-10-21T20:58:00,BANK_003,61420.00,INR,BANK_TRANSFER,SUCCESS,VENDPAY_00000537
VPAY_000538,VINV_000538,VEND_000092,2025-10-10T03:20:00,BANK_003,56775.70,INR,BANK_TRANSFER,SUCCESS,VENDPAY_00000538
VPAY_000539,VINV_000539,VEND_000093,2025-10-10T22:37:00,BANK_003,54749.00,INR,BANK_TRANSFER,SUCCESS,VENDPAY_00000539
VPAY_000540,VINV_000540,VEND_000101,2025-09-25T03:39:00,BANK_003,23661.36,INR,BANK_TRANSFER,SUCCESS,VENDPAY_00000540
VPAY_000541,VINV_000541,VEND_000103,2025-09-26T01:33:00,BANK_003,33139.12,INR,BANK_TRANSFER,SUCCESS,VENDPAY_00000541
VPAY_000542,VINV_000542,VEND_000103,2025-09-28T21:02:00,BANK_003,104845.36,INR,BANK_TRANSFER,SUCCESS,VENDPAY_00000542
VPAY_000543,VINV_000543,VEND_000093,2025-10-13T01:45:00,BANK_003,83639.00,INR,BANK_TRANSFER,SUCCESS,VENDPAY_00000543
VPAY_000544,VINV_000544,VEND_000098,2025-10-13T22:14:00,BANK_003,27963.00,INR,BANK_TRANSFER,SUCCESS,VENDPAY_00000544
VPAY_000545,VINV_000545,VEND_000101,2025-10-11T02:37:00,BANK_003,25821.94,INR,BANK_TRANSFER,SUCCESS,VENDPAY_00000545
VPAY_000546,VINV_000546,VEND_000102,2025-10-05T23:34:00,BANK_003,106774.66,INR,BANK_TRANSFER,SUCCESS,VENDPAY_00000546
VPAY_000547,VINV_000547,VEND_000148,2025-10-04T04:38:00,BANK_003,111595.00,INR,BANK_TRANSFER,SUCCESS,VENDPAY_00000547
VPAY_000548,VINV_000548,VEND_000126,2025-10-05T22:21:00,BANK_003,139792.24,INR,BANK_TRANSFER,SUCCESS,VENDPAY_00000548
VPAY_000549,VINV_000549,VEND_000120,2025-10-11T05:00:00,BANK_003,88272.26,INR,BANK_TRANSFER,SUCCESS,VENDPAY_00000549
VPAY_000550,VINV_000550,VEND_000041,2025-11-07T02:17:00,BANK_003,164674.90,INR,BANK_TRANSFER,SUCCESS,VENDPAY_00000550
VPAY_000551,VINV_000551,VEND_000040,2025-11-27T02:59:00,BANK_003,190669.12,INR,BANK_TRANSFER,SUCCESS,VENDPAY_00000551
VPAY_000552,VINV_000552,VEND_000014,2025-11-19T02:16:00,BANK_003,94087.30,INR,BANK_TRANSFER,SUCCESS,VENDPAY_00000552
VPAY_000553,VINV_000553,VEND_000058,2025-11-19T01:14:00,BANK_003,225391.80,INR,BANK_TRANSFER,SUCCESS,VENDPAY_00000553
VPAY_000554,VINV_000554,VEND_000014,2025-11-18T20:57:00,BANK_003,61223.12,INR,BANK_TRANSFER,SUCCESS,VENDPAY_00000554
VPAY_000555,VINV_000555,VEND_000077,2025-11-12T00:49:00,BANK_003,238092.14,INR,BANK_TRANSFER,SUCCESS,VENDPAY_00000555
VPAY_000556,VINV_000556,VEND_000002,2025-11-28T00:56:00,BANK_003,143377.08,INR,BANK_TRANSFER,SUCCESS,VENDPAY_00000556
VPAY_000557,VINV_000557,VEND_000072,2025-11-19T23:23:00,BANK_003,128186.94,INR,BANK_TRANSFER,SUCCESS,VENDPAY_00000557
VPAY_000558,VINV_000558,VEND_000088,2025-11-02T19:31:00,BANK_003,170871.08,INR,BANK_TRANSFER,SUCCESS,VENDPAY_00000558
VPAY_000559,VINV_000559,VEND_000039,2025-12-02T00:38:00,BANK_003,136125.98,INR,BANK_TRANSFER,SUCCESS,VENDPAY_00000559
VPAY_000560,VINV_000560,VEND_000022,2025-11-24T22:05:00,BANK_003,187557.46,INR,BANK_TRANSFER,SUCCESS,VENDPAY_00000560
VPAY_000561,VINV_000561,VEND_000062,2025-11-12T20:35:00,BANK_003,65164.00,INR,BANK_TRANSFER,SUCCESS,VENDPAY_00000561
VPAY_000562,VINV_000562,VEND_000081,2025-12-06T03:12:00,BANK_003,206465.78,INR,BANK_TRANSFER,SUCCESS,VENDPAY_00000562
VPAY_000563,VINV_000563,VEND_000059,2025-11-06T02:11:00,BANK_003,86189.56,INR,BANK_TRANSFER,SUCCESS,VENDPAY_00000563
VPAY_000564,VINV_000564,VEND_000051,2025-12-05T21:44:00,BANK_003,155863.84,INR,BANK_TRANSFER,SUCCESS,VENDPAY_00000564
VPAY_000565,VINV_000565,VEND_000057,2025-11-15T03:21:00,BANK_003,156643.82,INR,BANK_TRANSFER,SUCCESS,VENDPAY_00000565
VPAY_000566,VINV_000566,VEND_000039,2025-12-06T00:52:00,BANK_003,152290.80,INR,BANK_TRANSFER,SUCCESS,VENDPAY_00000566
VPAY_000567,VINV_000567,VEND_000062,2025-11-06T22:14:00,BANK_003,127361.00,INR,BANK_TRANSFER,SUCCESS,VENDPAY_00000567
VPAY_000568,VINV_000568,VEND_000038,2025-11-18T20:29:00,BANK_003,248874.98,INR,BANK_TRANSFER,SUCCESS,VENDPAY_00000568
VPAY_000569,VINV_000569,VEND_000042,2025-11-08T00:02:00,BANK_003,169424.40,INR,BANK_TRANSFER,SUCCESS,VENDPAY_00000569
VPAY_000570,VINV_000570,VEND_000047,2025-12-03T00:45:00,BANK_003,88328.90,INR,BANK_TRANSFER,SUCCESS,VENDPAY_00000570
VPAY_000571,VINV_000571,VEND_000088,2025-11-01T21:02:00,BANK_003,223261.90,INR,BANK_TRANSFER,SUCCESS,VENDPAY_00000571
VPAY_000572,VINV_000572,VEND_000027,2025-11-21T00:01:00,BANK_003,188726.84,INR,BANK_TRANSFER,SUCCESS,VENDPAY_00000572
VPAY_000573,VINV_000573,VEND_000053,2025-11-05T21:12:00,BANK_003,175889.00,INR,BANK_TRANSFER,SUCCESS,VENDPAY_00000573
VPAY_000574,VINV_000574,VEND_000031,2025-11-22T21:19:00,BANK_003,131260.84,INR,BANK_TRANSFER,SUCCESS,VENDPAY_00000574
VPAY_000575,VINV_000575,VEND_000049,2025-11-16T01:31:00,BANK_003,75979.02,INR,BANK_TRANSFER,SUCCESS,VENDPAY_00000575
VPAY_000576,VINV_000576,VEND_000075,2025-12-04T19:37:00,BANK_003,177080.24,INR,BANK_TRANSFER,SUCCESS,VENDPAY_00000576
VPAY_000577,VINV_000577,VEND_000070,2025-11-23T00:25:00,BANK_003,64471.66,INR,BANK_TRANSFER,SUCCESS,VENDPAY_00000577
VPAY_000578,VINV_000578,VEND_000014,2025-12-08T02:21:00,BANK_003,129884.96,INR,BANK_TRANSFER,SUCCESS,VENDPAY_00000578
VPAY_000579,VINV_000579,VEND_000022,2025-12-06T02:58:00,BANK_003,253236.26,INR,BANK_TRANSFER,SUCCESS,VENDPAY_00000579
VPAY_000580,VINV_000580,VEND_000043,2025-11-19T23:41:00,BANK_003,186252.38,INR,BANK_TRANSFER,SUCCESS,VENDPAY_00000580
VPAY_000581,VINV_000581,VEND_000034,2025-11-19T23:38:00,BANK_003,121771.28,INR,BANK_TRANSFER,SUCCESS,VENDPAY_00000581
VPAY_000582,VINV_000582,VEND_000058,2025-11-14T01:48:00,BANK_003,168826.14,INR,BANK_TRANSFER,SUCCESS,VENDPAY_00000582
VPAY_000583,VINV_000583,VEND_000045,2025-11-16T19:16:00,BANK_003,60696.84,INR,BANK_TRANSFER,SUCCESS,VENDPAY_00000583
VPAY_000584,VINV_000584,VEND_000054,2025-11-20T03:22:00,BANK_003,79657.08,INR,BANK_TRANSFER,SUCCESS,VENDPAY_00000584
VPAY_000585,VINV_000585,VEND_000045,2025-11-11T21:49:00,BANK_003,149576.80,INR,BANK_TRANSFER,SUCCESS,VENDPAY_00000585
VPAY_000586,VINV_000586,VEND_000067,2025-11-13T01:16:00,BANK_003,202483.28,INR,BANK_TRANSFER,SUCCESS,VENDPAY_00000586
VPAY_000587,VINV_000587,VEND_000057,2025-11-14T01:12:00,BANK_003,193055.08,INR,BANK_TRANSFER,SUCCESS,VENDPAY_00000587
VPAY_000588,VINV_000588,VEND_000006,2025-11-01T21:14:00,BANK_003,88698.24,INR,BANK_TRANSFER,SUCCESS,VENDPAY_00000588
VPAY_000589,VINV_000589,VEND_000083,2025-11-22T21:08:00,BANK_003,86928.24,INR,BANK_TRANSFER,SUCCESS,VENDPAY_00000589
VPAY_000590,VINV_000590,VEND_000032,2025-11-06T21:41:00,BANK_003,180264.00,INR,BANK_TRANSFER,SUCCESS,VENDPAY_00000590
VPAY_000591,VINV_000591,VEND_000043,2025-11-26T01:44:00,BANK_003,226277.98,INR,BANK_TRANSFER,SUCCESS,VENDPAY_00000591
VPAY_000592,VINV_000592,VEND_000052,2025-11-08T01:10:00,BANK_003,247902.66,INR,BANK_TRANSFER,SUCCESS,VENDPAY_00000592
VPAY_000593,VINV_000593,VEND_000051,2025-12-10T00:51:00,BANK_003,62129.36,INR,BANK_TRANSFER,SUCCESS,VENDPAY_00000593
VPAY_000594,VINV_000594,VEND_000058,2025-11-15T02:56:00,BANK_003,236285.56,INR,BANK_TRANSFER,SUCCESS,VENDPAY_00000594
VPAY_000595,VINV_000595,VEND_000028,2025-11-10T00:19:00,BANK_003,116755.10,INR,BANK_TRANSFER,SUCCESS,VENDPAY_00000595
VPAY_000596,VINV_000596,VEND_000074,2025-11-15T02:26:00,BANK_003,84574.14,INR,BANK_TRANSFER,SUCCESS,VENDPAY_00000596
VPAY_000597,VINV_000597,VEND_000042,2025-11-16T00:10:00,BANK_003,114059.98,INR,BANK_TRANSFER,SUCCESS,VENDPAY_00000597
VPAY_000598,VINV_000598,VEND_000086,2025-11-14T02:58:00,BANK_003,173315.00,INR,BANK_TRANSFER,SUCCESS,VENDPAY_00000598
VPAY_000599,VINV_000599,VEND_000077,2025-11-20T20:52:00,BANK_003,173317.22,INR,BANK_TRANSFER,SUCCESS,VENDPAY_00000599
VPAY_000600,VINV_000600,VEND_000045,2025-11-13T01:27:00,BANK_003,161978.60,INR,BANK_TRANSFER,SUCCESS,VENDPAY_00000600
VPAY_000601,VINV_000601,VEND_000087,2025-11-20T20:02:00,BANK_003,145108.14,INR,BANK_TRANSFER,SUCCESS,VENDPAY_00000601
VPAY_000602,VINV_000602,VEND_000087,2025-11-06T22:30:00,BANK_003,94533.34,INR,BANK_TRANSFER,SUCCESS,VENDPAY_00000602
VPAY_000603,VINV_000603,VEND_000040,2025-11-21T20:47:00,BANK_003,89275.26,INR,BANK_TRANSFER,SUCCESS,VENDPAY_00000603
VPAY_000604,VINV_000604,VEND_000066,2025-11-15T00:30:00,BANK_003,173262.94,INR,BANK_TRANSFER,SUCCESS,VENDPAY_00000604
VPAY_000605,VINV_000605,VEND_000074,2025-11-17T20:19:00,BANK_003,171792.66,INR,BANK_TRANSFER,SUCCESS,VENDPAY_00000605
VPAY_000606,VINV_000606,VEND_000082,2025-12-11T01:48:00,BANK_003,219326.60,INR,BANK_TRANSFER,SUCCESS,VENDPAY_00000606
VPAY_000607,VINV_000607,VEND_000072,2025-11-20T01:06:00,BANK_003,104715.56,INR,BANK_TRANSFER,SUCCESS,VENDPAY_00000607
VPAY_000608,VINV_000608,VEND_000024,2025-11-11T02:11:00,BANK_003,150408.70,INR,BANK_TRANSFER,SUCCESS,VENDPAY_00000608
VPAY_000609,VINV_000609,VEND_000046,2025-11-30T21:53:00,BANK_003,56064.16,INR,BANK_TRANSFER,SUCCESS,VENDPAY_00000609
VPAY_000610,VINV_000610,VEND_000050,2025-11-18T03:14:00,BANK_003,226813.70,INR,BANK_TRANSFER,SUCCESS,VENDPAY_00000610
VPAY_000611,VINV_000611,VEND_000053,2025-11-14T22:05:00,BANK_003,173902.00,INR,BANK_TRANSFER,SUCCESS,VENDPAY_00000611
VPAY_000612,VINV_000612,VEND_000063,2025-11-05T22:01:00,BANK_003,104835.92,INR,BANK_TRANSFER,SUCCESS,VENDPAY_00000612
VPAY_000613,VINV_000613,VEND_000029,2025-11-05T23:54:00,BANK_003,121569.00,INR,BANK_TRANSFER,SUCCESS,VENDPAY_00000613
VPAY_000614,VINV_000614,VEND_000069,2025-11-22T03:34:00,BANK_003,142394.14,INR,BANK_TRANSFER,SUCCESS,VENDPAY_00000614
VPAY_000615,VINV_000615,VEND_000073,2025-12-04T03:24:00,BANK_003,206314.74,INR,BANK_TRANSFER,SUCCESS,VENDPAY_00000615
VPAY_000616,VINV_000616,VEND_000074,2025-11-06T21:15:00,BANK_003,88426.84,INR,BANK_TRANSFER,SUCCESS,VENDPAY_00000616
VPAY_000617,VINV_000617,VEND_000070,2025-12-09T20:06:00,BANK_003,65970.26,INR,BANK_TRANSFER,SUCCESS,VENDPAY_00000617
VPAY_000618,VINV_000618,VEND_000055,2025-11-24T23:39:00,BANK_003,84779.46,INR,BANK_TRANSFER,SUCCESS,VENDPAY_00000618
VPAY_000619,VINV_000619,VEND_000039,2025-11-26T21:49:00,BANK_003,63069.82,INR,BANK_TRANSFER,SUCCESS,VENDPAY_00000619
VPAY_000620,VINV_000620,VEND_000012,2025-11-05T01:58:00,BANK_003,188916.82,INR,BANK_TRANSFER,SUCCESS,VENDPAY_00000620
VPAY_000621,VINV_000621,VEND_000027,2025-12-08T22:24:00,BANK_003,234961.60,INR,BANK_TRANSFER,SUCCESS,VENDPAY_00000621
VPAY_000622,VINV_000622,VEND_000022,2025-11-20T21:02:00,BANK_003,243693.60,INR,BANK_TRANSFER,SUCCESS,VENDPAY_00000622
VPAY_000623,VINV_000623,VEND_000027,2025-12-02T01:31:00,BANK_003,71460.80,INR,BANK_TRANSFER,SUCCESS,VENDPAY_00000623
VPAY_000624,VINV_000624,VEND_000077,2025-11-06T22:46:00,BANK_003,219756.12,INR,BANK_TRANSFER,SUCCESS,VENDPAY_00000624
VPAY_000625,VINV_000625,VEND_000038,2025-11-10T03:49:00,BANK_003,230264.02,INR,BANK_TRANSFER,SUCCESS,VENDPAY_00000625
VPAY_000626,VINV_000626,VEND_000018,2025-11-17T20:02:00,BANK_003,180418.46,INR,BANK_TRANSFER,SUCCESS,VENDPAY_00000626
VPAY_000627,VINV_000627,VEND_000090,2025-11-07T00:51:00,BANK_003,94145.12,INR,BANK_TRANSFER,SUCCESS,VENDPAY_00000627
VPAY_000628,VINV_000628,VEND_000032,2025-11-17T01:29:00,BANK_003,147944.00,INR,BANK_TRANSFER,SUCCESS,VENDPAY_00000628
VPAY_000629,VINV_000629,VEND_000081,2025-12-01T01:02:00,BANK_003,181231.48,INR,BANK_TRANSFER,SUCCESS,VENDPAY_00000629
VPAY_000630,VINV_000630,VEND_000082,2025-11-29T00:11:00,BANK_003,81896.72,INR,BANK_TRANSFER,SUCCESS,VENDPAY_00000630
VPAY_000631,VINV_000631,VEND_000089,2025-11-15T22:48:00,BANK_003,167263.82,INR,BANK_TRANSFER,SUCCESS,VENDPAY_00000631
VPAY_000632,VINV_000632,VEND_000075,2025-12-09T22:24:00,BANK_003,53864.64,INR,BANK_TRANSFER,SUCCESS,VENDPAY_00000632
VPAY_000633,VINV_000633,VEND_000082,2025-12-08T23:06:00,BANK_003,258539.18,INR,BANK_TRANSFER,SUCCESS,VENDPAY_00000633
VPAY_000634,VINV_000634,VEND_000069,2025-11-23T00:57:00,BANK_003,176124.44,INR,BANK_TRANSFER,SUCCESS,VENDPAY_00000634
VPAY_000635,VINV_000635,VEND_000064,2025-11-12T00:11:00,BANK_003,136166.10,INR,BANK_TRANSFER,SUCCESS,VENDPAY_00000635
VPAY_000636,VINV_000636,VEND_000044,2025-11-15T02:05:00,BANK_003,222399.32,INR,BANK_TRANSFER,SUCCESS,VENDPAY_00000636
VPAY_000637,VINV_000637,VEND_000044,2025-11-04T21:24:00,BANK_003,68074.20,INR,BANK_TRANSFER,SUCCESS,VENDPAY_00000637
VPAY_000638,VINV_000638,VEND_000003,2025-11-06T01:27:00,BANK_003,91530.24,INR,BANK_TRANSFER,SUCCESS,VENDPAY_00000638
VPAY_000639,VINV_000639,VEND_000001,2025-11-08T00:31:00,BANK_003,185431.10,INR,BANK_TRANSFER,SUCCESS,VENDPAY_00000639
VPAY_000640,VINV_000640,VEND_000084,2025-11-21T23:47:00,BANK_003,146475.76,INR,BANK_TRANSFER,SUCCESS,VENDPAY_00000640
VPAY_000641,VINV_000641,VEND_000012,2025-11-12T23:24:00,BANK_003,255583.28,INR,BANK_TRANSFER,SUCCESS,VENDPAY_00000641
VPAY_000642,VINV_000642,VEND_000048,2025-11-16T22:25:00,BANK_003,258651.28,INR,BANK_TRANSFER,SUCCESS,VENDPAY_00000642
VPAY_000643,VINV_000643,VEND_000051,2025-11-20T23:26:00,BANK_003,246617.64,INR,BANK_TRANSFER,SUCCESS,VENDPAY_00000643
VPAY_000644,VINV_000644,VEND_000055,2025-11-03T21:11:00,BANK_003,255860.58,INR,BANK_TRANSFER,SUCCESS,VENDPAY_00000644
VPAY_000645,VINV_000645,VEND_000001,2025-11-17T02:10:00,BANK_003,119117.46,INR,BANK_TRANSFER,SUCCESS,VENDPAY_00000645
VPAY_000646,VINV_000646,VEND_000076,2025-11-17T21:43:00,BANK_003,123066.92,INR,BANK_TRANSFER,SUCCESS,VENDPAY_00000646
VPAY_000647,VINV_000647,VEND_000002,2025-12-10T02:02:00,BANK_003,55593.34,INR,BANK_TRANSFER,SUCCESS,VENDPAY_00000647
VPAY_000648,VINV_000648,VEND_000055,2025-11-19T02:45:00,BANK_003,93984.64,INR,BANK_TRANSFER,SUCCESS,VENDPAY_00000648
VPAY_000649,VINV_000649,VEND_000050,2025-11-22T01:09:00,BANK_003,80732.06,INR,BANK_TRANSFER,SUCCESS,VENDPAY_00000649
VPAY_000650,VINV_000650,VEND_000014,2025-11-27T21:37:00,BANK_003,150028.74,INR,BANK_TRANSFER,SUCCESS,VENDPAY_00000650
VPAY_000651,VINV_000651,VEND_000018,2025-11-20T20:39:00,BANK_003,171487.04,INR,BANK_TRANSFER,SUCCESS,VENDPAY_00000651
VPAY_000652,VINV_000652,VEND_000009,2025-12-06T21:59:00,BANK_003,217201.42,INR,BANK_TRANSFER,SUCCESS,VENDPAY_00000652
VPAY_000653,VINV_000653,VEND_000057,2025-11-27T02:24:00,BANK_003,161731.98,INR,BANK_TRANSFER,SUCCESS,VENDPAY_00000653
VPAY_000654,VINV_000654,VEND_000053,2025-11-24T19:28:00,BANK_003,206500.00,INR,BANK_TRANSFER,SUCCESS,VENDPAY_00000654
VPAY_000655,VINV_000655,VEND_000012,2025-11-05T21:47:00,BANK_003,84176.48,INR,BANK_TRANSFER,SUCCESS,VENDPAY_00000655
VPAY_000656,VINV_000656,VEND_000076,2025-11-15T03:08:00,BANK_003,171891.78,INR,BANK_TRANSFER,SUCCESS,VENDPAY_00000656
VPAY_000657,VINV_000657,VEND_000018,2025-11-25T03:37:00,BANK_003,129746.90,INR,BANK_TRANSFER,SUCCESS,VENDPAY_00000657
VPAY_000658,VINV_000658,VEND_000032,2025-11-24T02:55:00,BANK_003,190069.00,INR,BANK_TRANSFER,SUCCESS,VENDPAY_00000658
VPAY_000659,VINV_000659,VEND_000089,2025-11-22T01:06:00,BANK_003,61396.58,INR,BANK_TRANSFER,SUCCESS,VENDPAY_00000659
VPAY_000660,VINV_000660,VEND_000027,2025-12-06T00:17:00,BANK_003,213254.32,INR,BANK_TRANSFER,SUCCESS,VENDPAY_00000660
VPAY_000661,VINV_000661,VEND_000051,2025-12-03T23:39:00,BANK_003,144519.32,INR,BANK_TRANSFER,SUCCESS,VENDPAY_00000661
VPAY_000662,VINV_000662,VEND_000064,2025-11-04T22:26:00,BANK_003,172465.26,INR,BANK_TRANSFER,SUCCESS,VENDPAY_00000662
VPAY_000663,VINV_000663,VEND_000082,2025-11-19T02:25:00,BANK_003,236820.10,INR,BANK_TRANSFER,SUCCESS,VENDPAY_00000663
VPAY_000664,VINV_000664,VEND_000047,2025-11-21T00:29:00,BANK_003,150993.98,INR,BANK_TRANSFER,SUCCESS,VENDPAY_00000664
VPAY_000665,VINV_000665,VEND_000047,2025-12-07T20:22:00,BANK_003,222104.32,INR,BANK_TRANSFER,SUCCESS,VENDPAY_00000665
VPAY_000666,VINV_000666,VEND_000010,2025-11-22T01:03:00,BANK_003,58262.50,INR,BANK_TRANSFER,SUCCESS,VENDPAY_00000666
VPAY_000667,VINV_000667,VEND_000034,2025-11-03T00:23:00,BANK_003,119834.90,INR,BANK_TRANSFER,SUCCESS,VENDPAY_00000667
VPAY_000668,VINV_000668,VEND_000051,2025-11-26T00:01:00,BANK_003,209808.72,INR,BANK_TRANSFER,SUCCESS,VENDPAY_00000668
VPAY_000669,VINV_000669,VEND_000055,2025-11-03T19:56:00,BANK_003,177535.72,INR,BANK_TRANSFER,SUCCESS,VENDPAY_00000669
VPAY_000670,VINV_000670,VEND_000036,2025-11-10T22:08:00,BANK_003,78958.52,INR,BANK_TRANSFER,SUCCESS,VENDPAY_00000670
VPAY_000671,VINV_000671,VEND_000020,2025-11-27T02:44:00,BANK_003,219020.98,INR,BANK_TRANSFER,SUCCESS,VENDPAY_00000671
VPAY_000672,VINV_000672,VEND_000040,2025-12-05T00:38:00,BANK_003,188427.12,INR,BANK_TRANSFER,SUCCESS,VENDPAY_00000672
VPAY_000673,VINV_000673,VEND_000008,2025-11-01T01:38:00,BANK_003,109088.00,INR,BANK_TRANSFER,SUCCESS,VENDPAY_00000673
VPAY_000674,VINV_000674,VEND_000015,2025-12-05T22:08:00,BANK_003,193340.64,INR,BANK_TRANSFER,SUCCESS,VENDPAY_00000674
VPAY_000675,VINV_000675,VEND_000040,2025-12-05T01:08:00,BANK_003,259137.44,INR,BANK_TRANSFER,SUCCESS,VENDPAY_00000675
VPAY_000676,VINV_000676,VEND_000016,2025-12-09T02:56:00,BANK_003,57017.60,INR,BANK_TRANSFER,SUCCESS,VENDPAY_00000676
VPAY_000677,VINV_000677,VEND_000021,2025-11-27T23:21:00,BANK_003,206654.58,INR,BANK_TRANSFER,SUCCESS,VENDPAY_00000677
VPAY_000678,VINV_000678,VEND_000022,2025-11-20T21:20:00,BANK_003,168129.94,INR,BANK_TRANSFER,SUCCESS,VENDPAY_00000678
VPAY_000679,VINV_000679,VEND_000016,2025-11-27T00:55:00,BANK_003,62180.10,INR,BANK_TRANSFER,SUCCESS,VENDPAY_00000679
VPAY_000680,VINV_000680,VEND_000035,2025-11-04T20:09:00,BANK_003,215143.50,INR,BANK_TRANSFER,SUCCESS,VENDPAY_00000680
VPAY_000681,VINV_000681,VEND_000064,2025-11-17T22:59:00,BANK_003,193905.86,INR,BANK_TRANSFER,SUCCESS,VENDPAY_00000681
VPAY_000682,VINV_000682,VEND_000064,2025-11-06T21:43:00,BANK_003,228453.90,INR,BANK_TRANSFER,SUCCESS,VENDPAY_00000682
VPAY_000683,VINV_000683,VEND_000033,2025-11-20T02:50:00,BANK_003,84930.50,INR,BANK_TRANSFER,SUCCESS,VENDPAY_00000683
VPAY_000684,VINV_000684,VEND_000030,2025-11-02T02:07:00,BANK_003,210494.30,INR,BANK_TRANSFER,SUCCESS,VENDPAY_00000684
VPAY_000685,VINV_000685,VEND_000032,2025-11-17T03:14:00,BANK_003,57053.00,INR,BANK_TRANSFER,SUCCESS,VENDPAY_00000685
VPAY_000686,VINV_000686,VEND_000020,2025-11-16T02:04:00,BANK_003,108457.34,INR,BANK_TRANSFER,SUCCESS,VENDPAY_00000686
VPAY_000687,VINV_000687,VEND_000029,2025-11-09T03:09:00,BANK_003,129358.00,INR,BANK_TRANSFER,SUCCESS,VENDPAY_00000687
VPAY_000688,VINV_000688,VEND_000035,2025-11-19T19:48:00,BANK_003,77192.06,INR,BANK_TRANSFER,SUCCESS,VENDPAY_00000688
VPAY_000689,VINV_000689,VEND_000065,2025-11-06T20:01:00,BANK_003,69392.26,INR,BANK_TRANSFER,SUCCESS,VENDPAY_00000689
VPAY_000690,VINV_000690,VEND_000052,2025-11-15T20:57:00,BANK_003,74420.24,INR,BANK_TRANSFER,SUCCESS,VENDPAY_00000690
VPAY_000691,VINV_000691,VEND_000040,2025-11-18T21:09:00,BANK_003,154342.82,INR,BANK_TRANSFER,SUCCESS,VENDPAY_00000691
VPAY_000692,VINV_000692,VEND_000002,2025-11-24T02:20:00,BANK_003,167216.62,INR,BANK_TRANSFER,SUCCESS,VENDPAY_00000692
VPAY_000693,VINV_000693,VEND_000080,2025-11-30T22:12:00,BANK_003,128137.38,INR,BANK_TRANSFER,SUCCESS,VENDPAY_00000693
VPAY_000694,VINV_000694,VEND_000026,2025-11-20T01:06:00,BANK_003,222166.86,INR,BANK_TRANSFER,SUCCESS,VENDPAY_00000694
VPAY_000695,VINV_000695,VEND_000053,2025-11-09T01:58:00,BANK_003,51267.00,INR,BANK_TRANSFER,SUCCESS,VENDPAY_00000695
VPAY_000696,VINV_000696,VEND_000082,2025-11-21T21:41:00,BANK_003,56067.70,INR,BANK_TRANSFER,SUCCESS,VENDPAY_00000696
VPAY_000697,VINV_000697,VEND_000040,2025-11-22T20:44:00,BANK_003,85253.82,INR,BANK_TRANSFER,SUCCESS,VENDPAY_00000697
VPAY_000698,VINV_000698,VEND_000054,2025-11-19T21:55:00,BANK_003,205298.76,INR,BANK_TRANSFER,SUCCESS,VENDPAY_00000698
VPAY_000699,VINV_000699,VEND_000012,2025-11-09T20:16:00,BANK_003,66679.44,INR,BANK_TRANSFER,SUCCESS,VENDPAY_00000699
VPAY_000700,VINV_000700,VEND_000090,2025-11-16T02:21:00,BANK_003,168322.28,INR,BANK_TRANSFER,SUCCESS,VENDPAY_00000700
VPAY_000701,VINV_000701,VEND_000075,2025-12-02T22:23:00,BANK_003,82663.72,INR,BANK_TRANSFER,SUCCESS,VENDPAY_00000701
VPAY_000702,VINV_000702,VEND_000010,2025-11-19T21:20:00,BANK_003,236189.98,INR,BANK_TRANSFER,SUCCESS,VENDPAY_00000702
VPAY_000703,VINV_000703,VEND_000085,2025-11-22T20:09:00,BANK_003,93531.52,INR,BANK_TRANSFER,SUCCESS,VENDPAY_00000703
VPAY_000704,VINV_000704,VEND_000041,2025-11-23T20:08:00,BANK_003,174651.80,INR,BANK_TRANSFER,SUCCESS,VENDPAY_00000704
VPAY_000705,VINV_000705,VEND_000041,2025-11-09T20:52:00,BANK_003,193150.66,INR,BANK_TRANSFER,SUCCESS,VENDPAY_00000705
VPAY_000706,VINV_000706,VEND_000026,2025-11-29T19:21:00,BANK_003,95202.40,INR,BANK_TRANSFER,SUCCESS,VENDPAY_00000706
VPAY_000707,VINV_000707,VEND_000014,2025-12-01T01:57:00,BANK_003,103945.02,INR,BANK_TRANSFER,SUCCESS,VENDPAY_00000707
VPAY_000708,VINV_000708,VEND_000053,2025-11-18T23:10:00,BANK_003,76650.00,INR,BANK_TRANSFER,SUCCESS,VENDPAY_00000708
VPAY_000709,VINV_000709,VEND_000058,2025-11-15T19:24:00,BANK_003,148468.78,INR,BANK_TRANSFER,SUCCESS,VENDPAY_00000709
VPAY_000710,VINV_000710,VEND_000012,2025-11-22T23:33:00,BANK_003,101854.06,INR,BANK_TRANSFER,SUCCESS,VENDPAY_00000710
VPAY_000711,VINV_000711,VEND_000028,2025-11-06T00:41:00,BANK_003,154496.22,INR,BANK_TRANSFER,SUCCESS,VENDPAY_00000711
VPAY_000712,VINV_000712,VEND_000046,2025-12-03T00:18:00,BANK_003,175670.14,INR,BANK_TRANSFER,SUCCESS,VENDPAY_00000712
VPAY_000713,VINV_000713,VEND_000034,2025-11-01T22:07:00,BANK_003,106882.04,INR,BANK_TRANSFER,SUCCESS,VENDPAY_00000713
VPAY_000714,VINV_000714,VEND_000072,2025-11-09T01:25:00,BANK_003,223267.80,INR,BANK_TRANSFER,SUCCESS,VENDPAY_00000714
VPAY_000715,VINV_000715,VEND_000014,2025-11-19T21:40:00,BANK_003,96341.10,INR,BANK_TRANSFER,SUCCESS,VENDPAY_00000715
VPAY_000716,VINV_000716,VEND_000029,2025-11-08T02:55:00,BANK_003,79266.00,INR,BANK_TRANSFER,SUCCESS,VENDPAY_00000716
VPAY_000717,VINV_000717,VEND_000048,2025-11-25T01:55:00,BANK_003,248069.04,INR,BANK_TRANSFER,SUCCESS,VENDPAY_00000717
VPAY_000718,VINV_000718,VEND_000010,2025-11-04T01:38:00,BANK_003,59842.52,INR,BANK_TRANSFER,SUCCESS,VENDPAY_00000718
VPAY_000719,VINV_000719,VEND_000017,2025-11-22T21:55:00,BANK_003,69111.00,INR,BANK_TRANSFER,SUCCESS,VENDPAY_00000719
VPAY_000720,VINV_000720,VEND_000060,2025-11-06T23:53:00,BANK_003,68763.32,INR,BANK_TRANSFER,SUCCESS,VENDPAY_00000720
VPAY_000721,VINV_000721,VEND_000051,2025-11-16T22:15:00,BANK_003,206566.08,INR,BANK_TRANSFER,SUCCESS,VENDPAY_00000721
VPAY_000722,VINV_000722,VEND_000023,2025-11-22T20:33:00,BANK_003,162585.12,INR,BANK_TRANSFER,SUCCESS,VENDPAY_00000722
VPAY_000723,VINV_000723,VEND_000036,2025-11-16T02:31:00,BANK_003,139667.16,INR,BANK_TRANSFER,SUCCESS,VENDPAY_00000723
VPAY_000724,VINV_000724,VEND_000005,2025-11-21T01:54:00,BANK_003,243061.12,INR,BANK_TRANSFER,SUCCESS,VENDPAY_00000724
VPAY_000725,VINV_000725,VEND_000083,2025-11-17T01:07:00,BANK_003,144384.80,INR,BANK_TRANSFER,SUCCESS,VENDPAY_00000725
VPAY_000726,VINV_000726,VEND_000008,2025-11-06T00:29:00,BANK_003,67995.00,INR,BANK_TRANSFER,SUCCESS,VENDPAY_00000726
VPAY_000727,VINV_000727,VEND_000054,2025-12-06T22:59:00,BANK_003,114797.48,INR,BANK_TRANSFER,SUCCESS,VENDPAY_00000727
VPAY_000728,VINV_000728,VEND_000081,2025-11-16T20:19:00,BANK_003,221268.88,INR,BANK_TRANSFER,SUCCESS,VENDPAY_00000728
VPAY_000729,VINV_000729,VEND_000062,2025-11-11T22:52:00,BANK_003,187742.00,INR,BANK_TRANSFER,SUCCESS,VENDPAY_00000729
VPAY_000730,VINV_000730,VEND_000050,2025-11-07T00:20:00,BANK_003,136753.74,INR,BANK_TRANSFER,SUCCESS,VENDPAY_00000730
VPAY_000731,VINV_000731,VEND_000077,2025-11-02T23:56:00,BANK_003,120848.52,INR,BANK_TRANSFER,SUCCESS,VENDPAY_00000731
VPAY_000732,VINV_000732,VEND_000008,2025-11-17T03:20:00,BANK_003,168649.00,INR,BANK_TRANSFER,SUCCESS,VENDPAY_00000732
VPAY_000733,VINV_000733,VEND_000021,2025-11-23T23:07:00,BANK_003,84073.82,INR,BANK_TRANSFER,SUCCESS,VENDPAY_00000733
VPAY_000734,VINV_000734,VEND_000035,2025-11-28T00:52:00,BANK_003,218185.54,INR,BANK_TRANSFER,SUCCESS,VENDPAY_00000734
VPAY_000735,VINV_000735,VEND_000074,2025-11-13T03:33:00,BANK_003,173249.96,INR,BANK_TRANSFER,SUCCESS,VENDPAY_00000735
VPAY_000736,VINV_000736,VEND_000023,2025-12-04T23:36:00,BANK_003,126271.80,INR,BANK_TRANSFER,SUCCESS,VENDPAY_00000736
VPAY_000737,VINV_000737,VEND_000076,2025-11-24T03:13:00,BANK_003,61824.92,INR,BANK_TRANSFER,SUCCESS,VENDPAY_00000737
VPAY_000738,VINV_000738,VEND_000073,2025-11-17T01:34:00,BANK_003,227440.28,INR,BANK_TRANSFER,SUCCESS,VENDPAY_00000738
VPAY_000739,VINV_000739,VEND_000064,2025-11-11T00:37:00,BANK_003,220794.52,INR,BANK_TRANSFER,SUCCESS,VENDPAY_00000739
VPAY_000740,VINV_000740,VEND_000005,2025-10-31T21:15:00,BANK_003,81018.80,INR,BANK_TRANSFER,SUCCESS,VENDPAY_00000740
VPAY_000741,VINV_000741,VEND_000003,2025-11-17T01:18:00,BANK_003,215945.90,INR,BANK_TRANSFER,SUCCESS,VENDPAY_00000741
VPAY_000742,VINV_000742,VEND_000079,2025-11-02T22:45:00,BANK_003,115418.16,INR,BANK_TRANSFER,SUCCESS,VENDPAY_00000742
VPAY_000743,VINV_000743,VEND_000042,2025-11-01T22:40:00,BANK_003,71522.16,INR,BANK_TRANSFER,SUCCESS,VENDPAY_00000743
VPAY_000744,VINV_000744,VEND_000015,2025-11-28T00:20:00,BANK_003,215898.70,INR,BANK_TRANSFER,SUCCESS,VENDPAY_00000744
VPAY_000745,VINV_000745,VEND_000085,2025-12-05T02:52:00,BANK_003,175469.54,INR,BANK_TRANSFER,SUCCESS,VENDPAY_00000745
VPAY_000746,VINV_000746,VEND_000039,2025-11-21T02:39:00,BANK_003,152890.24,INR,BANK_TRANSFER,SUCCESS,VENDPAY_00000746
VPAY_000747,VINV_000747,VEND_000082,2025-12-03T21:28:00,BANK_003,203804.88,INR,BANK_TRANSFER,SUCCESS,VENDPAY_00000747
VPAY_000748,VINV_000748,VEND_000072,2025-11-13T02:25:00,BANK_003,242938.40,INR,BANK_TRANSFER,SUCCESS,VENDPAY_00000748
VPAY_000749,VINV_000749,VEND_000049,2025-11-27T20:17:00,BANK_003,148008.58,INR,BANK_TRANSFER,SUCCESS,VENDPAY_00000749
VPAY_000750,VINV_000750,VEND_000017,2025-12-08T19:48:00,BANK_003,91585.00,INR,BANK_TRANSFER,SUCCESS,VENDPAY_00000750
VPAY_000751,VINV_000751,VEND_000073,2025-11-19T22:42:00,BANK_003,63115.84,INR,BANK_TRANSFER,SUCCESS,VENDPAY_00000751
VPAY_000752,VINV_000752,VEND_000079,2025-11-21T19:49:00,BANK_003,121429.08,INR,BANK_TRANSFER,SUCCESS,VENDPAY_00000752
VPAY_000753,VINV_000753,VEND_000064,2025-11-12T00:50:00,BANK_003,96604.24,INR,BANK_TRANSFER,SUCCESS,VENDPAY_00000753
VPAY_000754,VINV_000754,VEND_000031,2025-11-12T02:52:00,BANK_003,160378.52,INR,BANK_TRANSFER,SUCCESS,VENDPAY_00000754
VPAY_000755,VINV_000755,VEND_000086,2025-11-24T20:30:00,BANK_003,212536.00,INR,BANK_TRANSFER,SUCCESS,VENDPAY_00000755
VPAY_000756,VINV_000756,VEND_000058,2025-11-09T19:14:00,BANK_003,56624.66,INR,BANK_TRANSFER,SUCCESS,VENDPAY_00000756
VPAY_000757,VINV_000757,VEND_000089,2025-11-12T23:50:00,BANK_003,74069.78,INR,BANK_TRANSFER,SUCCESS,VENDPAY_00000757
VPAY_000758,VINV_000758,VEND_000001,2025-11-15T02:19:00,BANK_003,67992.78,INR,BANK_TRANSFER,SUCCESS,VENDPAY_00000758
VPAY_000759,VINV_000759,VEND_000022,2025-12-02T21:54:00,BANK_003,181167.76,INR,BANK_TRANSFER,SUCCESS,VENDPAY_00000759
VPAY_000760,VINV_000760,VEND_000045,2025-11-11T22:18:00,BANK_003,222000.48,INR,BANK_TRANSFER,SUCCESS,VENDPAY_00000760
VPAY_000761,VINV_000761,VEND_000074,2025-11-23T00:06:00,BANK_003,254463.46,INR,BANK_TRANSFER,SUCCESS,VENDPAY_00000761
VPAY_000762,VINV_000762,VEND_000058,2025-11-03T01:23:00,BANK_003,75899.96,INR,BANK_TRANSFER,SUCCESS,VENDPAY_00000762
VPAY_000763,VINV_000763,VEND_000041,2025-11-05T01:33:00,BANK_003,133874.54,INR,BANK_TRANSFER,SUCCESS,VENDPAY_00000763
VPAY_000764,VINV_000764,VEND_000022,2025-11-21T23:05:00,BANK_003,169240.32,INR,BANK_TRANSFER,SUCCESS,VENDPAY_00000764
VPAY_000765,VINV_000765,VEND_000071,2025-11-11T21:19:00,BANK_003,81899.08,INR,BANK_TRANSFER,SUCCESS,VENDPAY_00000765
VPAY_000766,VINV_000766,VEND_000004,2025-11-24T19:15:00,BANK_003,186520.24,INR,BANK_TRANSFER,SUCCESS,VENDPAY_00000766
VPAY_000767,VINV_000767,VEND_000021,2025-11-20T01:56:00,BANK_003,69666.02,INR,BANK_TRANSFER,SUCCESS,VENDPAY_00000767
VPAY_000768,VINV_000768,VEND_000025,2025-11-23T20:19:00,BANK_003,179702.20,INR,BANK_TRANSFER,SUCCESS,VENDPAY_00000768
VPAY_000769,VINV_000769,VEND_000085,2025-11-22T01:56:00,BANK_003,140182.82,INR,BANK_TRANSFER,SUCCESS,VENDPAY_00000769
VPAY_000770,VINV_000770,VEND_000007,2025-12-04T21:32:00,BANK_003,147996.00,INR,BANK_TRANSFER,SUCCESS,VENDPAY_00000770
VPAY_000771,VINV_000771,VEND_000020,2025-11-27T19:14:00,BANK_003,69959.84,INR,BANK_TRANSFER,SUCCESS,VENDPAY_00000771
VPAY_000772,VINV_000772,VEND_000012,2025-11-23T02:57:00,BANK_003,144212.52,INR,BANK_TRANSFER,SUCCESS,VENDPAY_00000772
VPAY_000773,VINV_000773,VEND_000026,2025-11-16T00:10:00,BANK_003,83100.32,INR,BANK_TRANSFER,SUCCESS,VENDPAY_00000773
VPAY_000774,VINV_000774,VEND_000082,2025-11-18T19:41:00,BANK_003,143365.28,INR,BANK_TRANSFER,SUCCESS,VENDPAY_00000774
VPAY_000775,VINV_000775,VEND_000040,2025-12-03T19:44:00,BANK_003,176047.74,INR,BANK_TRANSFER,SUCCESS,VENDPAY_00000775
VPAY_000776,VINV_000776,VEND_000012,2025-11-19T02:23:00,BANK_003,251647.98,INR,BANK_TRANSFER,SUCCESS,VENDPAY_00000776
VPAY_000777,VINV_000777,VEND_000048,2025-11-10T22:47:00,BANK_003,171091.74,INR,BANK_TRANSFER,SUCCESS,VENDPAY_00000777
VPAY_000778,VINV_000778,VEND_000006,2025-11-16T02:12:00,BANK_003,134544.78,INR,BANK_TRANSFER,SUCCESS,VENDPAY_00000778
VPAY_000779,VINV_000779,VEND_000029,2025-11-20T00:27:00,BANK_003,115401.00,INR,BANK_TRANSFER,SUCCESS,VENDPAY_00000779
VPAY_000780,VINV_000780,VEND_000090,2025-11-04T21:55:00,BANK_003,259566.96,INR,BANK_TRANSFER,SUCCESS,VENDPAY_00000780
VPAY_000781,VINV_000781,VEND_000070,2025-12-07T20:46:00,BANK_003,181158.32,INR,BANK_TRANSFER,SUCCESS,VENDPAY_00000781
VPAY_000782,VINV_000782,VEND_000050,2025-11-15T00:37:00,BANK_003,214749.38,INR,BANK_TRANSFER,SUCCESS,VENDPAY_00000782
VPAY_000783,VINV_000783,VEND_000074,2025-11-14T20:40:00,BANK_003,125990.96,INR,BANK_TRANSFER,SUCCESS,VENDPAY_00000783
VPAY_000784,VINV_000784,VEND_000051,2025-12-03T02:25:00,BANK_003,63841.54,INR,BANK_TRANSFER,SUCCESS,VENDPAY_00000784
VPAY_000785,VINV_000785,VEND_000016,2025-11-22T00:00:00,BANK_003,192001.34,INR,BANK_TRANSFER,SUCCESS,VENDPAY_00000785
VPAY_000786,VINV_000786,VEND_000025,2025-11-04T22:49:00,BANK_003,92132.04,INR,BANK_TRANSFER,SUCCESS,VENDPAY_00000786
VPAY_000787,VINV_000787,VEND_000088,2025-11-08T02:19:00,BANK_003,187779.30,INR,BANK_TRANSFER,SUCCESS,VENDPAY_00000787
VPAY_000788,VINV_000788,VEND_000077,2025-11-07T02:03:00,BANK_003,132871.54,INR,BANK_TRANSFER,SUCCESS,VENDPAY_00000788
VPAY_000789,VINV_000789,VEND_000012,2025-11-19T00:16:00,BANK_003,173149.66,INR,BANK_TRANSFER,SUCCESS,VENDPAY_00000789
VPAY_000790,VINV_000790,VEND_000036,2025-11-15T21:03:00,BANK_003,213854.94,INR,BANK_TRANSFER,SUCCESS,VENDPAY_00000790
VPAY_000791,VINV_000791,VEND_000090,2025-11-20T02:18:00,BANK_003,245829.40,INR,BANK_TRANSFER,SUCCESS,VENDPAY_00000791
VPAY_000792,VINV_000792,VEND_000015,2025-11-20T21:56:00,BANK_003,181298.74,INR,BANK_TRANSFER,SUCCESS,VENDPAY_00000792
VPAY_000793,VINV_000793,VEND_000014,2025-11-20T00:56:00,BANK_003,227154.72,INR,BANK_TRANSFER,SUCCESS,VENDPAY_00000793
VPAY_000794,VINV_000794,VEND_000069,2025-11-27T02:39:00,BANK_003,159468.74,INR,BANK_TRANSFER,SUCCESS,VENDPAY_00000794
VPAY_000795,VINV_000795,VEND_000084,2025-12-04T20:46:00,BANK_003,203305.74,INR,BANK_TRANSFER,SUCCESS,VENDPAY_00000795
VPAY_000796,VINV_000796,VEND_000005,2025-11-06T03:00:00,BANK_003,106366.38,INR,BANK_TRANSFER,SUCCESS,VENDPAY_00000796
VPAY_000797,VINV_000797,VEND_000080,2025-12-08T01:50:00,BANK_003,241374.90,INR,BANK_TRANSFER,SUCCESS,VENDPAY_00000797
VPAY_000798,VINV_000798,VEND_000005,2025-11-08T21:22:00,BANK_003,175529.72,INR,BANK_TRANSFER,SUCCESS,VENDPAY_00000798
VPAY_000799,VINV_000799,VEND_000007,2025-11-25T01:52:00,BANK_003,169575.00,INR,BANK_TRANSFER,SUCCESS,VENDPAY_00000799
VPAY_000800,VINV_000800,VEND_000003,2025-11-10T23:45:00,BANK_003,157611.42,INR,BANK_TRANSFER,SUCCESS,VENDPAY_00000800
VPAY_000801,VINV_000801,VEND_000063,2025-11-08T20:54:00,BANK_003,83481.46,INR,BANK_TRANSFER,SUCCESS,VENDPAY_00000801
VPAY_000802,VINV_000802,VEND_000057,2025-11-10T22:29:00,BANK_003,152353.34,INR,BANK_TRANSFER,SUCCESS,VENDPAY_00000802
VPAY_000803,VINV_000803,VEND_000078,2025-11-18T21:29:00,BANK_003,252789.04,INR,BANK_TRANSFER,SUCCESS,VENDPAY_00000803
VPAY_000804,VINV_000804,VEND_000028,2025-11-25T02:40:00,BANK_003,179049.66,INR,BANK_TRANSFER,SUCCESS,VENDPAY_00000804
VPAY_000805,VINV_000805,VEND_000008,2025-11-02T23:30:00,BANK_003,180074.00,INR,BANK_TRANSFER,SUCCESS,VENDPAY_00000805
VPAY_000806,VINV_000806,VEND_000065,2025-11-05T21:12:00,BANK_003,177877.92,INR,BANK_TRANSFER,SUCCESS,VENDPAY_00000806
VPAY_000807,VINV_000807,VEND_000023,2025-11-22T23:39:00,BANK_003,112726.58,INR,BANK_TRANSFER,SUCCESS,VENDPAY_00000807
VPAY_000808,VINV_000808,VEND_000032,2025-11-15T22:32:00,BANK_003,53669.00,INR,BANK_TRANSFER,SUCCESS,VENDPAY_00000808
VPAY_000809,VINV_000809,VEND_000026,2025-11-24T20:17:00,BANK_003,137848.78,INR,BANK_TRANSFER,SUCCESS,VENDPAY_00000809
VPAY_000810,VINV_000810,VEND_000065,2025-11-22T02:50:00,BANK_003,175886.08,INR,BANK_TRANSFER,SUCCESS,VENDPAY_00000810
VPAY_000811,VINV_000811,VEND_000088,2025-11-09T02:44:00,BANK_003,62552.98,INR,BANK_TRANSFER,SUCCESS,VENDPAY_00000811
VPAY_000812,VINV_000812,VEND_000077,2025-11-06T22:14:00,BANK_003,191092.74,INR,BANK_TRANSFER,SUCCESS,VENDPAY_00000812
VPAY_000813,VINV_000813,VEND_000076,2025-11-12T22:52:00,BANK_003,223643.04,INR,BANK_TRANSFER,SUCCESS,VENDPAY_00000813
VPAY_000814,VINV_000814,VEND_000034,2025-11-11T01:21:00,BANK_003,81060.10,INR,BANK_TRANSFER,SUCCESS,VENDPAY_00000814
VPAY_000815,VINV_000815,VEND_000007,2025-12-05T03:25:00,BANK_003,87705.00,INR,BANK_TRANSFER,SUCCESS,VENDPAY_00000815
VPAY_000816,VINV_000816,VEND_000029,2025-11-09T01:07:00,BANK_003,214706.00,INR,BANK_TRANSFER,SUCCESS,VENDPAY_00000816
VPAY_000817,VINV_000817,VEND_000035,2025-11-15T01:55:00,BANK_003,254654.62,INR,BANK_TRANSFER,SUCCESS,VENDPAY_00000817
VPAY_000818,VINV_000818,VEND_000088,2025-11-11T23:35:00,BANK_003,55851.76,INR,BANK_TRANSFER,SUCCESS,VENDPAY_00000818
VPAY_000819,VINV_000819,VEND_000083,2025-11-21T20:37:00,BANK_003,106675.54,INR,BANK_TRANSFER,SUCCESS,VENDPAY_00000819
VPAY_000820,VINV_000820,VEND_000029,2025-11-20T23:19:00,BANK_003,111162.00,INR,BANK_TRANSFER,SUCCESS,VENDPAY_00000820
VPAY_000821,VINV_000821,VEND_000083,2025-11-14T21:49:00,BANK_003,138281.84,INR,BANK_TRANSFER,SUCCESS,VENDPAY_00000821
VPAY_000822,VINV_000822,VEND_000045,2025-11-10T01:56:00,BANK_003,195081.14,INR,BANK_TRANSFER,SUCCESS,VENDPAY_00000822
VPAY_000823,VINV_000823,VEND_000039,2025-12-05T23:40:00,BANK_003,214148.76,INR,BANK_TRANSFER,SUCCESS,VENDPAY_00000823
VPAY_000824,VINV_000824,VEND_000001,2025-11-22T22:38:00,BANK_003,211326.20,INR,BANK_TRANSFER,SUCCESS,VENDPAY_00000824
VPAY_000825,VINV_000825,VEND_000072,2025-11-21T01:42:00,BANK_003,253341.28,INR,BANK_TRANSFER,SUCCESS,VENDPAY_00000825
VPAY_000826,VINV_000826,VEND_000039,2025-12-02T02:41:00,BANK_003,86538.84,INR,BANK_TRANSFER,SUCCESS,VENDPAY_00000826
VPAY_000827,VINV_000827,VEND_000036,2025-11-12T02:29:00,BANK_003,251255.04,INR,BANK_TRANSFER,SUCCESS,VENDPAY_00000827
VPAY_000828,VINV_000828,VEND_000034,2025-11-20T21:03:00,BANK_003,256056.46,INR,BANK_TRANSFER,SUCCESS,VENDPAY_00000828
VPAY_000829,VINV_000829,VEND_000025,2025-11-18T00:58:00,BANK_003,99477.54,INR,BANK_TRANSFER,SUCCESS,VENDPAY_00000829
VPAY_000830,VINV_000830,VEND_000008,2025-11-13T20:18:00,BANK_003,202295.00,INR,BANK_TRANSFER,SUCCESS,VENDPAY_00000830
VPAY_000831,VINV_000831,VEND_000088,2025-11-28T01:49:00,BANK_003,96383.58,INR,BANK_TRANSFER,SUCCESS,VENDPAY_00000831
VPAY_000832,VINV_000832,VEND_000038,2025-11-15T01:31:00,BANK_003,133348.26,INR,BANK_TRANSFER,SUCCESS,VENDPAY_00000832
VPAY_000833,VINV_000833,VEND_000005,2025-11-20T23:08:00,BANK_003,233446.48,INR,BANK_TRANSFER,SUCCESS,VENDPAY_00000833
VPAY_000834,VINV_000834,VEND_000044,2025-11-22T23:02:00,BANK_003,121883.38,INR,BANK_TRANSFER,SUCCESS,VENDPAY_00000834
VPAY_000835,VINV_000835,VEND_000086,2025-11-18T03:08:00,BANK_003,138977.00,INR,BANK_TRANSFER,SUCCESS,VENDPAY_00000835
VPAY_000836,VINV_000836,VEND_000085,2025-11-21T21:40:00,BANK_003,225782.38,INR,BANK_TRANSFER,SUCCESS,VENDPAY_00000836
VPAY_000837,VINV_000837,VEND_000061,2025-11-26T20:34:00,BANK_003,92676.02,INR,BANK_TRANSFER,SUCCESS,VENDPAY_00000837
VPAY_000838,VINV_000838,VEND_000088,2025-11-21T20:12:00,BANK_003,156921.12,INR,BANK_TRANSFER,SUCCESS,VENDPAY_00000838
VPAY_000839,VINV_000839,VEND_000046,2025-12-09T22:17:00,BANK_003,122181.92,INR,BANK_TRANSFER,SUCCESS,VENDPAY_00000839
VPAY_000840,VINV_000840,VEND_000054,2025-11-28T03:06:00,BANK_003,155585.36,INR,BANK_TRANSFER,SUCCESS,VENDPAY_00000840
VPAY_000841,VINV_000841,VEND_000060,2025-11-17T02:25:00,BANK_003,89532.50,INR,BANK_TRANSFER,SUCCESS,VENDPAY_00000841
VPAY_000842,VINV_000842,VEND_000061,2025-11-18T02:53:00,BANK_003,113277.64,INR,BANK_TRANSFER,SUCCESS,VENDPAY_00000842
VPAY_000843,VINV_000843,VEND_000068,2025-11-15T00:07:00,BANK_003,145390.16,INR,BANK_TRANSFER,SUCCESS,VENDPAY_00000843
VPAY_000844,VINV_000844,VEND_000018,2025-11-26T20:27:00,BANK_003,115057.08,INR,BANK_TRANSFER,SUCCESS,VENDPAY_00000844
VPAY_000845,VINV_000845,VEND_000019,2025-12-08T20:54:00,BANK_003,150966.84,INR,BANK_TRANSFER,SUCCESS,VENDPAY_00000845
VPAY_000846,VINV_000846,VEND_000063,2025-11-21T22:44:00,BANK_003,155991.28,INR,BANK_TRANSFER,SUCCESS,VENDPAY_00000846
VPAY_000847,VINV_000847,VEND_000082,2025-11-15T01:03:00,BANK_003,71044.26,INR,BANK_TRANSFER,SUCCESS,VENDPAY_00000847
VPAY_000848,VINV_000848,VEND_000027,2025-12-05T03:02:00,BANK_003,105253.64,INR,BANK_TRANSFER,SUCCESS,VENDPAY_00000848
VPAY_000849,VINV_000849,VEND_000063,2025-11-05T21:50:00,BANK_003,80333.22,INR,BANK_TRANSFER,SUCCESS,VENDPAY_00000849
VPAY_000850,VINV_000850,VEND_000082,2025-11-29T01:52:00,BANK_003,185929.06,INR,BANK_TRANSFER,SUCCESS,VENDPAY_00000850
VPAY_000851,VINV_000851,VEND_000050,2025-10-28T23:02:00,BANK_003,54543.14,INR,BANK_TRANSFER,SUCCESS,VENDPAY_00000851
VPAY_000852,VINV_000852,VEND_000048,2025-11-12T01:48:00,BANK_003,57454.20,INR,BANK_TRANSFER,SUCCESS,VENDPAY_00000852
VPAY_000853,VINV_000853,VEND_000003,2025-11-21T23:03:00,BANK_003,54375.58,INR,BANK_TRANSFER,SUCCESS,VENDPAY_00000853
VPAY_000854,VINV_000854,VEND_000029,2025-11-10T20:44:00,BANK_003,135269.00,INR,BANK_TRANSFER,SUCCESS,VENDPAY_00000854
VPAY_000855,VINV_000855,VEND_000050,2025-11-14T21:42:00,BANK_003,208796.28,INR,BANK_TRANSFER,SUCCESS,VENDPAY_00000855
VPAY_000856,VINV_000856,VEND_000009,2025-11-26T02:25:00,BANK_003,67241.12,INR,BANK_TRANSFER,SUCCESS,VENDPAY_00000856
VPAY_000857,VINV_000857,VEND_000067,2025-11-18T02:54:00,BANK_003,237574.12,INR,BANK_TRANSFER,SUCCESS,VENDPAY_00000857
VPAY_000858,VINV_000858,VEND_000088,2025-11-14T02:36:00,BANK_003,94484.96,INR,BANK_TRANSFER,SUCCESS,VENDPAY_00000858
VPAY_000859,VINV_000859,VEND_000046,2025-11-21T21:20:00,BANK_003,111384.92,INR,BANK_TRANSFER,SUCCESS,VENDPAY_00000859
VPAY_000860,VINV_000860,VEND_000003,2025-11-09T03:25:00,BANK_003,123756.04,INR,BANK_TRANSFER,SUCCESS,VENDPAY_00000860
VPAY_000861,VINV_000861,VEND_000028,2025-11-16T21:15:00,BANK_003,59877.92,INR,BANK_TRANSFER,SUCCESS,VENDPAY_00000861
VPAY_000862,VINV_000862,VEND_000016,2025-12-07T23:00:00,BANK_003,166496.82,INR,BANK_TRANSFER,SUCCESS,VENDPAY_00000862
VPAY_000863,VINV_000863,VEND_000049,2025-11-06T22:21:00,BANK_003,251170.08,INR,BANK_TRANSFER,SUCCESS,VENDPAY_00000863
VPAY_000864,VINV_000864,VEND_000077,2025-11-22T21:42:00,BANK_003,67934.96,INR,BANK_TRANSFER,SUCCESS,VENDPAY_00000864
VPAY_000865,VINV_000865,VEND_000007,2025-11-29T21:59:00,BANK_003,75353.00,INR,BANK_TRANSFER,SUCCESS,VENDPAY_00000865
VPAY_000866,VINV_000866,VEND_000016,2025-11-24T22:05:00,BANK_003,222389.88,INR,BANK_TRANSFER,SUCCESS,VENDPAY_00000866
VPAY_000867,VINV_000867,VEND_000027,2025-11-13T21:30:00,BANK_003,248073.76,INR,BANK_TRANSFER,SUCCESS,VENDPAY_00000867
VPAY_000868,VINV_000868,VEND_000085,2025-12-08T03:12:00,BANK_003,84335.78,INR,BANK_TRANSFER,SUCCESS,VENDPAY_00000868
VPAY_000869,VINV_000869,VEND_000080,2025-12-05T19:39:00,BANK_003,240440.34,INR,BANK_TRANSFER,SUCCESS,VENDPAY_00000869
VPAY_000870,VINV_000870,VEND_000014,2025-12-06T03:05:00,BANK_003,211347.44,INR,BANK_TRANSFER,SUCCESS,VENDPAY_00000870
VPAY_000871,VINV_000871,VEND_000037,2025-11-20T02:16:00,BANK_003,88366.66,INR,BANK_TRANSFER,SUCCESS,VENDPAY_00000871
VPAY_000872,VINV_000872,VEND_000078,2025-11-25T03:03:00,BANK_003,114888.34,INR,BANK_TRANSFER,SUCCESS,VENDPAY_00000872
VPAY_000873,VINV_000873,VEND_000046,2025-11-24T22:28:00,BANK_003,179849.70,INR,BANK_TRANSFER,SUCCESS,VENDPAY_00000873
VPAY_000874,VINV_000874,VEND_000071,2025-11-05T23:54:00,BANK_003,206636.88,INR,BANK_TRANSFER,SUCCESS,VENDPAY_00000874
VPAY_000875,VINV_000875,VEND_000043,2025-11-17T02:35:00,BANK_003,125639.32,INR,BANK_TRANSFER,SUCCESS,VENDPAY_00000875
VPAY_000876,VINV_000876,VEND_000015,2025-12-07T20:48:00,BANK_003,230701.80,INR,BANK_TRANSFER,SUCCESS,VENDPAY_00000876
VPAY_000877,VINV_000877,VEND_000012,2025-11-04T01:20:00,BANK_003,211385.20,INR,BANK_TRANSFER,SUCCESS,VENDPAY_00000877
VPAY_000878,VINV_000878,VEND_000033,2025-11-08T20:17:00,BANK_003,252412.62,INR,BANK_TRANSFER,SUCCESS,VENDPAY_00000878
VPAY_000879,VINV_000879,VEND_000034,2025-11-02T22:33:00,BANK_003,196714.26,INR,BANK_TRANSFER,SUCCESS,VENDPAY_00000879
VPAY_000880,VINV_000880,VEND_000006,2025-11-11T00:46:00,BANK_003,142980.60,INR,BANK_TRANSFER,SUCCESS,VENDPAY_00000880
VPAY_000881,VINV_000881,VEND_000055,2025-11-07T00:16:00,BANK_003,88950.76,INR,BANK_TRANSFER,SUCCESS,VENDPAY_00000881
VPAY_000882,VINV_000882,VEND_000002,2025-12-07T21:09:00,BANK_003,95909.22,INR,BANK_TRANSFER,SUCCESS,VENDPAY_00000882
VPAY_000883,VINV_000883,VEND_000043,2025-11-30T21:28:00,BANK_003,163693.14,INR,BANK_TRANSFER,SUCCESS,VENDPAY_00000883
VPAY_000884,VINV_000884,VEND_000012,2025-11-11T23:02:00,BANK_003,168362.40,INR,BANK_TRANSFER,SUCCESS,VENDPAY_00000884
VPAY_000885,VINV_000885,VEND_000052,2025-11-16T01:12:00,BANK_003,176909.14,INR,BANK_TRANSFER,SUCCESS,VENDPAY_00000885
VPAY_000886,VINV_000886,VEND_000089,2025-11-15T01:51:00,BANK_003,201035.42,INR,BANK_TRANSFER,SUCCESS,VENDPAY_00000886
VPAY_000887,VINV_000887,VEND_000015,2025-12-08T23:38:00,BANK_003,94089.66,INR,BANK_TRANSFER,SUCCESS,VENDPAY_00000887
VPAY_000888,VINV_000888,VEND_000021,2025-11-29T20:34:00,BANK_003,85180.66,INR,BANK_TRANSFER,SUCCESS,VENDPAY_00000888
VPAY_000889,VINV_000889,VEND_000073,2025-11-22T00:17:00,BANK_003,188635.98,INR,BANK_TRANSFER,SUCCESS,VENDPAY_00000889
VPAY_000890,VINV_000890,VEND_000046,2025-11-17T01:40:00,BANK_003,242210.34,INR,BANK_TRANSFER,SUCCESS,VENDPAY_00000890
VPAY_000891,VINV_000891,VEND_000062,2025-11-05T00:50:00,BANK_003,172958.00,INR,BANK_TRANSFER,SUCCESS,VENDPAY_00000891
VPAY_000892,VINV_000892,VEND_000057,2025-11-03T20:24:00,BANK_003,67320.18,INR,BANK_TRANSFER,SUCCESS,VENDPAY_00000892
VPAY_000893,VINV_000893,VEND_000002,2025-12-11T19:53:00,BANK_003,215440.86,INR,BANK_TRANSFER,SUCCESS,VENDPAY_00000893
VPAY_000894,VINV_000894,VEND_000086,2025-11-17T22:17:00,BANK_003,133683.00,INR,BANK_TRANSFER,SUCCESS,VENDPAY_00000894
VPAY_000895,VINV_000895,VEND_000056,2025-12-09T22:24:00,BANK_003,257787.52,INR,BANK_TRANSFER,SUCCESS,VENDPAY_00000895
VPAY_000896,VINV_000896,VEND_000045,2025-11-22T23:29:00,BANK_003,258404.66,INR,BANK_TRANSFER,SUCCESS,VENDPAY_00000896
VPAY_000897,VINV_000897,VEND_000020,2025-12-06T01:34:00,BANK_003,225811.88,INR,BANK_TRANSFER,SUCCESS,VENDPAY_00000897
VPAY_000898,VINV_000898,VEND_000083,2025-11-15T02:18:00,BANK_003,101641.66,INR,BANK_TRANSFER,SUCCESS,VENDPAY_00000898
VPAY_000899,VINV_000899,VEND_000064,2025-11-03T21:13:00,BANK_003,104263.62,INR,BANK_TRANSFER,SUCCESS,VENDPAY_00000899
VPAY_000900,VINV_000900,VEND_000042,2025-11-12T00:01:00,BANK_003,127614.64,INR,BANK_TRANSFER,SUCCESS,VENDPAY_00000900
VPAY_000901,VINV_000901,VEND_000065,2025-11-21T03:12:00,BANK_003,121989.58,INR,BANK_TRANSFER,SUCCESS,VENDPAY_00000901
VPAY_000902,VINV_000902,VEND_000052,2025-11-03T20:24:00,BANK_003,125791.54,INR,BANK_TRANSFER,SUCCESS,VENDPAY_00000902
VPAY_000903,VINV_000903,VEND_000074,2025-11-03T21:40:00,BANK_003,191709.88,INR,BANK_TRANSFER,SUCCESS,VENDPAY_00000903
VPAY_000904,VINV_000904,VEND_000058,2025-11-08T01:25:00,BANK_003,150866.54,INR,BANK_TRANSFER,SUCCESS,VENDPAY_00000904
VPAY_000905,VINV_000905,VEND_000014,2025-11-25T01:15:00,BANK_003,177895.62,INR,BANK_TRANSFER,SUCCESS,VENDPAY_00000905
VPAY_000906,VINV_000906,VEND_000012,2025-11-22T02:57:00,BANK_003,239997.84,INR,BANK_TRANSFER,SUCCESS,VENDPAY_00000906
VPAY_000907,VINV_000907,VEND_000066,2025-11-08T00:02:00,BANK_003,227046.16,INR,BANK_TRANSFER,SUCCESS,VENDPAY_00000907
VPAY_000908,VINV_000908,VEND_000044,2025-11-02T22:28:00,BANK_003,165492.64,INR,BANK_TRANSFER,SUCCESS,VENDPAY_00000908
VPAY_000909,VINV_000909,VEND_000059,2025-11-19T01:46:00,BANK_003,155788.32,INR,BANK_TRANSFER,SUCCESS,VENDPAY_00000909
VPAY_000910,VINV_000910,VEND_000085,2025-12-08T19:30:00,BANK_003,165477.30,INR,BANK_TRANSFER,SUCCESS,VENDPAY_00000910
VPAY_000911,VINV_000911,VEND_000013,2025-11-19T19:07:00,BANK_003,256920.22,INR,BANK_TRANSFER,SUCCESS,VENDPAY_00000911
VPAY_000912,VINV_000912,VEND_000046,2025-11-27T03:04:00,BANK_003,249109.80,INR,BANK_TRANSFER,SUCCESS,VENDPAY_00000912
VPAY_000913,VINV_000913,VEND_000090,2025-10-29T23:41:00,BANK_003,85987.78,INR,BANK_TRANSFER,SUCCESS,VENDPAY_00000913
VPAY_000914,VINV_000914,VEND_000064,2025-11-26T23:57:00,BANK_003,96544.06,INR,BANK_TRANSFER,SUCCESS,VENDPAY_00000914
VPAY_000915,VINV_000915,VEND_000014,2025-12-05T23:17:00,BANK_003,131758.80,INR,BANK_TRANSFER,SUCCESS,VENDPAY_00000915
VPAY_000916,VINV_000916,VEND_000016,2025-11-22T23:34:00,BANK_003,174634.10,INR,BANK_TRANSFER,SUCCESS,VENDPAY_00000916
VPAY_000917,VINV_000917,VEND_000044,2025-11-14T21:05:00,BANK_003,86435.00,INR,BANK_TRANSFER,SUCCESS,VENDPAY_00000917
VPAY_000918,VINV_000918,VEND_000058,2025-11-23T00:23:00,BANK_003,194583.18,INR,BANK_TRANSFER,SUCCESS,VENDPAY_00000918
VPAY_000919,VINV_000919,VEND_000064,2025-11-17T23:14:00,BANK_003,54441.66,INR,BANK_TRANSFER,SUCCESS,VENDPAY_00000919
VPAY_000920,VINV_000920,VEND_000071,2025-11-19T20:30:00,BANK_003,186980.44,INR,BANK_TRANSFER,SUCCESS,VENDPAY_00000920
VPAY_000921,VINV_000921,VEND_000089,2025-11-06T20:54:00,BANK_003,232063.52,INR,BANK_TRANSFER,SUCCESS,VENDPAY_00000921
VPAY_000922,VINV_000922,VEND_000014,2025-12-08T02:38:00,BANK_003,172936.08,INR,BANK_TRANSFER,SUCCESS,VENDPAY_00000922
VPAY_000923,VINV_000923,VEND_000065,2025-11-11T21:33:00,BANK_003,172087.66,INR,BANK_TRANSFER,SUCCESS,VENDPAY_00000923
VPAY_000924,VINV_000924,VEND_000036,2025-11-11T21:48:00,BANK_003,176172.82,INR,BANK_TRANSFER,SUCCESS,VENDPAY_00000924
VPAY_000925,VINV_000925,VEND_000018,2025-11-25T21:24:00,BANK_003,95843.14,INR,BANK_TRANSFER,SUCCESS,VENDPAY_00000925
VPAY_000926,VINV_000926,VEND_000090,2025-11-11T21:05:00,BANK_003,222552.72,INR,BANK_TRANSFER,SUCCESS,VENDPAY_00000926
VPAY_000927,VINV_000927,VEND_000026,2025-12-05T23:53:00,BANK_003,117969.32,INR,BANK_TRANSFER,SUCCESS,VENDPAY_00000927
VPAY_000928,VINV_000928,VEND_000088,2025-11-22T21:49:00,BANK_003,159908.88,INR,BANK_TRANSFER,SUCCESS,VENDPAY_00000928
VPAY_000929,VINV_000929,VEND_000065,2025-11-24T21:13:00,BANK_003,220907.80,INR,BANK_TRANSFER,SUCCESS,VENDPAY_00000929
VPAY_000930,VINV_000930,VEND_000015,2025-12-03T21:58:00,BANK_003,162057.66,INR,BANK_TRANSFER,SUCCESS,VENDPAY_00000930
VPAY_000931,VINV_000931,VEND_000087,2025-11-10T23:36:00,BANK_003,218251.62,INR,BANK_TRANSFER,SUCCESS,VENDPAY_00000931
VPAY_000932,VINV_000932,VEND_000002,2025-11-20T01:40:00,BANK_003,214795.40,INR,BANK_TRANSFER,SUCCESS,VENDPAY_00000932
VPAY_000933,VINV_000933,VEND_000019,2025-12-07T22:08:00,BANK_003,69513.80,INR,BANK_TRANSFER,SUCCESS,VENDPAY_00000933
VPAY_000934,VINV_000934,VEND_000035,2025-11-10T22:31:00,BANK_003,102881.84,INR,BANK_TRANSFER,SUCCESS,VENDPAY_00000934
VPAY_000935,VINV_000935,VEND_000019,2025-12-05T01:17:00,BANK_003,72287.98,INR,BANK_TRANSFER,SUCCESS,VENDPAY_00000935
VPAY_000936,VINV_000936,VEND_000027,2025-11-17T21:37:00,BANK_003,220500.70,INR,BANK_TRANSFER,SUCCESS,VENDPAY_00000936
VPAY_000937,VINV_000937,VEND_000014,2025-12-07T21:02:00,BANK_003,243680.62,INR,BANK_TRANSFER,SUCCESS,VENDPAY_00000937
VPAY_000938,VINV_000938,VEND_000083,2025-11-14T00:04:00,BANK_003,226716.94,INR,BANK_TRANSFER,SUCCESS,VENDPAY_00000938
VPAY_000939,VINV_000939,VEND_000089,2025-11-04T00:12:00,BANK_003,258647.74,INR,BANK_TRANSFER,SUCCESS,VENDPAY_00000939
VPAY_000940,VINV_000940,VEND_000050,2025-11-22T23:07:00,BANK_003,181956.00,INR,BANK_TRANSFER,SUCCESS,VENDPAY_00000940
VPAY_000941,VINV_000941,VEND_000002,2025-11-22T20:29:00,BANK_003,130846.66,INR,BANK_TRANSFER,SUCCESS,VENDPAY_00000941
VPAY_000942,VINV_000942,VEND_000029,2025-11-23T23:16:00,BANK_003,211143.00,INR,BANK_TRANSFER,SUCCESS,VENDPAY_00000942
VPAY_000943,VINV_000943,VEND_000076,2025-11-24T23:09:00,BANK_003,222183.38,INR,BANK_TRANSFER,SUCCESS,VENDPAY_00000943
VPAY_000944,VINV_000944,VEND_000025,2025-11-15T20:44:00,BANK_003,144096.88,INR,BANK_TRANSFER,SUCCESS,VENDPAY_00000944
VPAY_000945,VINV_000945,VEND_000024,2025-11-24T19:55:00,BANK_003,106859.62,INR,BANK_TRANSFER,SUCCESS,VENDPAY_00000945
VPAY_000946,VINV_000946,VEND_000049,2025-11-16T02:12:00,BANK_003,65669.36,INR,BANK_TRANSFER,SUCCESS,VENDPAY_00000946
VPAY_000947,VINV_000947,VEND_000017,2025-12-05T02:17:00,BANK_003,87186.00,INR,BANK_TRANSFER,SUCCESS,VENDPAY_00000947
VPAY_000948,VINV_000948,VEND_000001,2025-11-15T22:33:00,BANK_003,155352.90,INR,BANK_TRANSFER,SUCCESS,VENDPAY_00000948
VPAY_000949,VINV_000949,VEND_000006,2025-11-11T20:39:00,BANK_003,100644.56,INR,BANK_TRANSFER,SUCCESS,VENDPAY_00000949
VPAY_000950,VINV_000950,VEND_000081,2025-12-07T19:35:00,BANK_003,243526.04,INR,BANK_TRANSFER,SUCCESS,VENDPAY_00000950
VPAY_000951,VINV_000951,VEND_000074,2025-11-12T19:54:00,BANK_003,223280.78,INR,BANK_TRANSFER,SUCCESS,VENDPAY_00000951
VPAY_000952,VINV_000952,VEND_000068,2025-11-07T00:13:00,BANK_003,121139.98,INR,BANK_TRANSFER,SUCCESS,VENDPAY_00000952
VPAY_000953,VINV_000953,VEND_000065,2025-11-15T02:01:00,BANK_003,102398.04,INR,BANK_TRANSFER,SUCCESS,VENDPAY_00000953
VPAY_000954,VINV_000954,VEND_000012,2025-11-08T21:36:00,BANK_003,161179.74,INR,BANK_TRANSFER,SUCCESS,VENDPAY_00000954
VPAY_000955,VINV_000955,VEND_000085,2025-11-26T21:40:00,BANK_003,155761.18,INR,BANK_TRANSFER,SUCCESS,VENDPAY_00000955
VPAY_000956,VINV_000956,VEND_000028,2025-11-16T23:21:00,BANK_003,244352.04,INR,BANK_TRANSFER,SUCCESS,VENDPAY_00000956
VPAY_000957,VINV_000957,VEND_000015,2025-11-28T01:52:00,BANK_003,160129.54,INR,BANK_TRANSFER,SUCCESS,VENDPAY_00000957
VPAY_000958,VINV_000958,VEND_000006,2025-11-13T21:17:00,BANK_003,152374.58,INR,BANK_TRANSFER,SUCCESS,VENDPAY_00000958
VPAY_000959,VINV_000959,VEND_000050,2025-11-18T22:49:00,BANK_003,132470.34,INR,BANK_TRANSFER,SUCCESS,VENDPAY_00000959
VPAY_000960,VINV_000960,VEND_000004,2025-11-13T01:39:00,BANK_003,212981.74,INR,BANK_TRANSFER,SUCCESS,VENDPAY_00000960
VPAY_000961,VINV_000961,VEND_000063,2025-11-10T20:16:00,BANK_003,66664.10,INR,BANK_TRANSFER,SUCCESS,VENDPAY_00000961
VPAY_000962,VINV_000962,VEND_000042,2025-11-03T21:13:00,BANK_003,212062.52,INR,BANK_TRANSFER,SUCCESS,VENDPAY_00000962
VPAY_000963,VINV_000963,VEND_000069,2025-11-14T19:50:00,BANK_003,218035.68,INR,BANK_TRANSFER,SUCCESS,VENDPAY_00000963
VPAY_000964,VINV_000964,VEND_000027,2025-11-23T01:28:00,BANK_003,247827.14,INR,BANK_TRANSFER,SUCCESS,VENDPAY_00000964
VPAY_000965,VINV_000965,VEND_000014,2025-12-04T00:03:00,BANK_003,116691.38,INR,BANK_TRANSFER,SUCCESS,VENDPAY_00000965
VPAY_000966,VINV_000966,VEND_000083,2025-11-25T00:29:00,BANK_003,75407.90,INR,BANK_TRANSFER,SUCCESS,VENDPAY_00000966
VPAY_000967,VINV_000967,VEND_000004,2025-11-23T19:42:00,BANK_003,195151.94,INR,BANK_TRANSFER,SUCCESS,VENDPAY_00000967
VPAY_000968,VINV_000968,VEND_000012,2025-11-02T23:44:00,BANK_003,75757.18,INR,BANK_TRANSFER,SUCCESS,VENDPAY_00000968
VPAY_000969,VINV_000969,VEND_000072,2025-11-14T21:23:00,BANK_003,74888.70,INR,BANK_TRANSFER,SUCCESS,VENDPAY_00000969
VPAY_000970,VINV_000970,VEND_000034,2025-11-14T00:31:00,BANK_003,179192.44,INR,BANK_TRANSFER,SUCCESS,VENDPAY_00000970
VPAY_000971,VINV_000971,VEND_000056,2025-11-16T21:47:00,BANK_003,150972.74,INR,BANK_TRANSFER,SUCCESS,VENDPAY_00000971
VPAY_000972,VINV_000972,VEND_000069,2025-12-05T21:00:00,BANK_003,54924.28,INR,BANK_TRANSFER,SUCCESS,VENDPAY_00000972
VPAY_000973,VINV_000973,VEND_000075,2025-12-08T19:56:00,BANK_003,67178.58,INR,BANK_TRANSFER,SUCCESS,VENDPAY_00000973
VPAY_000974,VINV_000974,VEND_000046,2025-11-19T19:33:00,BANK_003,208641.70,INR,BANK_TRANSFER,SUCCESS,VENDPAY_00000974
VPAY_000975,VINV_000975,VEND_000078,2025-11-23T02:46:00,BANK_003,79857.68,INR,BANK_TRANSFER,SUCCESS,VENDPAY_00000975
VPAY_000976,VINV_000976,VEND_000049,2025-11-22T01:15:00,BANK_003,175319.68,INR,BANK_TRANSFER,SUCCESS,VENDPAY_00000976
VPAY_000977,VINV_000977,VEND_000021,2025-11-24T02:06:00,BANK_003,218117.10,INR,BANK_TRANSFER,SUCCESS,VENDPAY_00000977
VPAY_000978,VINV_000978,VEND_000070,2025-12-07T00:01:00,BANK_003,144344.68,INR,BANK_TRANSFER,SUCCESS,VENDPAY_00000978
VPAY_000979,VINV_000979,VEND_000087,2025-11-09T20:32:00,BANK_003,253526.54,INR,BANK_TRANSFER,SUCCESS,VENDPAY_00000979
VPAY_000980,VINV_000980,VEND_000016,2025-11-16T19:47:00,BANK_003,66021.00,INR,BANK_TRANSFER,SUCCESS,VENDPAY_00000980
VPAY_000981,VINV_000981,VEND_000069,2025-11-18T19:44:00,BANK_003,222465.40,INR,BANK_TRANSFER,SUCCESS,VENDPAY_00000981
VPAY_000982,VINV_000982,VEND_000045,2025-11-11T00:46:00,BANK_003,118595.90,INR,BANK_TRANSFER,SUCCESS,VENDPAY_00000982
VPAY_000983,VINV_000983,VEND_000021,2025-11-24T00:44:00,BANK_003,110013.76,INR,BANK_TRANSFER,SUCCESS,VENDPAY_00000983
VPAY_000984,VINV_000984,VEND_000025,2025-11-06T20:05:00,BANK_003,88555.46,INR,BANK_TRANSFER,SUCCESS,VENDPAY_00000984
VPAY_000985,VINV_000985,VEND_000071,2025-11-22T00:22:00,BANK_003,195782.06,INR,BANK_TRANSFER,SUCCESS,VENDPAY_00000985
VPAY_000986,VINV_000986,VEND_000038,2025-11-10T02:29:00,BANK_003,73936.44,INR,BANK_TRANSFER,SUCCESS,VENDPAY_00000986
VPAY_000987,VINV_000987,VEND_000075,2025-11-27T03:11:00,BANK_003,203802.52,INR,BANK_TRANSFER,SUCCESS,VENDPAY_00000987
VPAY_000988,VINV_000988,VEND_000086,2025-11-08T22:15:00,BANK_003,216828.00,INR,BANK_TRANSFER,SUCCESS,VENDPAY_00000988
VPAY_000989,VINV_000989,VEND_000080,2025-11-18T19:34:00,BANK_003,74692.82,INR,BANK_TRANSFER,SUCCESS,VENDPAY_00000989
VPAY_000990,VINV_000990,VEND_000058,2025-11-20T20:03:00,BANK_003,154666.14,INR,BANK_TRANSFER,SUCCESS,VENDPAY_00000990
VPAY_000991,VINV_000991,VEND_000089,2025-11-01T23:42:00,BANK_003,233800.48,INR,BANK_TRANSFER,SUCCESS,VENDPAY_00000991
VPAY_000992,VINV_000992,VEND_000041,2025-11-06T22:26:00,BANK_003,185588.04,INR,BANK_TRANSFER,SUCCESS,VENDPAY_00000992
VPAY_000993,VINV_000993,VEND_000032,2025-11-23T19:56:00,BANK_003,103071.00,INR,BANK_TRANSFER,SUCCESS,VENDPAY_00000993
VPAY_000994,VINV_000994,VEND_000036,2025-11-05T20:45:00,BANK_003,164299.66,INR,BANK_TRANSFER,SUCCESS,VENDPAY_00000994
VPAY_000995,VINV_000995,VEND_000062,2025-11-19T02:06:00,BANK_003,166332.00,INR,BANK_TRANSFER,SUCCESS,VENDPAY_00000995
VPAY_000996,VINV_000996,VEND_000063,2025-11-05T02:58:00,BANK_003,223748.06,INR,BANK_TRANSFER,SUCCESS,VENDPAY_00000996
VPAY_000997,VINV_000997,VEND_000036,2025-11-17T21:52:00,BANK_003,96406.00,INR,BANK_TRANSFER,SUCCESS,VENDPAY_00000997
VPAY_000998,VINV_000998,VEND_000081,2025-12-09T20:41:00,BANK_003,76751.92,INR,BANK_TRANSFER,SUCCESS,VENDPAY_00000998
VPAY_000999,VINV_000999,VEND_000065,2025-11-02T02:34:00,BANK_003,248480.86,INR,BANK_TRANSFER,SUCCESS,VENDPAY_00000999
VPAY_001000,VINV_001000,VEND_000076,2025-11-03T23:51:00,BANK_003,118912.14,INR,BANK_TRANSFER,SUCCESS,VENDPAY_00001000
VPAY_001001,VINV_001001,VEND_000070,2025-12-02T02:25:00,BANK_003,220038.14,INR,BANK_TRANSFER,SUCCESS,VENDPAY_00001001
VPAY_001002,VINV_001002,VEND_000047,2025-11-24T01:17:00,BANK_003,174511.38,INR,BANK_TRANSFER,SUCCESS,VENDPAY_00001002
VPAY_001003,VINV_001003,VEND_000018,2025-12-02T22:36:00,BANK_003,196845.24,INR,BANK_TRANSFER,SUCCESS,VENDPAY_00001003
VPAY_001004,VINV_001004,VEND_000051,2025-12-03T20:09:00,BANK_003,165654.30,INR,BANK_TRANSFER,SUCCESS,VENDPAY_00001004
VPAY_001005,VINV_001005,VEND_000079,2025-11-14T02:28:00,BANK_003,104399.32,INR,BANK_TRANSFER,SUCCESS,VENDPAY_00001005
VPAY_001006,VINV_001006,VEND_000021,2025-12-05T01:25:00,BANK_003,108513.98,INR,BANK_TRANSFER,SUCCESS,VENDPAY_00001006
VPAY_001007,VINV_001007,VEND_000062,2025-11-02T23:43:00,BANK_003,139056.00,INR,BANK_TRANSFER,SUCCESS,VENDPAY_00001007
VPAY_001008,VINV_001008,VEND_000030,2025-11-09T20:28:00,BANK_003,72544.04,INR,BANK_TRANSFER,SUCCESS,VENDPAY_00001008
VPAY_001009,VINV_001009,VEND_000006,2025-11-14T20:11:00,BANK_003,117060.72,INR,BANK_TRANSFER,SUCCESS,VENDPAY_00001009
VPAY_001010,VINV_001010,VEND_000050,2025-11-16T01:05:00,BANK_003,198383.96,INR,BANK_TRANSFER,SUCCESS,VENDPAY_00001010
VPAY_001011,VINV_001011,VEND_000006,2025-11-10T00:31:00,BANK_003,253707.08,INR,BANK_TRANSFER,SUCCESS,VENDPAY_00001011
VPAY_001012,VINV_001012,VEND_000034,2025-11-18T23:52:00,BANK_003,232087.12,INR,BANK_TRANSFER,SUCCESS,VENDPAY_00001012
VPAY_001013,VINV_001013,VEND_000049,2025-11-13T21:24:00,BANK_003,255301.26,INR,BANK_TRANSFER,SUCCESS,VENDPAY_00001013
VPAY_001014,VINV_001014,VEND_000067,2025-11-15T23:04:00,BANK_003,130922.18,INR,BANK_TRANSFER,SUCCESS,VENDPAY_00001014
VPAY_001015,VINV_001015,VEND_000067,2025-11-12T21:59:00,BANK_003,178639.02,INR,BANK_TRANSFER,SUCCESS,VENDPAY_00001015
VPAY_001016,VINV_001016,VEND_000063,2025-11-18T21:12:00,BANK_003,202230.76,INR,BANK_TRANSFER,SUCCESS,VENDPAY_00001016
VPAY_001017,VINV_001017,VEND_000057,2025-11-09T00:47:00,BANK_003,104326.16,INR,BANK_TRANSFER,SUCCESS,VENDPAY_00001017
VPAY_001018,VINV_001018,VEND_000028,2025-11-06T20:47:00,BANK_003,99573.12,INR,BANK_TRANSFER,SUCCESS,VENDPAY_00001018
VPAY_001019,VINV_001019,VEND_000078,2025-12-07T20:15:00,BANK_003,89702.42,INR,BANK_TRANSFER,SUCCESS,VENDPAY_00001019
VPAY_001020,VINV_001020,VEND_000043,2025-12-03T03:34:00,BANK_003,88158.98,INR,BANK_TRANSFER,SUCCESS,VENDPAY_00001020
VPAY_001021,VINV_001021,VEND_000062,2025-11-16T20:12:00,BANK_003,100234.00,INR,BANK_TRANSFER,SUCCESS,VENDPAY_00001021
VPAY_001022,VINV_001022,VEND_000003,2025-11-03T22:07:00,BANK_003,128473.68,INR,BANK_TRANSFER,SUCCESS,VENDPAY_00001022
VPAY_001023,VINV_001023,VEND_000018,2025-12-03T01:33:00,BANK_003,247835.40,INR,BANK_TRANSFER,SUCCESS,VENDPAY_00001023
VPAY_001024,VINV_001024,VEND_000008,2025-11-05T22:21:00,BANK_003,88605.00,INR,BANK_TRANSFER,SUCCESS,VENDPAY_00001024
VPAY_001025,VINV_001025,VEND_000067,2025-11-20T21:53:00,BANK_003,178518.66,INR,BANK_TRANSFER,SUCCESS,VENDPAY_00001025
VPAY_001026,VINV_001026,VEND_000085,2025-11-18T21:15:00,BANK_003,140779.90,INR,BANK_TRANSFER,SUCCESS,VENDPAY_00001026
VPAY_001027,VINV_001027,VEND_000078,2025-12-01T22:51:00,BANK_003,198922.04,INR,BANK_TRANSFER,SUCCESS,VENDPAY_00001027
VPAY_001028,VINV_001028,VEND_000053,2025-11-06T02:46:00,BANK_003,202506.00,INR,BANK_TRANSFER,SUCCESS,VENDPAY_00001028
VPAY_001029,VINV_001029,VEND_000080,2025-12-02T19:21:00,BANK_003,257147.96,INR,BANK_TRANSFER,SUCCESS,VENDPAY_00001029
VPAY_001030,VINV_001030,VEND_000088,2025-11-15T22:04:00,BANK_003,159098.22,INR,BANK_TRANSFER,SUCCESS,VENDPAY_00001030
VPAY_001031,VINV_001031,VEND_000030,2025-11-08T22:48:00,BANK_003,170091.10,INR,BANK_TRANSFER,SUCCESS,VENDPAY_00001031
VPAY_001032,VINV_001032,VEND_000003,2025-11-20T20:19:00,BANK_003,115691.92,INR,BANK_TRANSFER,SUCCESS,VENDPAY_00001032
VPAY_001033,VINV_001033,VEND_000020,2025-11-20T00:41:00,BANK_003,240402.58,INR,BANK_TRANSFER,SUCCESS,VENDPAY_00001033
VPAY_001034,VINV_001034,VEND_000079,2025-11-03T03:18:00,BANK_003,238639.66,INR,BANK_TRANSFER,SUCCESS,VENDPAY_00001034
VPAY_001035,VINV_001035,VEND_000012,2025-11-26T00:32:00,BANK_003,202270.88,INR,BANK_TRANSFER,SUCCESS,VENDPAY_00001035
VPAY_001036,VINV_001036,VEND_000087,2025-11-14T19:53:00,BANK_003,253926.56,INR,BANK_TRANSFER,SUCCESS,VENDPAY_00001036
VPAY_001037,VINV_001037,VEND_000048,2025-11-23T20:30:00,BANK_003,66536.66,INR,BANK_TRANSFER,SUCCESS,VENDPAY_00001037
VPAY_001038,VINV_001038,VEND_000030,2025-11-13T23:25:00,BANK_003,202234.30,INR,BANK_TRANSFER,SUCCESS,VENDPAY_00001038
VPAY_001039,VINV_001039,VEND_000055,2025-11-10T03:03:00,BANK_003,94513.28,INR,BANK_TRANSFER,SUCCESS,VENDPAY_00001039
VPAY_001040,VINV_001040,VEND_000011,2025-12-05T23:06:00,BANK_003,140722.08,INR,BANK_TRANSFER,SUCCESS,VENDPAY_00001040
VPAY_001041,VINV_001041,VEND_000033,2025-10-31T00:19:00,BANK_003,111569.00,INR,BANK_TRANSFER,SUCCESS,VENDPAY_00001041
VPAY_001042,VINV_001042,VEND_000074,2025-11-04T20:21:00,BANK_003,214736.40,INR,BANK_TRANSFER,SUCCESS,VENDPAY_00001042
VPAY_001043,VINV_001043,VEND_000049,2025-11-09T02:06:00,BANK_003,255570.30,INR,BANK_TRANSFER,SUCCESS,VENDPAY_00001043
VPAY_001044,VINV_001044,VEND_000053,2025-11-05T21:24:00,BANK_003,139966.00,INR,BANK_TRANSFER,SUCCESS,VENDPAY_00001044
VPAY_001045,VINV_001045,VEND_000084,2025-11-25T01:14:00,BANK_003,234172.18,INR,BANK_TRANSFER,SUCCESS,VENDPAY_00001045
VPAY_001046,VINV_001046,VEND_000073,2025-12-06T00:53:00,BANK_003,166204.18,INR,BANK_TRANSFER,SUCCESS,VENDPAY_00001046
VPAY_001047,VINV_001047,VEND_000027,2025-12-03T23:43:00,BANK_003,180923.50,INR,BANK_TRANSFER,SUCCESS,VENDPAY_00001047
VPAY_001048,VINV_001048,VEND_000023,2025-12-05T23:46:00,BANK_003,167617.82,INR,BANK_TRANSFER,SUCCESS,VENDPAY_00001048
VPAY_001049,VINV_001049,VEND_000033,2025-11-19T20:25:00,BANK_003,147956.66,INR,BANK_TRANSFER,SUCCESS,VENDPAY_00001049
VPAY_001050,VINV_001050,VEND_000018,2025-11-19T22:48:00,BANK_003,257035.86,INR,BANK_TRANSFER,SUCCESS,VENDPAY_00001050
VPAY_001051,VINV_001051,VEND_000058,2025-11-04T19:34:00,BANK_003,103147.34,INR,BANK_TRANSFER,SUCCESS,VENDPAY_00001051
VPAY_001052,VINV_001052,VEND_000044,2025-11-21T22:05:00,BANK_003,223409.40,INR,BANK_TRANSFER,SUCCESS,VENDPAY_00001052
VPAY_001053,VINV_001053,VEND_000021,2025-12-07T00:03:00,BANK_003,173461.18,INR,BANK_TRANSFER,SUCCESS,VENDPAY_00001053
VPAY_001054,VINV_001054,VEND_000019,2025-11-30T22:16:00,BANK_003,199001.10,INR,BANK_TRANSFER,SUCCESS,VENDPAY_00001054
VPAY_001055,VINV_001055,VEND_000009,2025-11-19T00:27:00,BANK_003,134481.06,INR,BANK_TRANSFER,SUCCESS,VENDPAY_00001055
VPAY_001056,VINV_001056,VEND_000078,2025-12-10T02:01:00,BANK_003,64778.46,INR,BANK_TRANSFER,SUCCESS,VENDPAY_00001056
VPAY_001057,VINV_001057,VEND_000079,2025-11-15T00:26:00,BANK_003,256074.16,INR,BANK_TRANSFER,SUCCESS,VENDPAY_00001057
VPAY_001058,VINV_001058,VEND_000023,2025-12-05T02:18:00,BANK_003,251160.64,INR,BANK_TRANSFER,SUCCESS,VENDPAY_00001058
VPAY_001059,VINV_001059,VEND_000026,2025-12-03T02:59:00,BANK_003,256293.64,INR,BANK_TRANSFER,SUCCESS,VENDPAY_00001059
VPAY_001060,VINV_001060,VEND_000005,2025-11-18T00:47:00,BANK_003,238547.62,INR,BANK_TRANSFER,SUCCESS,VENDPAY_00001060
VPAY_001061,VINV_001061,VEND_000079,2025-11-22T21:26:00,BANK_003,105525.04,INR,BANK_TRANSFER,SUCCESS,VENDPAY_00001061
VPAY_001062,VINV_001062,VEND_000031,2025-11-01T23:18:00,BANK_003,255716.62,INR,BANK_TRANSFER,SUCCESS,VENDPAY_00001062
VPAY_001063,VINV_001063,VEND_000036,2025-11-12T02:36:00,BANK_003,176656.62,INR,BANK_TRANSFER,SUCCESS,VENDPAY_00001063
VPAY_001064,VINV_001064,VEND_000052,2025-11-10T19:44:00,BANK_003,234391.66,INR,BANK_TRANSFER,SUCCESS,VENDPAY_00001064
VPAY_001065,VINV_001065,VEND_000009,2025-12-03T22:58:00,BANK_003,80990.48,INR,BANK_TRANSFER,SUCCESS,VENDPAY_00001065
VPAY_001066,VINV_001066,VEND_000045,2025-11-09T02:47:00,BANK_003,138631.12,INR,BANK_TRANSFER,SUCCESS,VENDPAY_00001066
VPAY_001067,VINV_001067,VEND_000059,2025-11-19T20:15:00,BANK_003,178054.92,INR,BANK_TRANSFER,SUCCESS,VENDPAY_00001067
VPAY_001068,VINV_001068,VEND_000023,2025-12-03T00:16:00,BANK_003,179037.86,INR,BANK_TRANSFER,SUCCESS,VENDPAY_00001068
VPAY_001069,VINV_001069,VEND_000065,2025-11-11T20:59:00,BANK_003,144120.48,INR,BANK_TRANSFER,SUCCESS,VENDPAY_00001069
VPAY_001070,VINV_001070,VEND_000069,2025-11-25T01:12:00,BANK_003,230930.72,INR,BANK_TRANSFER,SUCCESS,VENDPAY_00001070
VPAY_001071,VINV_001071,VEND_000049,2025-11-14T23:33:00,BANK_003,227304.58,INR,BANK_TRANSFER,SUCCESS,VENDPAY_00001071
VPAY_001072,VINV_001072,VEND_000044,2025-11-19T21:15:00,BANK_003,195035.12,INR,BANK_TRANSFER,SUCCESS,VENDPAY_00001072
VPAY_001073,VINV_001073,VEND_000062,2025-11-06T02:50:00,BANK_003,75479.00,INR,BANK_TRANSFER,SUCCESS,VENDPAY_00001073
VPAY_001074,VINV_001074,VEND_000082,2025-12-07T22:40:00,BANK_003,121269.78,INR,BANK_TRANSFER,SUCCESS,VENDPAY_00001074
VPAY_001075,VINV_001075,VEND_000041,2025-11-13T01:55:00,BANK_003,180674.52,INR,BANK_TRANSFER,SUCCESS,VENDPAY_00001075
VPAY_001076,VINV_001076,VEND_000090,2025-11-08T21:11:00,BANK_003,134561.30,INR,BANK_TRANSFER,SUCCESS,VENDPAY_00001076
VPAY_001077,VINV_001077,VEND_000052,2025-11-03T22:45:00,BANK_003,158888.18,INR,BANK_TRANSFER,SUCCESS,VENDPAY_00001077
VPAY_001078,VINV_001078,VEND_000061,2025-11-12T19:31:00,BANK_003,150189.22,INR,BANK_TRANSFER,SUCCESS,VENDPAY_00001078
VPAY_001079,VINV_001079,VEND_000024,2025-11-13T20:51:00,BANK_003,111924.18,INR,BANK_TRANSFER,SUCCESS,VENDPAY_00001079
VPAY_001080,VINV_001080,VEND_000031,2025-11-10T01:23:00,BANK_003,127974.54,INR,BANK_TRANSFER,SUCCESS,VENDPAY_00001080
VPAY_001081,VINV_001081,VEND_000026,2025-12-05T20:43:00,BANK_003,130338.08,INR,BANK_TRANSFER,SUCCESS,VENDPAY_00001081
VPAY_001082,VINV_001082,VEND_000014,2025-11-19T03:28:00,BANK_003,90181.50,INR,BANK_TRANSFER,SUCCESS,VENDPAY_00001082
VPAY_001083,VINV_001083,VEND_000079,2025-11-17T01:12:00,BANK_003,55148.48,INR,BANK_TRANSFER,SUCCESS,VENDPAY_00001083
VPAY_001084,VINV_001084,VEND_000048,2025-11-08T22:43:00,BANK_003,245090.72,INR,BANK_TRANSFER,SUCCESS,VENDPAY_00001084
VPAY_001085,VINV_001085,VEND_000063,2025-11-17T23:59:00,BANK_003,109666.84,INR,BANK_TRANSFER,SUCCESS,VENDPAY_00001085
VPAY_001086,VINV_001086,VEND_000029,2025-11-05T22:09:00,BANK_003,196169.00,INR,BANK_TRANSFER,SUCCESS,VENDPAY_00001086
VPAY_001087,VINV_001087,VEND_000062,2025-10-29T02:41:00,BANK_003,186759.00,INR,BANK_TRANSFER,SUCCESS,VENDPAY_00001087
VPAY_001088,VINV_001088,VEND_000051,2025-11-30T01:12:00,BANK_003,107169.96,INR,BANK_TRANSFER,SUCCESS,VENDPAY_00001088
VPAY_001089,VINV_001089,VEND_000041,2025-11-02T02:55:00,BANK_003,55703.08,INR,BANK_TRANSFER,SUCCESS,VENDPAY_00001089
VPAY_001090,VINV_001090,VEND_000049,2025-11-02T22:00:00,BANK_003,232822.26,INR,BANK_TRANSFER,SUCCESS,VENDPAY_00001090
VPAY_001091,VINV_001091,VEND_000079,2025-11-06T21:05:00,BANK_003,133432.04,INR,BANK_TRANSFER,SUCCESS,VENDPAY_00001091
VPAY_001092,VINV_001092,VEND_000031,2025-11-17T00:29:00,BANK_003,136435.14,INR,BANK_TRANSFER,SUCCESS,VENDPAY_00001092
VPAY_001093,VINV_001093,VEND_000047,2025-12-02T03:24:00,BANK_003,109988.98,INR,BANK_TRANSFER,SUCCESS,VENDPAY_00001093
VPAY_001094,VINV_001094,VEND_000054,2025-11-27T21:35:00,BANK_003,168265.64,INR,BANK_TRANSFER,SUCCESS,VENDPAY_00001094
VPAY_001095,VINV_001095,VEND_000036,2025-11-06T21:59:00,BANK_003,192522.90,INR,BANK_TRANSFER,SUCCESS,VENDPAY_00001095
VPAY_001096,VINV_001096,VEND_000074,2025-11-05T00:57:00,BANK_003,123802.06,INR,BANK_TRANSFER,SUCCESS,VENDPAY_00001096
VPAY_001097,VINV_001097,VEND_000031,2025-11-15T00:22:00,BANK_003,224883.22,INR,BANK_TRANSFER,SUCCESS,VENDPAY_00001097
VPAY_001098,VINV_001098,VEND_000026,2025-12-09T23:02:00,BANK_003,98213.76,INR,BANK_TRANSFER,SUCCESS,VENDPAY_00001098
VPAY_001099,VINV_001099,VEND_000002,2025-11-29T19:40:00,BANK_003,107729.28,INR,BANK_TRANSFER,SUCCESS,VENDPAY_00001099
VPAY_001100,VINV_001100,VEND_000081,2025-12-03T20:51:00,BANK_003,213025.40,INR,BANK_TRANSFER,SUCCESS,VENDPAY_00001100
VPAY_001101,VINV_001101,VEND_000063,2025-11-10T02:23:00,BANK_003,145909.36,INR,BANK_TRANSFER,SUCCESS,VENDPAY_00001101
VPAY_001102,VINV_001102,VEND_000051,2025-12-08T20:03:00,BANK_003,83715.10,INR,BANK_TRANSFER,SUCCESS,VENDPAY_00001102
VPAY_001103,VINV_001103,VEND_000028,2025-11-17T02:27:00,BANK_003,131758.80,INR,BANK_TRANSFER,SUCCESS,VENDPAY_00001103
VPAY_001104,VINV_001104,VEND_000058,2025-11-10T02:59:00,BANK_003,156619.04,INR,BANK_TRANSFER,SUCCESS,VENDPAY_00001104
VPAY_001105,VINV_001105,VEND_000072,2025-11-10T02:41:00,BANK_003,225548.74,INR,BANK_TRANSFER,SUCCESS,VENDPAY_00001105
VPAY_001106,VINV_001106,VEND_000053,2025-11-11T22:02:00,BANK_003,76781.00,INR,BANK_TRANSFER,SUCCESS,VENDPAY_00001106
VPAY_001107,VINV_001107,VEND_000074,2025-11-23T21:51:00,BANK_003,231241.06,INR,BANK_TRANSFER,SUCCESS,VENDPAY_00001107
VPAY_001108,VINV_001108,VEND_000037,2025-11-27T21:45:00,BANK_003,162945.02,INR,BANK_TRANSFER,SUCCESS,VENDPAY_00001108
VPAY_001109,VINV_001109,VEND_000058,2025-11-14T01:51:00,BANK_003,77353.72,INR,BANK_TRANSFER,SUCCESS,VENDPAY_00001109
VPAY_001110,VINV_001110,VEND_000060,2025-11-08T22:48:00,BANK_003,248506.82,INR,BANK_TRANSFER,SUCCESS,VENDPAY_00001110
VPAY_001111,VINV_001111,VEND_000082,2025-11-30T01:38:00,BANK_003,157463.92,INR,BANK_TRANSFER,SUCCESS,VENDPAY_00001111
VPAY_001112,VINV_001112,VEND_000093,2025-10-28T21:26:00,BANK_003,28369.00,INR,BANK_TRANSFER,SUCCESS,VENDPAY_00001112
VPAY_001113,VINV_001113,VEND_000100,2025-11-22T03:16:00,BANK_003,62608.44,INR,BANK_TRANSFER,SUCCESS,VENDPAY_00001113
VPAY_001114,VINV_001114,VEND_000105,2025-11-11T01:10:00,BANK_003,77408.00,INR,BANK_TRANSFER,SUCCESS,VENDPAY_00001114
VPAY_001115,VINV_001115,VEND_000096,2025-10-27T21:36:00,BANK_003,24811.86,INR,BANK_TRANSFER,SUCCESS,VENDPAY_00001115
VPAY_001116,VINV_001116,VEND_000093,2025-10-29T02:32:00,BANK_003,45600.00,INR,BANK_TRANSFER,SUCCESS,VENDPAY_00001116
VPAY_001117,VINV_001117,VEND_000106,2025-11-03T22:37:00,BANK_003,106063.12,INR,BANK_TRANSFER,SUCCESS,VENDPAY_00001117
VPAY_001118,VINV_001118,VEND_000093,2025-10-31T22:38:00,BANK_003,31622.00,INR,BANK_TRANSFER,SUCCESS,VENDPAY_00001118
VPAY_001119,VINV_001119,VEND_000103,2025-10-25T01:10:00,BANK_003,69087.82,INR,BANK_TRANSFER,SUCCESS,VENDPAY_00001119
VPAY_001120,VINV_001120,VEND_000095,2025-11-09T02:49:00,BANK_003,41543.08,INR,BANK_TRANSFER,SUCCESS,VENDPAY_00001120
VPAY_001121,VINV_001121,VEND_000102,2025-11-08T03:10:00,BANK_003,71536.32,INR,BANK_TRANSFER,SUCCESS,VENDPAY_00001121
VPAY_001122,VINV_001122,VEND_000095,2025-10-29T03:39:00,BANK_003,104648.30,INR,BANK_TRANSFER,SUCCESS,VENDPAY_00001122
VPAY_001123,VINV_001123,VEND_000109,2025-10-30T23:19:00,BANK_003,88515.34,INR,BANK_TRANSFER,SUCCESS,VENDPAY_00001123
VPAY_001124,VINV_001124,VEND_000106,2025-11-10T02:53:00,BANK_003,104707.30,INR,BANK_TRANSFER,SUCCESS,VENDPAY_00001124
VPAY_001125,VINV_001125,VEND_000102,2025-11-01T01:53:00,BANK_003,84993.04,INR,BANK_TRANSFER,SUCCESS,VENDPAY_00001125
VPAY_001126,VINV_001126,VEND_000107,2025-11-14T04:16:00,BANK_003,42320.70,INR,BANK_TRANSFER,SUCCESS,VENDPAY_00001126
VPAY_001127,VINV_001127,VEND_000106,2025-11-12T01:01:00,BANK_003,95025.40,INR,BANK_TRANSFER,SUCCESS,VENDPAY_00001127
VPAY_001128,VINV_001128,VEND_000110,2025-10-19T00:54:00,BANK_003,56999.90,INR,BANK_TRANSFER,SUCCESS,VENDPAY_00001128
VPAY_001129,VINV_001129,VEND_000108,2025-10-31T04:09:00,BANK_003,88844.56,INR,BANK_TRANSFER,SUCCESS,VENDPAY_00001129
VPAY_001130,VINV_001130,VEND_000103,2025-10-25T22:11:00,BANK_003,79758.56,INR,BANK_TRANSFER,SUCCESS,VENDPAY_00001130
VPAY_001131,VINV_001131,VEND_000098,2025-11-22T01:38:00,BANK_003,85713.00,INR,BANK_TRANSFER,SUCCESS,VENDPAY_00001131
VPAY_001132,VINV_001132,VEND_000108,2025-11-01T01:29:00,BANK_003,62817.30,INR,BANK_TRANSFER,SUCCESS,VENDPAY_00001132
VPAY_001133,VINV_001133,VEND_000100,2025-11-22T21:41:00,BANK_003,38307.52,INR,BANK_TRANSFER,SUCCESS,VENDPAY_00001133
VPAY_001134,VINV_001134,VEND_000110,2025-10-25T03:07:00,BANK_003,97333.48,INR,BANK_TRANSFER,SUCCESS,VENDPAY_00001134
VPAY_001135,VINV_001135,VEND_000108,2025-10-24T01:58:00,BANK_003,24662.00,INR,BANK_TRANSFER,SUCCESS,VENDPAY_00001135
VPAY_001136,VINV_001136,VEND_000105,2025-10-23T21:24:00,BANK_003,22508.50,INR,BANK_TRANSFER,SUCCESS,VENDPAY_00001136
VPAY_001137,VINV_001137,VEND_000097,2025-11-16T02:27:00,BANK_003,74121.70,INR,BANK_TRANSFER,SUCCESS,VENDPAY_00001137
VPAY_001138,VINV_001138,VEND_000105,2025-10-28T20:16:00,BANK_003,26147.62,INR,BANK_TRANSFER,SUCCESS,VENDPAY_00001138
VPAY_001139,VINV_001139,VEND_000103,2025-11-02T20:45:00,BANK_003,32280.08,INR,BANK_TRANSFER,SUCCESS,VENDPAY_00001139
VPAY_001140,VINV_001140,VEND_000099,2025-11-02T01:52:00,BANK_003,80256.52,INR,BANK_TRANSFER,SUCCESS,VENDPAY_00001140
VPAY_001141,VINV_001141,VEND_000105,2025-11-08T03:34:00,BANK_003,59467.28,INR,BANK_TRANSFER,SUCCESS,VENDPAY_00001141
VPAY_001142,VINV_001142,VEND_000094,2025-11-13T21:56:00,BANK_003,101841.08,INR,BANK_TRANSFER,SUCCESS,VENDPAY_00001142
VPAY_001143,VINV_001143,VEND_000100,2025-11-05T04:18:00,BANK_003,71205.92,INR,BANK_TRANSFER,SUCCESS,VENDPAY_00001143
VPAY_001144,VINV_001144,VEND_000108,2025-10-22T03:53:00,BANK_003,101808.04,INR,BANK_TRANSFER,SUCCESS,VENDPAY_00001144
VPAY_001145,VINV_001145,VEND_000097,2025-11-04T02:05:00,BANK_003,76984.38,INR,BANK_TRANSFER,SUCCESS,VENDPAY_00001145
VPAY_001146,VINV_001146,VEND_000098,2025-11-13T00:47:00,BANK_003,74906.00,INR,BANK_TRANSFER,SUCCESS,VENDPAY_00001146
VPAY_001147,VINV_001147,VEND_000109,2025-10-30T22:08:00,BANK_003,39744.76,INR,BANK_TRANSFER,SUCCESS,VENDPAY_00001147
VPAY_001148,VINV_001148,VEND_000092,2025-11-23T23:24:00,BANK_003,111111.16,INR,BANK_TRANSFER,SUCCESS,VENDPAY_00001148
VPAY_001149,VINV_001149,VEND_000093,2025-10-29T00:25:00,BANK_003,50600.00,INR,BANK_TRANSFER,SUCCESS,VENDPAY_00001149
VPAY_001150,VINV_001150,VEND_000101,2025-10-25T00:05:00,BANK_003,30527.78,INR,BANK_TRANSFER,SUCCESS,VENDPAY_00001150
VPAY_001151,VINV_001151,VEND_000094,2025-11-08T02:46:00,BANK_003,40700.56,INR,BANK_TRANSFER,SUCCESS,VENDPAY_00001151
VPAY_001152,VINV_001152,VEND_000102,2025-11-15T04:10:00,BANK_003,89093.54,INR,BANK_TRANSFER,SUCCESS,VENDPAY_00001152
VPAY_001153,VINV_001153,VEND_000102,2025-10-29T21:11:00,BANK_003,42077.62,INR,BANK_TRANSFER,SUCCESS,VENDPAY_00001153
VPAY_001154,VINV_001154,VEND_000105,2025-10-28T01:19:00,BANK_003,107700.96,INR,BANK_TRANSFER,SUCCESS,VENDPAY_00001154
VPAY_001155,VINV_001155,VEND_000096,2025-11-07T00:47:00,BANK_003,105318.54,INR,BANK_TRANSFER,SUCCESS,VENDPAY_00001155
VPAY_001156,VINV_001156,VEND_000110,2025-10-24T01:33:00,BANK_003,107004.76,INR,BANK_TRANSFER,SUCCESS,VENDPAY_00001156
VPAY_001157,VINV_001157,VEND_000099,2025-11-14T03:48:00,BANK_003,105007.02,INR,BANK_TRANSFER,SUCCESS,VENDPAY_00001157
VPAY_001158,VINV_001158,VEND_000107,2025-11-26T02:48:00,BANK_003,79863.58,INR,BANK_TRANSFER,SUCCESS,VENDPAY_00001158
VPAY_001159,VINV_001159,VEND_000102,2025-10-29T02:21:00,BANK_003,58171.64,INR,BANK_TRANSFER,SUCCESS,VENDPAY_00001159
VPAY_001160,VINV_001160,VEND_000108,2025-10-25T00:52:00,BANK_003,81171.02,INR,BANK_TRANSFER,SUCCESS,VENDPAY_00001160
VPAY_001161,VINV_001161,VEND_000095,2025-11-03T03:30:00,BANK_003,65029.80,INR,BANK_TRANSFER,SUCCESS,VENDPAY_00001161
VPAY_001162,VINV_001162,VEND_000107,2025-11-04T01:33:00,BANK_003,31552.02,INR,BANK_TRANSFER,SUCCESS,VENDPAY_00001162
VPAY_001163,VINV_001163,VEND_000092,2025-11-06T00:47:00,BANK_003,52493.48,INR,BANK_TRANSFER,SUCCESS,VENDPAY_00001163
VPAY_001164,VINV_001164,VEND_000109,2025-11-09T00:43:00,BANK_003,81342.12,INR,BANK_TRANSFER,SUCCESS,VENDPAY_00001164
VPAY_001165,VINV_001165,VEND_000098,2025-10-31T21:50:00,BANK_003,27289.00,INR,BANK_TRANSFER,SUCCESS,VENDPAY_00001165
VPAY_001166,VINV_001166,VEND_000093,2025-11-13T02:45:00,BANK_003,79349.00,INR,BANK_TRANSFER,SUCCESS,VENDPAY_00001166
VPAY_001167,VINV_001167,VEND_000104,2025-11-24T22:49:00,BANK_003,66374.00,INR,BANK_TRANSFER,SUCCESS,VENDPAY_00001167
VPAY_001168,VINV_001168,VEND_000093,2025-10-22T00:29:00,BANK_003,57833.00,INR,BANK_TRANSFER,SUCCESS,VENDPAY_00001168
VPAY_001169,VINV_001169,VEND_000098,2025-11-17T02:59:00,BANK_003,87685.00,INR,BANK_TRANSFER,SUCCESS,VENDPAY_00001169
VPAY_001170,VINV_001170,VEND_000098,2025-11-17T23:32:00,BANK_003,92714.00,INR,BANK_TRANSFER,SUCCESS,VENDPAY_00001170
VPAY_001171,VINV_001171,VEND_000109,2025-11-09T00:12:00,BANK_003,76603.24,INR,BANK_TRANSFER,SUCCESS,VENDPAY_00001171
VPAY_001172,VINV_001172,VEND_000096,2025-11-10T04:23:00,BANK_003,49139.92,INR,BANK_TRANSFER,SUCCESS,VENDPAY_00001172
VPAY_001173,VINV_001173,VEND_000108,2025-11-01T01:51:00,BANK_003,89757.88,INR,BANK_TRANSFER,SUCCESS,VENDPAY_00001173
VPAY_001174,VINV_001174,VEND_000101,2025-10-31T23:06:00,BANK_003,78731.96,INR,BANK_TRANSFER,SUCCESS,VENDPAY_00001174
VPAY_001175,VINV_001175,VEND_000101,2025-11-09T01:20:00,BANK_003,58470.18,INR,BANK_TRANSFER,SUCCESS,VENDPAY_00001175
VPAY_001176,VINV_001176,VEND_000108,2025-10-29T23:11:00,BANK_003,60537.54,INR,BANK_TRANSFER,SUCCESS,VENDPAY_00001176
VPAY_001177,VINV_001177,VEND_000091,2025-11-01T21:52:00,BANK_003,26600.74,INR,BANK_TRANSFER,SUCCESS,VENDPAY_00001177
VPAY_001178,VINV_001178,VEND_000100,2025-11-12T00:40:00,BANK_003,22254.80,INR,BANK_TRANSFER,SUCCESS,VENDPAY_00001178
VPAY_001179,VINV_001179,VEND_000091,2025-11-10T01:55:00,BANK_003,63920.60,INR,BANK_TRANSFER,SUCCESS,VENDPAY_00001179
VPAY_001180,VINV_001180,VEND_000105,2025-10-23T00:37:00,BANK_003,76246.88,INR,BANK_TRANSFER,SUCCESS,VENDPAY_00001180
VPAY_001181,VINV_001181,VEND_000109,2025-10-26T03:19:00,BANK_003,59883.82,INR,BANK_TRANSFER,SUCCESS,VENDPAY_00001181
VPAY_001182,VINV_001182,VEND_000103,2025-10-24T22:16:00,BANK_003,109253.84,INR,BANK_TRANSFER,SUCCESS,VENDPAY_00001182
VPAY_001183,VINV_001183,VEND_000106,2025-11-17T22:47:00,BANK_003,47981.16,INR,BANK_TRANSFER,SUCCESS,VENDPAY_00001183
VPAY_001184,VINV_001184,VEND_000100,2025-11-26T01:17:00,BANK_003,27019.64,INR,BANK_TRANSFER,SUCCESS,VENDPAY_00001184
VPAY_001185,VINV_001185,VEND_000092,2025-11-11T23:08:00,BANK_003,72958.22,INR,BANK_TRANSFER,SUCCESS,VENDPAY_00001185
VPAY_001186,VINV_001186,VEND_000094,2025-11-16T03:50:00,BANK_003,56304.88,INR,BANK_TRANSFER,SUCCESS,VENDPAY_00001186
VPAY_001187,VINV_001187,VEND_000103,2025-10-27T23:22:00,BANK_003,29610.92,INR,BANK_TRANSFER,SUCCESS,VENDPAY_00001187
VPAY_001188,VINV_001188,VEND_000109,2025-10-25T22:52:00,BANK_003,44373.90,INR,BANK_TRANSFER,SUCCESS,VENDPAY_00001188
VPAY_001189,VINV_001189,VEND_000103,2025-11-06T21:04:00,BANK_003,90160.26,INR,BANK_TRANSFER,SUCCESS,VENDPAY_00001189
VPAY_001190,VINV_001190,VEND_000100,2025-11-06T22:44:00,BANK_003,82227.12,INR,BANK_TRANSFER,SUCCESS,VENDPAY_00001190
VPAY_001191,VINV_001191,VEND_000109,2025-11-05T04:15:00,BANK_003,28866.34,INR,BANK_TRANSFER,SUCCESS,VENDPAY_00001191
VPAY_001192,VINV_001192,VEND_000107,2025-11-24T21:16:00,BANK_003,88439.82,INR,BANK_TRANSFER,SUCCESS,VENDPAY_00001192
VPAY_001193,VINV_001193,VEND_000097,2025-11-15T03:06:00,BANK_003,96693.92,INR,BANK_TRANSFER,SUCCESS,VENDPAY_00001193
VPAY_001194,VINV_001194,VEND_000107,2025-11-10T03:28:00,BANK_003,59324.50,INR,BANK_TRANSFER,SUCCESS,VENDPAY_00001194
VPAY_001195,VINV_001195,VEND_000101,2025-10-20T23:53:00,BANK_003,110328.82,INR,BANK_TRANSFER,SUCCESS,VENDPAY_00001195
VPAY_001196,VINV_001196,VEND_000102,2025-11-02T21:19:00,BANK_003,50701.06,INR,BANK_TRANSFER,SUCCESS,VENDPAY_00001196
VPAY_001197,VINV_001197,VEND_000096,2025-11-11T23:53:00,BANK_003,75328.84,INR,BANK_TRANSFER,SUCCESS,VENDPAY_00001197
VPAY_001198,VINV_001198,VEND_000105,2025-10-25T23:26:00,BANK_003,28180.76,INR,BANK_TRANSFER,SUCCESS,VENDPAY_00001198
VPAY_001199,VINV_001199,VEND_000093,2025-11-16T01:22:00,BANK_003,32728.00,INR,BANK_TRANSFER,SUCCESS,VENDPAY_00001199
VPAY_001200,VINV_001200,VEND_000095,2025-10-20T00:31:00,BANK_003,65734.26,INR,BANK_TRANSFER,SUCCESS,VENDPAY_00001200
VPAY_001201,VINV_001201,VEND_000106,2025-11-12T00:31:00,BANK_003,24757.58,INR,BANK_TRANSFER,SUCCESS,VENDPAY_00001201
VPAY_001202,VINV_001202,VEND_000107,2025-11-20T01:57:00,BANK_003,61244.36,INR,BANK_TRANSFER,SUCCESS,VENDPAY_00001202
VPAY_001203,VINV_001203,VEND_000091,2025-11-10T23:18:00,BANK_003,79487.16,INR,BANK_TRANSFER,SUCCESS,VENDPAY_00001203
VPAY_001204,VINV_001204,VEND_000092,2025-11-11T02:38:00,BANK_003,65166.68,INR,BANK_TRANSFER,SUCCESS,VENDPAY_00001204
VPAY_001205,VINV_001205,VEND_000091,2025-10-31T20:56:00,BANK_003,31540.22,INR,BANK_TRANSFER,SUCCESS,VENDPAY_00001205
VPAY_001206,VINV_001206,VEND_000102,2025-10-23T22:31:00,BANK_003,37926.38,INR,BANK_TRANSFER,SUCCESS,VENDPAY_00001206
VPAY_001207,VINV_001207,VEND_000103,2025-11-09T22:13:00,BANK_003,99892.90,INR,BANK_TRANSFER,SUCCESS,VENDPAY_00001207
VPAY_001208,VINV_001208,VEND_000110,2025-10-20T20:35:00,BANK_003,103452.96,INR,BANK_TRANSFER,SUCCESS,VENDPAY_00001208
VPAY_001209,VINV_001209,VEND_000105,2025-11-10T00:50:00,BANK_003,107958.20,INR,BANK_TRANSFER,SUCCESS,VENDPAY_00001209
VPAY_001210,VINV_001210,VEND_000107,2025-11-12T21:09:00,BANK_003,68401.06,INR,BANK_TRANSFER,SUCCESS,VENDPAY_00001210
VPAY_001211,VINV_001211,VEND_000091,2025-11-16T22:03:00,BANK_003,74874.54,INR,BANK_TRANSFER,SUCCESS,VENDPAY_00001211
VPAY_001212,VINV_001212,VEND_000098,2025-11-10T21:35:00,BANK_003,83700.00,INR,BANK_TRANSFER,SUCCESS,VENDPAY_00001212
VPAY_001213,VINV_001213,VEND_000103,2025-11-01T02:24:00,BANK_003,25797.16,INR,BANK_TRANSFER,SUCCESS,VENDPAY_00001213
VPAY_001214,VINV_001214,VEND_000103,2025-10-21T04:30:00,BANK_003,42469.38,INR,BANK_TRANSFER,SUCCESS,VENDPAY_00001214
VPAY_001215,VINV_001215,VEND_000110,2025-10-31T00:41:00,BANK_003,56414.62,INR,BANK_TRANSFER,SUCCESS,VENDPAY_00001215
VPAY_001216,VINV_001216,VEND_000100,2025-11-17T01:13:00,BANK_003,72168.80,INR,BANK_TRANSFER,SUCCESS,VENDPAY_00001216
VPAY_001217,VINV_001217,VEND_000095,2025-11-09T23:09:00,BANK_003,111104.08,INR,BANK_TRANSFER,SUCCESS,VENDPAY_00001217
VPAY_001218,VINV_001218,VEND_000100,2025-11-06T21:59:00,BANK_003,102254.08,INR,BANK_TRANSFER,SUCCESS,VENDPAY_00001218
VPAY_001219,VINV_001219,VEND_000109,2025-10-28T21:22:00,BANK_003,45683.70,INR,BANK_TRANSFER,SUCCESS,VENDPAY_00001219
VPAY_001220,VINV_001220,VEND_000095,2025-11-02T04:08:00,BANK_003,25799.52,INR,BANK_TRANSFER,SUCCESS,VENDPAY_00001220
VPAY_001221,VINV_001221,VEND_000100,2025-11-26T01:52:00,BANK_003,89756.70,INR,BANK_TRANSFER,SUCCESS,VENDPAY_00001221
VPAY_001222,VINV_001222,VEND_000097,2025-11-06T23:33:00,BANK_003,37752.92,INR,BANK_TRANSFER,SUCCESS,VENDPAY_00001222
VPAY_001223,VINV_001223,VEND_000110,2025-11-07T00:46:00,BANK_003,62514.04,INR,BANK_TRANSFER,SUCCESS,VENDPAY_00001223
VPAY_001224,VINV_001224,VEND_000098,2025-11-09T23:49:00,BANK_003,21418.00,INR,BANK_TRANSFER,SUCCESS,VENDPAY_00001224
VPAY_001225,VINV_001225,VEND_000110,2025-11-11T23:41:00,BANK_003,93740.38,INR,BANK_TRANSFER,SUCCESS,VENDPAY_00001225
VPAY_001226,VINV_001226,VEND_000103,2025-11-01T22:01:00,BANK_003,97248.52,INR,BANK_TRANSFER,SUCCESS,VENDPAY_00001226
VPAY_001227,VINV_001227,VEND_000092,2025-11-03T04:08:00,BANK_003,84433.72,INR,BANK_TRANSFER,SUCCESS,VENDPAY_00001227
VPAY_001228,VINV_001228,VEND_000098,2025-11-11T21:50:00,BANK_003,44585.00,INR,BANK_TRANSFER,SUCCESS,VENDPAY_00001228
VPAY_001229,VINV_001229,VEND_000105,2025-11-10T01:01:00,BANK_003,97016.06,INR,BANK_TRANSFER,SUCCESS,VENDPAY_00001229
VPAY_001230,VINV_001230,VEND_000104,2025-11-04T00:54:00,BANK_003,71066.00,INR,BANK_TRANSFER,SUCCESS,VENDPAY_00001230
VPAY_001231,VINV_001231,VEND_000103,2025-11-06T22:26:00,BANK_003,109697.52,INR,BANK_TRANSFER,SUCCESS,VENDPAY_00001231
VPAY_001232,VINV_001232,VEND_000105,2025-10-19T01:19:00,BANK_003,91905.48,INR,BANK_TRANSFER,SUCCESS,VENDPAY_00001232
VPAY_001233,VINV_001233,VEND_000103,2025-11-05T01:51:00,BANK_003,27309.92,INR,BANK_TRANSFER,SUCCESS,VENDPAY_00001233
VPAY_001234,VINV_001234,VEND_000105,2025-10-27T22:43:00,BANK_003,82801.78,INR,BANK_TRANSFER,SUCCESS,VENDPAY_00001234
VPAY_001235,VINV_001235,VEND_000104,2025-11-21T20:58:00,BANK_003,56590.00,INR,BANK_TRANSFER,SUCCESS,VENDPAY_00001235
VPAY_001236,VINV_001236,VEND_000095,2025-11-12T22:49:00,BANK_003,92939.16,INR,BANK_TRANSFER,SUCCESS,VENDPAY_00001236
VPAY_001237,VINV_001237,VEND_000094,2025-11-11T04:36:00,BANK_003,49043.16,INR,BANK_TRANSFER,SUCCESS,VENDPAY_00001237
VPAY_001238,VINV_001238,VEND_000101,2025-10-23T21:34:00,BANK_003,90975.64,INR,BANK_TRANSFER,SUCCESS,VENDPAY_00001238
VPAY_001239,VINV_001239,VEND_000097,2025-11-04T22:23:00,BANK_003,91563.28,INR,BANK_TRANSFER,SUCCESS,VENDPAY_00001239
VPAY_001240,VINV_001240,VEND_000096,2025-10-26T03:24:00,BANK_003,40347.74,INR,BANK_TRANSFER,SUCCESS,VENDPAY_00001240
VPAY_001241,VINV_001241,VEND_000093,2025-11-15T04:15:00,BANK_003,86657.00,INR,BANK_TRANSFER,SUCCESS,VENDPAY_00001241
VPAY_001242,VINV_001242,VEND_000103,2025-10-23T23:05:00,BANK_003,28029.72,INR,BANK_TRANSFER,SUCCESS,VENDPAY_00001242
VPAY_001243,VINV_001243,VEND_000095,2025-10-26T22:17:00,BANK_003,46313.82,INR,BANK_TRANSFER,SUCCESS,VENDPAY_00001243
VPAY_001244,VINV_001244,VEND_000100,2025-11-12T04:31:00,BANK_003,90259.38,INR,BANK_TRANSFER,SUCCESS,VENDPAY_00001244
VPAY_001245,VINV_001245,VEND_000095,2025-10-24T03:50:00,BANK_003,52613.84,INR,BANK_TRANSFER,SUCCESS,VENDPAY_00001245
VPAY_001246,VINV_001246,VEND_000106,2025-11-20T02:30:00,BANK_003,98362.44,INR,BANK_TRANSFER,SUCCESS,VENDPAY_00001246
VPAY_001247,VINV_001247,VEND_000106,2025-11-07T04:35:00,BANK_003,58031.22,INR,BANK_TRANSFER,SUCCESS,VENDPAY_00001247
VPAY_001248,VINV_001248,VEND_000105,2025-11-07T03:06:00,BANK_003,33520.26,INR,BANK_TRANSFER,SUCCESS,VENDPAY_00001248
VPAY_001249,VINV_001249,VEND_000108,2025-11-04T01:40:00,BANK_003,64253.36,INR,BANK_TRANSFER,SUCCESS,VENDPAY_00001249
VPAY_001250,VINV_001250,VEND_000095,2025-11-13T00:04:00,BANK_003,29756.06,INR,BANK_TRANSFER,SUCCESS,VENDPAY_00001250
VPAY_001251,VINV_001251,VEND_000092,2025-11-21T21:46:00,BANK_003,110649.78,INR,BANK_TRANSFER,SUCCESS,VENDPAY_00001251
VPAY_001252,VINV_001252,VEND_000092,2025-11-15T23:41:00,BANK_003,38080.96,INR,BANK_TRANSFER,SUCCESS,VENDPAY_00001252
VPAY_001253,VINV_001253,VEND_000110,2025-11-05T02:20:00,BANK_003,109751.80,INR,BANK_TRANSFER,SUCCESS,VENDPAY_00001253
VPAY_001254,VINV_001254,VEND_000102,2025-10-25T20:49:00,BANK_003,26782.46,INR,BANK_TRANSFER,SUCCESS,VENDPAY_00001254
VPAY_001255,VINV_001255,VEND_000103,2025-10-31T23:25:00,BANK_003,31705.42,INR,BANK_TRANSFER,SUCCESS,VENDPAY_00001255
VPAY_001256,VINV_001256,VEND_000095,2025-11-15T04:50:00,BANK_003,40111.74,INR,BANK_TRANSFER,SUCCESS,VENDPAY_00001256
VPAY_001257,VINV_001257,VEND_000104,2025-11-05T01:59:00,BANK_003,86766.00,INR,BANK_TRANSFER,SUCCESS,VENDPAY_00001257
VPAY_001258,VINV_001258,VEND_000094,2025-11-16T00:43:00,BANK_003,109610.20,INR,BANK_TRANSFER,SUCCESS,VENDPAY_00001258
VPAY_001259,VINV_001259,VEND_000110,2025-11-01T03:03:00,BANK_003,65657.56,INR,BANK_TRANSFER,SUCCESS,VENDPAY_00001259
VPAY_001260,VINV_001260,VEND_000109,2025-10-22T22:08:00,BANK_003,75968.40,INR,BANK_TRANSFER,SUCCESS,VENDPAY_00001260
VPAY_001261,VINV_001261,VEND_000106,2025-11-08T04:01:00,BANK_003,97412.54,INR,BANK_TRANSFER,SUCCESS,VENDPAY_00001261
VPAY_001262,VINV_001262,VEND_000097,2025-11-06T03:21:00,BANK_003,21484.26,INR,BANK_TRANSFER,SUCCESS,VENDPAY_00001262
VPAY_001263,VINV_001263,VEND_000094,2025-11-07T20:32:00,BANK_003,53306.50,INR,BANK_TRANSFER,SUCCESS,VENDPAY_00001263
VPAY_001264,VINV_001264,VEND_000102,2025-11-12T20:48:00,BANK_003,107915.72,INR,BANK_TRANSFER,SUCCESS,VENDPAY_00001264
VPAY_001265,VINV_001265,VEND_000100,2025-11-04T22:09:00,BANK_003,60589.46,INR,BANK_TRANSFER,SUCCESS,VENDPAY_00001265
VPAY_001266,VINV_001266,VEND_000101,2025-10-27T01:39:00,BANK_003,22187.54,INR,BANK_TRANSFER,SUCCESS,VENDPAY_00001266
VPAY_001267,VINV_001267,VEND_000109,2025-10-23T23:53:00,BANK_003,25742.88,INR,BANK_TRANSFER,SUCCESS,VENDPAY_00001267
VPAY_001268,VINV_001268,VEND_000106,2025-11-04T02:04:00,BANK_003,94627.74,INR,BANK_TRANSFER,SUCCESS,VENDPAY_00001268
VPAY_001269,VINV_001269,VEND_000105,2025-10-29T00:23:00,BANK_003,104289.58,INR,BANK_TRANSFER,SUCCESS,VENDPAY_00001269
VPAY_001270,VINV_001270,VEND_000092,2025-11-12T04:21:00,BANK_003,101831.64,INR,BANK_TRANSFER,SUCCESS,VENDPAY_00001270
VPAY_001271,VINV_001271,VEND_000091,2025-11-11T03:50:00,BANK_003,53450.46,INR,BANK_TRANSFER,SUCCESS,VENDPAY_00001271
VPAY_001272,VINV_001272,VEND_000102,2025-10-25T20:38:00,BANK_003,31480.04,INR,BANK_TRANSFER,SUCCESS,VENDPAY_00001272
VPAY_001273,VINV_001273,VEND_000103,2025-10-24T01:11:00,BANK_003,103873.04,INR,BANK_TRANSFER,SUCCESS,VENDPAY_00001273
VPAY_001274,VINV_001274,VEND_000094,2025-11-14T21:56:00,BANK_003,68920.26,INR,BANK_TRANSFER,SUCCESS,VENDPAY_00001274
VPAY_001275,VINV_001275,VEND_000099,2025-11-05T03:39:00,BANK_003,85250.28,INR,BANK_TRANSFER,SUCCESS,VENDPAY_00001275
VPAY_001276,VINV_001276,VEND_000100,2025-11-19T02:25:00,BANK_003,54668.22,INR,BANK_TRANSFER,SUCCESS,VENDPAY_00001276
VPAY_001277,VINV_001277,VEND_000092,2025-11-04T23:40:00,BANK_003,52497.02,INR,BANK_TRANSFER,SUCCESS,VENDPAY_00001277
VPAY_001278,VINV_001278,VEND_000107,2025-11-04T23:50:00,BANK_003,45070.10,INR,BANK_TRANSFER,SUCCESS,VENDPAY_00001278
VPAY_001279,VINV_001279,VEND_000107,2025-11-12T23:54:00,BANK_003,69241.22,INR,BANK_TRANSFER,SUCCESS,VENDPAY_00001279
VPAY_001280,VINV_001280,VEND_000107,2025-11-09T02:48:00,BANK_003,41766.10,INR,BANK_TRANSFER,SUCCESS,VENDPAY_00001280
VPAY_001281,VINV_001281,VEND_000107,2025-11-05T22:08:00,BANK_003,39154.76,INR,BANK_TRANSFER,SUCCESS,VENDPAY_00001281
VPAY_001282,VINV_001282,VEND_000110,2025-10-29T04:11:00,BANK_003,34707.34,INR,BANK_TRANSFER,SUCCESS,VENDPAY_00001282
VPAY_001283,VINV_001283,VEND_000100,2025-11-20T23:19:00,BANK_003,24716.28,INR,BANK_TRANSFER,SUCCESS,VENDPAY_00001283
VPAY_001284,VINV_001284,VEND_000097,2025-11-08T03:05:00,BANK_003,70868.44,INR,BANK_TRANSFER,SUCCESS,VENDPAY_00001284
VPAY_001285,VINV_001285,VEND_000101,2025-11-13T22:51:00,BANK_003,89464.06,INR,BANK_TRANSFER,SUCCESS,VENDPAY_00001285
VPAY_001286,VINV_001286,VEND_000099,2025-11-02T22:45:00,BANK_003,38942.36,INR,BANK_TRANSFER,SUCCESS,VENDPAY_00001286
VPAY_001287,VINV_001287,VEND_000102,2025-11-03T01:49:00,BANK_003,106207.08,INR,BANK_TRANSFER,SUCCESS,VENDPAY_00001287
VPAY_001288,VINV_001288,VEND_000100,2025-11-10T02:48:00,BANK_003,110030.28,INR,BANK_TRANSFER,SUCCESS,VENDPAY_00001288
VPAY_001289,VINV_001289,VEND_000101,2025-11-08T00:28:00,BANK_003,104847.72,INR,BANK_TRANSFER,SUCCESS,VENDPAY_00001289
VPAY_001290,VINV_001290,VEND_000092,2025-11-17T03:54:00,BANK_003,37623.12,INR,BANK_TRANSFER,SUCCESS,VENDPAY_00001290
VPAY_001291,VINV_001291,VEND_000096,2025-11-08T01:15:00,BANK_003,90194.48,INR,BANK_TRANSFER,SUCCESS,VENDPAY_00001291
VPAY_001292,VINV_001292,VEND_000097,2025-11-05T02:44:00,BANK_003,103750.32,INR,BANK_TRANSFER,SUCCESS,VENDPAY_00001292
VPAY_001293,VINV_001293,VEND_000093,2025-10-26T23:41:00,BANK_003,79377.00,INR,BANK_TRANSFER,SUCCESS,VENDPAY_00001293
VPAY_001294,VINV_001294,VEND_000105,2025-10-26T00:57:00,BANK_003,94016.50,INR,BANK_TRANSFER,SUCCESS,VENDPAY_00001294
VPAY_001295,VINV_001295,VEND_000110,2025-10-29T23:10:00,BANK_003,61151.14,INR,BANK_TRANSFER,SUCCESS,VENDPAY_00001295
VPAY_001296,VINV_001296,VEND_000101,2025-11-06T23:03:00,BANK_003,71469.06,INR,BANK_TRANSFER,SUCCESS,VENDPAY_00001296
VPAY_001297,VINV_001297,VEND_000094,2025-11-08T02:14:00,BANK_003,75595.52,INR,BANK_TRANSFER,SUCCESS,VENDPAY_00001297
VPAY_001298,VINV_001298,VEND_000102,2025-10-25T04:09:00,BANK_003,110122.32,INR,BANK_TRANSFER,SUCCESS,VENDPAY_00001298
VPAY_001299,VINV_001299,VEND_000094,2025-11-10T03:24:00,BANK_003,71640.16,INR,BANK_TRANSFER,SUCCESS,VENDPAY_00001299
VPAY_001300,VINV_001300,VEND_000108,2025-10-31T01:33:00,BANK_003,92535.60,INR,BANK_TRANSFER,SUCCESS,VENDPAY_00001300
VPAY_001301,VINV_001301,VEND_000098,2025-11-07T21:03:00,BANK_003,89820.00,INR,BANK_TRANSFER,SUCCESS,VENDPAY_00001301
VPAY_001302,VINV_001302,VEND_000097,2025-11-11T22:39:00,BANK_003,87922.98,INR,BANK_TRANSFER,SUCCESS,VENDPAY_00001302
VPAY_001303,VINV_001303,VEND_000098,2025-11-23T23:59:00,BANK_003,40686.00,INR,BANK_TRANSFER,SUCCESS,VENDPAY_00001303
VPAY_001304,VINV_001304,VEND_000109,2025-10-21T22:55:00,BANK_003,96503.94,INR,BANK_TRANSFER,SUCCESS,VENDPAY_00001304
VPAY_001305,VINV_001305,VEND_000094,2025-10-28T23:12:00,BANK_003,90098.90,INR,BANK_TRANSFER,SUCCESS,VENDPAY_00001305
VPAY_001306,VINV_001306,VEND_000094,2025-10-31T00:19:00,BANK_003,79843.52,INR,BANK_TRANSFER,SUCCESS,VENDPAY_00001306
VPAY_001307,VINV_001307,VEND_000095,2025-11-13T02:43:00,BANK_003,111063.96,INR,BANK_TRANSFER,SUCCESS,VENDPAY_00001307
VPAY_001308,VINV_001308,VEND_000095,2025-11-10T00:05:00,BANK_003,91298.96,INR,BANK_TRANSFER,SUCCESS,VENDPAY_00001308
VPAY_001309,VINV_001309,VEND_000105,2025-10-25T02:58:00,BANK_003,51502.28,INR,BANK_TRANSFER,SUCCESS,VENDPAY_00001309
VPAY_001310,VINV_001310,VEND_000100,2025-11-25T01:42:00,BANK_003,88476.40,INR,BANK_TRANSFER,SUCCESS,VENDPAY_00001310
VPAY_001311,VINV_001311,VEND_000109,2025-11-07T02:56:00,BANK_003,22495.52,INR,BANK_TRANSFER,SUCCESS,VENDPAY_00001311
VPAY_001312,VINV_001312,VEND_000100,2025-11-14T02:32:00,BANK_003,30892.40,INR,BANK_TRANSFER,SUCCESS,VENDPAY_00001312
VPAY_001313,VINV_001313,VEND_000108,2025-10-19T00:34:00,BANK_003,76801.48,INR,BANK_TRANSFER,SUCCESS,VENDPAY_00001313
VPAY_001314,VINV_001314,VEND_000098,2025-11-25T04:30:00,BANK_003,74585.00,INR,BANK_TRANSFER,SUCCESS,VENDPAY_00001314
VPAY_001315,VINV_001315,VEND_000103,2025-10-31T02:15:00,BANK_003,84038.42,INR,BANK_TRANSFER,SUCCESS,VENDPAY_00001315
VPAY_001316,VINV_001316,VEND_000106,2025-11-09T00:24:00,BANK_003,42749.04,INR,BANK_TRANSFER,SUCCESS,VENDPAY_00001316
VPAY_001317,VINV_001317,VEND_000102,2025-10-27T23:36:00,BANK_003,85770.66,INR,BANK_TRANSFER,SUCCESS,VENDPAY_00001317
VPAY_001318,VINV_001318,VEND_000093,2025-10-27T21:57:00,BANK_003,20058.00,INR,BANK_TRANSFER,SUCCESS,VENDPAY_00001318
VPAY_001319,VINV_001319,VEND_000095,2025-10-30T22:05:00,BANK_003,34334.46,INR,BANK_TRANSFER,SUCCESS,VENDPAY_00001319
VPAY_001320,VINV_001320,VEND_000110,2025-11-04T00:19:00,BANK_003,87080.46,INR,BANK_TRANSFER,SUCCESS,VENDPAY_00001320
VPAY_001321,VINV_001321,VEND_000108,2025-10-27T20:43:00,BANK_003,90845.84,INR,BANK_TRANSFER,SUCCESS,VENDPAY_00001321
VPAY_001322,VINV_001322,VEND_000110,2025-11-05T22:33:00,BANK_003,22388.14,INR,BANK_TRANSFER,SUCCESS,VENDPAY_00001322
VPAY_001323,VINV_001323,VEND_000099,2025-11-16T21:25:00,BANK_003,84781.82,INR,BANK_TRANSFER,SUCCESS,VENDPAY_00001323
VPAY_001324,VINV_001324,VEND_000092,2025-11-21T01:16:00,BANK_003,109112.24,INR,BANK_TRANSFER,SUCCESS,VENDPAY_00001324
VPAY_001325,VINV_001325,VEND_000106,2025-11-07T01:50:00,BANK_003,33622.92,INR,BANK_TRANSFER,SUCCESS,VENDPAY_00001325
VPAY_001326,VINV_001326,VEND_000093,2025-11-12T01:38:00,BANK_003,86597.00,INR,BANK_TRANSFER,SUCCESS,VENDPAY_00001326
VPAY_001327,VINV_001327,VEND_000093,2025-11-10T22:52:00,BANK_003,88673.00,INR,BANK_TRANSFER,SUCCESS,VENDPAY_00001327
VPAY_001328,VINV_001328,VEND_000108,2025-10-28T22:55:00,BANK_003,22907.34,INR,BANK_TRANSFER,SUCCESS,VENDPAY_00001328
VPAY_001329,VINV_001329,VEND_000101,2025-11-04T02:56:00,BANK_003,86355.94,INR,BANK_TRANSFER,SUCCESS,VENDPAY_00001329
VPAY_001330,VINV_001330,VEND_000092,2025-11-26T00:32:00,BANK_003,68268.90,INR,BANK_TRANSFER,SUCCESS,VENDPAY_00001330
VPAY_001331,VINV_001331,VEND_000106,2025-11-08T01:54:00,BANK_003,110658.04,INR,BANK_TRANSFER,SUCCESS,VENDPAY_00001331
VPAY_001332,VINV_001332,VEND_000100,2025-11-12T04:06:00,BANK_003,25462.04,INR,BANK_TRANSFER,SUCCESS,VENDPAY_00001332
VPAY_001333,VINV_001333,VEND_000093,2025-10-31T20:15:00,BANK_003,54418.00,INR,BANK_TRANSFER,SUCCESS,VENDPAY_00001333
VPAY_001334,VINV_001334,VEND_000099,2025-11-26T03:22:00,BANK_003,23435.98,INR,BANK_TRANSFER,SUCCESS,VENDPAY_00001334
VPAY_001335,VINV_001335,VEND_000095,2025-11-06T23:53:00,BANK_003,90320.74,INR,BANK_TRANSFER,SUCCESS,VENDPAY_00001335
VPAY_001336,VINV_001336,VEND_000098,2025-11-08T02:15:00,BANK_003,81559.00,INR,BANK_TRANSFER,SUCCESS,VENDPAY_00001336
VPAY_001337,VINV_001337,VEND_000093,2025-11-13T03:15:00,BANK_003,37014.00,INR,BANK_TRANSFER,SUCCESS,VENDPAY_00001337
VPAY_001338,VINV_001338,VEND_000104,2025-11-10T00:43:00,BANK_003,68222.00,INR,BANK_TRANSFER,SUCCESS,VENDPAY_00001338
VPAY_001339,VINV_001339,VEND_000096,2025-11-13T04:17:00,BANK_003,53851.66,INR,BANK_TRANSFER,SUCCESS,VENDPAY_00001339
VPAY_001340,VINV_001340,VEND_000099,2025-11-02T01:42:00,BANK_003,39179.54,INR,BANK_TRANSFER,SUCCESS,VENDPAY_00001340
VPAY_001341,VINV_001341,VEND_000100,2025-11-24T23:37:00,BANK_003,94901.50,INR,BANK_TRANSFER,SUCCESS,VENDPAY_00001341
VPAY_001342,VINV_001342,VEND_000103,2025-10-26T20:49:00,BANK_003,94641.90,INR,BANK_TRANSFER,SUCCESS,VENDPAY_00001342
VPAY_001343,VINV_001343,VEND_000105,2025-11-07T03:13:00,BANK_003,80322.60,INR,BANK_TRANSFER,SUCCESS,VENDPAY_00001343
VPAY_001344,VINV_001344,VEND_000108,2025-10-27T03:20:00,BANK_003,75963.68,INR,BANK_TRANSFER,SUCCESS,VENDPAY_00001344
VPAY_001345,VINV_001345,VEND_000099,2025-11-10T22:28:00,BANK_003,36439.58,INR,BANK_TRANSFER,SUCCESS,VENDPAY_00001345
VPAY_001346,VINV_001346,VEND_000098,2025-11-18T20:50:00,BANK_003,43549.00,INR,BANK_TRANSFER,SUCCESS,VENDPAY_00001346
VPAY_001347,VINV_001347,VEND_000091,2025-10-25T20:05:00,BANK_003,22549.80,INR,BANK_TRANSFER,SUCCESS,VENDPAY_00001347
VPAY_001348,VINV_001348,VEND_000094,2025-11-02T00:49:00,BANK_003,90211.00,INR,BANK_TRANSFER,SUCCESS,VENDPAY_00001348
VPAY_001349,VINV_001349,VEND_000092,2025-11-20T00:31:00,BANK_003,24905.08,INR,BANK_TRANSFER,SUCCESS,VENDPAY_00001349
VPAY_001350,VINV_001350,VEND_000097,2025-11-25T02:34:00,BANK_003,40076.34,INR,BANK_TRANSFER,SUCCESS,VENDPAY_00001350
VPAY_001351,VINV_001351,VEND_000095,2025-11-14T03:31:00,BANK_003,79386.86,INR,BANK_TRANSFER,SUCCESS,VENDPAY_00001351
VPAY_001352,VINV_001352,VEND_000096,2025-10-31T22:17:00,BANK_003,60421.90,INR,BANK_TRANSFER,SUCCESS,VENDPAY_00001352
VPAY_001353,VINV_001353,VEND_000099,2025-11-24T21:41:00,BANK_003,87278.70,INR,BANK_TRANSFER,SUCCESS,VENDPAY_00001353
VPAY_001354,VINV_001354,VEND_000093,2025-10-25T02:23:00,BANK_003,54344.00,INR,BANK_TRANSFER,SUCCESS,VENDPAY_00001354
VPAY_001355,VINV_001355,VEND_000092,2025-11-11T01:01:00,BANK_003,61179.46,INR,BANK_TRANSFER,SUCCESS,VENDPAY_00001355
VPAY_001356,VINV_001356,VEND_000097,2025-11-07T21:59:00,BANK_003,81966.34,INR,BANK_TRANSFER,SUCCESS,VENDPAY_00001356
VPAY_001357,VINV_001357,VEND_000108,2025-10-25T04:03:00,BANK_003,87939.50,INR,BANK_TRANSFER,SUCCESS,VENDPAY_00001357
VPAY_001358,VINV_001358,VEND_000099,2025-11-03T20:34:00,BANK_003,37214.84,INR,BANK_TRANSFER,SUCCESS,VENDPAY_00001358
VPAY_001359,VINV_001359,VEND_000099,2025-10-31T23:44:00,BANK_003,90201.56,INR,BANK_TRANSFER,SUCCESS,VENDPAY_00001359
VPAY_001360,VINV_001360,VEND_000091,2025-11-14T01:04:00,BANK_003,27091.62,INR,BANK_TRANSFER,SUCCESS,VENDPAY_00001360
VPAY_001361,VINV_001361,VEND_000101,2025-11-07T20:35:00,BANK_003,81764.56,INR,BANK_TRANSFER,SUCCESS,VENDPAY_00001361
VPAY_001362,VINV_001362,VEND_000103,2025-11-04T22:21:00,BANK_003,32081.84,INR,BANK_TRANSFER,SUCCESS,VENDPAY_00001362
VPAY_001363,VINV_001363,VEND_000106,2025-11-16T03:08:00,BANK_003,39985.48,INR,BANK_TRANSFER,SUCCESS,VENDPAY_00001363
VPAY_001364,VINV_001364,VEND_000100,2025-11-03T21:59:00,BANK_003,83200.62,INR,BANK_TRANSFER,SUCCESS,VENDPAY_00001364
VPAY_001365,VINV_001365,VEND_000101,2025-11-07T02:01:00,BANK_003,33683.10,INR,BANK_TRANSFER,SUCCESS,VENDPAY_00001365
VPAY_001366,VINV_001366,VEND_000096,2025-10-24T22:34:00,BANK_003,106997.68,INR,BANK_TRANSFER,SUCCESS,VENDPAY_00001366
VPAY_001367,VINV_001367,VEND_000103,2025-11-03T00:56:00,BANK_003,37752.92,INR,BANK_TRANSFER,SUCCESS,VENDPAY_00001367
VPAY_001368,VINV_001368,VEND_000105,2025-10-17T20:56:00,BANK_003,50542.94,INR,BANK_TRANSFER,SUCCESS,VENDPAY_00001368
VPAY_001369,VINV_001369,VEND_000109,2025-11-03T04:05:00,BANK_003,58124.44,INR,BANK_TRANSFER,SUCCESS,VENDPAY_00001369
VPAY_001370,VINV_001370,VEND_000100,2025-11-20T01:35:00,BANK_003,98522.92,INR,BANK_TRANSFER,SUCCESS,VENDPAY_00001370
VPAY_001371,VINV_001371,VEND_000091,2025-11-01T23:49:00,BANK_003,26968.90,INR,BANK_TRANSFER,SUCCESS,VENDPAY_00001371
VPAY_001372,VINV_001372,VEND_000092,2025-11-06T01:35:00,BANK_003,83957.00,INR,BANK_TRANSFER,SUCCESS,VENDPAY_00001372
VPAY_001373,VINV_001373,VEND_000108,2025-11-08T21:55:00,BANK_003,44277.14,INR,BANK_TRANSFER,SUCCESS,VENDPAY_00001373
VPAY_001374,VINV_001374,VEND_000092,2025-11-18T00:01:00,BANK_003,43138.44,INR,BANK_TRANSFER,SUCCESS,VENDPAY_00001374
VPAY_001375,VINV_001375,VEND_000110,2025-10-26T02:23:00,BANK_003,28323.54,INR,BANK_TRANSFER,SUCCESS,VENDPAY_00001375
VPAY_001376,VINV_001376,VEND_000092,2025-11-05T23:05:00,BANK_003,68773.94,INR,BANK_TRANSFER,SUCCESS,VENDPAY_00001376
VPAY_001377,VINV_001377,VEND_000093,2025-10-27T01:58:00,BANK_003,31937.00,INR,BANK_TRANSFER,SUCCESS,VENDPAY_00001377
VPAY_001378,VINV_001378,VEND_000097,2025-11-10T00:41:00,BANK_003,87159.52,INR,BANK_TRANSFER,SUCCESS,VENDPAY_00001378
VPAY_001379,VINV_001379,VEND_000109,2025-10-23T02:37:00,BANK_003,105669.00,INR,BANK_TRANSFER,SUCCESS,VENDPAY_00001379
VPAY_001380,VINV_001380,VEND_000109,2025-10-28T22:47:00,BANK_003,48066.12,INR,BANK_TRANSFER,SUCCESS,VENDPAY_00001380
VPAY_001381,VINV_001381,VEND_000104,2025-11-25T03:52:00,BANK_003,40026.00,INR,BANK_TRANSFER,SUCCESS,VENDPAY_00001381
VPAY_001382,VINV_001382,VEND_000109,2025-10-23T00:37:00,BANK_003,27534.12,INR,BANK_TRANSFER,SUCCESS,VENDPAY_00001382
VPAY_001383,VINV_001383,VEND_000091,2025-10-25T22:41:00,BANK_003,96555.86,INR,BANK_TRANSFER,SUCCESS,VENDPAY_00001383
VPAY_001384,VINV_001384,VEND_000093,2025-11-06T01:38:00,BANK_003,55189.00,INR,BANK_TRANSFER,SUCCESS,VENDPAY_00001384
VPAY_001385,VINV_001385,VEND_000097,2025-11-22T23:33:00,BANK_003,43369.72,INR,BANK_TRANSFER,SUCCESS,VENDPAY_00001385
VPAY_001386,VINV_001386,VEND_000096,2025-11-11T21:57:00,BANK_003,27058.58,INR,BANK_TRANSFER,SUCCESS,VENDPAY_00001386
VPAY_001387,VINV_001387,VEND_000093,2025-11-02T21:18:00,BANK_003,57478.00,INR,BANK_TRANSFER,SUCCESS,VENDPAY_00001387
VPAY_001388,VINV_001388,VEND_000097,2025-11-19T02:55:00,BANK_003,39413.18,INR,BANK_TRANSFER,SUCCESS,VENDPAY_00001388
VPAY_001389,VINV_001389,VEND_000108,2025-10-25T21:04:00,BANK_003,99738.32,INR,BANK_TRANSFER,SUCCESS,VENDPAY_00001389
VPAY_001390,VINV_001390,VEND_000097,2025-11-07T04:24:00,BANK_003,38667.42,INR,BANK_TRANSFER,SUCCESS,VENDPAY_00001390
VPAY_001391,VINV_001391,VEND_000096,2025-10-25T02:06:00,BANK_003,27908.18,INR,BANK_TRANSFER,SUCCESS,VENDPAY_00001391
VPAY_001392,VINV_001392,VEND_000104,2025-11-13T00:47:00,BANK_003,50949.00,INR,BANK_TRANSFER,SUCCESS,VENDPAY_00001392
VPAY_001393,VINV_001393,VEND_000113,2025-10-20T23:24:00,BANK_003,45649.48,INR,BANK_TRANSFER,SUCCESS,VENDPAY_00001393
VPAY_001394,VINV_001394,VEND_000121,2025-10-20T22:14:00,BANK_003,33994.62,INR,BANK_TRANSFER,SUCCESS,VENDPAY_00001394
VPAY_001395,VINV_001395,VEND_000115,2025-10-21T00:25:00,BANK_003,65892.38,INR,BANK_TRANSFER,SUCCESS,VENDPAY_00001395
VPAY_001396,VINV_001396,VEND_000054,2026-01-10T02:53:00,BANK_003,114579.18,INR,BANK_TRANSFER,SUCCESS,VENDPAY_00001396
VPAY_001397,VINV_001397,VEND_000030,2025-12-07T22:01:00,BANK_003,87166.60,INR,BANK_TRANSFER,SUCCESS,VENDPAY_00001397
VPAY_001398,VINV_001398,VEND_000031,2025-12-09T00:26:00,BANK_003,180727.62,INR,BANK_TRANSFER,SUCCESS,VENDPAY_00001398
VPAY_001399,VINV_001399,VEND_000010,2025-12-21T02:45:00,BANK_003,198791.06,INR,BANK_TRANSFER,SUCCESS,VENDPAY_00001399
VPAY_001400,VINV_001400,VEND_000056,2025-12-20T23:01:00,BANK_003,97934.10,INR,BANK_TRANSFER,SUCCESS,VENDPAY_00001400
VPAY_001401,VINV_001401,VEND_000023,2025-12-29T00:32:00,BANK_003,172912.48,INR,BANK_TRANSFER,SUCCESS,VENDPAY_00001401
VPAY_001402,VINV_001402,VEND_000025,2025-12-14T03:13:00,BANK_003,248602.40,INR,BANK_TRANSFER,SUCCESS,VENDPAY_00001402
VPAY_001403,VINV_001403,VEND_000043,2025-12-15T21:29:00,BANK_003,92449.46,INR,BANK_TRANSFER,SUCCESS,VENDPAY_00001403
VPAY_001404,VINV_001404,VEND_000036,2025-12-09T00:47:00,BANK_003,95323.94,INR,BANK_TRANSFER,SUCCESS,VENDPAY_00001404
VPAY_001405,VINV_001405,VEND_000059,2025-12-07T22:12:00,BANK_003,182468.12,INR,BANK_TRANSFER,SUCCESS,VENDPAY_00001405
VPAY_001406,VINV_001406,VEND_000029,2025-12-22T00:47:00,BANK_003,122374.00,INR,BANK_TRANSFER,SUCCESS,VENDPAY_00001406
VPAY_001407,VINV_001407,VEND_000074,2025-12-09T20:38:00,BANK_003,224083.18,INR,BANK_TRANSFER,SUCCESS,VENDPAY_00001407
VPAY_001408,VINV_001408,VEND_000067,2025-12-08T23:10:00,BANK_003,204427.92,INR,BANK_TRANSFER,SUCCESS,VENDPAY_00001408
VPAY_001409,VINV_001409,VEND_000060,2025-12-03T01:17:00,BANK_003,139454.76,INR,BANK_TRANSFER,SUCCESS,VENDPAY_00001409
VPAY_001410,VINV_001410,VEND_000032,2025-12-12T19:59:00,BANK_003,109967.00,INR,BANK_TRANSFER,SUCCESS,VENDPAY_00001410
VPAY_001411,VINV_001411,VEND_000076,2025-12-21T03:07:00,BANK_003,99180.18,INR,BANK_TRANSFER,SUCCESS,VENDPAY_00001411
VPAY_001412,VINV_001412,VEND_000054,2025-12-18T23:43:00,BANK_003,66779.74,INR,BANK_TRANSFER,SUCCESS,VENDPAY_00001412
VPAY_001413,VINV_001413,VEND_000055,2025-12-13T01:08:00,BANK_003,217391.40,INR,BANK_TRANSFER,SUCCESS,VENDPAY_00001413
VPAY_001414,VINV_001414,VEND_000058,2025-12-09T20:47:00,BANK_003,206306.48,INR,BANK_TRANSFER,SUCCESS,VENDPAY_00001414
VPAY_001415,VINV_001415,VEND_000089,2025-12-09T00:54:00,BANK_003,178878.56,INR,BANK_TRANSFER,SUCCESS,VENDPAY_00001415
VPAY_001416,VINV_001416,VEND_000038,2025-12-19T02:18:00,BANK_003,127048.24,INR,BANK_TRANSFER,SUCCESS,VENDPAY_00001416
VPAY_001417,VINV_001417,VEND_000062,2025-12-08T01:46:00,BANK_003,124911.00,INR,BANK_TRANSFER,SUCCESS,VENDPAY_00001417
VPAY_001418,VINV_001418,VEND_000074,2025-12-02T22:05:00,BANK_003,233642.36,INR,BANK_TRANSFER,SUCCESS,VENDPAY_00001418
VPAY_001419,VINV_001419,VEND_000018,2025-12-22T22:30:00,BANK_003,178489.16,INR,BANK_TRANSFER,SUCCESS,VENDPAY_00001419
VPAY_001420,VINV_001420,VEND_000081,2026-01-08T21:43:00,BANK_003,196720.16,INR,BANK_TRANSFER,SUCCESS,VENDPAY_00001420
VPAY_001421,VINV_001421,VEND_000081,2025-12-28T02:35:00,BANK_003,74968.94,INR,BANK_TRANSFER,SUCCESS,VENDPAY_00001421
VPAY_001422,VINV_001422,VEND_000068,2025-12-14T20:23:00,BANK_003,63218.50,INR,BANK_TRANSFER,SUCCESS,VENDPAY_00001422
VPAY_001423,VINV_001423,VEND_000090,2025-12-19T23:41:00,BANK_003,242564.34,INR,BANK_TRANSFER,SUCCESS,VENDPAY_00001423
VPAY_001424,VINV_001424,VEND_000088,2025-12-22T03:51:00,BANK_003,78141.96,INR,BANK_TRANSFER,SUCCESS,VENDPAY_00001424
VPAY_001425,VINV_001425,VEND_000008,2025-12-23T23:16:00,BANK_003,179935.00,INR,BANK_TRANSFER,SUCCESS,VENDPAY_00001425
VPAY_001426,VINV_001426,VEND_000015,2025-12-28T22:19:00,BANK_003,171559.02,INR,BANK_TRANSFER,SUCCESS,VENDPAY_00001426
VPAY_001427,VINV_001427,VEND_000047,2025-12-22T22:20:00,BANK_003,166448.44,INR,BANK_TRANSFER,SUCCESS,VENDPAY_00001427
VPAY_001428,VINV_001428,VEND_000072,2025-12-06T23:31:00,BANK_003,116423.52,INR,BANK_TRANSFER,SUCCESS,VENDPAY_00001428
VPAY_001429,VINV_001429,VEND_000070,2026-01-07T01:29:00,BANK_003,88226.24,INR,BANK_TRANSFER,SUCCESS,VENDPAY_00001429
VPAY_001430,VINV_001430,VEND_000029,2025-12-13T21:11:00,BANK_003,129007.00,INR,BANK_TRANSFER,SUCCESS,VENDPAY_00001430
VPAY_001431,VINV_001431,VEND_000065,2025-12-10T21:09:00,BANK_003,183924.24,INR,BANK_TRANSFER,SUCCESS,VENDPAY_00001431
VPAY_001432,VINV_001432,VEND_000048,2025-12-12T02:23:00,BANK_003,159888.82,INR,BANK_TRANSFER,SUCCESS,VENDPAY_00001432
VPAY_001433,VINV_001433,VEND_000061,2025-12-22T22:22:00,BANK_003,217633.30,INR,BANK_TRANSFER,SUCCESS,VENDPAY_00001433
VPAY_001434,VINV_001434,VEND_000058,2025-12-16T20:47:00,BANK_003,245178.04,INR,BANK_TRANSFER,SUCCESS,VENDPAY_00001434
VPAY_001435,VINV_001435,VEND_000025,2025-12-04T20:10:00,BANK_003,194733.04,INR,BANK_TRANSFER,SUCCESS,VENDPAY_00001435
VPAY_001436,VINV_001436,VEND_000023,2025-12-19T22:03:00,BANK_003,142302.10,INR,BANK_TRANSFER,SUCCESS,VENDPAY_00001436
VPAY_001437,VINV_001437,VEND_000036,2025-12-24T20:06:00,BANK_003,87751.88,INR,BANK_TRANSFER,SUCCESS,VENDPAY_00001437
VPAY_001438,VINV_001438,VEND_000020,2026-01-06T02:13:00,BANK_003,116281.92,INR,BANK_TRANSFER,SUCCESS,VENDPAY_00001438
VPAY_001439,VINV_001439,VEND_000038,2025-12-23T20:18:00,BANK_003,181946.56,INR,BANK_TRANSFER,SUCCESS,VENDPAY_00001439
VPAY_001440,VINV_001440,VEND_000061,2025-12-15T23:19:00,BANK_003,160344.30,INR,BANK_TRANSFER,SUCCESS,VENDPAY_00001440
VPAY_001441,VINV_001441,VEND_000038,2025-12-05T01:23:00,BANK_003,111581.98,INR,BANK_TRANSFER,SUCCESS,VENDPAY_00001441
VPAY_001442,VINV_001442,VEND_000067,2025-12-12T20:53:00,BANK_003,252515.28,INR,BANK_TRANSFER,SUCCESS,VENDPAY_00001442
VPAY_001443,VINV_001443,VEND_000084,2025-12-23T23:29:00,BANK_003,252942.44,INR,BANK_TRANSFER,SUCCESS,VENDPAY_00001443
VPAY_001444,VINV_001444,VEND_000059,2025-12-20T23:46:00,BANK_003,147161.34,INR,BANK_TRANSFER,SUCCESS,VENDPAY_00001444
VPAY_001445,VINV_001445,VEND_000022,2025-12-25T01:46:00,BANK_003,133527.62,INR,BANK_TRANSFER,SUCCESS,VENDPAY_00001445
VPAY_001446,VINV_001446,VEND_000037,2025-12-20T20:55:00,BANK_003,67736.72,INR,BANK_TRANSFER,SUCCESS,VENDPAY_00001446
VPAY_001447,VINV_001447,VEND_000059,2025-12-20T01:25:00,BANK_003,104560.98,INR,BANK_TRANSFER,SUCCESS,VENDPAY_00001447
VPAY_001448,VINV_001448,VEND_000069,2025-12-22T21:38:00,BANK_003,141334.50,INR,BANK_TRANSFER,SUCCESS,VENDPAY_00001448
VPAY_001449,VINV_001449,VEND_000021,2025-12-20T23:18:00,BANK_003,126690.70,INR,BANK_TRANSFER,SUCCESS,VENDPAY_00001449
VPAY_001450,VINV_001450,VEND_000074,2025-12-17T01:52:00,BANK_003,92221.72,INR,BANK_TRANSFER,SUCCESS,VENDPAY_00001450
VPAY_001451,VINV_001451,VEND_000024,2025-12-20T00:28:00,BANK_003,116560.40,INR,BANK_TRANSFER,SUCCESS,VENDPAY_00001451
VPAY_001452,VINV_001452,VEND_000086,2025-12-13T22:35:00,BANK_003,128084.00,INR,BANK_TRANSFER,SUCCESS,VENDPAY_00001452
VPAY_001453,VINV_001453,VEND_000058,2025-12-08T02:45:00,BANK_003,220095.96,INR,BANK_TRANSFER,SUCCESS,VENDPAY_00001453
VPAY_001454,VINV_001454,VEND_000016,2025-12-30T03:15:00,BANK_003,60808.94,INR,BANK_TRANSFER,SUCCESS,VENDPAY_00001454
VPAY_001455,VINV_001455,VEND_000019,2025-12-31T00:58:00,BANK_003,194784.96,INR,BANK_TRANSFER,SUCCESS,VENDPAY_00001455
VPAY_001456,VINV_001456,VEND_000070,2025-12-27T22:35:00,BANK_003,210056.52,INR,BANK_TRANSFER,SUCCESS,VENDPAY_00001456
VPAY_001457,VINV_001457,VEND_000061,2025-12-20T21:29:00,BANK_003,142751.68,INR,BANK_TRANSFER,SUCCESS,VENDPAY_00001457
VPAY_001458,VINV_001458,VEND_000073,2025-12-27T21:50:00,BANK_003,189856.10,INR,BANK_TRANSFER,SUCCESS,VENDPAY_00001458
VPAY_001459,VINV_001459,VEND_000062,2025-12-07T02:33:00,BANK_003,55506.00,INR,BANK_TRANSFER,SUCCESS,VENDPAY_00001459
VPAY_001460,VINV_001460,VEND_000040,2025-12-29T19:49:00,BANK_003,60770.00,INR,BANK_TRANSFER,SUCCESS,VENDPAY_00001460
VPAY_001461,VINV_001461,VEND_000058,2025-12-04T20:11:00,BANK_003,163651.84,INR,BANK_TRANSFER,SUCCESS,VENDPAY_00001461
VPAY_001462,VINV_001462,VEND_000078,2025-12-22T03:36:00,BANK_003,251476.88,INR,BANK_TRANSFER,SUCCESS,VENDPAY_00001462
VPAY_001463,VINV_001463,VEND_000036,2025-12-02T20:09:00,BANK_003,113639.90,INR,BANK_TRANSFER,SUCCESS,VENDPAY_00001463
VPAY_001464,VINV_001464,VEND_000087,2025-12-19T00:30:00,BANK_003,80127.90,INR,BANK_TRANSFER,SUCCESS,VENDPAY_00001464
VPAY_001465,VINV_001465,VEND_000063,2025-12-22T02:37:00,BANK_003,151391.64,INR,BANK_TRANSFER,SUCCESS,VENDPAY_00001465
VPAY_001466,VINV_001466,VEND_000086,2025-12-17T23:54:00,BANK_003,139650.00,INR,BANK_TRANSFER,SUCCESS,VENDPAY_00001466
VPAY_001467,VINV_001467,VEND_000048,2025-12-14T21:40:00,BANK_003,172536.06,INR,BANK_TRANSFER,SUCCESS,VENDPAY_00001467
VPAY_001468,VINV_001468,VEND_000045,2025-12-11T19:40:00,BANK_003,161783.90,INR,BANK_TRANSFER,SUCCESS,VENDPAY_00001468
VPAY_001469,VINV_001469,VEND_000028,2025-12-25T23:38:00,BANK_003,190509.82,INR,BANK_TRANSFER,SUCCESS,VENDPAY_00001469
VPAY_001470,VINV_001470,VEND_000037,2026-01-04T23:36:00,BANK_003,103764.48,INR,BANK_TRANSFER,SUCCESS,VENDPAY_00001470
VPAY_001471,VINV_001471,VEND_000054,2026-01-04T00:53:00,BANK_003,96271.48,INR,BANK_TRANSFER,SUCCESS,VENDPAY_00001471
VPAY_001472,VINV_001472,VEND_000019,2025-12-26T21:35:00,BANK_003,117373.42,INR,BANK_TRANSFER,SUCCESS,VENDPAY_00001472
VPAY_001473,VINV_001473,VEND_000009,2026-01-01T00:47:00,BANK_003,235813.56,INR,BANK_TRANSFER,SUCCESS,VENDPAY_00001473
VPAY_001474,VINV_001474,VEND_000053,2025-12-10T22:59:00,BANK_003,212459.00,INR,BANK_TRANSFER,SUCCESS,VENDPAY_00001474
VPAY_001475,VINV_001475,VEND_000072,2025-12-23T21:11:00,BANK_003,196046.38,INR,BANK_TRANSFER,SUCCESS,VENDPAY_00001475
VPAY_001476,VINV_001476,VEND_000026,2025-12-30T00:40:00,BANK_003,110636.80,INR,BANK_TRANSFER,SUCCESS,VENDPAY_00001476
VPAY_001477,VINV_001477,VEND_000006,2025-12-22T22:57:00,BANK_003,146514.70,INR,BANK_TRANSFER,SUCCESS,VENDPAY_00001477
VPAY_001478,VINV_001478,VEND_000072,2025-12-12T01:37:00,BANK_003,196459.38,INR,BANK_TRANSFER,SUCCESS,VENDPAY_00001478
VPAY_001479,VINV_001479,VEND_000020,2025-12-25T02:12:00,BANK_003,134353.62,INR,BANK_TRANSFER,SUCCESS,VENDPAY_00001479
VPAY_001480,VINV_001480,VEND_000016,2026-01-07T00:18:00,BANK_003,255343.74,INR,BANK_TRANSFER,SUCCESS,VENDPAY_00001480
VPAY_001481,VINV_001481,VEND_000054,2026-01-05T00:54:00,BANK_003,108584.78,INR,BANK_TRANSFER,SUCCESS,VENDPAY_00001481
VPAY_001482,VINV_001482,VEND_000004,2025-12-11T00:15:00,BANK_003,90019.84,INR,BANK_TRANSFER,SUCCESS,VENDPAY_00001482
VPAY_001483,VINV_001483,VEND_000077,2025-12-21T02:06:00,BANK_003,165002.94,INR,BANK_TRANSFER,SUCCESS,VENDPAY_00001483
VPAY_001484,VINV_001484,VEND_000034,2025-12-23T23:18:00,BANK_003,247357.50,INR,BANK_TRANSFER,SUCCESS,VENDPAY_00001484
VPAY_001485,VINV_001485,VEND_000048,2025-12-26T03:19:00,BANK_003,211638.90,INR,BANK_TRANSFER,SUCCESS,VENDPAY_00001485
VPAY_001486,VINV_001486,VEND_000034,2025-12-20T19:33:00,BANK_003,103473.02,INR,BANK_TRANSFER,SUCCESS,VENDPAY_00001486
VPAY_001487,VINV_001487,VEND_000041,2025-12-24T01:48:00,BANK_003,195713.62,INR,BANK_TRANSFER,SUCCESS,VENDPAY_00001487
VPAY_001488,VINV_001488,VEND_000021,2025-12-25T23:06:00,BANK_003,69459.52,INR,BANK_TRANSFER,SUCCESS,VENDPAY_00001488
VPAY_001489,VINV_001489,VEND_000082,2025-12-19T00:44:00,BANK_003,163216.42,INR,BANK_TRANSFER,SUCCESS,VENDPAY_00001489
VPAY_001490,VINV_001490,VEND_000068,2025-12-07T20:16:00,BANK_003,250744.10,INR,BANK_TRANSFER,SUCCESS,VENDPAY_00001490
VPAY_001491,VINV_001491,VEND_000081,2025-12-20T22:56:00,BANK_003,109783.66,INR,BANK_TRANSFER,SUCCESS,VENDPAY_00001491
VPAY_001492,VINV_001492,VEND_000070,2025-12-24T21:27:00,BANK_003,152891.42,INR,BANK_TRANSFER,SUCCESS,VENDPAY_00001492
VPAY_001493,VINV_001493,VEND_000035,2025-12-08T00:56:00,BANK_003,165238.94,INR,BANK_TRANSFER,SUCCESS,VENDPAY_00001493
VPAY_001494,VINV_001494,VEND_000019,2025-12-21T23:44:00,BANK_003,57089.58,INR,BANK_TRANSFER,SUCCESS,VENDPAY_00001494
VPAY_001495,VINV_001495,VEND_000048,2025-12-18T22:52:00,BANK_003,203093.34,INR,BANK_TRANSFER,SUCCESS,VENDPAY_00001495
VPAY_001496,VINV_001496,VEND_000014,2025-12-21T23:19:00,BANK_003,120494.52,INR,BANK_TRANSFER,SUCCESS,VENDPAY_00001496
VPAY_001497,VINV_001497,VEND_000025,2025-12-21T23:57:00,BANK_003,225908.64,INR,BANK_TRANSFER,SUCCESS,VENDPAY_00001497
VPAY_001498,VINV_001498,VEND_000054,2025-12-19T23:00:00,BANK_003,195543.70,INR,BANK_TRANSFER,SUCCESS,VENDPAY_00001498
VPAY_001499,VINV_001499,VEND_000003,2025-12-13T22:08:00,BANK_003,201428.36,INR,BANK_TRANSFER,SUCCESS,VENDPAY_00001499
VPAY_001500,VINV_001500,VEND_000018,2026-01-05T03:12:00,BANK_003,189804.18,INR,BANK_TRANSFER,SUCCESS,VENDPAY_00001500
VPAY_001501,VINV_001501,VEND_000023,2025-12-12T20:41:00,BANK_003,147347.78,INR,BANK_TRANSFER,SUCCESS,VENDPAY_00001501
VPAY_001502,VINV_001502,VEND_000029,2025-12-25T00:40:00,BANK_003,78741.00,INR,BANK_TRANSFER,SUCCESS,VENDPAY_00001502
VPAY_001503,VINV_001503,VEND_000040,2025-12-23T23:39:00,BANK_003,91872.44,INR,BANK_TRANSFER,SUCCESS,VENDPAY_00001503
VPAY_001504,VINV_001504,VEND_000055,2025-11-29T23:26:00,BANK_003,87658.66,INR,BANK_TRANSFER,SUCCESS,VENDPAY_00001504
VPAY_001505,VINV_001505,VEND_000056,2025-12-23T21:09:00,BANK_003,66251.10,INR,BANK_TRANSFER,SUCCESS,VENDPAY_00001505
VPAY_001506,VINV_001506,VEND_000085,2026-01-05T01:33:00,BANK_003,211933.90,INR,BANK_TRANSFER,SUCCESS,VENDPAY_00001506
VPAY_001507,VINV_001507,VEND_000016,2025-12-20T00:29:00,BANK_003,131363.50,INR,BANK_TRANSFER,SUCCESS,VENDPAY_00001507
VPAY_001508,VINV_001508,VEND_000086,2025-12-05T22:19:00,BANK_003,47692.00,INR,BANK_TRANSFER,SUCCESS,VENDPAY_00001508
VPAY_001509,VINV_001509,VEND_000078,2026-01-08T03:17:00,BANK_003,116635.92,INR,BANK_TRANSFER,SUCCESS,VENDPAY_00001509
VPAY_001510,VINV_001510,VEND_000024,2025-12-02T19:48:00,BANK_003,161839.36,INR,BANK_TRANSFER,SUCCESS,VENDPAY_00001510
VPAY_001511,VINV_001511,VEND_000036,2025-12-13T20:42:00,BANK_003,232434.04,INR,BANK_TRANSFER,SUCCESS,VENDPAY_00001511
VPAY_001512,VINV_001512,VEND_000065,2025-12-09T23:43:00,BANK_003,242704.76,INR,BANK_TRANSFER,SUCCESS,VENDPAY_00001512
VPAY_001513,VINV_001513,VEND_000013,2025-12-17T22:50:00,BANK_003,231933.72,INR,BANK_TRANSFER,SUCCESS,VENDPAY_00001513
VPAY_001514,VINV_001514,VEND_000025,2025-12-08T01:20:00,BANK_003,140286.66,INR,BANK_TRANSFER,SUCCESS,VENDPAY_00001514
VPAY_001515,VINV_001515,VEND_000013,2025-12-29T23:20:00,BANK_003,119300.36,INR,BANK_TRANSFER,SUCCESS,VENDPAY_00001515
VPAY_001516,VINV_001516,VEND_000047,2025-12-23T00:51:00,BANK_003,235412.36,INR,BANK_TRANSFER,SUCCESS,VENDPAY_00001516
VPAY_001517,VINV_001517,VEND_000024,2025-12-14T23:55:00,BANK_003,162856.52,INR,BANK_TRANSFER,SUCCESS,VENDPAY_00001517
VPAY_001518,VINV_001518,VEND_000066,2025-12-13T22:59:00,BANK_003,123488.18,INR,BANK_TRANSFER,SUCCESS,VENDPAY_00001518
VPAY_001519,VINV_001519,VEND_000016,2025-12-17T23:08:00,BANK_003,197216.94,INR,BANK_TRANSFER,SUCCESS,VENDPAY_00001519
VPAY_001520,VINV_001520,VEND_000064,2025-12-25T01:30:00,BANK_003,164844.82,INR,BANK_TRANSFER,SUCCESS,VENDPAY_00001520
VPAY_001521,VINV_001521,VEND_000011,2025-12-31T02:58:00,BANK_003,154595.34,INR,BANK_TRANSFER,SUCCESS,VENDPAY_00001521
VPAY_001522,VINV_001522,VEND_000037,2026-01-02T02:55:00,BANK_003,194446.30,INR,BANK_TRANSFER,SUCCESS,VENDPAY_00001522
VPAY_001523,VINV_001523,VEND_000088,2025-12-13T01:25:00,BANK_003,190428.40,INR,BANK_TRANSFER,SUCCESS,VENDPAY_00001523
VPAY_001524,VINV_001524,VEND_000038,2025-12-09T00:29:00,BANK_003,185480.66,INR,BANK_TRANSFER,SUCCESS,VENDPAY_00001524
VPAY_001525,VINV_001525,VEND_000061,2025-12-07T19:25:00,BANK_003,166759.96,INR,BANK_TRANSFER,SUCCESS,VENDPAY_00001525
VPAY_001526,VINV_001526,VEND_000087,2025-12-12T19:41:00,BANK_003,85632.60,INR,BANK_TRANSFER,SUCCESS,VENDPAY_00001526
VPAY_001527,VINV_001527,VEND_000016,2025-12-30T03:18:00,BANK_003,97446.76,INR,BANK_TRANSFER,SUCCESS,VENDPAY_00001527
VPAY_001528,VINV_001528,VEND_000022,2025-12-29T02:59:00,BANK_003,73116.34,INR,BANK_TRANSFER,SUCCESS,VENDPAY_00001528
VPAY_001529,VINV_001529,VEND_000026,2025-12-30T00:30:00,BANK_003,237138.70,INR,BANK_TRANSFER,SUCCESS,VENDPAY_00001529
VPAY_001530,VINV_001530,VEND_000055,2025-12-11T00:10:00,BANK_003,207488.84,INR,BANK_TRANSFER,SUCCESS,VENDPAY_00001530
VPAY_001531,VINV_001531,VEND_000083,2025-12-13T01:25:00,BANK_003,176904.42,INR,BANK_TRANSFER,SUCCESS,VENDPAY_00001531
VPAY_001532,VINV_001532,VEND_000063,2025-12-10T22:45:00,BANK_003,211295.52,INR,BANK_TRANSFER,SUCCESS,VENDPAY_00001532
VPAY_001533,VINV_001533,VEND_000014,2025-12-25T22:20:00,BANK_003,90896.58,INR,BANK_TRANSFER,SUCCESS,VENDPAY_00001533
VPAY_001534,VINV_001534,VEND_000030,2025-12-07T00:44:00,BANK_003,247473.14,INR,BANK_TRANSFER,SUCCESS,VENDPAY_00001534
VPAY_001535,VINV_001535,VEND_000007,2026-01-02T03:39:00,BANK_003,62885.00,INR,BANK_TRANSFER,SUCCESS,VENDPAY_00001535
VPAY_001536,VINV_001536,VEND_000023,2026-01-01T00:12:00,BANK_003,171458.72,INR,BANK_TRANSFER,SUCCESS,VENDPAY_00001536
VPAY_001537,VINV_001537,VEND_000020,2026-01-05T22:34:00,BANK_003,146749.52,INR,BANK_TRANSFER,SUCCESS,VENDPAY_00001537
VPAY_001538,VINV_001538,VEND_000010,2025-12-16T02:29:00,BANK_003,257591.64,INR,BANK_TRANSFER,SUCCESS,VENDPAY_00001538
VPAY_001539,VINV_001539,VEND_000060,2025-12-12T02:36:00,BANK_003,115563.30,INR,BANK_TRANSFER,SUCCESS,VENDPAY_00001539
VPAY_001540,VINV_001540,VEND_000063,2025-12-11T21:55:00,BANK_003,209247.04,INR,BANK_TRANSFER,SUCCESS,VENDPAY_00001540
VPAY_001541,VINV_001541,VEND_000070,2025-12-18T01:29:00,BANK_003,222185.74,INR,BANK_TRANSFER,SUCCESS,VENDPAY_00001541
VPAY_001542,VINV_001542,VEND_000056,2025-12-30T00:06:00,BANK_003,89951.40,INR,BANK_TRANSFER,SUCCESS,VENDPAY_00001542
VPAY_001543,VINV_001543,VEND_000049,2025-12-16T23:58:00,BANK_003,189995.34,INR,BANK_TRANSFER,SUCCESS,VENDPAY_00001543
VPAY_001544,VINV_001544,VEND_000023,2026-01-08T01:42:00,BANK_003,225292.68,INR,BANK_TRANSFER,SUCCESS,VENDPAY_00001544
VPAY_001545,VINV_001545,VEND_000022,2025-12-31T02:34:00,BANK_003,205128.84,INR,BANK_TRANSFER,SUCCESS,VENDPAY_00001545
VPAY_001546,VINV_001546,VEND_000050,2025-12-04T22:22:00,BANK_003,203883.94,INR,BANK_TRANSFER,SUCCESS,VENDPAY_00001546
VPAY_001547,VINV_001547,VEND_000085,2026-01-08T00:21:00,BANK_003,224401.78,INR,BANK_TRANSFER,SUCCESS,VENDPAY_00001547
VPAY_001548,VINV_001548,VEND_000061,2025-12-07T20:45:00,BANK_003,227021.38,INR,BANK_TRANSFER,SUCCESS,VENDPAY_00001548
VPAY_001549,VINV_001549,VEND_000051,2025-12-31T20:41:00,BANK_003,134574.28,INR,BANK_TRANSFER,SUCCESS,VENDPAY_00001549
VPAY_001550,VINV_001550,VEND_000079,2025-12-13T19:21:00,BANK_003,162219.32,INR,BANK_TRANSFER,SUCCESS,VENDPAY_00001550
VPAY_001551,VINV_001551,VEND_000004,2025-12-03T20:14:00,BANK_003,235747.48,INR,BANK_TRANSFER,SUCCESS,VENDPAY_00001551
VPAY_001552,VINV_001552,VEND_000045,2025-12-02T21:53:00,BANK_003,233737.94,INR,BANK_TRANSFER,SUCCESS,VENDPAY_00001552
VPAY_001553,VINV_001553,VEND_000049,2025-12-16T01:41:00,BANK_003,83212.42,INR,BANK_TRANSFER,SUCCESS,VENDPAY_00001553
VPAY_001554,VINV_001554,VEND_000053,2025-12-04T00:10:00,BANK_003,137083.00,INR,BANK_TRANSFER,SUCCESS,VENDPAY_00001554
VPAY_001555,VINV_001555,VEND_000032,2025-12-22T21:52:00,BANK_003,106504.00,INR,BANK_TRANSFER,SUCCESS,VENDPAY_00001555
VPAY_001556,VINV_001556,VEND_000089,2025-12-11T19:09:00,BANK_003,73360.60,INR,BANK_TRANSFER,SUCCESS,VENDPAY_00001556
VPAY_001557,VINV_001557,VEND_000022,2026-01-04T01:15:00,BANK_003,59197.06,INR,BANK_TRANSFER,SUCCESS,VENDPAY_00001557
VPAY_001558,VINV_001558,VEND_000059,2025-12-16T00:11:00,BANK_003,256566.22,INR,BANK_TRANSFER,SUCCESS,VENDPAY_00001558
VPAY_001559,VINV_001559,VEND_000035,2025-12-24T22:07:00,BANK_003,59410.64,INR,BANK_TRANSFER,SUCCESS,VENDPAY_00001559
VPAY_001560,VINV_001560,VEND_000041,2025-12-21T01:57:00,BANK_003,169944.78,INR,BANK_TRANSFER,SUCCESS,VENDPAY_00001560
VPAY_001561,VINV_001561,VEND_000074,2025-12-18T00:04:00,BANK_003,83329.24,INR,BANK_TRANSFER,SUCCESS,VENDPAY_00001561
VPAY_001562,VINV_001562,VEND_000044,2025-12-18T23:42:00,BANK_003,206753.70,INR,BANK_TRANSFER,SUCCESS,VENDPAY_00001562
VPAY_001563,VINV_001563,VEND_000022,2025-12-24T00:49:00,BANK_003,243284.14,INR,BANK_TRANSFER,SUCCESS,VENDPAY_00001563
VPAY_001564,VINV_001564,VEND_000026,2026-01-06T23:54:00,BANK_003,206820.96,INR,BANK_TRANSFER,SUCCESS,VENDPAY_00001564
VPAY_001565,VINV_001565,VEND_000069,2025-12-25T00:34:00,BANK_003,119320.42,INR,BANK_TRANSFER,SUCCESS,VENDPAY_00001565
VPAY_001566,VINV_001566,VEND_000039,2025-12-29T20:35:00,BANK_003,230507.10,INR,BANK_TRANSFER,SUCCESS,VENDPAY_00001566
VPAY_001567,VINV_001567,VEND_000080,2026-01-10T23:54:00,BANK_003,81545.08,INR,BANK_TRANSFER,SUCCESS,VENDPAY_00001567
VPAY_001568,VINV_001568,VEND_000076,2025-12-10T23:42:00,BANK_003,157294.00,INR,BANK_TRANSFER,SUCCESS,VENDPAY_00001568
VPAY_001569,VINV_001569,VEND_000055,2025-12-13T20:25:00,BANK_003,117977.58,INR,BANK_TRANSFER,SUCCESS,VENDPAY_00001569
VPAY_001570,VINV_001570,VEND_000084,2026-01-03T02:47:00,BANK_003,146469.86,INR,BANK_TRANSFER,SUCCESS,VENDPAY_00001570
VPAY_001571,VINV_001571,VEND_000056,2026-01-04T01:35:00,BANK_003,258326.78,INR,BANK_TRANSFER,SUCCESS,VENDPAY_00001571
VPAY_001572,VINV_001572,VEND_000054,2025-12-22T01:53:00,BANK_003,177542.80,INR,BANK_TRANSFER,SUCCESS,VENDPAY_00001572
VPAY_001573,VINV_001573,VEND_000086,2025-12-08T02:36:00,BANK_003,188540.00,INR,BANK_TRANSFER,SUCCESS,VENDPAY_00001573
VPAY_001574,VINV_001574,VEND_000081,2025-12-22T23:54:00,BANK_003,212783.50,INR,BANK_TRANSFER,SUCCESS,VENDPAY_00001574
VPAY_001575,VINV_001575,VEND_000028,2025-12-25T23:55:00,BANK_003,257506.68,INR,BANK_TRANSFER,SUCCESS,VENDPAY_00001575
VPAY_001576,VINV_001576,VEND_000082,2026-01-04T22:02:00,BANK_003,217885.82,INR,BANK_TRANSFER,SUCCESS,VENDPAY_00001576
VPAY_001577,VINV_001577,VEND_000073,2025-12-19T03:12:00,BANK_003,246974.00,INR,BANK_TRANSFER,SUCCESS,VENDPAY_00001577
VPAY_001578,VINV_001578,VEND_000047,2025-12-22T02:27:00,BANK_003,196160.84,INR,BANK_TRANSFER,SUCCESS,VENDPAY_00001578
VPAY_001579,VINV_001579,VEND_000088,2025-12-15T21:29:00,BANK_003,145983.70,INR,BANK_TRANSFER,SUCCESS,VENDPAY_00001579
VPAY_001580,VINV_001580,VEND_000009,2025-12-24T22:00:00,BANK_003,249192.40,INR,BANK_TRANSFER,SUCCESS,VENDPAY_00001580
VPAY_001581,VINV_001581,VEND_000035,2025-12-22T21:55:00,BANK_003,141891.46,INR,BANK_TRANSFER,SUCCESS,VENDPAY_00001581
VPAY_001582,VINV_001582,VEND_000088,2025-12-09T19:39:00,BANK_003,239078.62,INR,BANK_TRANSFER,SUCCESS,VENDPAY_00001582
VPAY_001583,VINV_001583,VEND_000015,2025-12-23T02:14:00,BANK_003,99486.98,INR,BANK_TRANSFER,SUCCESS,VENDPAY_00001583
VPAY_001584,VINV_001584,VEND_000040,2026-01-02T00:25:00,BANK_003,196677.68,INR,BANK_TRANSFER,SUCCESS,VENDPAY_00001584
VPAY_001585,VINV_001585,VEND_000055,2025-12-04T00:41:00,BANK_003,253211.48,INR,BANK_TRANSFER,SUCCESS,VENDPAY_00001585
VPAY_001586,VINV_001586,VEND_000035,2025-12-02T19:37:00,BANK_003,95301.52,INR,BANK_TRANSFER,SUCCESS,VENDPAY_00001586
VPAY_001587,VINV_001587,VEND_000085,2025-12-20T19:58:00,BANK_003,223449.52,INR,BANK_TRANSFER,SUCCESS,VENDPAY_00001587
VPAY_001588,VINV_001588,VEND_000063,2025-12-03T21:29:00,BANK_003,59257.24,INR,BANK_TRANSFER,SUCCESS,VENDPAY_00001588
VPAY_001589,VINV_001589,VEND_000041,2025-12-11T23:52:00,BANK_003,239191.90,INR,BANK_TRANSFER,SUCCESS,VENDPAY_00001589
VPAY_001590,VINV_001590,VEND_000053,2025-12-24T02:35:00,BANK_003,140272.00,INR,BANK_TRANSFER,SUCCESS,VENDPAY_00001590
VPAY_001591,VINV_001591,VEND_000051,2025-12-23T01:56:00,BANK_003,96579.46,INR,BANK_TRANSFER,SUCCESS,VENDPAY_00001591
VPAY_001592,VINV_001592,VEND_000067,2025-12-21T20:01:00,BANK_003,258561.60,INR,BANK_TRANSFER,SUCCESS,VENDPAY_00001592
VPAY_001593,VINV_001593,VEND_000064,2025-12-09T21:11:00,BANK_003,81016.44,INR,BANK_TRANSFER,SUCCESS,VENDPAY_00001593
VPAY_001594,VINV_001594,VEND_000041,2025-12-20T23:17:00,BANK_003,154957.60,INR,BANK_TRANSFER,SUCCESS,VENDPAY_00001594
VPAY_001595,VINV_001595,VEND_000031,2025-12-09T00:08:00,BANK_003,183905.36,INR,BANK_TRANSFER,SUCCESS,VENDPAY_00001595
VPAY_001596,VINV_001596,VEND_000023,2025-12-25T20:15:00,BANK_003,119329.86,INR,BANK_TRANSFER,SUCCESS,VENDPAY_00001596
VPAY_001597,VINV_001597,VEND_000033,2025-12-06T20:47:00,BANK_003,235443.04,INR,BANK_TRANSFER,SUCCESS,VENDPAY_00001597
VPAY_001598,VINV_001598,VEND_000090,2025-12-12T23:46:00,BANK_003,88042.16,INR,BANK_TRANSFER,SUCCESS,VENDPAY_00001598
VPAY_001599,VINV_001599,VEND_000061,2025-12-10T20:51:00,BANK_003,129302.04,INR,BANK_TRANSFER,SUCCESS,VENDPAY_00001599
VPAY_001600,VINV_001600,VEND_000047,2026-01-08T20:38:00,BANK_003,200099.68,INR,BANK_TRANSFER,SUCCESS,VENDPAY_00001600
VPAY_001601,VINV_001601,VEND_000003,2025-12-22T00:02:00,BANK_003,252740.66,INR,BANK_TRANSFER,SUCCESS,VENDPAY_00001601
VPAY_001602,VINV_001602,VEND_000089,2025-12-07T21:00:00,BANK_003,127238.22,INR,BANK_TRANSFER,SUCCESS,VENDPAY_00001602
VPAY_001603,VINV_001603,VEND_000040,2026-01-08T19:25:00,BANK_003,250745.28,INR,BANK_TRANSFER,SUCCESS,VENDPAY_00001603
VPAY_001604,VINV_001604,VEND_000069,2026-01-01T03:08:00,BANK_003,126219.88,INR,BANK_TRANSFER,SUCCESS,VENDPAY_00001604
VPAY_001605,VINV_001605,VEND_000051,2025-12-27T00:54:00,BANK_003,132143.48,INR,BANK_TRANSFER,SUCCESS,VENDPAY_00001605
VPAY_001606,VINV_001606,VEND_000039,2025-12-21T03:03:00,BANK_003,118178.18,INR,BANK_TRANSFER,SUCCESS,VENDPAY_00001606
VPAY_001607,VINV_001607,VEND_000081,2026-01-07T01:25:00,BANK_003,151213.46,INR,BANK_TRANSFER,SUCCESS,VENDPAY_00001607
VPAY_001608,VINV_001608,VEND_000036,2025-12-20T19:33:00,BANK_003,77875.28,INR,BANK_TRANSFER,SUCCESS,VENDPAY_00001608
VPAY_001609,VINV_001609,VEND_000043,2025-12-20T22:36:00,BANK_003,183749.60,INR,BANK_TRANSFER,SUCCESS,VENDPAY_00001609
VPAY_001610,VINV_001610,VEND_000090,2025-12-18T20:12:00,BANK_003,133824.98,INR,BANK_TRANSFER,SUCCESS,VENDPAY_00001610
VPAY_001611,VINV_001611,VEND_000054,2026-01-10T01:27:00,BANK_003,239352.38,INR,BANK_TRANSFER,SUCCESS,VENDPAY_00001611
VPAY_001612,VINV_001612,VEND_000059,2025-12-04T01:32:00,BANK_003,61559.42,INR,BANK_TRANSFER,SUCCESS,VENDPAY_00001612
VPAY_001613,VINV_001613,VEND_000081,2026-01-06T22:09:00,BANK_003,190257.30,INR,BANK_TRANSFER,SUCCESS,VENDPAY_00001613
VPAY_001614,VINV_001614,VEND_000052,2025-12-23T01:05:00,BANK_003,114988.64,INR,BANK_TRANSFER,SUCCESS,VENDPAY_00001614
VPAY_001615,VINV_001615,VEND_000074,2025-12-05T02:55:00,BANK_003,78536.08,INR,BANK_TRANSFER,SUCCESS,VENDPAY_00001615
VPAY_001616,VINV_001616,VEND_000067,2025-12-07T00:28:00,BANK_003,253910.04,INR,BANK_TRANSFER,SUCCESS,VENDPAY_00001616
VPAY_001617,VINV_001617,VEND_000041,2025-12-17T23:31:00,BANK_003,192758.90,INR,BANK_TRANSFER,SUCCESS,VENDPAY_00001617
VPAY_001618,VINV_001618,VEND_000034,2025-12-21T01:23:00,BANK_003,106761.68,INR,BANK_TRANSFER,SUCCESS,VENDPAY_00001618
VPAY_001619,VINV_001619,VEND_000037,2025-12-19T21:30:00,BANK_003,114552.04,INR,BANK_TRANSFER,SUCCESS,VENDPAY_00001619
VPAY_001620,VINV_001620,VEND_000024,2025-12-15T03:11:00,BANK_003,174819.36,INR,BANK_TRANSFER,SUCCESS,VENDPAY_00001620
VPAY_001621,VINV_001621,VEND_000003,2025-12-20T01:10:00,BANK_003,60204.78,INR,BANK_TRANSFER,SUCCESS,VENDPAY_00001621
VPAY_001622,VINV_001622,VEND_000012,2025-12-04T02:02:00,BANK_003,196140.78,INR,BANK_TRANSFER,SUCCESS,VENDPAY_00001622
VPAY_001623,VINV_001623,VEND_000007,2026-01-05T01:16:00,BANK_003,150128.00,INR,BANK_TRANSFER,SUCCESS,VENDPAY_00001623
VPAY_001624,VINV_001624,VEND_000020,2025-12-29T00:56:00,BANK_003,80648.28,INR,BANK_TRANSFER,SUCCESS,VENDPAY_00001624
VPAY_001625,VINV_001625,VEND_000002,2025-12-26T02:01:00,BANK_003,215757.10,INR,BANK_TRANSFER,SUCCESS,VENDPAY_00001625
VPAY_001626,VINV_001626,VEND_000087,2025-12-06T03:03:00,BANK_003,205954.84,INR,BANK_TRANSFER,SUCCESS,VENDPAY_00001626
VPAY_001627,VINV_001627,VEND_000025,2025-12-12T00:07:00,BANK_003,135443.94,INR,BANK_TRANSFER,SUCCESS,VENDPAY_00001627
VPAY_001628,VINV_001628,VEND_000049,2025-12-16T01:01:00,BANK_003,93373.40,INR,BANK_TRANSFER,SUCCESS,VENDPAY_00001628
VPAY_001629,VINV_001629,VEND_000077,2025-12-10T20:39:00,BANK_003,119780.62,INR,BANK_TRANSFER,SUCCESS,VENDPAY_00001629
VPAY_001630,VINV_001630,VEND_000054,2025-12-31T20:02:00,BANK_003,108892.76,INR,BANK_TRANSFER,SUCCESS,VENDPAY_00001630
VPAY_001631,VINV_001631,VEND_000004,2025-12-08T20:17:00,BANK_003,142864.96,INR,BANK_TRANSFER,SUCCESS,VENDPAY_00001631
VPAY_001632,VINV_001632,VEND_000032,2025-12-21T02:25:00,BANK_003,141898.00,INR,BANK_TRANSFER,SUCCESS,VENDPAY_00001632
VPAY_001633,VINV_001633,VEND_000011,2026-01-01T23:11:00,BANK_003,56291.90,INR,BANK_TRANSFER,SUCCESS,VENDPAY_00001633
VPAY_001634,VINV_001634,VEND_000089,2025-12-23T20:13:00,BANK_003,176074.88,INR,BANK_TRANSFER,SUCCESS,VENDPAY_00001634
VPAY_001635,VINV_001635,VEND_000055,2025-12-12T03:03:00,BANK_003,237830.18,INR,BANK_TRANSFER,SUCCESS,VENDPAY_00001635
VPAY_001636,VINV_001636,VEND_000072,2025-12-03T20:50:00,BANK_003,71273.18,INR,BANK_TRANSFER,SUCCESS,VENDPAY_00001636
VPAY_001637,VINV_001637,VEND_000061,2025-12-21T20:05:00,BANK_003,162696.04,INR,BANK_TRANSFER,SUCCESS,VENDPAY_00001637
VPAY_001638,VINV_001638,VEND_000001,2025-12-19T02:31:00,BANK_003,131562.92,INR,BANK_TRANSFER,SUCCESS,VENDPAY_00001638
VPAY_001639,VINV_001639,VEND_000039,2026-01-07T20:15:00,BANK_003,175191.06,INR,BANK_TRANSFER,SUCCESS,VENDPAY_00001639
VPAY_001640,VINV_001640,VEND_000072,2025-12-20T19:57:00,BANK_003,65820.40,INR,BANK_TRANSFER,SUCCESS,VENDPAY_00001640
VPAY_001641,VINV_001641,VEND_000022,2025-12-29T21:12:00,BANK_003,208923.72,INR,BANK_TRANSFER,SUCCESS,VENDPAY_00001641
VPAY_001642,VINV_001642,VEND_000060,2025-12-05T21:06:00,BANK_003,93905.58,INR,BANK_TRANSFER,SUCCESS,VENDPAY_00001642
VPAY_001643,VINV_001643,VEND_000019,2025-12-21T01:32:00,BANK_003,133650.34,INR,BANK_TRANSFER,SUCCESS,VENDPAY_00001643
VPAY_001644,VINV_001644,VEND_000017,2025-12-23T22:22:00,BANK_003,175865.00,INR,BANK_TRANSFER,SUCCESS,VENDPAY_00001644
VPAY_001645,VINV_001645,VEND_000056,2025-12-26T02:26:00,BANK_003,140617.06,INR,BANK_TRANSFER,SUCCESS,VENDPAY_00001645
VPAY_001646,VINV_001646,VEND_000067,2025-12-11T01:40:00,BANK_003,149922.54,INR,BANK_TRANSFER,SUCCESS,VENDPAY_00001646
VPAY_001647,VINV_001647,VEND_000041,2025-12-07T02:31:00,BANK_003,205065.12,INR,BANK_TRANSFER,SUCCESS,VENDPAY_00001647
VPAY_001648,VINV_001648,VEND_000007,2025-12-20T01:35:00,BANK_003,94524.00,INR,BANK_TRANSFER,SUCCESS,VENDPAY_00001648
VPAY_001649,VINV_001649,VEND_000024,2025-12-17T21:50:00,BANK_003,64193.18,INR,BANK_TRANSFER,SUCCESS,VENDPAY_00001649
VPAY_001650,VINV_001650,VEND_000060,2025-12-08T01:54:00,BANK_003,188100.26,INR,BANK_TRANSFER,SUCCESS,VENDPAY_00001650
VPAY_001651,VINV_001651,VEND_000006,2025-12-14T01:39:00,BANK_003,189674.38,INR,BANK_TRANSFER,SUCCESS,VENDPAY_00001651
VPAY_001652,VINV_001652,VEND_000059,2025-12-06T02:46:00,BANK_003,205594.94,INR,BANK_TRANSFER,SUCCESS,VENDPAY_00001652
VPAY_001653,VINV_001653,VEND_000016,2025-12-19T22:49:00,BANK_003,161242.28,INR,BANK_TRANSFER,SUCCESS,VENDPAY_00001653
VPAY_001654,VINV_001654,VEND_000024,2025-12-26T02:21:00,BANK_003,105158.06,INR,BANK_TRANSFER,SUCCESS,VENDPAY_00001654
VPAY_001655,VINV_001655,VEND_000073,2026-01-04T23:36:00,BANK_003,258227.66,INR,BANK_TRANSFER,SUCCESS,VENDPAY_00001655
VPAY_001656,VINV_001656,VEND_000068,2025-12-10T01:26:00,BANK_003,229661.04,INR,BANK_TRANSFER,SUCCESS,VENDPAY_00001656
VPAY_001657,VINV_001657,VEND_000032,2025-12-23T23:44:00,BANK_003,175576.00,INR,BANK_TRANSFER,SUCCESS,VENDPAY_00001657
VPAY_001658,VINV_001658,VEND_000004,2025-12-21T23:43:00,BANK_003,141035.96,INR,BANK_TRANSFER,SUCCESS,VENDPAY_00001658
VPAY_001659,VINV_001659,VEND_000051,2026-01-04T23:12:00,BANK_003,168652.68,INR,BANK_TRANSFER,SUCCESS,VENDPAY_00001659
VPAY_001660,VINV_001660,VEND_000042,2025-12-02T19:54:00,BANK_003,100666.98,INR,BANK_TRANSFER,SUCCESS,VENDPAY_00001660
VPAY_001661,VINV_001661,VEND_000085,2026-01-01T00:38:00,BANK_003,201533.38,INR,BANK_TRANSFER,SUCCESS,VENDPAY_00001661
VPAY_001662,VINV_001662,VEND_000077,2025-12-02T21:27:00,BANK_003,256640.56,INR,BANK_TRANSFER,SUCCESS,VENDPAY_00001662
VPAY_001663,VINV_001663,VEND_000084,2025-12-28T21:28:00,BANK_003,245615.82,INR,BANK_TRANSFER,SUCCESS,VENDPAY_00001663
VPAY_001664,VINV_001664,VEND_000028,2025-12-22T22:32:00,BANK_003,68157.98,INR,BANK_TRANSFER,SUCCESS,VENDPAY_00001664
VPAY_001665,VINV_001665,VEND_000008,2025-12-19T23:43:00,BANK_003,63539.00,INR,BANK_TRANSFER,SUCCESS,VENDPAY_00001665
VPAY_001666,VINV_001666,VEND_000012,2025-12-10T22:57:00,BANK_003,176478.44,INR,BANK_TRANSFER,SUCCESS,VENDPAY_00001666
VPAY_001667,VINV_001667,VEND_000052,2025-11-30T03:05:00,BANK_003,80688.40,INR,BANK_TRANSFER,SUCCESS,VENDPAY_00001667
VPAY_001668,VINV_001668,VEND_000021,2025-12-29T20:56:00,BANK_003,173274.74,INR,BANK_TRANSFER,SUCCESS,VENDPAY_00001668
VPAY_001669,VINV_001669,VEND_000016,2026-01-01T20:37:00,BANK_003,145449.16,INR,BANK_TRANSFER,SUCCESS,VENDPAY_00001669
VPAY_001670,VINV_001670,VEND_000040,2025-12-22T01:27:00,BANK_003,239784.26,INR,BANK_TRANSFER,SUCCESS,VENDPAY_00001670
VPAY_001671,VINV_001671,VEND_000048,2025-12-09T00:53:00,BANK_003,211677.84,INR,BANK_TRANSFER,SUCCESS,VENDPAY_00001671
VPAY_001672,VINV_001672,VEND_000050,2025-12-11T02:02:00,BANK_003,200476.10,INR,BANK_TRANSFER,SUCCESS,VENDPAY_00001672
VPAY_001673,VINV_001673,VEND_000012,2025-12-14T23:26:00,BANK_003,183802.70,INR,BANK_TRANSFER,SUCCESS,VENDPAY_00001673
VPAY_001674,VINV_001674,VEND_000056,2025-12-30T19:45:00,BANK_003,248189.40,INR,BANK_TRANSFER,SUCCESS,VENDPAY_00001674
VPAY_001675,VINV_001675,VEND_000066,2025-12-17T01:46:00,BANK_003,158811.48,INR,BANK_TRANSFER,SUCCESS,VENDPAY_00001675
VPAY_001676,VINV_001676,VEND_000083,2025-12-17T19:53:00,BANK_003,101067.00,INR,BANK_TRANSFER,SUCCESS,VENDPAY_00001676
VPAY_001677,VINV_001677,VEND_000038,2025-12-15T21:25:00,BANK_003,197933.20,INR,BANK_TRANSFER,SUCCESS,VENDPAY_00001677
VPAY_001678,VINV_001678,VEND_000039,2025-12-21T22:52:00,BANK_003,99068.08,INR,BANK_TRANSFER,SUCCESS,VENDPAY_00001678
VPAY_001679,VINV_001679,VEND_000032,2025-12-12T03:06:00,BANK_003,182125.00,INR,BANK_TRANSFER,SUCCESS,VENDPAY_00001679
VPAY_001680,VINV_001680,VEND_000071,2025-12-03T20:46:00,BANK_003,76773.16,INR,BANK_TRANSFER,SUCCESS,VENDPAY_00001680
VPAY_001681,VINV_001681,VEND_000066,2025-12-16T01:15:00,BANK_003,184537.84,INR,BANK_TRANSFER,SUCCESS,VENDPAY_00001681
VPAY_001682,VINV_001682,VEND_000085,2025-12-25T02:58:00,BANK_003,228947.14,INR,BANK_TRANSFER,SUCCESS,VENDPAY_00001682
VPAY_001683,VINV_001683,VEND_000075,2026-01-03T01:17:00,BANK_003,78393.30,INR,BANK_TRANSFER,SUCCESS,VENDPAY_00001683
VPAY_001684,VINV_001684,VEND_000085,2025-12-18T02:39:00,BANK_003,196281.20,INR,BANK_TRANSFER,SUCCESS,VENDPAY_00001684
VPAY_001685,VINV_001685,VEND_000051,2025-12-19T21:56:00,BANK_003,67099.52,INR,BANK_TRANSFER,SUCCESS,VENDPAY_00001685
VPAY_001686,VINV_001686,VEND_000041,2025-12-26T02:54:00,BANK_003,234740.94,INR,BANK_TRANSFER,SUCCESS,VENDPAY_00001686
VPAY_001687,VINV_001687,VEND_000080,2025-12-27T23:33:00,BANK_003,135094.66,INR,BANK_TRANSFER,SUCCESS,VENDPAY_00001687
VPAY_001688,VINV_001688,VEND_000028,2025-12-04T23:02:00,BANK_003,110352.42,INR,BANK_TRANSFER,SUCCESS,VENDPAY_00001688
VPAY_001689,VINV_001689,VEND_000087,2025-12-12T01:17:00,BANK_003,85990.14,INR,BANK_TRANSFER,SUCCESS,VENDPAY_00001689
VPAY_001690,VINV_001690,VEND_000001,2025-12-06T20:42:00,BANK_003,175264.22,INR,BANK_TRANSFER,SUCCESS,VENDPAY_00001690
VPAY_001691,VINV_001691,VEND_000084,2026-01-01T01:06:00,BANK_003,200687.32,INR,BANK_TRANSFER,SUCCESS,VENDPAY_00001691
VPAY_001692,VINV_001692,VEND_000085,2026-01-06T20:20:00,BANK_003,239281.58,INR,BANK_TRANSFER,SUCCESS,VENDPAY_00001692
VPAY_001693,VINV_001693,VEND_000080,2025-12-29T01:23:00,BANK_003,243876.50,INR,BANK_TRANSFER,SUCCESS,VENDPAY_00001693
VPAY_001694,VINV_001694,VEND_000039,2025-12-22T02:47:00,BANK_003,80208.14,INR,BANK_TRANSFER,SUCCESS,VENDPAY_00001694
VPAY_001695,VINV_001695,VEND_000025,2025-12-01T22:56:00,BANK_003,87717.66,INR,BANK_TRANSFER,SUCCESS,VENDPAY_00001695
VPAY_001696,VINV_001696,VEND_000004,2025-12-17T22:29:00,BANK_003,117820.64,INR,BANK_TRANSFER,SUCCESS,VENDPAY_00001696
VPAY_001697,VINV_001697,VEND_000084,2025-12-30T21:00:00,BANK_003,127889.58,INR,BANK_TRANSFER,SUCCESS,VENDPAY_00001697
VPAY_001698,VINV_001698,VEND_000012,2025-12-16T22:48:00,BANK_003,146181.94,INR,BANK_TRANSFER,SUCCESS,VENDPAY_00001698
VPAY_001699,VINV_001699,VEND_000055,2025-12-07T19:31:00,BANK_003,59848.42,INR,BANK_TRANSFER,SUCCESS,VENDPAY_00001699
VPAY_001700,VINV_001700,VEND_000090,2025-12-17T20:49:00,BANK_003,190833.14,INR,BANK_TRANSFER,SUCCESS,VENDPAY_00001700
VPAY_001701,VINV_001701,VEND_000058,2025-12-09T19:33:00,BANK_003,234127.34,INR,BANK_TRANSFER,SUCCESS,VENDPAY_00001701
VPAY_001702,VINV_001702,VEND_000073,2025-12-18T22:34:00,BANK_003,174274.20,INR,BANK_TRANSFER,SUCCESS,VENDPAY_00001702
VPAY_001703,VINV_001703,VEND_000014,2026-01-09T00:02:00,BANK_003,248104.44,INR,BANK_TRANSFER,SUCCESS,VENDPAY_00001703
VPAY_001704,VINV_001704,VEND_000064,2025-12-21T22:30:00,BANK_003,232096.56,INR,BANK_TRANSFER,SUCCESS,VENDPAY_00001704
VPAY_001705,VINV_001705,VEND_000005,2025-12-14T19:55:00,BANK_003,203896.92,INR,BANK_TRANSFER,SUCCESS,VENDPAY_00001705
VPAY_001706,VINV_001706,VEND_000030,2025-12-18T19:17:00,BANK_003,71877.34,INR,BANK_TRANSFER,SUCCESS,VENDPAY_00001706
VPAY_001707,VINV_001707,VEND_000074,2025-12-16T22:54:00,BANK_003,150801.64,INR,BANK_TRANSFER,SUCCESS,VENDPAY_00001707
VPAY_001708,VINV_001708,VEND_000083,2025-12-17T23:10:00,BANK_003,182133.00,INR,BANK_TRANSFER,SUCCESS,VENDPAY_00001708
VPAY_001709,VINV_001709,VEND_000080,2025-12-28T19:32:00,BANK_003,252982.56,INR,BANK_TRANSFER,SUCCESS,VENDPAY_00001709
VPAY_001710,VINV_001710,VEND_000003,2025-12-12T00:28:00,BANK_003,103004.56,INR,BANK_TRANSFER,SUCCESS,VENDPAY_00001710
VPAY_001711,VINV_001711,VEND_000061,2025-12-17T01:09:00,BANK_003,159461.66,INR,BANK_TRANSFER,SUCCESS,VENDPAY_00001711
VPAY_001712,VINV_001712,VEND_000076,2025-12-19T02:08:00,BANK_003,158009.08,INR,BANK_TRANSFER,SUCCESS,VENDPAY_00001712
VPAY_001713,VINV_001713,VEND_000017,2026-01-12T21:42:00,BANK_003,121911.00,INR,BANK_TRANSFER,SUCCESS,VENDPAY_00001713
VPAY_001714,VINV_001714,VEND_000054,2026-01-09T20:34:00,BANK_003,254937.82,INR,BANK_TRANSFER,SUCCESS,VENDPAY_00001714
VPAY_001715,VINV_001715,VEND_000021,2025-12-19T19:20:00,BANK_003,245454.16,INR,BANK_TRANSFER,SUCCESS,VENDPAY_00001715
VPAY_001716,VINV_001716,VEND_000086,2025-12-06T23:32:00,BANK_003,171586.00,INR,BANK_TRANSFER,SUCCESS,VENDPAY_00001716
VPAY_001717,VINV_001717,VEND_000021,2026-01-01T21:07:00,BANK_003,240475.74,INR,BANK_TRANSFER,SUCCESS,VENDPAY_00001717
VPAY_001718,VINV_001718,VEND_000064,2025-12-10T00:35:00,BANK_003,147028.00,INR,BANK_TRANSFER,SUCCESS,VENDPAY_00001718
VPAY_001719,VINV_001719,VEND_000003,2025-12-10T22:54:00,BANK_003,164082.54,INR,BANK_TRANSFER,SUCCESS,VENDPAY_00001719
VPAY_001720,VINV_001720,VEND_000023,2025-12-18T20:31:00,BANK_003,208839.94,INR,BANK_TRANSFER,SUCCESS,VENDPAY_00001720
VPAY_001721,VINV_001721,VEND_000044,2025-12-06T02:35:00,BANK_003,186303.12,INR,BANK_TRANSFER,SUCCESS,VENDPAY_00001721
VPAY_001722,VINV_001722,VEND_000016,2025-12-25T23:45:00,BANK_003,226937.60,INR,BANK_TRANSFER,SUCCESS,VENDPAY_00001722
VPAY_001723,VINV_001723,VEND_000044,2025-11-29T21:54:00,BANK_003,162986.32,INR,BANK_TRANSFER,SUCCESS,VENDPAY_00001723
VPAY_001724,VINV_001724,VEND_000020,2026-01-05T23:08:00,BANK_003,212523.90,INR,BANK_TRANSFER,SUCCESS,VENDPAY_00001724
VPAY_001725,VINV_001725,VEND_000007,2025-12-31T22:20:00,BANK_003,159773.00,INR,BANK_TRANSFER,SUCCESS,VENDPAY_00001725
VPAY_001726,VINV_001726,VEND_000014,2026-01-09T01:18:00,BANK_003,241967.26,INR,BANK_TRANSFER,SUCCESS,VENDPAY_00001726
VPAY_001727,VINV_001727,VEND_000072,2025-12-18T22:47:00,BANK_003,66082.36,INR,BANK_TRANSFER,SUCCESS,VENDPAY_00001727
VPAY_001728,VINV_001728,VEND_000081,2025-12-18T23:53:00,BANK_003,89618.64,INR,BANK_TRANSFER,SUCCESS,VENDPAY_00001728
VPAY_001729,VINV_001729,VEND_000021,2026-01-03T21:55:00,BANK_003,143462.04,INR,BANK_TRANSFER,SUCCESS,VENDPAY_00001729
VPAY_001730,VINV_001730,VEND_000013,2026-01-07T21:43:00,BANK_003,100827.46,INR,BANK_TRANSFER,SUCCESS,VENDPAY_00001730
VPAY_001731,VINV_001731,VEND_000018,2025-12-18T20:39:00,BANK_003,91142.02,INR,BANK_TRANSFER,SUCCESS,VENDPAY_00001731
VPAY_001732,VINV_001732,VEND_000001,2025-12-17T22:07:00,BANK_003,128983.44,INR,BANK_TRANSFER,SUCCESS,VENDPAY_00001732
VPAY_001733,VINV_001733,VEND_000065,2025-12-02T01:43:00,BANK_003,106076.10,INR,BANK_TRANSFER,SUCCESS,VENDPAY_00001733
VPAY_001734,VINV_001734,VEND_000054,2026-01-06T23:51:00,BANK_003,164657.20,INR,BANK_TRANSFER,SUCCESS,VENDPAY_00001734
VPAY_001735,VINV_001735,VEND_000020,2025-12-30T20:58:00,BANK_003,216935.92,INR,BANK_TRANSFER,SUCCESS,VENDPAY_00001735
VPAY_001736,VINV_001736,VEND_000018,2025-12-26T00:36:00,BANK_003,185747.34,INR,BANK_TRANSFER,SUCCESS,VENDPAY_00001736
VPAY_001737,VINV_001737,VEND_000059,2025-12-23T23:01:00,BANK_003,212762.26,INR,BANK_TRANSFER,SUCCESS,VENDPAY_00001737
VPAY_001738,VINV_001738,VEND_000057,2025-12-02T20:07:00,BANK_003,98133.52,INR,BANK_TRANSFER,SUCCESS,VENDPAY_00001738
VPAY_001739,VINV_001739,VEND_000011,2025-12-23T21:57:00,BANK_003,157747.12,INR,BANK_TRANSFER,SUCCESS,VENDPAY_00001739
VPAY_001740,VINV_001740,VEND_000056,2025-12-30T03:33:00,BANK_003,72113.34,INR,BANK_TRANSFER,SUCCESS,VENDPAY_00001740
VPAY_001741,VINV_001741,VEND_000085,2025-12-21T22:51:00,BANK_003,251524.08,INR,BANK_TRANSFER,SUCCESS,VENDPAY_00001741
VPAY_001742,VINV_001742,VEND_000081,2026-01-03T02:26:00,BANK_003,257368.62,INR,BANK_TRANSFER,SUCCESS,VENDPAY_00001742
VPAY_001743,VINV_001743,VEND_000052,2025-12-09T20:12:00,BANK_003,224347.50,INR,BANK_TRANSFER,SUCCESS,VENDPAY_00001743
VPAY_001744,VINV_001744,VEND_000045,2025-12-10T20:56:00,BANK_003,55543.78,INR,BANK_TRANSFER,SUCCESS,VENDPAY_00001744
VPAY_001745,VINV_001745,VEND_000090,2025-12-17T01:55:00,BANK_003,178049.02,INR,BANK_TRANSFER,SUCCESS,VENDPAY_00001745
VPAY_001746,VINV_001746,VEND_000070,2026-01-05T23:29:00,BANK_003,246232.96,INR,BANK_TRANSFER,SUCCESS,VENDPAY_00001746
VPAY_001747,VINV_001747,VEND_000090,2025-12-22T22:24:00,BANK_003,159895.90,INR,BANK_TRANSFER,SUCCESS,VENDPAY_00001747
VPAY_001748,VINV_001748,VEND_000039,2025-12-21T03:18:00,BANK_003,79169.74,INR,BANK_TRANSFER,SUCCESS,VENDPAY_00001748
VPAY_001749,VINV_001749,VEND_000050,2025-12-19T03:30:00,BANK_003,92076.58,INR,BANK_TRANSFER,SUCCESS,VENDPAY_00001749
VPAY_001750,VINV_001750,VEND_000028,2025-12-19T02:24:00,BANK_003,81811.76,INR,BANK_TRANSFER,SUCCESS,VENDPAY_00001750
VPAY_001751,VINV_001751,VEND_000067,2025-12-19T00:35:00,BANK_003,158490.52,INR,BANK_TRANSFER,SUCCESS,VENDPAY_00001751
VPAY_001752,VINV_001752,VEND_000004,2025-12-20T19:49:00,BANK_003,220117.20,INR,BANK_TRANSFER,SUCCESS,VENDPAY_00001752
VPAY_001753,VINV_001753,VEND_000039,2025-12-29T20:03:00,BANK_003,183867.60,INR,BANK_TRANSFER,SUCCESS,VENDPAY_00001753
VPAY_001754,VINV_001754,VEND_000048,2025-12-26T02:19:00,BANK_003,133449.74,INR,BANK_TRANSFER,SUCCESS,VENDPAY_00001754
VPAY_001755,VINV_001755,VEND_000016,2026-01-02T19:19:00,BANK_003,67864.16,INR,BANK_TRANSFER,SUCCESS,VENDPAY_00001755
VPAY_001756,VINV_001756,VEND_000039,2026-01-10T01:56:00,BANK_003,230170.80,INR,BANK_TRANSFER,SUCCESS,VENDPAY_00001756
VPAY_001757,VINV_001757,VEND_000044,2025-12-26T00:06:00,BANK_003,126131.38,INR,BANK_TRANSFER,SUCCESS,VENDPAY_00001757
VPAY_001758,VINV_001758,VEND_000045,2025-12-08T20:26:00,BANK_003,145650.94,INR,BANK_TRANSFER,SUCCESS,VENDPAY_00001758
VPAY_001759,VINV_001759,VEND_000049,2025-12-25T21:44:00,BANK_003,213847.86,INR,BANK_TRANSFER,SUCCESS,VENDPAY_00001759
VPAY_001760,VINV_001760,VEND_000042,2025-12-21T02:17:00,BANK_003,212853.12,INR,BANK_TRANSFER,SUCCESS,VENDPAY_00001760
VPAY_001761,VINV_001761,VEND_000059,2025-12-06T20:56:00,BANK_003,83409.48,INR,BANK_TRANSFER,SUCCESS,VENDPAY_00001761
VPAY_001762,VINV_001762,VEND_000053,2025-12-04T21:28:00,BANK_003,66481.00,INR,BANK_TRANSFER,SUCCESS,VENDPAY_00001762
VPAY_001763,VINV_001763,VEND_000017,2025-12-24T02:29:00,BANK_003,169846.00,INR,BANK_TRANSFER,SUCCESS,VENDPAY_00001763
VPAY_001764,VINV_001764,VEND_000048,2025-12-09T23:33:00,BANK_003,215885.72,INR,BANK_TRANSFER,SUCCESS,VENDPAY_00001764
VPAY_001765,VINV_001765,VEND_000034,2025-12-18T00:00:00,BANK_003,233841.78,INR,BANK_TRANSFER,SUCCESS,VENDPAY_00001765
VPAY_001766,VINV_001766,VEND_000057,2025-12-25T22:11:00,BANK_003,204529.40,INR,BANK_TRANSFER,SUCCESS,VENDPAY_00001766
VPAY_001767,VINV_001767,VEND_000019,2025-12-21T20:38:00,BANK_003,209553.84,INR,BANK_TRANSFER,SUCCESS,VENDPAY_00001767
VPAY_001768,VINV_001768,VEND_000017,2026-01-03T00:12:00,BANK_003,179528.00,INR,BANK_TRANSFER,SUCCESS,VENDPAY_00001768
VPAY_001769,VINV_001769,VEND_000059,2025-12-04T02:33:00,BANK_003,199522.66,INR,BANK_TRANSFER,SUCCESS,VENDPAY_00001769
VPAY_001770,VINV_001770,VEND_000072,2025-12-05T22:02:00,BANK_003,167345.24,INR,BANK_TRANSFER,SUCCESS,VENDPAY_00001770
VPAY_001771,VINV_001771,VEND_000015,2025-12-28T20:25:00,BANK_003,90487.12,INR,BANK_TRANSFER,SUCCESS,VENDPAY_00001771
VPAY_001772,VINV_001772,VEND_000006,2025-12-03T21:17:00,BANK_003,214809.56,INR,BANK_TRANSFER,SUCCESS,VENDPAY_00001772
VPAY_001773,VINV_001773,VEND_000040,2025-12-26T22:07:00,BANK_003,168931.16,INR,BANK_TRANSFER,SUCCESS,VENDPAY_00001773
VPAY_001774,VINV_001774,VEND_000004,2025-12-07T02:09:00,BANK_003,97293.36,INR,BANK_TRANSFER,SUCCESS,VENDPAY_00001774
VPAY_001775,VINV_001775,VEND_000007,2025-12-27T02:31:00,BANK_003,124996.00,INR,BANK_TRANSFER,SUCCESS,VENDPAY_00001775
VPAY_001776,VINV_001776,VEND_000063,2025-12-05T21:32:00,BANK_003,53744.28,INR,BANK_TRANSFER,SUCCESS,VENDPAY_00001776
VPAY_001777,VINV_001777,VEND_000009,2025-12-28T20:09:00,BANK_003,66921.34,INR,BANK_TRANSFER,SUCCESS,VENDPAY_00001777
VPAY_001778,VINV_001778,VEND_000073,2025-12-27T20:19:00,BANK_003,193032.66,INR,BANK_TRANSFER,SUCCESS,VENDPAY_00001778
VPAY_001779,VINV_001779,VEND_000061,2025-12-07T03:22:00,BANK_003,240463.94,INR,BANK_TRANSFER,SUCCESS,VENDPAY_00001779
VPAY_001780,VINV_001780,VEND_000065,2025-12-17T03:03:00,BANK_003,249975.92,INR,BANK_TRANSFER,SUCCESS,VENDPAY_00001780
VPAY_001781,VINV_001781,VEND_000086,2025-12-07T03:24:00,BANK_003,162722.00,INR,BANK_TRANSFER,SUCCESS,VENDPAY_00001781
VPAY_001782,VINV_001782,VEND_000012,2025-12-23T21:17:00,BANK_003,246359.22,INR,BANK_TRANSFER,SUCCESS,VENDPAY_00001782
VPAY_001783,VINV_001783,VEND_000050,2025-12-14T23:17:00,BANK_003,125117.76,INR,BANK_TRANSFER,SUCCESS,VENDPAY_00001783
VPAY_001784,VINV_001784,VEND_000086,2025-12-25T22:20:00,BANK_003,161155.00,INR,BANK_TRANSFER,SUCCESS,VENDPAY_00001784
VPAY_001785,VINV_001785,VEND_000022,2026-01-04T00:42:00,BANK_003,60772.36,INR,BANK_TRANSFER,SUCCESS,VENDPAY_00001785
VPAY_001786,VINV_001786,VEND_000072,2025-12-05T00:02:00,BANK_003,252666.32,INR,BANK_TRANSFER,SUCCESS,VENDPAY_00001786
VPAY_001787,VINV_001787,VEND_000025,2025-12-20T21:02:00,BANK_003,244483.02,INR,BANK_TRANSFER,SUCCESS,VENDPAY_00001787
VPAY_001788,VINV_001788,VEND_000073,2025-12-25T00:27:00,BANK_003,214493.32,INR,BANK_TRANSFER,SUCCESS,VENDPAY_00001788
VPAY_001789,VINV_001789,VEND_000065,2025-12-05T22:11:00,BANK_003,58872.56,INR,BANK_TRANSFER,SUCCESS,VENDPAY_00001789
VPAY_001790,VINV_001790,VEND_000003,2025-12-09T01:14:00,BANK_003,138153.22,INR,BANK_TRANSFER,SUCCESS,VENDPAY_00001790
VPAY_001791,VINV_001791,VEND_000011,2026-01-03T00:43:00,BANK_003,218140.70,INR,BANK_TRANSFER,SUCCESS,VENDPAY_00001791
VPAY_001792,VINV_001792,VEND_000076,2025-12-17T21:43:00,BANK_003,67014.56,INR,BANK_TRANSFER,SUCCESS,VENDPAY_00001792
VPAY_001793,VINV_001793,VEND_000044,2025-12-07T20:44:00,BANK_003,188281.98,INR,BANK_TRANSFER,SUCCESS,VENDPAY_00001793
VPAY_001794,VINV_001794,VEND_000068,2025-12-14T21:00:00,BANK_003,151274.82,INR,BANK_TRANSFER,SUCCESS,VENDPAY_00001794
VPAY_001795,VINV_001795,VEND_000015,2026-01-04T00:43:00,BANK_003,83826.02,INR,BANK_TRANSFER,SUCCESS,VENDPAY_00001795
VPAY_001796,VINV_001796,VEND_000019,2025-12-25T23:33:00,BANK_003,109604.30,INR,BANK_TRANSFER,SUCCESS,VENDPAY_00001796
VPAY_001797,VINV_001797,VEND_000020,2025-12-30T19:49:00,BANK_003,148000.32,INR,BANK_TRANSFER,SUCCESS,VENDPAY_00001797
VPAY_001798,VINV_001798,VEND_000008,2025-12-12T20:41:00,BANK_003,206081.00,INR,BANK_TRANSFER,SUCCESS,VENDPAY_00001798
VPAY_001799,VINV_001799,VEND_000008,2025-12-14T23:33:00,BANK_003,123125.00,INR,BANK_TRANSFER,SUCCESS,VENDPAY_00001799
VPAY_001800,VINV_001800,VEND_000019,2025-12-28T00:32:00,BANK_003,180798.42,INR,BANK_TRANSFER,SUCCESS,VENDPAY_00001800
VPAY_001801,VINV_001801,VEND_000016,2025-12-24T01:14:00,BANK_003,69146.82,INR,BANK_TRANSFER,SUCCESS,VENDPAY_00001801
VPAY_001802,VINV_001802,VEND_000064,2025-12-14T02:57:00,BANK_003,210431.76,INR,BANK_TRANSFER,SUCCESS,VENDPAY_00001802
VPAY_001803,VINV_001803,VEND_000035,2025-12-13T03:00:00,BANK_003,71854.92,INR,BANK_TRANSFER,SUCCESS,VENDPAY_00001803
VPAY_001804,VINV_001804,VEND_000009,2025-12-17T23:11:00,BANK_003,202867.96,INR,BANK_TRANSFER,SUCCESS,VENDPAY_00001804
VPAY_001805,VINV_001805,VEND_000003,2025-12-19T22:37:00,BANK_003,136358.44,INR,BANK_TRANSFER,SUCCESS,VENDPAY_00001805
VPAY_001806,VINV_001806,VEND_000032,2025-12-18T21:37:00,BANK_003,190413.00,INR,BANK_TRANSFER,SUCCESS,VENDPAY_00001806
VPAY_001807,VINV_001807,VEND_000039,2025-12-31T01:54:00,BANK_003,228875.16,INR,BANK_TRANSFER,SUCCESS,VENDPAY_00001807
VPAY_001808,VINV_001808,VEND_000082,2025-12-20T22:50:00,BANK_003,207898.30,INR,BANK_TRANSFER,SUCCESS,VENDPAY_00001808
VPAY_001809,VINV_001809,VEND_000048,2025-12-08T00:06:00,BANK_003,220274.14,INR,BANK_TRANSFER,SUCCESS,VENDPAY_00001809
VPAY_001810,VINV_001810,VEND_000069,2026-01-03T23:47:00,BANK_003,184179.12,INR,BANK_TRANSFER,SUCCESS,VENDPAY_00001810
VPAY_001811,VINV_001811,VEND_000001,2025-12-22T01:07:00,BANK_003,196829.90,INR,BANK_TRANSFER,SUCCESS,VENDPAY_00001811
VPAY_001812,VINV_001812,VEND_000106,2025-12-20T01:41:00,BANK_003,63509.96,INR,BANK_TRANSFER,SUCCESS,VENDPAY_00001812
VPAY_001813,VINV_001813,VEND_000097,2025-12-19T21:11:00,BANK_003,111742.46,INR,BANK_TRANSFER,SUCCESS,VENDPAY_00001813
VPAY_001814,VINV_001814,VEND_000108,2025-11-18T02:18:00,BANK_003,108328.72,INR,BANK_TRANSFER,SUCCESS,VENDPAY_00001814
VPAY_001815,VINV_001815,VEND_000094,2025-12-17T04:26:00,BANK_003,42838.72,INR,BANK_TRANSFER,SUCCESS,VENDPAY_00001815
VPAY_001816,VINV_001816,VEND_000097,2025-12-12T04:05:00,BANK_003,99317.06,INR,BANK_TRANSFER,SUCCESS,VENDPAY_00001816
VPAY_001817,VINV_001817,VEND_000105,2025-11-26T02:11:00,BANK_003,63465.12,INR,BANK_TRANSFER,SUCCESS,VENDPAY_00001817
VPAY_001818,VINV_001818,VEND_000105,2025-11-19T03:57:00,BANK_003,72040.18,INR,BANK_TRANSFER,SUCCESS,VENDPAY_00001818
VPAY_001819,VINV_001819,VEND_000091,2025-11-24T01:33:00,BANK_003,94941.62,INR,BANK_TRANSFER,SUCCESS,VENDPAY_00001819
VPAY_001820,VINV_001820,VEND_000104,2025-12-26T02:20:00,BANK_003,90848.00,INR,BANK_TRANSFER,SUCCESS,VENDPAY_00001820
VPAY_001821,VINV_001821,VEND_000108,2025-12-09T00:17:00,BANK_003,33790.48,INR,BANK_TRANSFER,SUCCESS,VENDPAY_00001821
VPAY_001822,VINV_001822,VEND_000105,2025-11-30T01:56:00,BANK_003,40327.68,INR,BANK_TRANSFER,SUCCESS,VENDPAY_00001822
VPAY_001823,VINV_001823,VEND_000102,2025-11-30T21:14:00,BANK_003,81056.56,INR,BANK_TRANSFER,SUCCESS,VENDPAY_00001823
VPAY_001824,VINV_001824,VEND_000102,2025-12-10T22:36:00,BANK_003,51088.10,INR,BANK_TRANSFER,SUCCESS,VENDPAY_00001824
VPAY_001825,VINV_001825,VEND_000099,2025-12-09T22:43:00,BANK_003,76582.00,INR,BANK_TRANSFER,SUCCESS,VENDPAY_00001825
VPAY_001826,VINV_001826,VEND_000098,2025-12-16T02:08:00,BANK_003,48704.00,INR,BANK_TRANSFER,SUCCESS,VENDPAY_00001826
VPAY_001827,VINV_001827,VEND_000110,2025-11-14T21:43:00,BANK_003,53577.90,INR,BANK_TRANSFER,SUCCESS,VENDPAY_00001827
VPAY_001828,VINV_001828,VEND_000099,2025-12-20T01:59:00,BANK_003,109259.74,INR,BANK_TRANSFER,SUCCESS,VENDPAY_00001828
VPAY_001829,VINV_001829,VEND_000109,2025-11-24T00:17:00,BANK_003,108647.32,INR,BANK_TRANSFER,SUCCESS,VENDPAY_00001829
VPAY_001830,VINV_001830,VEND_000095,2025-12-11T23:01:00,BANK_003,61394.22,INR,BANK_TRANSFER,SUCCESS,VENDPAY_00001830
VPAY_001831,VINV_001831,VEND_000099,2025-12-24T20:50:00,BANK_003,50912.28,INR,BANK_TRANSFER,SUCCESS,VENDPAY_00001831
VPAY_001832,VINV_001832,VEND_000105,2025-12-01T22:09:00,BANK_003,21542.08,INR,BANK_TRANSFER,SUCCESS,VENDPAY_00001832
VPAY_001833,VINV_001833,VEND_000101,2025-12-07T04:14:00,BANK_003,88138.92,INR,BANK_TRANSFER,SUCCESS,VENDPAY_00001833
VPAY_001834,VINV_001834,VEND_000105,2025-11-29T23:54:00,BANK_003,97886.90,INR,BANK_TRANSFER,SUCCESS,VENDPAY_00001834
VPAY_001835,VINV_001835,VEND_000098,2025-12-15T01:47:00,BANK_003,24155.00,INR,BANK_TRANSFER,SUCCESS,VENDPAY_00001835
VPAY_001836,VINV_001836,VEND_000101,2025-12-05T22:04:00,BANK_003,22037.68,INR,BANK_TRANSFER,SUCCESS,VENDPAY_00001836
VPAY_001837,VINV_001837,VEND_000109,2025-12-14T22:27:00,BANK_003,25163.50,INR,BANK_TRANSFER,SUCCESS,VENDPAY_00001837
VPAY_001838,VINV_001838,VEND_000098,2025-12-09T03:45:00,BANK_003,43805.00,INR,BANK_TRANSFER,SUCCESS,VENDPAY_00001838
VPAY_001839,VINV_001839,VEND_000094,2025-12-08T21:27:00,BANK_003,25550.54,INR,BANK_TRANSFER,SUCCESS,VENDPAY_00001839
VPAY_001840,VINV_001840,VEND_000101,2025-11-30T20:49:00,BANK_003,59968.78,INR,BANK_TRANSFER,SUCCESS,VENDPAY_00001840
VPAY_001841,VINV_001841,VEND_000101,2025-12-03T21:54:00,BANK_003,29658.12,INR,BANK_TRANSFER,SUCCESS,VENDPAY_00001841
VPAY_001842,VINV_001842,VEND_000110,2025-11-21T20:46:00,BANK_003,89064.04,INR,BANK_TRANSFER,SUCCESS,VENDPAY_00001842
VPAY_001843,VINV_001843,VEND_000093,2025-11-25T00:25:00,BANK_003,25954.00,INR,BANK_TRANSFER,SUCCESS,VENDPAY_00001843
VPAY_001844,VINV_001844,VEND_000093,2025-11-25T01:38:00,BANK_003,34716.00,INR,BANK_TRANSFER,SUCCESS,VENDPAY_00001844
VPAY_001845,VINV_001845,VEND_000110,2025-11-21T01:18:00,BANK_003,88030.36,INR,BANK_TRANSFER,SUCCESS,VENDPAY_00001845
VPAY_001846,VINV_001846,VEND_000100,2025-12-13T01:55:00,BANK_003,80237.64,INR,BANK_TRANSFER,SUCCESS,VENDPAY_00001846
VPAY_001847,VINV_001847,VEND_000110,2025-12-02T21:41:00,BANK_003,22880.20,INR,BANK_TRANSFER,SUCCESS,VENDPAY_00001847
VPAY_001848,VINV_001848,VEND_000110,2025-11-25T21:41:00,BANK_003,36903.32,INR,BANK_TRANSFER,SUCCESS,VENDPAY_00001848
VPAY_001849,VINV_001849,VEND_000101,2025-11-29T21:19:00,BANK_003,51009.04,INR,BANK_TRANSFER,SUCCESS,VENDPAY_00001849
VPAY_001850,VINV_001850,VEND_000093,2025-12-12T01:25:00,BANK_003,43377.00,INR,BANK_TRANSFER,SUCCESS,VENDPAY_00001850
VPAY_001851,VINV_001851,VEND_000106,2025-12-05T23:25:00,BANK_003,90006.86,INR,BANK_TRANSFER,SUCCESS,VENDPAY_00001851
VPAY_001852,VINV_001852,VEND_000092,2025-12-08T02:11:00,BANK_003,40987.30,INR,BANK_TRANSFER,SUCCESS,VENDPAY_00001852
VPAY_001853,VINV_001853,VEND_000102,2025-12-11T22:57:00,BANK_003,69369.84,INR,BANK_TRANSFER,SUCCESS,VENDPAY_00001853
VPAY_001854,VINV_001854,VEND_000100,2025-12-12T20:29:00,BANK_003,74273.92,INR,BANK_TRANSFER,SUCCESS,VENDPAY_00001854
VPAY_001855,VINV_001855,VEND_000095,2025-11-30T21:59:00,BANK_003,30104.16,INR,BANK_TRANSFER,SUCCESS,VENDPAY_00001855
VPAY_001856,VINV_001856,VEND_000097,2025-12-24T04:37:00,BANK_003,52230.34,INR,BANK_TRANSFER,SUCCESS,VENDPAY_00001856
VPAY_001857,VINV_001857,VEND_000101,2025-12-15T02:22:00,BANK_003,50526.42,INR,BANK_TRANSFER,SUCCESS,VENDPAY_00001857
VPAY_001858,VINV_001858,VEND_000101,2025-12-06T22:20:00,BANK_003,110699.34,INR,BANK_TRANSFER,SUCCESS,VENDPAY_00001858
VPAY_001859,VINV_001859,VEND_000096,2025-12-08T04:32:00,BANK_003,37455.56,INR,BANK_TRANSFER,SUCCESS,VENDPAY_00001859
VPAY_001860,VINV_001860,VEND_000091,2025-12-11T21:43:00,BANK_003,55733.76,INR,BANK_TRANSFER,SUCCESS,VENDPAY_00001860
VPAY_001861,VINV_001861,VEND_000098,2025-12-27T04:19:00,BANK_003,81012.00,INR,BANK_TRANSFER,SUCCESS,VENDPAY_00001861
VPAY_001862,VINV_001862,VEND_000103,2025-11-30T23:20:00,BANK_003,52994.98,INR,BANK_TRANSFER,SUCCESS,VENDPAY_00001862
VPAY_001863,VINV_001863,VEND_000093,2025-11-24T01:33:00,BANK_003,64908.00,INR,BANK_TRANSFER,SUCCESS,VENDPAY_00001863
VPAY_001864,VINV_001864,VEND_000105,2025-12-08T23:21:00,BANK_003,51306.40,INR,BANK_TRANSFER,SUCCESS,VENDPAY_00001864
VPAY_001865,VINV_001865,VEND_000091,2025-12-02T01:47:00,BANK_003,52036.82,INR,BANK_TRANSFER,SUCCESS,VENDPAY_00001865
VPAY_001866,VINV_001866,VEND_000099,2025-12-13T22:24:00,BANK_003,48194.74,INR,BANK_TRANSFER,SUCCESS,VENDPAY_00001866
VPAY_001867,VINV_001867,VEND_000091,2025-11-28T04:52:00,BANK_003,48472.04,INR,BANK_TRANSFER,SUCCESS,VENDPAY_00001867
VPAY_001868,VINV_001868,VEND_000095,2025-12-10T23:22:00,BANK_003,79845.88,INR,BANK_TRANSFER,SUCCESS,VENDPAY_00001868
VPAY_001869,VINV_001869,VEND_000097,2025-12-17T01:50:00,BANK_003,68423.48,INR,BANK_TRANSFER,SUCCESS,VENDPAY_00001869
VPAY_001870,VINV_001870,VEND_000096,2025-12-13T01:30:00,BANK_003,102736.70,INR,BANK_TRANSFER,SUCCESS,VENDPAY_00001870
VPAY_001871,VINV_001871,VEND_000093,2025-11-28T03:11:00,BANK_003,33531.00,INR,BANK_TRANSFER,SUCCESS,VENDPAY_00001871
VPAY_001872,VINV_001872,VEND_000097,2025-12-15T23:14:00,BANK_003,103607.54,INR,BANK_TRANSFER,SUCCESS,VENDPAY_00001872
VPAY_001873,VINV_001873,VEND_000104,2025-12-05T02:01:00,BANK_003,50053.00,INR,BANK_TRANSFER,SUCCESS,VENDPAY_00001873
VPAY_001874,VINV_001874,VEND_000100,2025-12-14T03:05:00,BANK_003,44216.96,INR,BANK_TRANSFER,SUCCESS,VENDPAY_00001874
VPAY_001875,VINV_001875,VEND_000099,2025-12-23T02:11:00,BANK_003,40798.50,INR,BANK_TRANSFER,SUCCESS,VENDPAY_00001875
VPAY_001876,VINV_001876,VEND_000093,2025-12-14T23:21:00,BANK_003,79691.00,INR,BANK_TRANSFER,SUCCESS,VENDPAY_00001876
VPAY_001877,VINV_001877,VEND_000103,2025-11-30T03:38:00,BANK_003,99988.48,INR,BANK_TRANSFER,SUCCESS,VENDPAY_00001877
VPAY_001878,VINV_001878,VEND_000102,2025-12-16T03:50:00,BANK_003,102512.50,INR,BANK_TRANSFER,SUCCESS,VENDPAY_00001878
VPAY_001879,VINV_001879,VEND_000109,2025-12-09T04:09:00,BANK_003,83251.36,INR,BANK_TRANSFER,SUCCESS,VENDPAY_00001879
VPAY_001880,VINV_001880,VEND_000097,2025-12-11T02:29:00,BANK_003,91160.90,INR,BANK_TRANSFER,SUCCESS,VENDPAY_00001880
VPAY_001881,VINV_001881,VEND_000103,2025-11-24T03:19:00,BANK_003,109610.20,INR,BANK_TRANSFER,SUCCESS,VENDPAY_00001881
VPAY_001882,VINV_001882,VEND_000093,2025-11-25T20:23:00,BANK_003,35606.00,INR,BANK_TRANSFER,SUCCESS,VENDPAY_00001882
VPAY_001883,VINV_001883,VEND_000098,2025-12-04T23:25:00,BANK_003,94541.00,INR,BANK_TRANSFER,SUCCESS,VENDPAY_00001883
VPAY_001884,VINV_001884,VEND_000105,2025-12-01T21:11:00,BANK_003,88133.02,INR,BANK_TRANSFER,SUCCESS,VENDPAY_00001884
VPAY_001885,VINV_001885,VEND_000103,2025-11-22T04:02:00,BANK_003,25062.02,INR,BANK_TRANSFER,SUCCESS,VENDPAY_00001885
VPAY_001886,VINV_001886,VEND_000093,2025-11-26T03:30:00,BANK_003,65067.00,INR,BANK_TRANSFER,SUCCESS,VENDPAY_00001886
VPAY_001887,VINV_001887,VEND_000098,2025-12-07T01:23:00,BANK_003,30898.00,INR,BANK_TRANSFER,SUCCESS,VENDPAY_00001887
VPAY_001888,VINV_001888,VEND_000097,2025-12-10T01:41:00,BANK_003,72860.28,INR,BANK_TRANSFER,SUCCESS,VENDPAY_00001888
VPAY_001889,VINV_001889,VEND_000099,2025-12-28T01:43:00,BANK_003,50724.66,INR,BANK_TRANSFER,SUCCESS,VENDPAY_00001889
VPAY_001890,VINV_001890,VEND_000108,2025-11-19T03:43:00,BANK_003,61627.86,INR,BANK_TRANSFER,SUCCESS,VENDPAY_00001890
VPAY_001891,VINV_001891,VEND_000102,2025-12-02T21:15:00,BANK_003,83695.04,INR,BANK_TRANSFER,SUCCESS,VENDPAY_00001891
VPAY_001892,VINV_001892,VEND_000107,2025-12-16T20:59:00,BANK_003,44327.88,INR,BANK_TRANSFER,SUCCESS,VENDPAY_00001892
VPAY_001893,VINV_001893,VEND_000097,2025-12-11T01:40:00,BANK_003,94618.30,INR,BANK_TRANSFER,SUCCESS,VENDPAY_00001893
VPAY_001894,VINV_001894,VEND_000105,2025-11-20T20:35:00,BANK_003,73927.00,INR,BANK_TRANSFER,SUCCESS,VENDPAY_00001894
VPAY_001895,VINV_001895,VEND_000104,2025-12-18T03:08:00,BANK_003,45470.00,INR,BANK_TRANSFER,SUCCESS,VENDPAY_00001895
VPAY_001896,VINV_001896,VEND_000109,2025-11-28T03:12:00,BANK_003,41089.96,INR,BANK_TRANSFER,SUCCESS,VENDPAY_00001896
VPAY_001897,VINV_001897,VEND_000102,2025-12-01T00:08:00,BANK_003,73798.38,INR,BANK_TRANSFER,SUCCESS,VENDPAY_00001897
VPAY_001898,VINV_001898,VEND_000103,2025-11-25T23:55:00,BANK_003,104387.52,INR,BANK_TRANSFER,SUCCESS,VENDPAY_00001898
VPAY_001899,VINV_001899,VEND_000092,2025-12-08T02:14:00,BANK_003,42758.48,INR,BANK_TRANSFER,SUCCESS,VENDPAY_00001899
VPAY_001900,VINV_001900,VEND_000097,2025-12-06T01:29:00,BANK_003,81657.18,INR,BANK_TRANSFER,SUCCESS,VENDPAY_00001900
VPAY_001901,VINV_001901,VEND_000094,2025-12-11T22:28:00,BANK_003,72099.18,INR,BANK_TRANSFER,SUCCESS,VENDPAY_00001901
VPAY_001902,VINV_001902,VEND_000094,2025-11-27T22:48:00,BANK_003,106754.60,INR,BANK_TRANSFER,SUCCESS,VENDPAY_00001902
VPAY_001903,VINV_001903,VEND_000097,2025-12-16T02:26:00,BANK_003,31987.44,INR,BANK_TRANSFER,SUCCESS,VENDPAY_00001903
VPAY_001904,VINV_001904,VEND_000107,2025-12-14T04:00:00,BANK_003,32062.96,INR,BANK_TRANSFER,SUCCESS,VENDPAY_00001904
VPAY_001905,VINV_001905,VEND_000096,2025-12-07T03:04:00,BANK_003,71779.40,INR,BANK_TRANSFER,SUCCESS,VENDPAY_00001905
VPAY_001906,VINV_001906,VEND_000095,2025-12-02T03:05:00,BANK_003,104209.34,INR,BANK_TRANSFER,SUCCESS,VENDPAY_00001906
VPAY_001907,VINV_001907,VEND_000097,2025-12-10T02:41:00,BANK_003,41335.40,INR,BANK_TRANSFER,SUCCESS,VENDPAY_00001907
VPAY_001908,VINV_001908,VEND_000106,2025-12-23T03:14:00,BANK_003,45796.98,INR,BANK_TRANSFER,SUCCESS,VENDPAY_00001908
VPAY_001909,VINV_001909,VEND_000107,2025-12-07T23:57:00,BANK_003,92224.08,INR,BANK_TRANSFER,SUCCESS,VENDPAY_00001909
VPAY_001910,VINV_001910,VEND_000105,2025-12-01T03:37:00,BANK_003,31133.12,INR,BANK_TRANSFER,SUCCESS,VENDPAY_00001910
VPAY_001911,VINV_001911,VEND_000109,2025-12-03T01:31:00,BANK_003,97173.00,INR,BANK_TRANSFER,SUCCESS,VENDPAY_00001911
VPAY_001912,VINV_001912,VEND_000100,2025-12-18T04:29:00,BANK_003,91814.62,INR,BANK_TRANSFER,SUCCESS,VENDPAY_00001912
VPAY_001913,VINV_001913,VEND_000096,2025-12-01T03:55:00,BANK_003,85433.18,INR,BANK_TRANSFER,SUCCESS,VENDPAY_00001913
VPAY_001914,VINV_001914,VEND_000096,2025-11-22T00:54:00,BANK_003,109184.22,INR,BANK_TRANSFER,SUCCESS,VENDPAY_00001914
VPAY_001915,VINV_001915,VEND_000096,2025-12-13T21:49:00,BANK_003,63583.12,INR,BANK_TRANSFER,SUCCESS,VENDPAY_00001915
VPAY_001916,VINV_001916,VEND_000093,2025-12-08T22:09:00,BANK_003,46476.00,INR,BANK_TRANSFER,SUCCESS,VENDPAY_00001916
VPAY_001917,VINV_001917,VEND_000093,2025-12-10T01:28:00,BANK_003,31791.00,INR,BANK_TRANSFER,SUCCESS,VENDPAY_00001917
VPAY_001918,VINV_001918,VEND_000096,2025-11-26T21:02:00,BANK_003,60333.40,INR,BANK_TRANSFER,SUCCESS,VENDPAY_00001918
VPAY_001919,VINV_001919,VEND_000093,2025-12-06T03:57:00,BANK_003,78542.00,INR,BANK_TRANSFER,SUCCESS,VENDPAY_00001919
VPAY_001920,VINV_001920,VEND_000103,2025-11-19T02:38:00,BANK_003,27082.18,INR,BANK_TRANSFER,SUCCESS,VENDPAY_00001920
VPAY_001921,VINV_001921,VEND_000095,2025-12-17T00:57:00,BANK_003,71832.50,INR,BANK_TRANSFER,SUCCESS,VENDPAY_00001921
VPAY_001922,VINV_001922,VEND_000093,2025-12-06T01:28:00,BANK_003,28819.00,INR,BANK_TRANSFER,SUCCESS,VENDPAY_00001922
VPAY_001923,VINV_001923,VEND_000105,2025-12-04T00:55:00,BANK_003,42931.94,INR,BANK_TRANSFER,SUCCESS,VENDPAY_00001923
VPAY_001924,VINV_001924,VEND_000096,2025-12-12T22:42:00,BANK_003,24033.06,INR,BANK_TRANSFER,SUCCESS,VENDPAY_00001924
VPAY_001925,VINV_001925,VEND_000108,2025-11-20T20:22:00,BANK_003,81690.22,INR,BANK_TRANSFER,SUCCESS,VENDPAY_00001925
VPAY_001926,VINV_001926,VEND_000095,2025-12-04T22:43:00,BANK_003,89393.26,INR,BANK_TRANSFER,SUCCESS,VENDPAY_00001926
VPAY_001927,VINV_001927,VEND_000108,2025-11-30T00:52:00,BANK_003,54672.94,INR,BANK_TRANSFER,SUCCESS,VENDPAY_00001927
VPAY_001928,VINV_001928,VEND_000107,2025-12-16T01:38:00,BANK_003,37138.14,INR,BANK_TRANSFER,SUCCESS,VENDPAY_00001928
VPAY_001929,VINV_001929,VEND_000110,2025-11-19T22:27:00,BANK_003,21960.98,INR,BANK_TRANSFER,SUCCESS,VENDPAY_00001929
VPAY_001930,VINV_001930,VEND_000098,2025-12-05T22:54:00,BANK_003,67105.00,INR,BANK_TRANSFER,SUCCESS,VENDPAY_00001930
VPAY_001931,VINV_001931,VEND_000091,2025-12-03T23:08:00,BANK_003,23491.44,INR,BANK_TRANSFER,SUCCESS,VENDPAY_00001931
VPAY_001932,VINV_001932,VEND_000093,2025-11-27T00:22:00,BANK_003,46910.00,INR,BANK_TRANSFER,SUCCESS,VENDPAY_00001932
VPAY_001933,VINV_001933,VEND_000092,2025-12-14T20:27:00,BANK_003,85531.12,INR,BANK_TRANSFER,SUCCESS,VENDPAY_00001933
VPAY_001934,VINV_001934,VEND_000097,2025-12-21T23:18:00,BANK_003,53273.46,INR,BANK_TRANSFER,SUCCESS,VENDPAY_00001934
VPAY_001935,VINV_001935,VEND_000097,2025-12-15T03:09:00,BANK_003,37616.04,INR,BANK_TRANSFER,SUCCESS,VENDPAY_00001935
VPAY_001936,VINV_001936,VEND_000101,2025-12-06T03:59:00,BANK_003,23092.60,INR,BANK_TRANSFER,SUCCESS,VENDPAY_00001936
VPAY_001937,VINV_001937,VEND_000099,2025-12-04T23:40:00,BANK_003,78307.16,INR,BANK_TRANSFER,SUCCESS,VENDPAY_00001937
VPAY_001938,VINV_001938,VEND_000110,2025-11-22T01:48:00,BANK_003,98506.40,INR,BANK_TRANSFER,SUCCESS,VENDPAY_00001938
VPAY_001939,VINV_001939,VEND_000094,2025-12-13T21:47:00,BANK_003,71405.34,INR,BANK_TRANSFER,SUCCESS,VENDPAY_00001939
VPAY_001940,VINV_001940,VEND_000095,2025-11-25T03:59:00,BANK_003,72595.96,INR,BANK_TRANSFER,SUCCESS,VENDPAY_00001940
VPAY_001941,VINV_001941,VEND_000106,2025-12-13T23:25:00,BANK_003,31681.82,INR,BANK_TRANSFER,SUCCESS,VENDPAY_00001941
VPAY_001942,VINV_001942,VEND_000098,2025-12-22T03:15:00,BANK_003,83984.00,INR,BANK_TRANSFER,SUCCESS,VENDPAY_00001942
VPAY_001943,VINV_001943,VEND_000110,2025-11-28T02:15:00,BANK_003,40426.80,INR,BANK_TRANSFER,SUCCESS,VENDPAY_00001943
VPAY_001944,VINV_001944,VEND_000110,2025-11-20T03:32:00,BANK_003,33517.90,INR,BANK_TRANSFER,SUCCESS,VENDPAY_00001944
VPAY_001945,VINV_001945,VEND_000097,2025-12-15T20:19:00,BANK_003,44697.22,INR,BANK_TRANSFER,SUCCESS,VENDPAY_00001945
VPAY_001946,VINV_001946,VEND_000110,2025-12-15T02:50:00,BANK_003,89868.80,INR,BANK_TRANSFER,SUCCESS,VENDPAY_00001946
VPAY_001947,VINV_001947,VEND_000101,2025-12-10T01:11:00,BANK_003,27365.38,INR,BANK_TRANSFER,SUCCESS,VENDPAY_00001947
VPAY_001948,VINV_001948,VEND_000100,2025-12-10T22:10:00,BANK_003,24903.90,INR,BANK_TRANSFER,SUCCESS,VENDPAY_00001948
VPAY_001949,VINV_001949,VEND_000097,2025-12-05T03:27:00,BANK_003,104651.84,INR,BANK_TRANSFER,SUCCESS,VENDPAY_00001949
VPAY_001950,VINV_001950,VEND_000098,2025-12-20T00:06:00,BANK_003,68002.00,INR,BANK_TRANSFER,SUCCESS,VENDPAY_00001950
VPAY_001951,VINV_001951,VEND_000091,2025-12-08T23:37:00,BANK_003,31233.42,INR,BANK_TRANSFER,SUCCESS,VENDPAY_00001951
VPAY_001952,VINV_001952,VEND_000095,2025-11-27T22:25:00,BANK_003,52825.06,INR,BANK_TRANSFER,SUCCESS,VENDPAY_00001952
VPAY_001953,VINV_001953,VEND_000097,2025-12-19T20:58:00,BANK_003,57788.14,INR,BANK_TRANSFER,SUCCESS,VENDPAY_00001953
VPAY_001954,VINV_001954,VEND_000100,2025-12-22T21:45:00,BANK_003,46628.88,INR,BANK_TRANSFER,SUCCESS,VENDPAY_00001954
VPAY_001955,VINV_001955,VEND_000110,2025-11-24T01:32:00,BANK_003,59745.76,INR,BANK_TRANSFER,SUCCESS,VENDPAY_00001955
VPAY_001956,VINV_001956,VEND_000097,2025-12-19T00:17:00,BANK_003,63286.94,INR,BANK_TRANSFER,SUCCESS,VENDPAY_00001956
VPAY_001957,VINV_001957,VEND_000096,2025-12-02T21:30:00,BANK_003,94042.46,INR,BANK_TRANSFER,SUCCESS,VENDPAY_00001957
VPAY_001958,VINV_001958,VEND_000106,2025-12-19T00:05:00,BANK_003,24303.28,INR,BANK_TRANSFER,SUCCESS,VENDPAY_00001958
VPAY_001959,VINV_001959,VEND_000100,2025-12-07T21:40:00,BANK_003,104324.98,INR,BANK_TRANSFER,SUCCESS,VENDPAY_00001959
VPAY_001960,VINV_001960,VEND_000105,2025-12-02T22:42:00,BANK_003,68543.84,INR,BANK_TRANSFER,SUCCESS,VENDPAY_00001960
VPAY_001961,VINV_001961,VEND_000106,2025-12-13T23:05:00,BANK_003,32366.22,INR,BANK_TRANSFER,SUCCESS,VENDPAY_00001961
VPAY_001962,VINV_001962,VEND_000097,2025-12-02T01:13:00,BANK_003,21885.46,INR,BANK_TRANSFER,SUCCESS,VENDPAY_00001962
VPAY_001963,VINV_001963,VEND_000104,2025-12-26T22:03:00,BANK_003,69727.00,INR,BANK_TRANSFER,SUCCESS,VENDPAY_00001963
VPAY_001964,VINV_001964,VEND_000109,2025-12-02T01:45:00,BANK_003,32256.48,INR,BANK_TRANSFER,SUCCESS,VENDPAY_00001964
VPAY_001965,VINV_001965,VEND_000094,2025-12-12T01:26:00,BANK_003,80758.02,INR,BANK_TRANSFER,SUCCESS,VENDPAY_00001965
VPAY_001966,VINV_001966,VEND_000099,2025-12-19T01:34:00,BANK_003,75151.84,INR,BANK_TRANSFER,SUCCESS,VENDPAY_00001966
VPAY_001967,VINV_001967,VEND_000102,2025-12-10T01:27:00,BANK_003,30164.34,INR,BANK_TRANSFER,SUCCESS,VENDPAY_00001967
VPAY_001968,VINV_001968,VEND_000098,2025-12-05T01:09:00,BANK_003,80616.00,INR,BANK_TRANSFER,SUCCESS,VENDPAY_00001968
VPAY_001969,VINV_001969,VEND_000091,2025-12-02T04:37:00,BANK_003,44111.94,INR,BANK_TRANSFER,SUCCESS,VENDPAY_00001969
VPAY_001970,VINV_001970,VEND_000095,2025-12-01T02:49:00,BANK_003,60569.40,INR,BANK_TRANSFER,SUCCESS,VENDPAY_00001970
VPAY_001971,VINV_001971,VEND_000093,2025-12-05T21:54:00,BANK_003,68377.00,INR,BANK_TRANSFER,SUCCESS,VENDPAY_00001971
VPAY_001972,VINV_001972,VEND_000097,2025-12-09T03:06:00,BANK_003,86654.48,INR,BANK_TRANSFER,SUCCESS,VENDPAY_00001972
VPAY_001973,VINV_001973,VEND_000100,2025-12-20T22:40:00,BANK_003,98671.60,INR,BANK_TRANSFER,SUCCESS,VENDPAY_00001973
VPAY_001974,VINV_001974,VEND_000104,2025-12-07T00:46:00,BANK_003,29648.00,INR,BANK_TRANSFER,SUCCESS,VENDPAY_00001974
VPAY_001975,VINV_001975,VEND_000099,2025-12-26T01:14:00,BANK_003,53645.16,INR,BANK_TRANSFER,SUCCESS,VENDPAY_00001975
VPAY_001976,VINV_001976,VEND_000096,2025-11-24T03:15:00,BANK_003,97292.18,INR,BANK_TRANSFER,SUCCESS,VENDPAY_00001976
VPAY_001977,VINV_001977,VEND_000104,2025-12-16T21:40:00,BANK_003,86807.00,INR,BANK_TRANSFER,SUCCESS,VENDPAY_00001977
VPAY_001978,VINV_001978,VEND_000096,2025-12-01T00:20:00,BANK_003,48522.78,INR,BANK_TRANSFER,SUCCESS,VENDPAY_00001978
VPAY_001979,VINV_001979,VEND_000096,2025-11-27T03:04:00,BANK_003,98976.04,INR,BANK_TRANSFER,SUCCESS,VENDPAY_00001979
VPAY_001980,VINV_001980,VEND_000092,2025-12-06T03:43:00,BANK_003,49501.00,INR,BANK_TRANSFER,SUCCESS,VENDPAY_00001980
VPAY_001981,VINV_001981,VEND_000110,2025-12-08T21:44:00,BANK_003,38128.16,INR,BANK_TRANSFER,SUCCESS,VENDPAY_00001981
VPAY_001982,VINV_001982,VEND_000103,2025-11-27T02:48:00,BANK_003,40523.56,INR,BANK_TRANSFER,SUCCESS,VENDPAY_00001982
VPAY_001983,VINV_001983,VEND_000098,2025-12-19T03:50:00,BANK_003,80638.00,INR,BANK_TRANSFER,SUCCESS,VENDPAY_00001983
VPAY_001984,VINV_001984,VEND_000099,2025-12-25T01:58:00,BANK_003,22357.46,INR,BANK_TRANSFER,SUCCESS,VENDPAY_00001984
VPAY_001985,VINV_001985,VEND_000107,2025-12-16T02:41:00,BANK_003,22362.18,INR,BANK_TRANSFER,SUCCESS,VENDPAY_00001985
VPAY_001986,VINV_001986,VEND_000106,2025-12-22T21:50:00,BANK_003,73366.50,INR,BANK_TRANSFER,SUCCESS,VENDPAY_00001986
VPAY_001987,VINV_001987,VEND_000101,2025-12-01T01:28:00,BANK_003,69994.06,INR,BANK_TRANSFER,SUCCESS,VENDPAY_00001987
VPAY_001988,VINV_001988,VEND_000092,2025-12-14T01:32:00,BANK_003,76304.70,INR,BANK_TRANSFER,SUCCESS,VENDPAY_00001988
VPAY_001989,VINV_001989,VEND_000103,2025-11-18T21:02:00,BANK_003,42717.18,INR,BANK_TRANSFER,SUCCESS,VENDPAY_00001989
VPAY_001990,VINV_001990,VEND_000099,2025-12-15T01:12:00,BANK_003,59679.68,INR,BANK_TRANSFER,SUCCESS,VENDPAY_00001990
VPAY_001991,VINV_001991,VEND_000097,2025-12-23T22:32:00,BANK_003,21723.80,INR,BANK_TRANSFER,SUCCESS,VENDPAY_00001991
VPAY_001992,VINV_001992,VEND_000102,2025-12-17T03:25:00,BANK_003,28316.46,INR,BANK_TRANSFER,SUCCESS,VENDPAY_00001992
VPAY_001993,VINV_001993,VEND_000106,2025-12-27T04:26:00,BANK_003,83131.00,INR,BANK_TRANSFER,SUCCESS,VENDPAY_00001993
VPAY_001994,VINV_001994,VEND_000106,2025-12-25T23:25:00,BANK_003,36775.88,INR,BANK_TRANSFER,SUCCESS,VENDPAY_00001994
VPAY_001995,VINV_001995,VEND_000095,2025-12-12T00:21:00,BANK_003,101673.52,INR,BANK_TRANSFER,SUCCESS,VENDPAY_00001995
VPAY_001996,VINV_001996,VEND_000093,2025-12-15T01:06:00,BANK_003,57498.00,INR,BANK_TRANSFER,SUCCESS,VENDPAY_00001996
VPAY_001997,VINV_001997,VEND_000105,2025-12-04T03:43:00,BANK_003,39131.16,INR,BANK_TRANSFER,SUCCESS,VENDPAY_00001997
VPAY_001998,VINV_001998,VEND_000096,2025-11-26T02:17:00,BANK_003,35071.96,INR,BANK_TRANSFER,SUCCESS,VENDPAY_00001998
VPAY_001999,VINV_001999,VEND_000101,2025-12-02T02:21:00,BANK_003,80551.52,INR,BANK_TRANSFER,SUCCESS,VENDPAY_00001999
VPAY_002000,VINV_002000,VEND_000094,2025-12-11T04:23:00,BANK_003,42235.74,INR,BANK_TRANSFER,SUCCESS,VENDPAY_00002000
VPAY_002001,VINV_002001,VEND_000101,2025-12-11T23:36:00,BANK_003,55854.12,INR,BANK_TRANSFER,SUCCESS,VENDPAY_00002001
VPAY_002002,VINV_002002,VEND_000103,2025-12-08T21:43:00,BANK_003,80267.14,INR,BANK_TRANSFER,SUCCESS,VENDPAY_00002002
VPAY_002003,VINV_002003,VEND_000098,2025-12-07T03:59:00,BANK_003,51959.00,INR,BANK_TRANSFER,SUCCESS,VENDPAY_00002003
VPAY_002004,VINV_002004,VEND_000101,2025-12-11T20:22:00,BANK_003,50341.16,INR,BANK_TRANSFER,SUCCESS,VENDPAY_00002004
VPAY_002005,VINV_002005,VEND_000101,2025-12-11T22:47:00,BANK_003,80041.76,INR,BANK_TRANSFER,SUCCESS,VENDPAY_00002005
VPAY_002006,VINV_002006,VEND_000109,2025-11-24T01:46:00,BANK_003,104078.36,INR,BANK_TRANSFER,SUCCESS,VENDPAY_00002006
VPAY_002007,VINV_002007,VEND_000101,2025-12-15T04:38:00,BANK_003,77695.92,INR,BANK_TRANSFER,SUCCESS,VENDPAY_00002007
VPAY_002008,VINV_002008,VEND_000110,2025-11-16T22:17:00,BANK_003,55596.88,INR,BANK_TRANSFER,SUCCESS,VENDPAY_00002008
VPAY_002009,VINV_002009,VEND_000105,2025-11-22T22:23:00,BANK_003,70102.62,INR,BANK_TRANSFER,SUCCESS,VENDPAY_00002009
VPAY_002010,VINV_002010,VEND_000106,2025-12-07T23:42:00,BANK_003,91733.20,INR,BANK_TRANSFER,SUCCESS,VENDPAY_00002010
VPAY_002011,VINV_002011,VEND_000092,2025-12-13T02:53:00,BANK_003,70753.98,INR,BANK_TRANSFER,SUCCESS,VENDPAY_00002011
VPAY_002012,VINV_002012,VEND_000109,2025-12-09T03:13:00,BANK_003,95213.02,INR,BANK_TRANSFER,SUCCESS,VENDPAY_00002012
VPAY_002013,VINV_002013,VEND_000103,2025-11-23T22:29:00,BANK_003,30335.44,INR,BANK_TRANSFER,SUCCESS,VENDPAY_00002013
VPAY_002014,VINV_002014,VEND_000098,2025-12-09T00:42:00,BANK_003,24889.00,INR,BANK_TRANSFER,SUCCESS,VENDPAY_00002014
VPAY_002015,VINV_002015,VEND_000100,2025-12-02T01:39:00,BANK_003,45860.70,INR,BANK_TRANSFER,SUCCESS,VENDPAY_00002015
VPAY_002016,VINV_002016,VEND_000106,2025-12-14T02:35:00,BANK_003,75110.54,INR,BANK_TRANSFER,SUCCESS,VENDPAY_00002016
VPAY_002017,VINV_002017,VEND_000100,2025-12-25T23:27:00,BANK_003,64911.80,INR,BANK_TRANSFER,SUCCESS,VENDPAY_00002017
VPAY_002018,VINV_002018,VEND_000108,2025-11-21T20:16:00,BANK_003,82142.16,INR,BANK_TRANSFER,SUCCESS,VENDPAY_00002018
VPAY_002019,VINV_002019,VEND_000109,2025-12-06T03:08:00,BANK_003,29610.92,INR,BANK_TRANSFER,SUCCESS,VENDPAY_00002019
VPAY_002020,VINV_002020,VEND_000121,2025-11-11T21:39:00,BANK_003,118765.82,INR,BANK_TRANSFER,SUCCESS,VENDPAY_00002020
VPAY_002021,VINV_002021,VEND_000129,2025-11-29T01:39:00,BANK_003,51898.76,INR,BANK_TRANSFER,SUCCESS,VENDPAY_00002021
VPAY_002022,VINV_002022,VEND_000111,2025-11-26T04:50:00,BANK_003,85522.86,INR,BANK_TRANSFER,SUCCESS,VENDPAY_00002022
VPAY_002023,VINV_002023,VEND_000049,2026-01-21T00:26:00,BANK_003,185217.52,INR,BANK_TRANSFER,SUCCESS,VENDPAY_00002023
VPAY_002024,VINV_002024,VEND_000008,2026-01-12T22:41:00,BANK_003,70178.00,INR,BANK_TRANSFER,SUCCESS,VENDPAY_00002024
VPAY_002025,VINV_002025,VEND_000007,2026-02-01T20:19:00,BANK_003,75761.00,INR,BANK_TRANSFER,SUCCESS,VENDPAY_00002025
VPAY_002026,VINV_002026,VEND_000076,2026-01-01T21:20:00,BANK_003,187293.14,INR,BANK_TRANSFER,SUCCESS,VENDPAY_00002026
VPAY_002027,VINV_002027,VEND_000032,2026-01-04T23:37:00,BANK_003,53911.00,INR,BANK_TRANSFER,SUCCESS,VENDPAY_00002027
VPAY_002028,VINV_002028,VEND_000063,2026-01-23T22:50:00,BANK_003,146730.64,INR,BANK_TRANSFER,SUCCESS,VENDPAY_00002028
VPAY_002029,VINV_002029,VEND_000084,2026-02-02T21:29:00,BANK_003,169213.18,INR,BANK_TRANSFER,SUCCESS,VENDPAY_00002029
VPAY_002030,VINV_002030,VEND_000060,2026-01-13T22:46:00,BANK_003,254260.50,INR,BANK_TRANSFER,SUCCESS,VENDPAY_00002030
VPAY_002031,VINV_002031,VEND_000048,2026-01-04T22:24:00,BANK_003,56688.38,INR,BANK_TRANSFER,SUCCESS,VENDPAY_00002031
VPAY_002032,VINV_002032,VEND_000016,2026-02-04T22:25:00,BANK_003,204429.10,INR,BANK_TRANSFER,SUCCESS,VENDPAY_00002032
VPAY_002033,VINV_002033,VEND_000003,2026-01-20T03:07:00,BANK_003,234630.02,INR,BANK_TRANSFER,SUCCESS,VENDPAY_00002033
VPAY_002034,VINV_002034,VEND_000036,2026-01-18T19:52:00,BANK_003,82347.48,INR,BANK_TRANSFER,SUCCESS,VENDPAY_00002034
VPAY_002035,VINV_002035,VEND_000062,2026-01-23T22:54:00,BANK_003,213977.00,INR,BANK_TRANSFER,SUCCESS,VENDPAY_00002035
VPAY_002036,VINV_002036,VEND_000074,2026-01-05T02:22:00,BANK_003,91838.22,INR,BANK_TRANSFER,SUCCESS,VENDPAY_00002036
VPAY_002037,VINV_002037,VEND_000069,2026-01-27T22:02:00,BANK_003,110291.06,INR,BANK_TRANSFER,SUCCESS,VENDPAY_00002037
VPAY_002038,VINV_002038,VEND_000051,2026-02-03T03:22:00,BANK_003,225105.06,INR,BANK_TRANSFER,SUCCESS,VENDPAY_00002038
VPAY_002039,VINV_002039,VEND_000009,2026-02-02T03:11:00,BANK_003,213610.68,INR,BANK_TRANSFER,SUCCESS,VENDPAY_00002039
VPAY_002040,VINV_002040,VEND_000027,2026-01-20T01:23:00,BANK_003,256818.74,INR,BANK_TRANSFER,SUCCESS,VENDPAY_00002040
VPAY_002041,VINV_002041,VEND_000001,2026-01-16T01:05:00,BANK_003,224690.88,INR,BANK_TRANSFER,SUCCESS,VENDPAY_00002041
VPAY_002042,VINV_002042,VEND_000016,2026-01-21T00:50:00,BANK_003,65207.98,INR,BANK_TRANSFER,SUCCESS,VENDPAY_00002042
VPAY_002043,VINV_002043,VEND_000084,2026-01-14T22:59:00,BANK_003,102966.80,INR,BANK_TRANSFER,SUCCESS,VENDPAY_00002043
VPAY_002044,VINV_002044,VEND_000005,2026-01-04T21:02:00,BANK_003,79272.40,INR,BANK_TRANSFER,SUCCESS,VENDPAY_00002044
VPAY_002045,VINV_002045,VEND_000047,2026-01-21T20:23:00,BANK_003,221507.24,INR,BANK_TRANSFER,SUCCESS,VENDPAY_00002045
VPAY_002046,VINV_002046,VEND_000032,2026-01-02T23:32:00,BANK_003,123800.00,INR,BANK_TRANSFER,SUCCESS,VENDPAY_00002046
VPAY_002047,VINV_002047,VEND_000085,2026-01-30T21:32:00,BANK_003,218312.98,INR,BANK_TRANSFER,SUCCESS,VENDPAY_00002047
VPAY_002048,VINV_002048,VEND_000089,2026-01-18T03:44:00,BANK_003,149900.12,INR,BANK_TRANSFER,SUCCESS,VENDPAY_00002048
VPAY_002049,VINV_002049,VEND_000078,2026-01-29T23:25:00,BANK_003,219583.84,INR,BANK_TRANSFER,SUCCESS,VENDPAY_00002049
VPAY_002050,VINV_002050,VEND_000085,2026-01-23T19:46:00,BANK_003,66937.86,INR,BANK_TRANSFER,SUCCESS,VENDPAY_00002050
VPAY_002051,VINV_002051,VEND_000019,2026-01-22T23:16:00,BANK_003,145807.88,INR,BANK_TRANSFER,SUCCESS,VENDPAY_00002051
VPAY_002052,VINV_002052,VEND_000076,2026-01-06T02:34:00,BANK_003,164168.68,INR,BANK_TRANSFER,SUCCESS,VENDPAY_00002052
VPAY_002053,VINV_002053,VEND_000010,2026-01-06T23:12:00,BANK_003,223184.02,INR,BANK_TRANSFER,SUCCESS,VENDPAY_00002053
VPAY_002054,VINV_002054,VEND_000084,2026-01-28T22:19:00,BANK_003,103619.34,INR,BANK_TRANSFER,SUCCESS,VENDPAY_00002054
VPAY_002055,VINV_002055,VEND_000033,2026-01-23T21:45:00,BANK_003,184671.18,INR,BANK_TRANSFER,SUCCESS,VENDPAY_00002055
VPAY_002056,VINV_002056,VEND_000010,2026-01-25T20:43:00,BANK_003,247843.66,INR,BANK_TRANSFER,SUCCESS,VENDPAY_00002056
VPAY_002057,VINV_002057,VEND_000048,2026-01-23T03:36:00,BANK_003,227450.90,INR,BANK_TRANSFER,SUCCESS,VENDPAY_00002057
VPAY_002058,VINV_002058,VEND_000054,2026-01-30T03:43:00,BANK_003,100578.48,INR,BANK_TRANSFER,SUCCESS,VENDPAY_00002058
VPAY_002059,VINV_002059,VEND_000049,2026-01-20T20:01:00,BANK_003,61114.56,INR,BANK_TRANSFER,SUCCESS,VENDPAY_00002059
VPAY_002060,VINV_002060,VEND_000035,2026-01-18T22:22:00,BANK_003,91648.24,INR,BANK_TRANSFER,SUCCESS,VENDPAY_00002060
VPAY_002061,VINV_002061,VEND_000009,2026-02-05T23:02:00,BANK_003,154980.02,INR,BANK_TRANSFER,SUCCESS,VENDPAY_00002061
VPAY_002062,VINV_002062,VEND_000043,2026-01-21T20:21:00,BANK_003,137624.58,INR,BANK_TRANSFER,SUCCESS,VENDPAY_00002062
VPAY_002063,VINV_002063,VEND_000036,2026-01-06T03:10:00,BANK_003,56150.30,INR,BANK_TRANSFER,SUCCESS,VENDPAY_00002063
VPAY_002064,VINV_002064,VEND_000049,2026-01-04T19:38:00,BANK_003,85579.50,INR,BANK_TRANSFER,SUCCESS,VENDPAY_00002064
VPAY_002065,VINV_002065,VEND_000076,2026-01-05T03:24:00,BANK_003,204553.00,INR,BANK_TRANSFER,SUCCESS,VENDPAY_00002065
VPAY_002066,VINV_002066,VEND_000090,2026-01-10T21:03:00,BANK_003,230084.66,INR,BANK_TRANSFER,SUCCESS,VENDPAY_00002066
VPAY_002067,VINV_002067,VEND_000078,2026-01-17T20:45:00,BANK_003,83743.42,INR,BANK_TRANSFER,SUCCESS,VENDPAY_00002067
VPAY_002068,VINV_002068,VEND_000050,2026-01-13T02:04:00,BANK_003,108987.16,INR,BANK_TRANSFER,SUCCESS,VENDPAY_00002068
VPAY_002069,VINV_002069,VEND_000062,2026-01-02T22:57:00,BANK_003,200270.00,INR,BANK_TRANSFER,SUCCESS,VENDPAY_00002069
VPAY_002070,VINV_002070,VEND_000088,2026-01-25T02:51:00,BANK_003,211961.04,INR,BANK_TRANSFER,SUCCESS,VENDPAY_00002070
VPAY_002071,VINV_002071,VEND_000019,2026-02-04T03:41:00,BANK_003,170274.00,INR,BANK_TRANSFER,SUCCESS,VENDPAY_00002071
VPAY_002072,VINV_002072,VEND_000007,2026-01-27T20:14:00,BANK_003,212560.00,INR,BANK_TRANSFER,SUCCESS,VENDPAY_00002072
VPAY_002073,VINV_002073,VEND_000087,2026-01-14T22:40:00,BANK_003,241389.06,INR,BANK_TRANSFER,SUCCESS,VENDPAY_00002073
VPAY_002074,VINV_002074,VEND_000024,2026-01-12T22:41:00,BANK_003,188882.60,INR,BANK_TRANSFER,SUCCESS,VENDPAY_00002074
VPAY_002075,VINV_002075,VEND_000065,2026-01-10T03:12:00,BANK_003,141821.84,INR,BANK_TRANSFER,SUCCESS,VENDPAY_00002075
VPAY_002076,VINV_002076,VEND_000040,2026-01-18T20:43:00,BANK_003,249719.86,INR,BANK_TRANSFER,SUCCESS,VENDPAY_00002076
VPAY_002077,VINV_002077,VEND_000041,2026-01-22T00:38:00,BANK_003,80982.22,INR,BANK_TRANSFER,SUCCESS,VENDPAY_00002077
VPAY_002078,VINV_002078,VEND_000031,2026-01-03T00:20:00,BANK_003,82063.10,INR,BANK_TRANSFER,SUCCESS,VENDPAY_00002078
VPAY_002079,VINV_002079,VEND_000011,2026-02-05T23:49:00,BANK_003,141522.12,INR,BANK_TRANSFER,SUCCESS,VENDPAY_00002079
VPAY_002080,VINV_002080,VEND_000002,2026-02-07T01:19:00,BANK_003,184249.92,INR,BANK_TRANSFER,SUCCESS,VENDPAY_00002080
VPAY_002081,VINV_002081,VEND_000062,2026-01-21T01:39:00,BANK_003,175496.00,INR,BANK_TRANSFER,SUCCESS,VENDPAY_00002081
VPAY_002082,VINV_002082,VEND_000052,2026-01-17T00:41:00,BANK_003,57398.74,INR,BANK_TRANSFER,SUCCESS,VENDPAY_00002082
VPAY_002083,VINV_002083,VEND_000055,2026-01-25T00:45:00,BANK_003,218382.60,INR,BANK_TRANSFER,SUCCESS,VENDPAY_00002083
VPAY_002084,VINV_002084,VEND_000085,2026-02-01T21:13:00,BANK_003,216460.38,INR,BANK_TRANSFER,SUCCESS,VENDPAY_00002084
VPAY_002085,VINV_002085,VEND_000078,2026-01-21T22:51:00,BANK_003,191880.98,INR,BANK_TRANSFER,SUCCESS,VENDPAY_00002085
VPAY_002086,VINV_002086,VEND_000023,2026-01-28T21:34:00,BANK_003,76336.56,INR,BANK_TRANSFER,SUCCESS,VENDPAY_00002086
VPAY_002087,VINV_002087,VEND_000066,2026-01-02T23:15:00,BANK_003,162383.34,INR,BANK_TRANSFER,SUCCESS,VENDPAY_00002087
VPAY_002088,VINV_002088,VEND_000049,2026-01-12T22:27:00,BANK_003,105835.38,INR,BANK_TRANSFER,SUCCESS,VENDPAY_00002088
VPAY_002089,VINV_002089,VEND_000087,2026-01-19T00:26:00,BANK_003,130359.32,INR,BANK_TRANSFER,SUCCESS,VENDPAY_00002089
VPAY_002090,VINV_002090,VEND_000038,2026-01-16T23:21:00,BANK_003,145643.86,INR,BANK_TRANSFER,SUCCESS,VENDPAY_00002090
VPAY_002091,VINV_002091,VEND_000028,2026-01-22T03:11:00,BANK_003,53790.30,INR,BANK_TRANSFER,SUCCESS,VENDPAY_00002091
VPAY_002092,VINV_002092,VEND_000028,2026-01-21T21:02:00,BANK_003,147389.08,INR,BANK_TRANSFER,SUCCESS,VENDPAY_00002092
VPAY_002093,VINV_002093,VEND_000060,2026-01-16T23:31:00,BANK_003,244188.02,INR,BANK_TRANSFER,SUCCESS,VENDPAY_00002093
VPAY_002094,VINV_002094,VEND_000001,2026-01-15T20:33:00,BANK_003,243501.26,INR,BANK_TRANSFER,SUCCESS,VENDPAY_00002094
VPAY_002095,VINV_002095,VEND_000046,2026-01-17T02:27:00,BANK_003,86248.56,INR,BANK_TRANSFER,SUCCESS,VENDPAY_00002095
VPAY_002096,VINV_002096,VEND_000052,2025-12-30T23:10:00,BANK_003,162766.84,INR,BANK_TRANSFER,SUCCESS,VENDPAY_00002096
VPAY_002097,VINV_002097,VEND_000063,2025-12-31T21:17:00,BANK_003,114206.30,INR,BANK_TRANSFER,SUCCESS,VENDPAY_00002097
VPAY_002098,VINV_002098,VEND_000053,2026-01-14T22:33:00,BANK_003,77464.00,INR,BANK_TRANSFER,SUCCESS,VENDPAY_00002098
VPAY_002099,VINV_002099,VEND_000085,2026-01-24T23:56:00,BANK_003,130473.78,INR,BANK_TRANSFER,SUCCESS,VENDPAY_00002099
VPAY_002100,VINV_002100,VEND_000048,2026-01-15T21:57:00,BANK_003,145676.90,INR,BANK_TRANSFER,SUCCESS,VENDPAY_00002100
VPAY_002101,VINV_002101,VEND_000069,2026-01-20T03:15:00,BANK_003,136458.74,INR,BANK_TRANSFER,SUCCESS,VENDPAY_00002101
VPAY_002102,VINV_002102,VEND_000021,2026-01-27T23:59:00,BANK_003,96367.06,INR,BANK_TRANSFER,SUCCESS,VENDPAY_00002102
VPAY_002103,VINV_002103,VEND_000001,2026-01-22T00:38:00,BANK_003,164221.78,INR,BANK_TRANSFER,SUCCESS,VENDPAY_00002103
VPAY_002104,VINV_002104,VEND_000025,2026-01-03T00:39:00,BANK_003,141227.12,INR,BANK_TRANSFER,SUCCESS,VENDPAY_00002104
VPAY_002105,VINV_002105,VEND_000054,2026-01-18T02:39:00,BANK_003,155553.50,INR,BANK_TRANSFER,SUCCESS,VENDPAY_00002105
VPAY_002106,VINV_002106,VEND_000062,2026-01-09T22:04:00,BANK_003,219389.00,INR,BANK_TRANSFER,SUCCESS,VENDPAY_00002106
VPAY_002107,VINV_002107,VEND_000063,2026-01-16T22:41:00,BANK_003,223268.98,INR,BANK_TRANSFER,SUCCESS,VENDPAY_00002107
VPAY_002108,VINV_002108,VEND_000042,2026-01-18T03:09:00,BANK_003,176793.50,INR,BANK_TRANSFER,SUCCESS,VENDPAY_00002108
VPAY_002109,VINV_002109,VEND_000017,2026-01-20T22:12:00,BANK_003,73765.00,INR,BANK_TRANSFER,SUCCESS,VENDPAY_00002109
VPAY_002110,VINV_002110,VEND_000017,2026-01-27T22:11:00,BANK_003,85774.00,INR,BANK_TRANSFER,SUCCESS,VENDPAY_00002110
VPAY_002111,VINV_002111,VEND_000088,2026-01-05T23:54:00,BANK_003,126257.64,INR,BANK_TRANSFER,SUCCESS,VENDPAY_00002111
VPAY_002112,VINV_002112,VEND_000055,2026-01-27T21:10:00,BANK_003,237795.96,INR,BANK_TRANSFER,SUCCESS,VENDPAY_00002112
VPAY_002113,VINV_002113,VEND_000062,2026-01-10T19:51:00,BANK_003,120881.00,INR,BANK_TRANSFER,SUCCESS,VENDPAY_00002113
VPAY_002114,VINV_002114,VEND_000055,2026-01-21T02:25:00,BANK_003,129735.10,INR,BANK_TRANSFER,SUCCESS,VENDPAY_00002114
VPAY_002115,VINV_002115,VEND_000032,2026-01-04T23:30:00,BANK_003,118698.00,INR,BANK_TRANSFER,SUCCESS,VENDPAY_00002115
VPAY_002116,VINV_002116,VEND_000090,2026-01-23T01:14:00,BANK_003,129613.56,INR,BANK_TRANSFER,SUCCESS,VENDPAY_00002116
VPAY_002117,VINV_002117,VEND_000026,2026-02-03T22:24:00,BANK_003,199689.04,INR,BANK_TRANSFER,SUCCESS,VENDPAY_00002117
VPAY_002118,VINV_002118,VEND_000090,2026-01-20T19:36:00,BANK_003,208485.94,INR,BANK_TRANSFER,SUCCESS,VENDPAY_00002118
VPAY_002119,VINV_002119,VEND_000076,2026-01-23T03:08:00,BANK_003,247639.52,INR,BANK_TRANSFER,SUCCESS,VENDPAY_00002119
VPAY_002120,VINV_002120,VEND_000016,2026-01-28T19:49:00,BANK_003,94022.40,INR,BANK_TRANSFER,SUCCESS,VENDPAY_00002120
VPAY_002121,VINV_002121,VEND_000025,2026-01-15T00:42:00,BANK_003,98325.86,INR,BANK_TRANSFER,SUCCESS,VENDPAY_00002121
VPAY_002122,VINV_002122,VEND_000012,2026-01-14T03:23:00,BANK_003,68861.26,INR,BANK_TRANSFER,SUCCESS,VENDPAY_00002122
VPAY_002123,VINV_002123,VEND_000090,2026-01-08T22:05:00,BANK_003,249001.24,INR,BANK_TRANSFER,SUCCESS,VENDPAY_00002123
VPAY_002124,VINV_002124,VEND_000055,2026-01-03T02:53:00,BANK_003,201329.24,INR,BANK_TRANSFER,SUCCESS,VENDPAY_00002124
VPAY_002125,VINV_002125,VEND_000083,2026-01-11T03:04:00,BANK_003,69078.38,INR,BANK_TRANSFER,SUCCESS,VENDPAY_00002125
VPAY_002126,VINV_002126,VEND_000047,2026-01-22T21:04:00,BANK_003,139884.28,INR,BANK_TRANSFER,SUCCESS,VENDPAY_00002126
VPAY_002127,VINV_002127,VEND_000032,2025-12-28T22:39:00,BANK_003,128844.00,INR,BANK_TRANSFER,SUCCESS,VENDPAY_00002127
VPAY_002128,VINV_002128,VEND_000001,2026-01-23T00:50:00,BANK_003,69224.70,INR,BANK_TRANSFER,SUCCESS,VENDPAY_00002128
VPAY_002129,VINV_002129,VEND_000028,2026-01-16T22:54:00,BANK_003,141356.92,INR,BANK_TRANSFER,SUCCESS,VENDPAY_00002129
VPAY_002130,VINV_002130,VEND_000056,2026-01-24T23:43:00,BANK_003,110275.72,INR,BANK_TRANSFER,SUCCESS,VENDPAY_00002130
VPAY_002131,VINV_002131,VEND_000043,2026-01-15T02:49:00,BANK_003,147246.30,INR,BANK_TRANSFER,SUCCESS,VENDPAY_00002131
VPAY_002132,VINV_002132,VEND_000088,2026-01-05T20:53:00,BANK_003,223777.56,INR,BANK_TRANSFER,SUCCESS,VENDPAY_00002132
VPAY_002133,VINV_002133,VEND_000047,2026-02-02T02:58:00,BANK_003,235267.22,INR,BANK_TRANSFER,SUCCESS,VENDPAY_00002133
VPAY_002134,VINV_002134,VEND_000031,2026-01-09T20:11:00,BANK_003,254240.44,INR,BANK_TRANSFER,SUCCESS,VENDPAY_00002134
VPAY_002135,VINV_002135,VEND_000012,2026-01-06T01:49:00,BANK_003,86001.94,INR,BANK_TRANSFER,SUCCESS,VENDPAY_00002135
VPAY_002136,VINV_002136,VEND_000006,2026-01-22T02:15:00,BANK_003,234540.34,INR,BANK_TRANSFER,SUCCESS,VENDPAY_00002136
VPAY_002137,VINV_002137,VEND_000025,2026-01-04T19:22:00,BANK_003,190988.90,INR,BANK_TRANSFER,SUCCESS,VENDPAY_00002137
VPAY_002138,VINV_002138,VEND_000039,2026-01-23T00:02:00,BANK_003,199783.44,INR,BANK_TRANSFER,SUCCESS,VENDPAY_00002138
VPAY_002139,VINV_002139,VEND_000006,2026-01-07T20:39:00,BANK_003,92641.80,INR,BANK_TRANSFER,SUCCESS,VENDPAY_00002139
VPAY_002140,VINV_002140,VEND_000072,2026-01-13T03:15:00,BANK_003,160541.36,INR,BANK_TRANSFER,SUCCESS,VENDPAY_00002140
VPAY_002141,VINV_002141,VEND_000056,2026-02-02T23:36:00,BANK_003,74043.82,INR,BANK_TRANSFER,SUCCESS,VENDPAY_00002141
VPAY_002142,VINV_002142,VEND_000022,2026-01-25T02:30:00,BANK_003,238435.52,INR,BANK_TRANSFER,SUCCESS,VENDPAY_00002142
VPAY_002143,VINV_002143,VEND_000038,2026-01-19T21:56:00,BANK_003,67157.34,INR,BANK_TRANSFER,SUCCESS,VENDPAY_00002143
VPAY_002144,VINV_002144,VEND_000051,2026-02-06T20:43:00,BANK_003,206226.24,INR,BANK_TRANSFER,SUCCESS,VENDPAY_00002144
VPAY_002145,VINV_002145,VEND_000022,2026-02-02T03:19:00,BANK_003,188507.36,INR,BANK_TRANSFER,SUCCESS,VENDPAY_00002145
VPAY_002146,VINV_002146,VEND_000052,2026-01-10T00:17:00,BANK_003,240930.04,INR,BANK_TRANSFER,SUCCESS,VENDPAY_00002146
VPAY_002147,VINV_002147,VEND_000001,2026-01-23T01:18:00,BANK_003,102592.74,INR,BANK_TRANSFER,SUCCESS,VENDPAY_00002147
VPAY_002148,VINV_002148,VEND_000066,2026-01-15T01:56:00,BANK_003,193981.38,INR,BANK_TRANSFER,SUCCESS,VENDPAY_00002148
VPAY_002149,VINV_002149,VEND_000039,2026-01-25T21:57:00,BANK_003,121255.62,INR,BANK_TRANSFER,SUCCESS,VENDPAY_00002149
VPAY_002150,VINV_002150,VEND_000071,2026-01-02T23:49:00,BANK_003,89941.96,INR,BANK_TRANSFER,SUCCESS,VENDPAY_00002150
VPAY_002151,VINV_002151,VEND_000069,2026-01-25T23:55:00,BANK_003,126787.46,INR,BANK_TRANSFER,SUCCESS,VENDPAY_00002151
VPAY_002152,VINV_002152,VEND_000036,2026-01-10T03:30:00,BANK_003,94231.26,INR,BANK_TRANSFER,SUCCESS,VENDPAY_00002152
VPAY_002153,VINV_002153,VEND_000083,2026-01-07T22:35:00,BANK_003,130124.50,INR,BANK_TRANSFER,SUCCESS,VENDPAY_00002153
VPAY_002154,VINV_002154,VEND_000001,2026-01-12T21:56:00,BANK_003,253744.84,INR,BANK_TRANSFER,SUCCESS,VENDPAY_00002154
VPAY_002155,VINV_002155,VEND_000042,2026-01-24T03:03:00,BANK_003,78849.96,INR,BANK_TRANSFER,SUCCESS,VENDPAY_00002155
VPAY_002156,VINV_002156,VEND_000018,2026-02-04T23:44:00,BANK_003,179411.92,INR,BANK_TRANSFER,SUCCESS,VENDPAY_00002156
VPAY_002157,VINV_002157,VEND_000008,2025-12-30T19:59:00,BANK_003,209090.00,INR,BANK_TRANSFER,SUCCESS,VENDPAY_00002157
VPAY_002158,VINV_002158,VEND_000029,2026-01-07T02:20:00,BANK_003,118319.00,INR,BANK_TRANSFER,SUCCESS,VENDPAY_00002158
VPAY_002159,VINV_002159,VEND_000069,2026-02-04T00:43:00,BANK_003,256426.98,INR,BANK_TRANSFER,SUCCESS,VENDPAY_00002159
VPAY_002160,VINV_002160,VEND_000084,2026-02-06T02:35:00,BANK_003,132703.98,INR,BANK_TRANSFER,SUCCESS,VENDPAY_00002160
VPAY_002161,VINV_002161,VEND_000057,2026-01-12T03:01:00,BANK_003,121350.02,INR,BANK_TRANSFER,SUCCESS,VENDPAY_00002161
VPAY_002162,VINV_002162,VEND_000075,2026-01-29T00:41:00,BANK_003,247915.64,INR,BANK_TRANSFER,SUCCESS,VENDPAY_00002162
VPAY_002163,VINV_002163,VEND_000030,2026-01-12T20:03:00,BANK_003,187319.10,INR,BANK_TRANSFER,SUCCESS,VENDPAY_00002163
VPAY_002164,VINV_002164,VEND_000012,2026-01-06T19:38:00,BANK_003,206515.34,INR,BANK_TRANSFER,SUCCESS,VENDPAY_00002164
VPAY_002165,VINV_002165,VEND_000023,2026-02-03T21:53:00,BANK_003,111519.44,INR,BANK_TRANSFER,SUCCESS,VENDPAY_00002165
VPAY_002166,VINV_002166,VEND_000083,2025-12-30T00:45:00,BANK_003,140344.48,INR,BANK_TRANSFER,SUCCESS,VENDPAY_00002166
VPAY_002167,VINV_002167,VEND_000023,2026-02-07T00:41:00,BANK_003,175036.48,INR,BANK_TRANSFER,SUCCESS,VENDPAY_00002167
VPAY_002168,VINV_002168,VEND_000009,2026-01-18T20:59:00,BANK_003,97495.14,INR,BANK_TRANSFER,SUCCESS,VENDPAY_00002168
VPAY_002169,VINV_002169,VEND_000059,2026-01-11T20:44:00,BANK_003,252654.52,INR,BANK_TRANSFER,SUCCESS,VENDPAY_00002169
VPAY_002170,VINV_002170,VEND_000002,2026-01-20T01:19:00,BANK_003,239715.82,INR,BANK_TRANSFER,SUCCESS,VENDPAY_00002170
VPAY_002171,VINV_002171,VEND_000003,2026-01-02T00:05:00,BANK_003,87137.10,INR,BANK_TRANSFER,SUCCESS,VENDPAY_00002171
VPAY_002172,VINV_002172,VEND_000017,2026-01-19T00:23:00,BANK_003,110101.00,INR,BANK_TRANSFER,SUCCESS,VENDPAY_00002172
VPAY_002173,VINV_002173,VEND_000081,2026-01-17T01:42:00,BANK_003,238585.38,INR,BANK_TRANSFER,SUCCESS,VENDPAY_00002173
VPAY_002174,VINV_002174,VEND_000014,2026-02-07T00:15:00,BANK_003,220871.22,INR,BANK_TRANSFER,SUCCESS,VENDPAY_00002174
VPAY_002175,VINV_002175,VEND_000011,2026-01-21T01:51:00,BANK_003,115683.66,INR,BANK_TRANSFER,SUCCESS,VENDPAY_00002175
VPAY_002176,VINV_002176,VEND_000021,2026-01-27T20:43:00,BANK_003,148183.22,INR,BANK_TRANSFER,SUCCESS,VENDPAY_00002176
VPAY_002177,VINV_002177,VEND_000032,2026-01-16T23:34:00,BANK_003,59647.00,INR,BANK_TRANSFER,SUCCESS,VENDPAY_00002177
VPAY_002178,VINV_002178,VEND_000081,2026-01-19T20:27:00,BANK_003,221254.72,INR,BANK_TRANSFER,SUCCESS,VENDPAY_00002178
VPAY_002179,VINV_002179,VEND_000014,2026-01-25T20:13:00,BANK_003,221573.32,INR,BANK_TRANSFER,SUCCESS,VENDPAY_00002179
VPAY_002180,VINV_002180,VEND_000019,2026-01-23T19:31:00,BANK_003,53474.06,INR,BANK_TRANSFER,SUCCESS,VENDPAY_00002180
VPAY_002181,VINV_002181,VEND_000055,2026-01-06T00:30:00,BANK_003,172309.50,INR,BANK_TRANSFER,SUCCESS,VENDPAY_00002181
VPAY_002182,VINV_002182,VEND_000029,2026-01-23T01:07:00,BANK_003,145858.00,INR,BANK_TRANSFER,SUCCESS,VENDPAY_00002182
VPAY_002183,VINV_002183,VEND_000063,2026-01-04T20:01:00,BANK_003,105548.64,INR,BANK_TRANSFER,SUCCESS,VENDPAY_00002183
VPAY_002184,VINV_002184,VEND_000037,2026-01-18T22:47:00,BANK_003,163625.88,INR,BANK_TRANSFER,SUCCESS,VENDPAY_00002184
VPAY_002185,VINV_002185,VEND_000016,2026-01-18T22:41:00,BANK_003,164611.18,INR,BANK_TRANSFER,SUCCESS,VENDPAY_00002185
VPAY_002186,VINV_002186,VEND_000078,2026-01-21T21:40:00,BANK_003,99839.80,INR,BANK_TRANSFER,SUCCESS,VENDPAY_00002186
VPAY_002187,VINV_002187,VEND_000077,2026-01-22T02:11:00,BANK_003,109200.74,INR,BANK_TRANSFER,SUCCESS,VENDPAY_00002187
VPAY_002188,VINV_002188,VEND_000086,2026-01-20T20:56:00,BANK_003,124053.00,INR,BANK_TRANSFER,SUCCESS,VENDPAY_00002188
VPAY_002189,VINV_002189,VEND_000045,2026-01-06T02:00:00,BANK_003,85245.56,INR,BANK_TRANSFER,SUCCESS,VENDPAY_00002189
VPAY_002190,VINV_002190,VEND_000085,2026-01-23T20:21:00,BANK_003,167276.80,INR,BANK_TRANSFER,SUCCESS,VENDPAY_00002190
VPAY_002191,VINV_002191,VEND_000001,2026-01-18T19:13:00,BANK_003,99078.70,INR,BANK_TRANSFER,SUCCESS,VENDPAY_00002191
VPAY_002192,VINV_002192,VEND_000019,2026-01-30T20:34:00,BANK_003,173923.74,INR,BANK_TRANSFER,SUCCESS,VENDPAY_00002192
VPAY_002193,VINV_002193,VEND_000009,2026-02-02T23:04:00,BANK_003,88104.70,INR,BANK_TRANSFER,SUCCESS,VENDPAY_00002193
VPAY_002194,VINV_002194,VEND_000019,2026-01-28T00:09:00,BANK_003,81077.80,INR,BANK_TRANSFER,SUCCESS,VENDPAY_00002194
VPAY_002195,VINV_002195,VEND_000050,2026-01-09T00:53:00,BANK_003,162172.12,INR,BANK_TRANSFER,SUCCESS,VENDPAY_00002195
VPAY_002196,VINV_002196,VEND_000062,2026-01-15T23:22:00,BANK_003,153513.00,INR,BANK_TRANSFER,SUCCESS,VENDPAY_00002196
VPAY_002197,VINV_002197,VEND_000018,2026-01-23T21:16:00,BANK_003,255387.40,INR,BANK_TRANSFER,SUCCESS,VENDPAY_00002197
VPAY_002198,VINV_002198,VEND_000071,2026-01-18T20:07:00,BANK_003,206868.16,INR,BANK_TRANSFER,SUCCESS,VENDPAY_00002198
VPAY_002199,VINV_002199,VEND_000069,2026-01-23T22:42:00,BANK_003,218965.52,INR,BANK_TRANSFER,SUCCESS,VENDPAY_00002199
VPAY_002200,VINV_002200,VEND_000075,2026-01-27T20:22:00,BANK_003,183587.94,INR,BANK_TRANSFER,SUCCESS,VENDPAY_00002200
VPAY_002201,VINV_002201,VEND_000090,2026-01-07T02:46:00,BANK_003,80088.96,INR,BANK_TRANSFER,SUCCESS,VENDPAY_00002201
VPAY_002202,VINV_002202,VEND_000027,2026-01-27T22:03:00,BANK_003,58405.28,INR,BANK_TRANSFER,SUCCESS,VENDPAY_00002202
VPAY_002203,VINV_002203,VEND_000018,2026-01-17T21:09:00,BANK_003,87173.68,INR,BANK_TRANSFER,SUCCESS,VENDPAY_00002203
VPAY_002204,VINV_002204,VEND_000047,2026-01-26T01:56:00,BANK_003,96204.22,INR,BANK_TRANSFER,SUCCESS,VENDPAY_00002204
VPAY_002205,VINV_002205,VEND_000071,2026-01-08T22:39:00,BANK_003,183350.76,INR,BANK_TRANSFER,SUCCESS,VENDPAY_00002205
VPAY_002206,VINV_002206,VEND_000008,2026-01-01T21:13:00,BANK_003,81123.00,INR,BANK_TRANSFER,SUCCESS,VENDPAY_00002206
VPAY_002207,VINV_002207,VEND_000049,2026-01-22T03:15:00,BANK_003,61249.08,INR,BANK_TRANSFER,SUCCESS,VENDPAY_00002207
VPAY_002208,VINV_002208,VEND_000007,2026-02-07T00:12:00,BANK_003,72789.00,INR,BANK_TRANSFER,SUCCESS,VENDPAY_00002208
VPAY_002209,VINV_002209,VEND_000062,2026-01-06T20:21:00,BANK_003,200694.00,INR,BANK_TRANSFER,SUCCESS,VENDPAY_00002209
VPAY_002210,VINV_002210,VEND_000047,2026-01-19T01:33:00,BANK_003,96801.30,INR,BANK_TRANSFER,SUCCESS,VENDPAY_00002210
VPAY_002211,VINV_002211,VEND_000002,2026-01-29T23:52:00,BANK_003,229164.26,INR,BANK_TRANSFER,SUCCESS,VENDPAY_00002211
VPAY_002212,VINV_002212,VEND_000061,2026-01-26T23:08:00,BANK_003,96440.22,INR,BANK_TRANSFER,SUCCESS,VENDPAY_00002212
VPAY_002213,VINV_002213,VEND_000061,2026-01-25T01:33:00,BANK_003,180396.04,INR,BANK_TRANSFER,SUCCESS,VENDPAY_00002213
VPAY_002214,VINV_002214,VEND_000083,2026-01-11T02:50:00,BANK_003,57185.16,INR,BANK_TRANSFER,SUCCESS,VENDPAY_00002214
VPAY_002215,VINV_002215,VEND_000008,2026-01-02T20:21:00,BANK_003,213415.00,INR,BANK_TRANSFER,SUCCESS,VENDPAY_00002215
VPAY_002216,VINV_002216,VEND_000065,2026-01-01T20:50:00,BANK_003,102700.12,INR,BANK_TRANSFER,SUCCESS,VENDPAY_00002216
VPAY_002217,VINV_002217,VEND_000088,2026-01-18T20:52:00,BANK_003,193627.38,INR,BANK_TRANSFER,SUCCESS,VENDPAY_00002217
VPAY_002218,VINV_002218,VEND_000074,2026-01-06T21:32:00,BANK_003,208343.16,INR,BANK_TRANSFER,SUCCESS,VENDPAY_00002218
VPAY_002219,VINV_002219,VEND_000055,2026-01-10T20:28:00,BANK_003,101602.72,INR,BANK_TRANSFER,SUCCESS,VENDPAY_00002219
VPAY_002220,VINV_002220,VEND_000017,2026-01-30T23:17:00,BANK_003,100538.00,INR,BANK_TRANSFER,SUCCESS,VENDPAY_00002220
VPAY_002221,VINV_002221,VEND_000029,2026-01-07T01:59:00,BANK_003,147836.00,INR,BANK_TRANSFER,SUCCESS,VENDPAY_00002221
VPAY_002222,VINV_002222,VEND_000089,2026-01-17T02:06:00,BANK_003,198000.46,INR,BANK_TRANSFER,SUCCESS,VENDPAY_00002222
VPAY_002223,VINV_002223,VEND_000049,2026-01-03T00:39:00,BANK_003,104084.26,INR,BANK_TRANSFER,SUCCESS,VENDPAY_00002223
VPAY_002224,VINV_002224,VEND_000083,2026-01-08T01:39:00,BANK_003,184324.26,INR,BANK_TRANSFER,SUCCESS,VENDPAY_00002224
VPAY_002225,VINV_002225,VEND_000014,2026-01-28T02:09:00,BANK_003,77168.46,INR,BANK_TRANSFER,SUCCESS,VENDPAY_00002225
VPAY_002226,VINV_002226,VEND_000004,2026-01-10T21:59:00,BANK_003,127193.38,INR,BANK_TRANSFER,SUCCESS,VENDPAY_00002226
VPAY_002227,VINV_002227,VEND_000009,2026-02-04T20:16:00,BANK_003,118649.00,INR,BANK_TRANSFER,SUCCESS,VENDPAY_00002227
VPAY_002228,VINV_002228,VEND_000025,2026-01-07T23:20:00,BANK_003,223753.96,INR,BANK_TRANSFER,SUCCESS,VENDPAY_00002228
VPAY_002229,VINV_002229,VEND_000031,2026-01-04T21:23:00,BANK_003,136360.80,INR,BANK_TRANSFER,SUCCESS,VENDPAY_00002229
VPAY_002230,VINV_002230,VEND_000073,2026-01-17T02:46:00,BANK_003,202755.86,INR,BANK_TRANSFER,SUCCESS,VENDPAY_00002230
VPAY_002231,VINV_002231,VEND_000012,2025-12-31T02:00:00,BANK_003,148559.64,INR,BANK_TRANSFER,SUCCESS,VENDPAY_00002231
VPAY_002232,VINV_002232,VEND_000051,2026-01-22T21:39:00,BANK_003,207831.04,INR,BANK_TRANSFER,SUCCESS,VENDPAY_00002232
VPAY_002233,VINV_002233,VEND_000046,2026-02-07T21:31:00,BANK_003,93163.36,INR,BANK_TRANSFER,SUCCESS,VENDPAY_00002233
VPAY_002234,VINV_002234,VEND_000043,2026-02-04T03:22:00,BANK_003,179085.06,INR,BANK_TRANSFER,SUCCESS,VENDPAY_00002234
VPAY_002235,VINV_002235,VEND_000065,2026-01-02T00:19:00,BANK_003,99556.60,INR,BANK_TRANSFER,SUCCESS,VENDPAY_00002235
VPAY_002236,VINV_002236,VEND_000062,2026-01-02T23:52:00,BANK_003,198710.00,INR,BANK_TRANSFER,SUCCESS,VENDPAY_00002236
VPAY_002237,VINV_002237,VEND_000020,2026-01-18T20:44:00,BANK_003,196352.00,INR,BANK_TRANSFER,SUCCESS,VENDPAY_00002237
VPAY_002238,VINV_002238,VEND_000030,2026-01-18T21:05:00,BANK_003,119805.40,INR,BANK_TRANSFER,SUCCESS,VENDPAY_00002238
VPAY_002239,VINV_002239,VEND_000021,2026-02-02T02:14:00,BANK_003,208265.28,INR,BANK_TRANSFER,SUCCESS,VENDPAY_00002239
VPAY_002240,VINV_002240,VEND_000058,2026-01-11T19:29:00,BANK_003,93682.56,INR,BANK_TRANSFER,SUCCESS,VENDPAY_00002240
VPAY_002241,VINV_002241,VEND_000080,2026-01-18T00:53:00,BANK_003,186390.44,INR,BANK_TRANSFER,SUCCESS,VENDPAY_00002241
VPAY_002242,VINV_002242,VEND_000031,2026-01-21T03:05:00,BANK_003,117694.38,INR,BANK_TRANSFER,SUCCESS,VENDPAY_00002242
VPAY_002243,VINV_002243,VEND_000020,2026-02-02T03:19:00,BANK_003,228458.62,INR,BANK_TRANSFER,SUCCESS,VENDPAY_00002243
VPAY_002244,VINV_002244,VEND_000002,2026-01-22T03:05:00,BANK_003,97216.66,INR,BANK_TRANSFER,SUCCESS,VENDPAY_00002244
VPAY_002245,VINV_002245,VEND_000064,2026-01-15T21:52:00,BANK_003,82211.78,INR,BANK_TRANSFER,SUCCESS,VENDPAY_00002245
VPAY_002246,VINV_002246,VEND_000038,2026-01-01T02:54:00,BANK_003,103048.22,INR,BANK_TRANSFER,SUCCESS,VENDPAY_00002246
VPAY_002247,VINV_002247,VEND_000046,2026-01-22T01:00:00,BANK_003,80700.20,INR,BANK_TRANSFER,SUCCESS,VENDPAY_00002247
VPAY_002248,VINV_002248,VEND_000034,2026-01-11T19:49:00,BANK_003,199493.16,INR,BANK_TRANSFER,SUCCESS,VENDPAY_00002248
VPAY_002249,VINV_002249,VEND_000084,2026-01-19T22:29:00,BANK_003,96544.06,INR,BANK_TRANSFER,SUCCESS,VENDPAY_00002249
VPAY_002250,VINV_002250,VEND_000006,2026-01-10T20:13:00,BANK_003,165532.76,INR,BANK_TRANSFER,SUCCESS,VENDPAY_00002250
VPAY_002251,VINV_002251,VEND_000080,2026-01-31T00:47:00,BANK_003,92998.16,INR,BANK_TRANSFER,SUCCESS,VENDPAY_00002251
VPAY_002252,VINV_002252,VEND_000048,2026-01-20T00:52:00,BANK_003,78925.48,INR,BANK_TRANSFER,SUCCESS,VENDPAY_00002252
VPAY_002253,VINV_002253,VEND_000034,2026-01-20T22:56:00,BANK_003,66300.66,INR,BANK_TRANSFER,SUCCESS,VENDPAY_00002253
VPAY_002254,VINV_002254,VEND_000032,2026-01-01T23:46:00,BANK_003,192010.00,INR,BANK_TRANSFER,SUCCESS,VENDPAY_00002254
VPAY_002255,VINV_002255,VEND_000038,2026-01-05T23:43:00,BANK_003,169352.42,INR,BANK_TRANSFER,SUCCESS,VENDPAY_00002255
VPAY_002256,VINV_002256,VEND_000010,2026-01-13T20:29:00,BANK_003,122095.78,INR,BANK_TRANSFER,SUCCESS,VENDPAY_00002256
VPAY_002257,VINV_002257,VEND_000086,2026-01-13T03:11:00,BANK_003,69511.00,INR,BANK_TRANSFER,SUCCESS,VENDPAY_00002257
VPAY_002258,VINV_002258,VEND_000083,2026-01-16T01:23:00,BANK_003,218626.86,INR,BANK_TRANSFER,SUCCESS,VENDPAY_00002258
VPAY_002259,VINV_002259,VEND_000024,2026-01-09T20:09:00,BANK_003,86614.36,INR,BANK_TRANSFER,SUCCESS,VENDPAY_00002259
VPAY_002260,VINV_002260,VEND_000026,2026-01-27T01:24:00,BANK_003,177302.08,INR,BANK_TRANSFER,SUCCESS,VENDPAY_00002260
VPAY_002261,VINV_002261,VEND_000044,2026-01-17T02:19:00,BANK_003,240048.58,INR,BANK_TRANSFER,SUCCESS,VENDPAY_00002261
VPAY_002262,VINV_002262,VEND_000015,2026-01-30T22:23:00,BANK_003,139209.32,INR,BANK_TRANSFER,SUCCESS,VENDPAY_00002262
VPAY_002263,VINV_002263,VEND_000061,2026-01-22T00:23:00,BANK_003,98111.10,INR,BANK_TRANSFER,SUCCESS,VENDPAY_00002263
VPAY_002264,VINV_002264,VEND_000073,2026-02-05T01:16:00,BANK_003,62788.98,INR,BANK_TRANSFER,SUCCESS,VENDPAY_00002264
VPAY_002265,VINV_002265,VEND_000008,2026-01-14T21:23:00,BANK_003,139763.00,INR,BANK_TRANSFER,SUCCESS,VENDPAY_00002265
VPAY_002266,VINV_002266,VEND_000007,2026-01-16T23:06:00,BANK_003,100441.00,INR,BANK_TRANSFER,SUCCESS,VENDPAY_00002266
VPAY_002267,VINV_002267,VEND_000035,2026-01-21T23:47:00,BANK_003,131072.04,INR,BANK_TRANSFER,SUCCESS,VENDPAY_00002267
VPAY_002268,VINV_002268,VEND_000019,2026-01-24T23:04:00,BANK_003,74522.90,INR,BANK_TRANSFER,SUCCESS,VENDPAY_00002268
VPAY_002269,VINV_002269,VEND_000039,2026-01-29T21:18:00,BANK_003,192737.66,INR,BANK_TRANSFER,SUCCESS,VENDPAY_00002269
VPAY_002270,VINV_002270,VEND_000086,2026-01-06T21:30:00,BANK_003,113012.00,INR,BANK_TRANSFER,SUCCESS,VENDPAY_00002270
VPAY_002271,VINV_002271,VEND_000012,2026-01-11T21:24:00,BANK_003,185657.66,INR,BANK_TRANSFER,SUCCESS,VENDPAY_00002271
VPAY_002272,VINV_002272,VEND_000022,2026-01-28T02:53:00,BANK_003,114534.34,INR,BANK_TRANSFER,SUCCESS,VENDPAY_00002272
VPAY_002273,VINV_002273,VEND_000061,2026-01-23T21:31:00,BANK_003,218747.22,INR,BANK_TRANSFER,SUCCESS,VENDPAY_00002273
VPAY_002274,VINV_002274,VEND_000090,2026-01-13T00:25:00,BANK_003,188210.00,INR,BANK_TRANSFER,SUCCESS,VENDPAY_00002274
VPAY_002275,VINV_002275,VEND_000002,2026-02-05T00:24:00,BANK_003,226604.84,INR,BANK_TRANSFER,SUCCESS,VENDPAY_00002275
VPAY_002276,VINV_002276,VEND_000086,2026-01-20T23:48:00,BANK_003,196647.00,INR,BANK_TRANSFER,SUCCESS,VENDPAY_00002276
VPAY_002277,VINV_002277,VEND_000086,2026-01-01T22:05:00,BANK_003,127972.00,INR,BANK_TRANSFER,SUCCESS,VENDPAY_00002277
VPAY_002278,VINV_002278,VEND_000019,2026-01-21T21:43:00,BANK_003,207592.68,INR,BANK_TRANSFER,SUCCESS,VENDPAY_00002278
VPAY_002279,VINV_002279,VEND_000034,2026-01-25T02:17:00,BANK_003,214165.28,INR,BANK_TRANSFER,SUCCESS,VENDPAY_00002279
VPAY_002280,VINV_002280,VEND_000017,2026-02-03T02:39:00,BANK_003,211276.00,INR,BANK_TRANSFER,SUCCESS,VENDPAY_00002280
VPAY_002281,VINV_002281,VEND_000005,2026-01-24T19:45:00,BANK_003,120725.80,INR,BANK_TRANSFER,SUCCESS,VENDPAY_00002281
VPAY_002282,VINV_002282,VEND_000090,2026-01-07T02:47:00,BANK_003,222020.54,INR,BANK_TRANSFER,SUCCESS,VENDPAY_00002282
VPAY_002283,VINV_002283,VEND_000028,2026-01-08T00:06:00,BANK_003,160772.64,INR,BANK_TRANSFER,SUCCESS,VENDPAY_00002283
VPAY_002284,VINV_002284,VEND_000048,2026-01-02T01:14:00,BANK_003,165631.88,INR,BANK_TRANSFER,SUCCESS,VENDPAY_00002284
VPAY_002285,VINV_002285,VEND_000065,2026-01-23T21:11:00,BANK_003,91687.18,INR,BANK_TRANSFER,SUCCESS,VENDPAY_00002285
VPAY_002286,VINV_002286,VEND_000053,2026-01-13T01:39:00,BANK_003,152580.00,INR,BANK_TRANSFER,SUCCESS,VENDPAY_00002286
VPAY_002287,VINV_002287,VEND_000067,2026-01-04T22:15:00,BANK_003,156980.12,INR,BANK_TRANSFER,SUCCESS,VENDPAY_00002287
VPAY_002288,VINV_002288,VEND_000059,2026-01-12T22:36:00,BANK_003,185611.64,INR,BANK_TRANSFER,SUCCESS,VENDPAY_00002288
VPAY_002289,VINV_002289,VEND_000070,2026-01-28T21:30:00,BANK_003,187929.16,INR,BANK_TRANSFER,SUCCESS,VENDPAY_00002289
VPAY_002290,VINV_002290,VEND_000082,2026-02-05T03:10:00,BANK_003,140716.18,INR,BANK_TRANSFER,SUCCESS,VENDPAY_00002290
VPAY_002291,VINV_002291,VEND_000012,2026-01-04T02:08:00,BANK_003,85211.34,INR,BANK_TRANSFER,SUCCESS,VENDPAY_00002291
VPAY_002292,VINV_002292,VEND_000079,2026-01-04T19:43:00,BANK_003,180320.52,INR,BANK_TRANSFER,SUCCESS,VENDPAY_00002292
VPAY_002293,VINV_002293,VEND_000082,2026-01-30T19:53:00,BANK_003,190474.42,INR,BANK_TRANSFER,SUCCESS,VENDPAY_00002293
VPAY_002294,VINV_002294,VEND_000086,2026-01-14T23:55:00,BANK_003,120996.00,INR,BANK_TRANSFER,SUCCESS,VENDPAY_00002294
VPAY_002295,VINV_002295,VEND_000059,2026-01-13T19:53:00,BANK_003,223722.10,INR,BANK_TRANSFER,SUCCESS,VENDPAY_00002295
VPAY_002296,VINV_002296,VEND_000061,2026-01-12T19:53:00,BANK_003,91592.78,INR,BANK_TRANSFER,SUCCESS,VENDPAY_00002296
VPAY_002297,VINV_002297,VEND_000053,2026-01-23T21:10:00,BANK_003,214046.00,INR,BANK_TRANSFER,SUCCESS,VENDPAY_00002297
VPAY_002298,VINV_002298,VEND_000001,2026-01-08T21:29:00,BANK_003,168987.80,INR,BANK_TRANSFER,SUCCESS,VENDPAY_00002298
VPAY_002299,VINV_002299,VEND_000035,2026-01-11T20:44:00,BANK_003,256849.42,INR,BANK_TRANSFER,SUCCESS,VENDPAY_00002299
VPAY_002300,VINV_002300,VEND_000087,2026-01-04T22:12:00,BANK_003,127819.96,INR,BANK_TRANSFER,SUCCESS,VENDPAY_00002300
VPAY_002301,VINV_002301,VEND_000005,2025-12-27T20:42:00,BANK_003,57903.78,INR,BANK_TRANSFER,SUCCESS,VENDPAY_00002301
VPAY_002302,VINV_002302,VEND_000067,2026-01-11T23:52:00,BANK_003,238680.96,INR,BANK_TRANSFER,SUCCESS,VENDPAY_00002302
VPAY_002303,VINV_002303,VEND_000074,2026-01-08T23:13:00,BANK_003,186117.86,INR,BANK_TRANSFER,SUCCESS,VENDPAY_00002303
VPAY_002304,VINV_002304,VEND_000025,2026-01-19T01:18:00,BANK_003,243729.00,INR,BANK_TRANSFER,SUCCESS,VENDPAY_00002304
VPAY_002305,VINV_002305,VEND_000074,2026-01-06T02:31:00,BANK_003,185833.48,INR,BANK_TRANSFER,SUCCESS,VENDPAY_00002305
VPAY_002306,VINV_002306,VEND_000023,2026-01-26T23:32:00,BANK_003,177796.50,INR,BANK_TRANSFER,SUCCESS,VENDPAY_00002306
VPAY_002307,VINV_002307,VEND_000056,2026-01-19T21:51:00,BANK_003,124545.46,INR,BANK_TRANSFER,SUCCESS,VENDPAY_00002307
VPAY_002308,VINV_002308,VEND_000065,2026-01-19T03:02:00,BANK_003,89715.40,INR,BANK_TRANSFER,SUCCESS,VENDPAY_00002308
VPAY_002309,VINV_002309,VEND_000081,2026-02-02T19:41:00,BANK_003,133596.06,INR,BANK_TRANSFER,SUCCESS,VENDPAY_00002309
VPAY_002310,VINV_002310,VEND_000027,2026-01-18T20:21:00,BANK_003,81946.28,INR,BANK_TRANSFER,SUCCESS,VENDPAY_00002310
VPAY_002311,VINV_002311,VEND_000002,2026-02-04T02:52:00,BANK_003,247634.80,INR,BANK_TRANSFER,SUCCESS,VENDPAY_00002311
VPAY_002312,VINV_002312,VEND_000080,2026-01-19T00:32:00,BANK_003,221273.60,INR,BANK_TRANSFER,SUCCESS,VENDPAY_00002312
VPAY_002313,VINV_002313,VEND_000004,2026-01-15T22:03:00,BANK_003,93481.96,INR,BANK_TRANSFER,SUCCESS,VENDPAY_00002313
VPAY_002314,VINV_002314,VEND_000024,2026-01-22T01:49:00,BANK_003,127252.38,INR,BANK_TRANSFER,SUCCESS,VENDPAY_00002314
VPAY_002315,VINV_002315,VEND_000039,2026-02-02T20:46:00,BANK_003,113056.98,INR,BANK_TRANSFER,SUCCESS,VENDPAY_00002315
VPAY_002316,VINV_002316,VEND_000049,2026-01-22T19:47:00,BANK_003,133673.94,INR,BANK_TRANSFER,SUCCESS,VENDPAY_00002316
VPAY_002317,VINV_002317,VEND_000011,2026-02-08T22:17:00,BANK_003,97571.84,INR,BANK_TRANSFER,SUCCESS,VENDPAY_00002317
VPAY_002318,VINV_002318,VEND_000015,2026-02-04T23:47:00,BANK_003,195121.26,INR,BANK_TRANSFER,SUCCESS,VENDPAY_00002318
VPAY_002319,VINV_002319,VEND_000019,2026-01-26T21:31:00,BANK_003,140473.10,INR,BANK_TRANSFER,SUCCESS,VENDPAY_00002319
VPAY_002320,VINV_002320,VEND_000012,2026-01-17T03:18:00,BANK_003,77036.30,INR,BANK_TRANSFER,SUCCESS,VENDPAY_00002320
VPAY_002321,VINV_002321,VEND_000027,2026-01-15T23:50:00,BANK_003,173985.10,INR,BANK_TRANSFER,SUCCESS,VENDPAY_00002321
VPAY_002322,VINV_002322,VEND_000053,2026-01-14T23:53:00,BANK_003,64287.00,INR,BANK_TRANSFER,SUCCESS,VENDPAY_00002322
VPAY_002323,VINV_002323,VEND_000027,2026-01-28T22:54:00,BANK_003,182989.68,INR,BANK_TRANSFER,SUCCESS,VENDPAY_00002323
VPAY_002324,VINV_002324,VEND_000082,2026-01-22T01:07:00,BANK_003,192570.10,INR,BANK_TRANSFER,SUCCESS,VENDPAY_00002324
VPAY_002325,VINV_002325,VEND_000002,2026-02-07T02:26:00,BANK_003,108370.02,INR,BANK_TRANSFER,SUCCESS,VENDPAY_00002325
VPAY_002326,VINV_002326,VEND_000016,2026-01-27T03:00:00,BANK_003,159140.70,INR,BANK_TRANSFER,SUCCESS,VENDPAY_00002326
VPAY_002327,VINV_002327,VEND_000021,2026-02-09T01:01:00,BANK_003,214492.14,INR,BANK_TRANSFER,SUCCESS,VENDPAY_00002327
VPAY_002328,VINV_002328,VEND_000025,2026-01-01T21:26:00,BANK_003,240587.84,INR,BANK_TRANSFER,SUCCESS,VENDPAY_00002328
VPAY_002329,VINV_002329,VEND_000067,2026-01-02T20:35:00,BANK_003,211397.00,INR,BANK_TRANSFER,SUCCESS,VENDPAY_00002329
VPAY_002330,VINV_002330,VEND_000015,2026-01-17T00:49:00,BANK_003,120211.32,INR,BANK_TRANSFER,SUCCESS,VENDPAY_00002330
VPAY_002331,VINV_002331,VEND_000029,2026-01-24T20:25:00,BANK_003,66874.00,INR,BANK_TRANSFER,SUCCESS,VENDPAY_00002331
VPAY_002332,VINV_002332,VEND_000035,2026-01-17T03:02:00,BANK_003,137753.20,INR,BANK_TRANSFER,SUCCESS,VENDPAY_00002332
VPAY_002333,VINV_002333,VEND_000045,2026-01-21T19:43:00,BANK_003,223693.78,INR,BANK_TRANSFER,SUCCESS,VENDPAY_00002333
VPAY_002334,VINV_002334,VEND_000064,2026-01-17T23:45:00,BANK_003,187986.98,INR,BANK_TRANSFER,SUCCESS,VENDPAY_00002334
VPAY_002335,VINV_002335,VEND_000033,2026-01-07T20:53:00,BANK_003,106601.20,INR,BANK_TRANSFER,SUCCESS,VENDPAY_00002335
VPAY_002336,VINV_002336,VEND_000051,2026-02-03T22:44:00,BANK_003,84928.14,INR,BANK_TRANSFER,SUCCESS,VENDPAY_00002336
VPAY_002337,VINV_002337,VEND_000022,2026-02-09T02:21:00,BANK_003,116769.26,INR,BANK_TRANSFER,SUCCESS,VENDPAY_00002337
VPAY_002338,VINV_002338,VEND_000058,2026-01-23T03:42:00,BANK_003,184174.40,INR,BANK_TRANSFER,SUCCESS,VENDPAY_00002338
VPAY_002339,VINV_002339,VEND_000041,2026-01-04T23:49:00,BANK_003,245784.56,INR,BANK_TRANSFER,SUCCESS,VENDPAY_00002339
VPAY_002340,VINV_002340,VEND_000055,2026-01-20T01:13:00,BANK_003,114878.90,INR,BANK_TRANSFER,SUCCESS,VENDPAY_00002340
VPAY_002341,VINV_002341,VEND_000081,2026-01-30T20:36:00,BANK_003,72979.46,INR,BANK_TRANSFER,SUCCESS,VENDPAY_00002341
VPAY_002342,VINV_002342,VEND_000066,2026-01-20T02:22:00,BANK_003,131380.02,INR,BANK_TRANSFER,SUCCESS,VENDPAY_00002342
VPAY_002343,VINV_002343,VEND_000078,2026-02-01T22:23:00,BANK_003,252647.44,INR,BANK_TRANSFER,SUCCESS,VENDPAY_00002343
VPAY_002344,VINV_002344,VEND_000004,2026-01-09T23:49:00,BANK_003,88563.72,INR,BANK_TRANSFER,SUCCESS,VENDPAY_00002344
VPAY_002345,VINV_002345,VEND_000055,2026-01-08T22:31:00,BANK_003,110608.48,INR,BANK_TRANSFER,SUCCESS,VENDPAY_00002345
VPAY_002346,VINV_002346,VEND_000028,2026-01-12T21:26:00,BANK_003,256314.88,INR,BANK_TRANSFER,SUCCESS,VENDPAY_00002346
VPAY_002347,VINV_002347,VEND_000041,2026-01-02T01:58:00,BANK_003,90931.98,INR,BANK_TRANSFER,SUCCESS,VENDPAY_00002347
VPAY_002348,VINV_002348,VEND_000043,2026-01-30T20:59:00,BANK_003,119226.02,INR,BANK_TRANSFER,SUCCESS,VENDPAY_00002348
VPAY_002349,VINV_002349,VEND_000030,2025-12-29T20:24:00,BANK_003,226831.40,INR,BANK_TRANSFER,SUCCESS,VENDPAY_00002349
VPAY_002350,VINV_002350,VEND_000078,2026-02-02T02:02:00,BANK_003,118731.60,INR,BANK_TRANSFER,SUCCESS,VENDPAY_00002350
VPAY_002351,VINV_002351,VEND_000072,2026-01-26T02:45:00,BANK_003,139107.84,INR,BANK_TRANSFER,SUCCESS,VENDPAY_00002351
VPAY_002352,VINV_002352,VEND_000074,2026-01-14T22:55:00,BANK_003,253009.70,INR,BANK_TRANSFER,SUCCESS,VENDPAY_00002352
VPAY_002353,VINV_002353,VEND_000041,2026-01-09T23:59:00,BANK_003,152122.06,INR,BANK_TRANSFER,SUCCESS,VENDPAY_00002353
VPAY_002354,VINV_002354,VEND_000064,2026-01-02T21:44:00,BANK_003,207347.24,INR,BANK_TRANSFER,SUCCESS,VENDPAY_00002354
VPAY_002355,VINV_002355,VEND_000016,2026-01-30T23:02:00,BANK_003,91485.40,INR,BANK_TRANSFER,SUCCESS,VENDPAY_00002355
VPAY_002356,VINV_002356,VEND_000076,2026-01-08T23:02:00,BANK_003,171528.34,INR,BANK_TRANSFER,SUCCESS,VENDPAY_00002356
VPAY_002357,VINV_002357,VEND_000037,2026-02-03T20:08:00,BANK_003,58616.50,INR,BANK_TRANSFER,SUCCESS,VENDPAY_00002357
VPAY_002358,VINV_002358,VEND_000060,2026-01-07T03:51:00,BANK_003,141061.92,INR,BANK_TRANSFER,SUCCESS,VENDPAY_00002358
VPAY_002359,VINV_002359,VEND_000005,2026-01-18T02:07:00,BANK_003,218117.10,INR,BANK_TRANSFER,SUCCESS,VENDPAY_00002359
VPAY_002360,VINV_002360,VEND_000083,2026-01-02T01:14:00,BANK_003,58132.70,INR,BANK_TRANSFER,SUCCESS,VENDPAY_00002360
VPAY_002361,VINV_002361,VEND_000054,2026-01-24T23:05:00,BANK_003,146206.72,INR,BANK_TRANSFER,SUCCESS,VENDPAY_00002361
VPAY_002362,VINV_002362,VEND_000052,2026-01-19T02:36:00,BANK_003,77773.80,INR,BANK_TRANSFER,SUCCESS,VENDPAY_00002362
VPAY_002363,VINV_002363,VEND_000064,2026-01-02T20:31:00,BANK_003,242508.88,INR,BANK_TRANSFER,SUCCESS,VENDPAY_00002363
VPAY_002364,VINV_002364,VEND_000090,2026-01-16T20:15:00,BANK_003,193714.70,INR,BANK_TRANSFER,SUCCESS,VENDPAY_00002364
VPAY_002365,VINV_002365,VEND_000048,2026-01-07T00:39:00,BANK_003,244257.64,INR,BANK_TRANSFER,SUCCESS,VENDPAY_00002365
VPAY_002366,VINV_002366,VEND_000007,2026-01-23T19:06:00,BANK_003,47725.00,INR,BANK_TRANSFER,SUCCESS,VENDPAY_00002366
VPAY_002367,VINV_002367,VEND_000089,2026-01-09T01:29:00,BANK_003,187868.98,INR,BANK_TRANSFER,SUCCESS,VENDPAY_00002367
VPAY_002368,VINV_002368,VEND_000025,2026-01-22T00:08:00,BANK_003,167204.82,INR,BANK_TRANSFER,SUCCESS,VENDPAY_00002368
VPAY_002369,VINV_002369,VEND_000034,2026-01-07T19:40:00,BANK_003,66424.56,INR,BANK_TRANSFER,SUCCESS,VENDPAY_00002369
VPAY_002370,VINV_002370,VEND_000010,2026-01-10T03:43:00,BANK_003,134678.12,INR,BANK_TRANSFER,SUCCESS,VENDPAY_00002370
VPAY_002371,VINV_002371,VEND_000035,2026-01-06T02:45:00,BANK_003,105790.54,INR,BANK_TRANSFER,SUCCESS,VENDPAY_00002371
VPAY_002372,VINV_002372,VEND_000016,2026-01-22T02:04:00,BANK_003,92163.90,INR,BANK_TRANSFER,SUCCESS,VENDPAY_00002372
VPAY_002373,VINV_002373,VEND_000075,2026-02-06T00:30:00,BANK_003,180943.56,INR,BANK_TRANSFER,SUCCESS,VENDPAY_00002373
VPAY_002374,VINV_002374,VEND_000067,2026-01-11T00:23:00,BANK_003,216298.72,INR,BANK_TRANSFER,SUCCESS,VENDPAY_00002374
VPAY_002375,VINV_002375,VEND_000085,2026-01-25T01:38:00,BANK_003,204702.86,INR,BANK_TRANSFER,SUCCESS,VENDPAY_00002375
VPAY_002376,VINV_002376,VEND_000029,2026-01-12T00:22:00,BANK_003,69064.00,INR,BANK_TRANSFER,SUCCESS,VENDPAY_00002376
VPAY_002377,VINV_002377,VEND_000011,2026-02-02T22:13:00,BANK_003,162296.02,INR,BANK_TRANSFER,SUCCESS,VENDPAY_00002377
VPAY_002378,VINV_002378,VEND_000085,2026-02-09T03:42:00,BANK_003,253277.56,INR,BANK_TRANSFER,SUCCESS,VENDPAY_00002378
VPAY_002379,VINV_002379,VEND_000089,2026-01-07T02:34:00,BANK_003,77232.18,INR,BANK_TRANSFER,SUCCESS,VENDPAY_00002379
VPAY_002380,VINV_002380,VEND_000028,2026-01-21T22:24:00,BANK_003,57160.38,INR,BANK_TRANSFER,SUCCESS,VENDPAY_00002380
VPAY_002381,VINV_002381,VEND_000050,2026-01-13T21:51:00,BANK_003,111227.98,INR,BANK_TRANSFER,SUCCESS,VENDPAY_00002381
VPAY_002382,VINV_002382,VEND_000027,2026-02-01T21:29:00,BANK_003,235766.36,INR,BANK_TRANSFER,SUCCESS,VENDPAY_00002382
VPAY_002383,VINV_002383,VEND_000040,2026-02-07T02:31:00,BANK_003,193542.42,INR,BANK_TRANSFER,SUCCESS,VENDPAY_00002383
VPAY_002384,VINV_002384,VEND_000017,2026-01-31T02:53:00,BANK_003,102353.00,INR,BANK_TRANSFER,SUCCESS,VENDPAY_00002384
VPAY_002385,VINV_002385,VEND_000080,2026-01-22T21:56:00,BANK_003,211929.18,INR,BANK_TRANSFER,SUCCESS,VENDPAY_00002385
VPAY_002386,VINV_002386,VEND_000025,2026-01-09T23:22:00,BANK_003,74331.74,INR,BANK_TRANSFER,SUCCESS,VENDPAY_00002386
VPAY_002387,VINV_002387,VEND_000088,2026-01-19T22:28:00,BANK_003,148108.88,INR,BANK_TRANSFER,SUCCESS,VENDPAY_00002387
VPAY_002388,VINV_002388,VEND_000019,2026-01-20T00:23:00,BANK_003,195686.48,INR,BANK_TRANSFER,SUCCESS,VENDPAY_00002388
VPAY_002389,VINV_002389,VEND_000031,2026-01-15T22:48:00,BANK_003,58230.64,INR,BANK_TRANSFER,SUCCESS,VENDPAY_00002389
VPAY_002390,VINV_002390,VEND_000004,2026-01-23T21:59:00,BANK_003,200414.74,INR,BANK_TRANSFER,SUCCESS,VENDPAY_00002390
VPAY_002391,VINV_002391,VEND_000046,2026-01-21T03:42:00,BANK_003,135250.42,INR,BANK_TRANSFER,SUCCESS,VENDPAY_00002391
VPAY_002392,VINV_002392,VEND_000046,2026-01-19T19:27:00,BANK_003,186567.44,INR,BANK_TRANSFER,SUCCESS,VENDPAY_00002392
VPAY_002393,VINV_002393,VEND_000065,2026-01-17T20:46:00,BANK_003,186373.92,INR,BANK_TRANSFER,SUCCESS,VENDPAY_00002393
VPAY_002394,VINV_002394,VEND_000057,2026-01-12T20:59:00,BANK_003,137419.26,INR,BANK_TRANSFER,SUCCESS,VENDPAY_00002394
VPAY_002395,VINV_002395,VEND_000084,2026-02-08T20:04:00,BANK_003,171424.50,INR,BANK_TRANSFER,SUCCESS,VENDPAY_00002395
VPAY_002396,VINV_002396,VEND_000025,2026-01-08T02:54:00,BANK_003,144043.78,INR,BANK_TRANSFER,SUCCESS,VENDPAY_00002396
VPAY_002397,VINV_002397,VEND_000077,2026-01-18T00:16:00,BANK_003,138451.76,INR,BANK_TRANSFER,SUCCESS,VENDPAY_00002397
VPAY_002398,VINV_002398,VEND_000067,2026-01-05T00:45:00,BANK_003,187214.08,INR,BANK_TRANSFER,SUCCESS,VENDPAY_00002398
VPAY_002399,VINV_002399,VEND_000083,2026-01-05T02:34:00,BANK_003,130105.62,INR,BANK_TRANSFER,SUCCESS,VENDPAY_00002399
VPAY_002400,VINV_002400,VEND_000007,2026-02-06T21:30:00,BANK_003,54355.00,INR,BANK_TRANSFER,SUCCESS,VENDPAY_00002400
VPAY_002401,VINV_002401,VEND_000009,2026-01-19T23:37:00,BANK_003,217704.10,INR,BANK_TRANSFER,SUCCESS,VENDPAY_00002401
VPAY_002402,VINV_002402,VEND_000080,2026-01-28T21:00:00,BANK_003,178241.36,INR,BANK_TRANSFER,SUCCESS,VENDPAY_00002402
VPAY_002403,VINV_002403,VEND_000029,2026-01-18T20:38:00,BANK_003,115324.00,INR,BANK_TRANSFER,SUCCESS,VENDPAY_00002403
VPAY_002404,VINV_002404,VEND_000027,2026-02-05T23:07:00,BANK_003,160632.22,INR,BANK_TRANSFER,SUCCESS,VENDPAY_00002404
VPAY_002405,VINV_002405,VEND_000001,2026-01-06T20:33:00,BANK_003,82251.90,INR,BANK_TRANSFER,SUCCESS,VENDPAY_00002405
VPAY_002406,VINV_002406,VEND_000040,2026-01-21T21:44:00,BANK_003,126911.36,INR,BANK_TRANSFER,SUCCESS,VENDPAY_00002406
VPAY_002407,VINV_002407,VEND_000022,2026-01-27T00:38:00,BANK_003,111050.98,INR,BANK_TRANSFER,SUCCESS,VENDPAY_00002407
VPAY_002408,VINV_002408,VEND_000019,2026-02-06T21:37:00,BANK_003,57038.84,INR,BANK_TRANSFER,SUCCESS,VENDPAY_00002408
VPAY_002409,VINV_002409,VEND_000043,2026-01-22T02:03:00,BANK_003,59541.62,INR,BANK_TRANSFER,SUCCESS,VENDPAY_00002409
VPAY_002410,VINV_002410,VEND_000022,2026-02-05T00:19:00,BANK_003,56110.18,INR,BANK_TRANSFER,SUCCESS,VENDPAY_00002410
VPAY_002411,VINV_002411,VEND_000075,2026-01-31T22:17:00,BANK_003,53410.34,INR,BANK_TRANSFER,SUCCESS,VENDPAY_00002411
VPAY_002412,VINV_002412,VEND_000061,2026-01-03T01:24:00,BANK_003,86935.32,INR,BANK_TRANSFER,SUCCESS,VENDPAY_00002412
VPAY_002413,VINV_002413,VEND_000073,2026-01-20T02:03:00,BANK_003,143008.92,INR,BANK_TRANSFER,SUCCESS,VENDPAY_00002413
VPAY_002414,VINV_002414,VEND_000019,2026-01-20T01:24:00,BANK_003,82148.06,INR,BANK_TRANSFER,SUCCESS,VENDPAY_00002414
VPAY_002415,VINV_002415,VEND_000058,2026-01-25T01:01:00,BANK_003,204876.32,INR,BANK_TRANSFER,SUCCESS,VENDPAY_00002415
VPAY_002416,VINV_002416,VEND_000085,2026-01-20T20:25:00,BANK_003,203586.58,INR,BANK_TRANSFER,SUCCESS,VENDPAY_00002416
VPAY_002417,VINV_002417,VEND_000002,2026-01-26T03:28:00,BANK_003,162176.84,INR,BANK_TRANSFER,SUCCESS,VENDPAY_00002417
VPAY_002418,VINV_002418,VEND_000067,2026-01-20T22:29:00,BANK_003,258475.46,INR,BANK_TRANSFER,SUCCESS,VENDPAY_00002418
VPAY_002419,VINV_002419,VEND_000035,2026-01-24T20:58:00,BANK_003,213736.94,INR,BANK_TRANSFER,SUCCESS,VENDPAY_00002419
VPAY_002420,VINV_002420,VEND_000019,2026-01-23T21:40:00,BANK_003,180023.16,INR,BANK_TRANSFER,SUCCESS,VENDPAY_00002420
VPAY_002421,VINV_002421,VEND_000046,2026-01-16T23:24:00,BANK_003,207093.54,INR,BANK_TRANSFER,SUCCESS,VENDPAY_00002421
VPAY_002422,VINV_002422,VEND_000047,2026-02-11T23:58:00,BANK_003,116916.76,INR,BANK_TRANSFER,SUCCESS,VENDPAY_00002422
VPAY_002423,VINV_002423,VEND_000049,2026-01-05T01:35:00,BANK_003,250679.20,INR,BANK_TRANSFER,SUCCESS,VENDPAY_00002423
VPAY_002424,VINV_002424,VEND_000068,2026-01-09T21:56:00,BANK_003,107217.16,INR,BANK_TRANSFER,SUCCESS,VENDPAY_00002424
VPAY_002425,VINV_002425,VEND_000043,2026-02-03T01:52:00,BANK_003,174055.90,INR,BANK_TRANSFER,SUCCESS,VENDPAY_00002425
VPAY_002426,VINV_002426,VEND_000040,2026-01-12T23:59:00,BANK_003,112049.26,INR,BANK_TRANSFER,SUCCESS,VENDPAY_00002426
VPAY_002427,VINV_002427,VEND_000079,2026-01-14T21:39:00,BANK_003,91134.94,INR,BANK_TRANSFER,SUCCESS,VENDPAY_00002427
VPAY_002428,VINV_002428,VEND_000073,2026-01-25T20:54:00,BANK_003,160436.34,INR,BANK_TRANSFER,SUCCESS,VENDPAY_00002428
VPAY_002429,VINV_002429,VEND_000064,2026-01-15T22:33:00,BANK_003,98611.42,INR,BANK_TRANSFER,SUCCESS,VENDPAY_00002429
VPAY_002430,VINV_002430,VEND_000067,2026-01-16T19:40:00,BANK_003,142737.52,INR,BANK_TRANSFER,SUCCESS,VENDPAY_00002430
VPAY_002431,VINV_002431,VEND_000039,2026-01-25T23:24:00,BANK_003,203689.24,INR,BANK_TRANSFER,SUCCESS,VENDPAY_00002431
VPAY_002432,VINV_002432,VEND_000002,2026-01-18T03:01:00,BANK_003,193491.68,INR,BANK_TRANSFER,SUCCESS,VENDPAY_00002432
VPAY_002433,VINV_002433,VEND_000076,2026-01-02T23:52:00,BANK_003,91281.26,INR,BANK_TRANSFER,SUCCESS,VENDPAY_00002433
VPAY_002434,VINV_002434,VEND_000001,2026-01-13T22:53:00,BANK_003,186211.08,INR,BANK_TRANSFER,SUCCESS,VENDPAY_00002434
VPAY_002435,VINV_002435,VEND_000007,2026-01-16T00:17:00,BANK_003,110911.00,INR,BANK_TRANSFER,SUCCESS,VENDPAY_00002435
VPAY_002436,VINV_002436,VEND_000065,2026-01-19T01:43:00,BANK_003,258904.98,INR,BANK_TRANSFER,SUCCESS,VENDPAY_00002436
VPAY_002437,VINV_002437,VEND_000035,2026-01-20T20:12:00,BANK_003,97223.74,INR,BANK_TRANSFER,SUCCESS,VENDPAY_00002437
VPAY_002438,VINV_002438,VEND_000075,2026-01-22T02:58:00,BANK_003,78067.62,INR,BANK_TRANSFER,SUCCESS,VENDPAY_00002438
VPAY_002439,VINV_002439,VEND_000061,2026-01-09T03:10:00,BANK_003,162797.52,INR,BANK_TRANSFER,SUCCESS,VENDPAY_00002439
VPAY_002440,VINV_002440,VEND_000055,2026-01-05T01:41:00,BANK_003,176557.50,INR,BANK_TRANSFER,SUCCESS,VENDPAY_00002440
VPAY_002441,VINV_002441,VEND_000039,2026-01-26T02:02:00,BANK_003,237781.80,INR,BANK_TRANSFER,SUCCESS,VENDPAY_00002441
VPAY_002442,VINV_002442,VEND_000087,2026-01-19T21:16:00,BANK_003,152852.48,INR,BANK_TRANSFER,SUCCESS,VENDPAY_00002442
VPAY_002443,VINV_002443,VEND_000033,2026-01-13T20:19:00,BANK_003,95072.60,INR,BANK_TRANSFER,SUCCESS,VENDPAY_00002443
VPAY_002444,VINV_002444,VEND_000039,2026-01-19T22:49:00,BANK_003,147443.36,INR,BANK_TRANSFER,SUCCESS,VENDPAY_00002444
VPAY_002445,VINV_002445,VEND_000070,2026-01-28T23:17:00,BANK_003,109821.42,INR,BANK_TRANSFER,SUCCESS,VENDPAY_00002445
VPAY_002446,VINV_002446,VEND_000013,2026-02-01T22:33:00,BANK_003,95975.30,INR,BANK_TRANSFER,SUCCESS,VENDPAY_00002446
VPAY_002447,VINV_002447,VEND_000065,2026-01-16T02:31:00,BANK_003,163702.58,INR,BANK_TRANSFER,SUCCESS,VENDPAY_00002447
VPAY_002448,VINV_002448,VEND_000060,2026-01-14T19:36:00,BANK_003,183174.94,INR,BANK_TRANSFER,SUCCESS,VENDPAY_00002448
VPAY_002449,VINV_002449,VEND_000072,2026-01-13T02:36:00,BANK_003,61272.68,INR,BANK_TRANSFER,SUCCESS,VENDPAY_00002449
VPAY_002450,VINV_002450,VEND_000079,2026-01-09T03:14:00,BANK_003,146637.42,INR,BANK_TRANSFER,SUCCESS,VENDPAY_00002450
VPAY_002451,VINV_002451,VEND_000017,2026-02-03T00:33:00,BANK_003,207762.00,INR,BANK_TRANSFER,SUCCESS,VENDPAY_00002451
VPAY_002452,VINV_002452,VEND_000007,2026-01-21T01:28:00,BANK_003,147933.00,INR,BANK_TRANSFER,SUCCESS,VENDPAY_00002452
VPAY_002453,VINV_002453,VEND_000060,2026-01-15T21:33:00,BANK_003,213334.56,INR,BANK_TRANSFER,SUCCESS,VENDPAY_00002453
VPAY_002454,VINV_002454,VEND_000011,2026-01-25T02:19:00,BANK_003,70017.66,INR,BANK_TRANSFER,SUCCESS,VENDPAY_00002454
VPAY_002455,VINV_002455,VEND_000043,2026-01-19T23:54:00,BANK_003,236946.36,INR,BANK_TRANSFER,SUCCESS,VENDPAY_00002455
VPAY_002456,VINV_002456,VEND_000073,2026-02-08T02:53:00,BANK_003,202031.34,INR,BANK_TRANSFER,SUCCESS,VENDPAY_00002456
VPAY_002457,VINV_002457,VEND_000016,2026-02-07T02:46:00,BANK_003,233938.54,INR,BANK_TRANSFER,SUCCESS,VENDPAY_00002457
VPAY_002458,VINV_002458,VEND_000107,2026-01-19T21:14:00,BANK_003,43534.92,INR,BANK_TRANSFER,SUCCESS,VENDPAY_00002458
VPAY_002459,VINV_002459,VEND_000095,2026-01-12T21:36:00,BANK_003,67776.84,INR,BANK_TRANSFER,SUCCESS,VENDPAY_00002459
VPAY_002460,VINV_002460,VEND_000110,2025-12-22T03:00:00,BANK_003,52281.08,INR,BANK_TRANSFER,SUCCESS,VENDPAY_00002460
VPAY_002461,VINV_002461,VEND_000094,2025-12-27T03:54:00,BANK_003,101638.12,INR,BANK_TRANSFER,SUCCESS,VENDPAY_00002461
VPAY_002462,VINV_002462,VEND_000091,2026-01-09T04:09:00,BANK_003,99469.28,INR,BANK_TRANSFER,SUCCESS,VENDPAY_00002462
VPAY_002463,VINV_002463,VEND_000100,2026-01-17T22:29:00,BANK_003,83810.68,INR,BANK_TRANSFER,SUCCESS,VENDPAY_00002463
VPAY_002464,VINV_002464,VEND_000108,2026-01-07T04:05:00,BANK_003,61494.52,INR,BANK_TRANSFER,SUCCESS,VENDPAY_00002464
VPAY_002465,VINV_002465,VEND_000110,2025-12-31T23:46:00,BANK_003,40293.46,INR,BANK_TRANSFER,SUCCESS,VENDPAY_00002465
VPAY_002466,VINV_002466,VEND_000098,2026-01-21T03:55:00,BANK_003,40383.00,INR,BANK_TRANSFER,SUCCESS,VENDPAY_00002466
VPAY_002467,VINV_002467,VEND_000100,2026-01-24T02:32:00,BANK_003,66006.84,INR,BANK_TRANSFER,SUCCESS,VENDPAY_00002467
VPAY_002468,VINV_002468,VEND_000099,2026-01-15T02:34:00,BANK_003,81742.14,INR,BANK_TRANSFER,SUCCESS,VENDPAY_00002468
VPAY_002469,VINV_002469,VEND_000104,2026-01-02T22:57:00,BANK_003,37420.00,INR,BANK_TRANSFER,SUCCESS,VENDPAY_00002469
VPAY_002470,VINV_002470,VEND_000103,2026-01-05T22:01:00,BANK_003,22943.92,INR,BANK_TRANSFER,SUCCESS,VENDPAY_00002470
VPAY_002471,VINV_002471,VEND_000110,2025-12-19T23:10:00,BANK_003,89984.44,INR,BANK_TRANSFER,SUCCESS,VENDPAY_00002471
VPAY_002472,VINV_002472,VEND_000105,2025-12-22T21:50:00,BANK_003,92129.68,INR,BANK_TRANSFER,SUCCESS,VENDPAY_00002472
VPAY_002473,VINV_002473,VEND_000107,2026-01-14T04:16:00,BANK_003,53839.86,INR,BANK_TRANSFER,SUCCESS,VENDPAY_00002473
VPAY_002474,VINV_002474,VEND_000096,2026-01-03T20:42:00,BANK_003,44655.92,INR,BANK_TRANSFER,SUCCESS,VENDPAY_00002474
VPAY_002475,VINV_002475,VEND_000095,2026-01-14T00:41:00,BANK_003,64288.76,INR,BANK_TRANSFER,SUCCESS,VENDPAY_00002475
VPAY_002476,VINV_002476,VEND_000106,2026-01-17T23:30:00,BANK_003,79474.18,INR,BANK_TRANSFER,SUCCESS,VENDPAY_00002476
VPAY_002477,VINV_002477,VEND_000107,2026-01-10T20:59:00,BANK_003,102505.42,INR,BANK_TRANSFER,SUCCESS,VENDPAY_00002477
VPAY_002478,VINV_002478,VEND_000109,2026-01-01T22:18:00,BANK_003,75077.50,INR,BANK_TRANSFER,SUCCESS,VENDPAY_00002478
VPAY_002479,VINV_002479,VEND_000091,2025-12-30T23:37:00,BANK_003,45858.34,INR,BANK_TRANSFER,SUCCESS,VENDPAY_00002479
VPAY_002480,VINV_002480,VEND_000106,2026-01-10T02:39:00,BANK_003,71297.96,INR,BANK_TRANSFER,SUCCESS,VENDPAY_00002480
VPAY_002481,VINV_002481,VEND_000096,2026-01-05T21:48:00,BANK_003,80643.56,INR,BANK_TRANSFER,SUCCESS,VENDPAY_00002481
VPAY_002482,VINV_002482,VEND_000099,2026-01-04T01:51:00,BANK_003,38944.72,INR,BANK_TRANSFER,SUCCESS,VENDPAY_00002482
VPAY_002483,VINV_002483,VEND_000102,2025-12-23T22:05:00,BANK_003,25795.98,INR,BANK_TRANSFER,SUCCESS,VENDPAY_00002483
VPAY_002484,VINV_002484,VEND_000103,2026-01-04T04:29:00,BANK_003,41842.80,INR,BANK_TRANSFER,SUCCESS,VENDPAY_00002484
VPAY_002485,VINV_002485,VEND_000106,2026-01-23T22:08:00,BANK_003,88907.10,INR,BANK_TRANSFER,SUCCESS,VENDPAY_00002485
VPAY_002486,VINV_002486,VEND_000096,2026-01-08T22:43:00,BANK_003,88373.74,INR,BANK_TRANSFER,SUCCESS,VENDPAY_00002486
VPAY_002487,VINV_002487,VEND_000091,2025-12-29T21:12:00,BANK_003,36118.62,INR,BANK_TRANSFER,SUCCESS,VENDPAY_00002487
VPAY_002488,VINV_002488,VEND_000102,2026-01-11T00:32:00,BANK_003,84346.40,INR,BANK_TRANSFER,SUCCESS,VENDPAY_00002488
VPAY_002489,VINV_002489,VEND_000107,2026-01-09T01:38:00,BANK_003,97980.12,INR,BANK_TRANSFER,SUCCESS,VENDPAY_00002489
VPAY_002490,VINV_002490,VEND_000106,2026-01-14T04:08:00,BANK_003,98703.46,INR,BANK_TRANSFER,SUCCESS,VENDPAY_00002490
VPAY_002491,VINV_002491,VEND_000105,2026-01-07T23:05:00,BANK_003,87360.12,INR,BANK_TRANSFER,SUCCESS,VENDPAY_00002491
VPAY_002492,VINV_002492,VEND_000095,2026-01-01T22:13:00,BANK_003,101239.28,INR,BANK_TRANSFER,SUCCESS,VENDPAY_00002492
VPAY_002493,VINV_002493,VEND_000092,2026-01-13T03:27:00,BANK_003,104841.82,INR,BANK_TRANSFER,SUCCESS,VENDPAY_00002493
VPAY_002494,VINV_002494,VEND_000100,2026-01-14T21:00:00,BANK_003,60119.82,INR,BANK_TRANSFER,SUCCESS,VENDPAY_00002494
VPAY_002495,VINV_002495,VEND_000096,2025-12-26T03:55:00,BANK_003,65793.26,INR,BANK_TRANSFER,SUCCESS,VENDPAY_00002495
VPAY_002496,VINV_002496,VEND_000110,2025-12-27T22:30:00,BANK_003,98579.56,INR,BANK_TRANSFER,SUCCESS,VENDPAY_00002496
VPAY_002497,VINV_002497,VEND_000094,2026-01-08T03:22:00,BANK_003,111374.30,INR,BANK_TRANSFER,SUCCESS,VENDPAY_00002497
VPAY_002498,VINV_002498,VEND_000092,2026-01-15T23:25:00,BANK_003,73523.44,INR,BANK_TRANSFER,SUCCESS,VENDPAY_00002498
VPAY_002499,VINV_002499,VEND_000092,2026-01-09T03:25:00,BANK_003,42782.08,INR,BANK_TRANSFER,SUCCESS,VENDPAY_00002499
VPAY_002500,VINV_002500,VEND_000092,2026-01-18T02:30:00,BANK_003,57680.76,INR,BANK_TRANSFER,SUCCESS,VENDPAY_00002500
VPAY_002501,VINV_002501,VEND_000093,2026-01-14T01:48:00,BANK_003,72557.00,INR,BANK_TRANSFER,SUCCESS,VENDPAY_00002501
VPAY_002502,VINV_002502,VEND_000106,2026-01-10T21:31:00,BANK_003,41263.42,INR,BANK_TRANSFER,SUCCESS,VENDPAY_00002502
VPAY_002503,VINV_002503,VEND_000106,2026-01-09T21:46:00,BANK_003,99747.76,INR,BANK_TRANSFER,SUCCESS,VENDPAY_00002503
VPAY_002504,VINV_002504,VEND_000100,2026-01-03T03:48:00,BANK_003,56465.36,INR,BANK_TRANSFER,SUCCESS,VENDPAY_00002504
VPAY_002505,VINV_002505,VEND_000097,2026-01-21T03:43:00,BANK_003,103858.88,INR,BANK_TRANSFER,SUCCESS,VENDPAY_00002505
VPAY_002506,VINV_002506,VEND_000091,2026-01-05T20:43:00,BANK_003,106690.88,INR,BANK_TRANSFER,SUCCESS,VENDPAY_00002506
VPAY_002507,VINV_002507,VEND_000095,2026-01-18T00:53:00,BANK_003,87702.32,INR,BANK_TRANSFER,SUCCESS,VENDPAY_00002507
VPAY_002508,VINV_002508,VEND_000094,2026-01-04T00:58:00,BANK_003,78111.28,INR,BANK_TRANSFER,SUCCESS,VENDPAY_00002508
VPAY_002509,VINV_002509,VEND_000092,2026-01-10T01:05:00,BANK_003,58076.06,INR,BANK_TRANSFER,SUCCESS,VENDPAY_00002509
VPAY_002510,VINV_002510,VEND_000108,2025-12-19T23:35:00,BANK_003,109096.90,INR,BANK_TRANSFER,SUCCESS,VENDPAY_00002510
VPAY_002511,VINV_002511,VEND_000098,2026-01-04T23:59:00,BANK_003,25455.00,INR,BANK_TRANSFER,SUCCESS,VENDPAY_00002511
VPAY_002512,VINV_002512,VEND_000100,2026-01-13T04:06:00,BANK_003,28001.40,INR,BANK_TRANSFER,SUCCESS,VENDPAY_00002512
VPAY_002513,VINV_002513,VEND_000095,2026-01-08T03:31:00,BANK_003,82767.56,INR,BANK_TRANSFER,SUCCESS,VENDPAY_00002513
VPAY_002514,VINV_002514,VEND_000093,2026-01-06T21:15:00,BANK_003,50794.00,INR,BANK_TRANSFER,SUCCESS,VENDPAY_00002514
VPAY_002515,VINV_002515,VEND_000102,2026-01-07T03:31:00,BANK_003,55310.14,INR,BANK_TRANSFER,SUCCESS,VENDPAY_00002515
VPAY_002516,VINV_002516,VEND_000108,2026-01-07T22:48:00,BANK_003,66507.16,INR,BANK_TRANSFER,SUCCESS,VENDPAY_00002516
VPAY_002517,VINV_002517,VEND_000108,2025-12-23T23:08:00,BANK_003,99104.66,INR,BANK_TRANSFER,SUCCESS,VENDPAY_00002517
VPAY_002518,VINV_002518,VEND_000110,2025-12-27T00:38:00,BANK_003,96439.04,INR,BANK_TRANSFER,SUCCESS,VENDPAY_00002518
VPAY_002519,VINV_002519,VEND_000107,2026-01-11T22:48:00,BANK_003,56894.88,INR,BANK_TRANSFER,SUCCESS,VENDPAY_00002519
VPAY_002520,VINV_002520,VEND_000095,2025-12-26T00:59:00,BANK_003,26787.18,INR,BANK_TRANSFER,SUCCESS,VENDPAY_00002520
VPAY_002521,VINV_002521,VEND_000105,2025-12-19T01:17:00,BANK_003,38908.14,INR,BANK_TRANSFER,SUCCESS,VENDPAY_00002521
VPAY_002522,VINV_002522,VEND_000109,2025-12-27T22:38:00,BANK_003,80657.72,INR,BANK_TRANSFER,SUCCESS,VENDPAY_00002522
VPAY_002523,VINV_002523,VEND_000110,2025-12-31T00:41:00,BANK_003,80621.14,INR,BANK_TRANSFER,SUCCESS,VENDPAY_00002523
VPAY_002524,VINV_002524,VEND_000092,2026-01-08T21:27:00,BANK_003,55953.24,INR,BANK_TRANSFER,SUCCESS,VENDPAY_00002524
VPAY_002525,VINV_002525,VEND_000108,2026-01-08T21:47:00,BANK_003,29321.82,INR,BANK_TRANSFER,SUCCESS,VENDPAY_00002525
VPAY_002526,VINV_002526,VEND_000102,2026-01-11T21:17:00,BANK_003,25259.08,INR,BANK_TRANSFER,SUCCESS,VENDPAY_00002526
VPAY_002527,VINV_002527,VEND_000099,2026-01-03T00:12:00,BANK_003,54730.76,INR,BANK_TRANSFER,SUCCESS,VENDPAY_00002527
VPAY_002528,VINV_002528,VEND_000092,2026-01-19T23:46:00,BANK_003,38130.52,INR,BANK_TRANSFER,SUCCESS,VENDPAY_00002528
VPAY_002529,VINV_002529,VEND_000108,2025-12-31T23:21:00,BANK_003,92927.36,INR,BANK_TRANSFER,SUCCESS,VENDPAY_00002529
VPAY_002530,VINV_002530,VEND_000103,2026-01-11T00:05:00,BANK_003,93519.72,INR,BANK_TRANSFER,SUCCESS,VENDPAY_00002530
VPAY_002531,VINV_002531,VEND_000091,2026-01-14T00:09:00,BANK_003,64653.38,INR,BANK_TRANSFER,SUCCESS,VENDPAY_00002531
VPAY_002532,VINV_002532,VEND_000108,2025-12-29T03:42:00,BANK_003,66993.32,INR,BANK_TRANSFER,SUCCESS,VENDPAY_00002532
VPAY_002533,VINV_002533,VEND_000099,2026-01-07T02:47:00,BANK_003,77181.44,INR,BANK_TRANSFER,SUCCESS,VENDPAY_00002533
VPAY_002534,VINV_002534,VEND_000110,2025-12-17T22:49:00,BANK_003,23148.06,INR,BANK_TRANSFER,SUCCESS,VENDPAY_00002534
VPAY_002535,VINV_002535,VEND_000096,2026-01-06T21:24:00,BANK_003,89880.60,INR,BANK_TRANSFER,SUCCESS,VENDPAY_00002535
VPAY_002536,VINV_002536,VEND_000092,2026-01-18T03:17:00,BANK_003,76721.24,INR,BANK_TRANSFER,SUCCESS,VENDPAY_00002536
VPAY_002537,VINV_002537,VEND_000109,2025-12-27T03:52:00,BANK_003,33542.68,INR,BANK_TRANSFER,SUCCESS,VENDPAY_00002537
VPAY_002538,VINV_002538,VEND_000105,2025-12-27T04:29:00,BANK_003,49049.06,INR,BANK_TRANSFER,SUCCESS,VENDPAY_00002538
VPAY_002539,VINV_002539,VEND_000106,2026-01-10T04:24:00,BANK_003,40916.50,INR,BANK_TRANSFER,SUCCESS,VENDPAY_00002539
VPAY_002540,VINV_002540,VEND_000110,2025-12-28T02:59:00,BANK_003,28907.64,INR,BANK_TRANSFER,SUCCESS,VENDPAY_00002540
VPAY_002541,VINV_002541,VEND_000107,2026-01-15T22:51:00,BANK_003,89340.16,INR,BANK_TRANSFER,SUCCESS,VENDPAY_00002541
VPAY_002542,VINV_002542,VEND_000098,2026-01-24T23:01:00,BANK_003,25970.00,INR,BANK_TRANSFER,SUCCESS,VENDPAY_00002542
VPAY_002543,VINV_002543,VEND_000102,2026-01-14T21:46:00,BANK_003,104826.48,INR,BANK_TRANSFER,SUCCESS,VENDPAY_00002543
VPAY_002544,VINV_002544,VEND_000093,2026-01-07T03:09:00,BANK_003,84445.00,INR,BANK_TRANSFER,SUCCESS,VENDPAY_00002544
VPAY_002545,VINV_002545,VEND_000101,2026-01-04T02:51:00,BANK_003,109454.44,INR,BANK_TRANSFER,SUCCESS,VENDPAY_00002545
VPAY_002546,VINV_002546,VEND_000104,2026-01-10T02:08:00,BANK_003,55104.00,INR,BANK_TRANSFER,SUCCESS,VENDPAY_00002546
VPAY_002547,VINV_002547,VEND_000102,2026-01-01T00:59:00,BANK_003,73050.26,INR,BANK_TRANSFER,SUCCESS,VENDPAY_00002547
VPAY_002548,VINV_002548,VEND_000100,2026-01-07T21:46:00,BANK_003,26057.94,INR,BANK_TRANSFER,SUCCESS,VENDPAY_00002548
VPAY_002549,VINV_002549,VEND_000095,2025-12-27T01:57:00,BANK_003,25188.28,INR,BANK_TRANSFER,SUCCESS,VENDPAY_00002549
VPAY_002550,VINV_002550,VEND_000107,2026-01-20T21:35:00,BANK_003,99837.44,INR,BANK_TRANSFER,SUCCESS,VENDPAY_00002550
VPAY_002551,VINV_002551,VEND_000103,2025-12-15T02:45:00,BANK_003,111360.14,INR,BANK_TRANSFER,SUCCESS,VENDPAY_00002551
VPAY_002552,VINV_002552,VEND_000093,2026-01-02T00:49:00,BANK_003,28133.00,INR,BANK_TRANSFER,SUCCESS,VENDPAY_00002552
VPAY_002553,VINV_002553,VEND_000094,2025-12-20T20:45:00,BANK_003,102865.32,INR,BANK_TRANSFER,SUCCESS,VENDPAY_00002553
VPAY_002554,VINV_002554,VEND_000107,2026-01-12T22:12:00,BANK_003,89449.90,INR,BANK_TRANSFER,SUCCESS,VENDPAY_00002554
VPAY_002555,VINV_002555,VEND_000100,2026-01-09T00:51:00,BANK_003,58982.30,INR,BANK_TRANSFER,SUCCESS,VENDPAY_00002555
VPAY_002556,VINV_002556,VEND_000101,2026-01-15T02:05:00,BANK_003,39089.86,INR,BANK_TRANSFER,SUCCESS,VENDPAY_00002556
VPAY_002557,VINV_002557,VEND_000104,2026-01-04T23:10:00,BANK_003,65432.00,INR,BANK_TRANSFER,SUCCESS,VENDPAY_00002557
VPAY_002558,VINV_002558,VEND_000106,2026-01-13T04:32:00,BANK_003,56866.56,INR,BANK_TRANSFER,SUCCESS,VENDPAY_00002558
VPAY_002559,VINV_002559,VEND_000095,2025-12-31T01:54:00,BANK_003,104389.88,INR,BANK_TRANSFER,SUCCESS,VENDPAY_00002559
VPAY_002560,VINV_002560,VEND_000095,2026-01-02T02:45:00,BANK_003,61495.70,INR,BANK_TRANSFER,SUCCESS,VENDPAY_00002560
VPAY_002561,VINV_002561,VEND_000104,2026-01-19T02:30:00,BANK_003,73184.00,INR,BANK_TRANSFER,SUCCESS,VENDPAY_00002561
VPAY_002562,VINV_002562,VEND_000097,2026-01-17T03:47:00,BANK_003,49065.58,INR,BANK_TRANSFER,SUCCESS,VENDPAY_00002562
VPAY_002563,VINV_002563,VEND_000099,2026-01-24T22:54:00,BANK_003,107013.02,INR,BANK_TRANSFER,SUCCESS,VENDPAY_00002563
VPAY_002564,VINV_002564,VEND_000095,2026-01-05T00:36:00,BANK_003,26509.88,INR,BANK_TRANSFER,SUCCESS,VENDPAY_00002564
VPAY_002565,VINV_002565,VEND_000095,2026-01-08T22:10:00,BANK_003,100875.84,INR,BANK_TRANSFER,SUCCESS,VENDPAY_00002565
VPAY_002566,VINV_002566,VEND_000102,2026-01-07T21:20:00,BANK_003,40951.90,INR,BANK_TRANSFER,SUCCESS,VENDPAY_00002566
VPAY_002567,VINV_002567,VEND_000094,2026-01-03T04:09:00,BANK_003,73332.28,INR,BANK_TRANSFER,SUCCESS,VENDPAY_00002567
VPAY_002568,VINV_002568,VEND_000092,2026-01-25T22:40:00,BANK_003,32645.88,INR,BANK_TRANSFER,SUCCESS,VENDPAY_00002568
VPAY_002569,VINV_002569,VEND_000104,2026-01-26T21:10:00,BANK_003,76950.00,INR,BANK_TRANSFER,SUCCESS,VENDPAY_00002569
VPAY_002570,VINV_002570,VEND_000106,2026-01-26T00:04:00,BANK_003,42058.74,INR,BANK_TRANSFER,SUCCESS,VENDPAY_00002570
VPAY_002571,VINV_002571,VEND_000091,2026-01-14T03:46:00,BANK_003,78446.40,INR,BANK_TRANSFER,SUCCESS,VENDPAY_00002571
VPAY_002572,VINV_002572,VEND_000105,2026-01-04T02:11:00,BANK_003,48572.34,INR,BANK_TRANSFER,SUCCESS,VENDPAY_00002572
VPAY_002573,VINV_002573,VEND_000094,2026-01-02T04:26:00,BANK_003,57162.74,INR,BANK_TRANSFER,SUCCESS,VENDPAY_00002573
VPAY_002574,VINV_002574,VEND_000107,2026-01-23T02:43:00,BANK_003,102468.84,INR,BANK_TRANSFER,SUCCESS,VENDPAY_00002574
VPAY_002575,VINV_002575,VEND_000103,2025-12-24T01:33:00,BANK_003,70512.08,INR,BANK_TRANSFER,SUCCESS,VENDPAY_00002575
VPAY_002576,VINV_002576,VEND_000097,2026-01-18T21:23:00,BANK_003,87828.58,INR,BANK_TRANSFER,SUCCESS,VENDPAY_00002576
VPAY_002577,VINV_002577,VEND_000100,2026-01-06T00:27:00,BANK_003,46850.72,INR,BANK_TRANSFER,SUCCESS,VENDPAY_00002577
VPAY_002578,VINV_002578,VEND_000098,2026-01-10T23:17:00,BANK_003,40193.00,INR,BANK_TRANSFER,SUCCESS,VENDPAY_00002578
VPAY_002579,VINV_002579,VEND_000094,2026-01-16T22:20:00,BANK_003,57071.88,INR,BANK_TRANSFER,SUCCESS,VENDPAY_00002579
VPAY_002580,VINV_002580,VEND_000108,2025-12-24T01:12:00,BANK_003,99917.68,INR,BANK_TRANSFER,SUCCESS,VENDPAY_00002580
VPAY_002581,VINV_002581,VEND_000108,2025-12-24T00:24:00,BANK_003,104435.90,INR,BANK_TRANSFER,SUCCESS,VENDPAY_00002581
VPAY_002582,VINV_002582,VEND_000091,2025-12-28T03:15:00,BANK_003,78394.48,INR,BANK_TRANSFER,SUCCESS,VENDPAY_00002582
VPAY_002583,VINV_002583,VEND_000107,2026-01-17T03:10:00,BANK_003,40754.84,INR,BANK_TRANSFER,SUCCESS,VENDPAY_00002583
VPAY_002584,VINV_002584,VEND_000094,2026-01-05T20:43:00,BANK_003,89973.82,INR,BANK_TRANSFER,SUCCESS,VENDPAY_00002584
VPAY_002585,VINV_002585,VEND_000095,2026-01-16T00:13:00,BANK_003,64306.46,INR,BANK_TRANSFER,SUCCESS,VENDPAY_00002585
VPAY_002586,VINV_002586,VEND_000093,2026-01-16T02:11:00,BANK_003,47155.00,INR,BANK_TRANSFER,SUCCESS,VENDPAY_00002586
VPAY_002587,VINV_002587,VEND_000101,2026-01-07T02:09:00,BANK_003,63944.20,INR,BANK_TRANSFER,SUCCESS,VENDPAY_00002587
VPAY_002588,VINV_002588,VEND_000101,2026-01-05T21:36:00,BANK_003,27171.86,INR,BANK_TRANSFER,SUCCESS,VENDPAY_00002588
VPAY_002589,VINV_002589,VEND_000108,2026-01-05T20:57:00,BANK_003,26750.60,INR,BANK_TRANSFER,SUCCESS,VENDPAY_00002589
VPAY_002590,VINV_002590,VEND_000109,2025-12-25T21:58:00,BANK_003,79425.80,INR,BANK_TRANSFER,SUCCESS,VENDPAY_00002590
VPAY_002591,VINV_002591,VEND_000095,2025-12-28T23:05:00,BANK_003,96175.90,INR,BANK_TRANSFER,SUCCESS,VENDPAY_00002591
VPAY_002592,VINV_002592,VEND_000097,2026-01-19T03:59:00,BANK_003,34959.86,INR,BANK_TRANSFER,SUCCESS,VENDPAY_00002592
VPAY_002593,VINV_002593,VEND_000093,2026-01-10T00:29:00,BANK_003,82315.00,INR,BANK_TRANSFER,SUCCESS,VENDPAY_00002593
VPAY_002594,VINV_002594,VEND_000092,2026-01-26T23:06:00,BANK_003,85913.44,INR,BANK_TRANSFER,SUCCESS,VENDPAY_00002594
VPAY_002595,VINV_002595,VEND_000098,2026-01-18T03:31:00,BANK_003,63705.00,INR,BANK_TRANSFER,SUCCESS,VENDPAY_00002595
VPAY_002596,VINV_002596,VEND_000098,2026-01-23T20:31:00,BANK_003,56288.00,INR,BANK_TRANSFER,SUCCESS,VENDPAY_00002596
VPAY_002597,VINV_002597,VEND_000103,2026-01-05T01:11:00,BANK_003,76474.62,INR,BANK_TRANSFER,SUCCESS,VENDPAY_00002597
VPAY_002598,VINV_002598,VEND_000094,2026-01-06T21:27:00,BANK_003,65670.54,INR,BANK_TRANSFER,SUCCESS,VENDPAY_00002598
VPAY_002599,VINV_002599,VEND_000104,2026-01-10T01:22:00,BANK_003,33180.00,INR,BANK_TRANSFER,SUCCESS,VENDPAY_00002599
VPAY_002600,VINV_002600,VEND_000102,2026-01-15T02:01:00,BANK_003,82810.04,INR,BANK_TRANSFER,SUCCESS,VENDPAY_00002600
VPAY_002601,VINV_002601,VEND_000106,2026-01-24T00:17:00,BANK_003,84962.36,INR,BANK_TRANSFER,SUCCESS,VENDPAY_00002601
VPAY_002602,VINV_002602,VEND_000107,2026-01-10T21:22:00,BANK_003,54508.92,INR,BANK_TRANSFER,SUCCESS,VENDPAY_00002602
VPAY_002603,VINV_002603,VEND_000101,2026-01-03T23:37:00,BANK_003,84842.00,INR,BANK_TRANSFER,SUCCESS,VENDPAY_00002603
VPAY_002604,VINV_002604,VEND_000099,2026-01-11T01:27:00,BANK_003,29688.80,INR,BANK_TRANSFER,SUCCESS,VENDPAY_00002604
VPAY_002605,VINV_002605,VEND_000092,2026-01-17T02:22:00,BANK_003,68955.66,INR,BANK_TRANSFER,SUCCESS,VENDPAY_00002605
VPAY_002606,VINV_002606,VEND_000096,2025-12-30T02:29:00,BANK_003,104142.08,INR,BANK_TRANSFER,SUCCESS,VENDPAY_00002606
VPAY_002607,VINV_002607,VEND_000110,2025-12-23T03:55:00,BANK_003,72230.16,INR,BANK_TRANSFER,SUCCESS,VENDPAY_00002607
VPAY_002608,VINV_002608,VEND_000091,2025-12-26T02:10:00,BANK_003,79886.00,INR,BANK_TRANSFER,SUCCESS,VENDPAY_00002608
VPAY_002609,VINV_002609,VEND_000108,2026-01-08T01:04:00,BANK_003,31055.24,INR,BANK_TRANSFER,SUCCESS,VENDPAY_00002609
VPAY_002610,VINV_002610,VEND_000097,2026-01-20T21:03:00,BANK_003,45520.86,INR,BANK_TRANSFER,SUCCESS,VENDPAY_00002610
VPAY_002611,VINV_002611,VEND_000096,2026-01-02T21:09:00,BANK_003,79065.90,INR,BANK_TRANSFER,SUCCESS,VENDPAY_00002611
VPAY_002612,VINV_002612,VEND_000098,2025-12-30T04:42:00,BANK_003,19787.00,INR,BANK_TRANSFER,SUCCESS,VENDPAY_00002612
VPAY_002613,VINV_002613,VEND_000107,2026-01-18T22:15:00,BANK_003,37095.66,INR,BANK_TRANSFER,SUCCESS,VENDPAY_00002613
VPAY_002614,VINV_002614,VEND_000100,2026-01-02T21:48:00,BANK_003,67865.34,INR,BANK_TRANSFER,SUCCESS,VENDPAY_00002614
VPAY_002615,VINV_002615,VEND_000094,2026-01-08T21:47:00,BANK_003,79680.68,INR,BANK_TRANSFER,SUCCESS,VENDPAY_00002615
VPAY_002616,VINV_002616,VEND_000099,2026-01-07T01:28:00,BANK_003,34373.40,INR,BANK_TRANSFER,SUCCESS,VENDPAY_00002616
VPAY_002617,VINV_002617,VEND_000108,2025-12-20T22:16:00,BANK_003,44724.36,INR,BANK_TRANSFER,SUCCESS,VENDPAY_00002617
VPAY_002618,VINV_002618,VEND_000110,2025-12-28T23:55:00,BANK_003,69524.42,INR,BANK_TRANSFER,SUCCESS,VENDPAY_00002618
VPAY_002619,VINV_002619,VEND_000105,2025-12-21T00:59:00,BANK_003,52584.34,INR,BANK_TRANSFER,SUCCESS,VENDPAY_00002619
VPAY_002620,VINV_002620,VEND_000104,2026-01-11T23:31:00,BANK_003,30197.00,INR,BANK_TRANSFER,SUCCESS,VENDPAY_00002620
VPAY_002621,VINV_002621,VEND_000108,2025-12-26T01:15:00,BANK_003,99592.00,INR,BANK_TRANSFER,SUCCESS,VENDPAY_00002621
VPAY_002622,VINV_002622,VEND_000103,2026-01-05T00:16:00,BANK_003,78888.90,INR,BANK_TRANSFER,SUCCESS,VENDPAY_00002622
VPAY_002623,VINV_002623,VEND_000109,2026-01-01T01:20:00,BANK_003,25089.16,INR,BANK_TRANSFER,SUCCESS,VENDPAY_00002623
VPAY_002624,VINV_002624,VEND_000106,2026-01-08T23:41:00,BANK_003,108339.34,INR,BANK_TRANSFER,SUCCESS,VENDPAY_00002624
VPAY_002625,VINV_002625,VEND_000093,2026-01-05T22:05:00,BANK_003,30502.00,INR,BANK_TRANSFER,SUCCESS,VENDPAY_00002625
VPAY_002626,VINV_002626,VEND_000106,2026-01-05T03:19:00,BANK_003,59900.34,INR,BANK_TRANSFER,SUCCESS,VENDPAY_00002626
VPAY_002627,VINV_002627,VEND_000106,2026-01-25T22:57:00,BANK_003,102191.54,INR,BANK_TRANSFER,SUCCESS,VENDPAY_00002627
VPAY_002628,VINV_002628,VEND_000106,2026-01-15T21:27:00,BANK_003,60218.94,INR,BANK_TRANSFER,SUCCESS,VENDPAY_00002628
VPAY_002629,VINV_002629,VEND_000092,2026-01-25T00:32:00,BANK_003,70955.76,INR,BANK_TRANSFER,SUCCESS,VENDPAY_00002629
VPAY_002630,VINV_002630,VEND_000099,2026-01-20T01:02:00,BANK_003,53599.14,INR,BANK_TRANSFER,SUCCESS,VENDPAY_00002630
VPAY_002631,VINV_002631,VEND_000101,2026-01-02T21:13:00,BANK_003,57699.64,INR,BANK_TRANSFER,SUCCESS,VENDPAY_00002631
VPAY_002632,VINV_002632,VEND_000093,2026-01-06T01:27:00,BANK_003,31768.00,INR,BANK_TRANSFER,SUCCESS,VENDPAY_00002632
VPAY_002633,VINV_002633,VEND_000091,2026-01-09T03:47:00,BANK_003,46309.10,INR,BANK_TRANSFER,SUCCESS,VENDPAY_00002633
VPAY_002634,VINV_002634,VEND_000105,2025-12-22T21:50:00,BANK_003,38819.64,INR,BANK_TRANSFER,SUCCESS,VENDPAY_00002634
VPAY_002635,VINV_002635,VEND_000107,2026-01-09T03:04:00,BANK_003,96591.26,INR,BANK_TRANSFER,SUCCESS,VENDPAY_00002635
VPAY_002636,VINV_002636,VEND_000100,2026-01-11T03:49:00,BANK_003,39424.98,INR,BANK_TRANSFER,SUCCESS,VENDPAY_00002636
VPAY_002637,VINV_002637,VEND_000110,2026-01-05T21:37:00,BANK_003,78717.80,INR,BANK_TRANSFER,SUCCESS,VENDPAY_00002637
VPAY_002638,VINV_002638,VEND_000107,2026-01-21T21:02:00,BANK_003,52862.82,INR,BANK_TRANSFER,SUCCESS,VENDPAY_00002638
VPAY_002639,VINV_002639,VEND_000099,2026-01-20T03:33:00,BANK_003,94258.40,INR,BANK_TRANSFER,SUCCESS,VENDPAY_00002639
VPAY_002640,VINV_002640,VEND_000095,2026-01-07T01:50:00,BANK_003,46641.86,INR,BANK_TRANSFER,SUCCESS,VENDPAY_00002640
VPAY_002641,VINV_002641,VEND_000104,2026-01-06T21:17:00,BANK_003,41491.00,INR,BANK_TRANSFER,SUCCESS,VENDPAY_00002641
VPAY_002642,VINV_002642,VEND_000091,2026-01-15T02:16:00,BANK_003,69470.14,INR,BANK_TRANSFER,SUCCESS,VENDPAY_00002642
VPAY_002643,VINV_002643,VEND_000108,2025-12-29T22:27:00,BANK_003,92167.44,INR,BANK_TRANSFER,SUCCESS,VENDPAY_00002643
VPAY_002644,VINV_002644,VEND_000110,2025-12-20T21:23:00,BANK_003,45437.08,INR,BANK_TRANSFER,SUCCESS,VENDPAY_00002644
VPAY_002645,VINV_002645,VEND_000091,2025-12-31T20:55:00,BANK_003,51033.82,INR,BANK_TRANSFER,SUCCESS,VENDPAY_00002645
VPAY_002646,VINV_002646,VEND_000100,2026-01-22T02:42:00,BANK_003,78044.02,INR,BANK_TRANSFER,SUCCESS,VENDPAY_00002646
VPAY_002647,VINV_002647,VEND_000108,2026-01-07T22:12:00,BANK_003,104916.16,INR,BANK_TRANSFER,SUCCESS,VENDPAY_00002647
VPAY_002648,VINV_002648,VEND_000095,2026-01-16T02:06:00,BANK_003,37166.46,INR,BANK_TRANSFER,SUCCESS,VENDPAY_00002648
VPAY_002649,VINV_002649,VEND_000109,2025-12-19T23:55:00,BANK_003,37064.98,INR,BANK_TRANSFER,SUCCESS,VENDPAY_00002649
VPAY_002650,VINV_002650,VEND_000109,2026-01-11T04:43:00,BANK_003,64118.84,INR,BANK_TRANSFER,SUCCESS,VENDPAY_00002650
VPAY_002651,VINV_002651,VEND_000091,2025-12-25T21:10:00,BANK_003,57095.48,INR,BANK_TRANSFER,SUCCESS,VENDPAY_00002651
VPAY_002652,VINV_002652,VEND_000106,2026-01-14T02:24:00,BANK_003,21277.76,INR,BANK_TRANSFER,SUCCESS,VENDPAY_00002652
VPAY_002653,VINV_002653,VEND_000105,2026-01-08T22:20:00,BANK_003,87034.44,INR,BANK_TRANSFER,SUCCESS,VENDPAY_00002653
VPAY_002654,VINV_002654,VEND_000094,2026-01-05T20:44:00,BANK_003,58478.44,INR,BANK_TRANSFER,SUCCESS,VENDPAY_00002654
VPAY_002655,VINV_002655,VEND_000106,2026-01-12T02:57:00,BANK_003,76144.22,INR,BANK_TRANSFER,SUCCESS,VENDPAY_00002655
VPAY_002656,VINV_002656,VEND_000110,2025-12-22T20:58:00,BANK_003,54322.48,INR,BANK_TRANSFER,SUCCESS,VENDPAY_00002656
VPAY_002657,VINV_002657,VEND_000104,2026-01-17T02:37:00,BANK_003,91464.00,INR,BANK_TRANSFER,SUCCESS,VENDPAY_00002657
VPAY_002658,VINV_002658,VEND_000108,2026-01-08T02:36:00,BANK_003,88582.60,INR,BANK_TRANSFER,SUCCESS,VENDPAY_00002658
VPAY_002659,VINV_002659,VEND_000102,2026-01-13T20:51:00,BANK_003,93325.02,INR,BANK_TRANSFER,SUCCESS,VENDPAY_00002659
VPAY_002660,VINV_002660,VEND_000108,2025-12-31T03:19:00,BANK_003,50777.76,INR,BANK_TRANSFER,SUCCESS,VENDPAY_00002660
VPAY_002661,VINV_002661,VEND_000091,2026-01-06T21:44:00,BANK_003,51528.24,INR,BANK_TRANSFER,SUCCESS,VENDPAY_00002661
VPAY_002662,VINV_002662,VEND_000100,2026-01-05T21:27:00,BANK_003,72039.00,INR,BANK_TRANSFER,SUCCESS,VENDPAY_00002662
VPAY_002663,VINV_002663,VEND_000107,2026-01-21T23:23:00,BANK_003,23249.54,INR,BANK_TRANSFER,SUCCESS,VENDPAY_00002663
VPAY_002664,VINV_002664,VEND_000106,2025-12-29T22:21:00,BANK_003,82841.90,INR,BANK_TRANSFER,SUCCESS,VENDPAY_00002664
VPAY_002665,VINV_002665,VEND_000092,2026-01-03T00:52:00,BANK_003,109735.28,INR,BANK_TRANSFER,SUCCESS,VENDPAY_00002665
VPAY_002666,VINV_002666,VEND_000105,2025-12-24T00:52:00,BANK_003,97071.52,INR,BANK_TRANSFER,SUCCESS,VENDPAY_00002666
VPAY_002667,VINV_002667,VEND_000091,2026-01-15T03:58:00,BANK_003,44933.22,INR,BANK_TRANSFER,SUCCESS,VENDPAY_00002667
VPAY_002668,VINV_002668,VEND_000095,2026-01-05T20:56:00,BANK_003,34048.90,INR,BANK_TRANSFER,SUCCESS,VENDPAY_00002668
VPAY_002669,VINV_002669,VEND_000092,2026-01-01T03:26:00,BANK_003,69840.66,INR,BANK_TRANSFER,SUCCESS,VENDPAY_00002669
VPAY_002670,VINV_002670,VEND_000097,2026-01-15T01:30:00,BANK_003,23818.30,INR,BANK_TRANSFER,SUCCESS,VENDPAY_00002670
VPAY_002671,VINV_002671,VEND_000096,2026-01-15T22:32:00,BANK_003,112004.42,INR,BANK_TRANSFER,SUCCESS,VENDPAY_00002671
VPAY_002672,VINV_002672,VEND_000103,2026-01-09T02:00:00,BANK_003,85638.50,INR,BANK_TRANSFER,SUCCESS,VENDPAY_00002672
VPAY_002673,VINV_002673,VEND_000107,2026-01-25T20:50:00,BANK_003,44054.12,INR,BANK_TRANSFER,SUCCESS,VENDPAY_00002673
VPAY_002674,VINV_002674,VEND_000092,2026-01-21T22:15:00,BANK_003,63853.34,INR,BANK_TRANSFER,SUCCESS,VENDPAY_00002674
VPAY_002675,VINV_002675,VEND_000122,2025-12-20T21:46:00,BANK_003,127758.60,INR,BANK_TRANSFER,SUCCESS,VENDPAY_00002675
VPAY_002676,VINV_002676,VEND_000146,2026-01-05T01:01:00,BANK_003,83737.52,INR,BANK_TRANSFER,SUCCESS,VENDPAY_00002676
VPAY_002677,VINV_002677,VEND_000147,2025-12-07T02:48:00,BANK_003,137191.52,INR,BANK_TRANSFER,SUCCESS,VENDPAY_00002677
VPAY_002678,VINV_002678,VEND_000012,2026-02-04T02:49:00,BANK_003,89062.86,INR,BANK_TRANSFER,SUCCESS,VENDPAY_00002678
VPAY_002679,VINV_002679,VEND_000024,2026-02-20T01:19:00,BANK_003,151312.58,INR,BANK_TRANSFER,SUCCESS,VENDPAY_00002679
VPAY_002680,VINV_002680,VEND_000022,2026-02-23T00:50:00,BANK_003,56328.48,INR,BANK_TRANSFER,SUCCESS,VENDPAY_00002680
VPAY_002681,VINV_002681,VEND_000059,2026-02-24T02:29:00,BANK_003,78239.90,INR,BANK_TRANSFER,SUCCESS,VENDPAY_00002681
VPAY_002682,VINV_002682,VEND_000088,2026-02-10T23:31:00,BANK_003,251787.22,INR,BANK_TRANSFER,SUCCESS,VENDPAY_00002682
VPAY_002683,VINV_002683,VEND_000040,2026-02-28T23:00:00,BANK_003,69597.58,INR,BANK_TRANSFER,SUCCESS,VENDPAY_00002683
VPAY_002684,VINV_002684,VEND_000023,2026-02-21T01:27:00,BANK_003,139391.04,INR,BANK_TRANSFER,SUCCESS,VENDPAY_00002684
VPAY_002685,VINV_002685,VEND_000053,2026-02-07T22:42:00,BANK_003,104234.00,INR,BANK_TRANSFER,SUCCESS,VENDPAY_00002685
VPAY_002686,VINV_002686,VEND_000023,2026-02-24T00:44:00,BANK_003,144330.52,INR,BANK_TRANSFER,SUCCESS,VENDPAY_00002686
VPAY_002687,VINV_002687,VEND_000034,2026-02-15T20:31:00,BANK_003,81685.50,INR,BANK_TRANSFER,SUCCESS,VENDPAY_00002687
VPAY_002688,VINV_002688,VEND_000045,2026-02-17T23:08:00,BANK_003,251635.00,INR,BANK_TRANSFER,SUCCESS,VENDPAY_00002688
VPAY_002689,VINV_002689,VEND_000005,2026-02-14T00:11:00,BANK_003,234126.16,INR,BANK_TRANSFER,SUCCESS,VENDPAY_00002689
VPAY_002690,VINV_002690,VEND_000090,2026-02-13T22:59:00,BANK_003,187303.76,INR,BANK_TRANSFER,SUCCESS,VENDPAY_00002690
VPAY_002691,VINV_002691,VEND_000027,2026-03-07T21:53:00,BANK_003,158946.00,INR,BANK_TRANSFER,SUCCESS,VENDPAY_00002691
VPAY_002692,VINV_002692,VEND_000012,2026-02-07T22:27:00,BANK_003,211870.18,INR,BANK_TRANSFER,SUCCESS,VENDPAY_00002692
VPAY_002693,VINV_002693,VEND_000060,2026-02-01T00:57:00,BANK_003,133787.22,INR,BANK_TRANSFER,SUCCESS,VENDPAY_00002693
VPAY_002694,VINV_002694,VEND_000067,2026-02-20T01:52:00,BANK_003,256740.86,INR,BANK_TRANSFER,SUCCESS,VENDPAY_00002694
VPAY_002695,VINV_002695,VEND_000018,2026-03-06T20:41:00,BANK_003,197632.30,INR,BANK_TRANSFER,SUCCESS,VENDPAY_00002695
VPAY_002696,VINV_002696,VEND_000073,2026-03-12T02:52:00,BANK_003,169997.88,INR,BANK_TRANSFER,SUCCESS,VENDPAY_00002696
VPAY_002697,VINV_002697,VEND_000042,2026-02-22T01:04:00,BANK_003,85459.14,INR,BANK_TRANSFER,SUCCESS,VENDPAY_00002697
VPAY_002698,VINV_002698,VEND_000021,2026-02-27T02:17:00,BANK_003,183453.42,INR,BANK_TRANSFER,SUCCESS,VENDPAY_00002698
VPAY_002699,VINV_002699,VEND_000083,2026-02-06T21:07:00,BANK_003,84096.24,INR,BANK_TRANSFER,SUCCESS,VENDPAY_00002699
VPAY_002700,VINV_002700,VEND_000040,2026-03-02T22:24:00,BANK_003,103441.16,INR,BANK_TRANSFER,SUCCESS,VENDPAY_00002700
VPAY_002701,VINV_002701,VEND_000003,2026-02-16T02:13:00,BANK_003,188897.94,INR,BANK_TRANSFER,SUCCESS,VENDPAY_00002701
VPAY_002702,VINV_002702,VEND_000052,2026-02-09T01:56:00,BANK_003,199589.92,INR,BANK_TRANSFER,SUCCESS,VENDPAY_00002702
VPAY_002703,VINV_002703,VEND_000077,2026-02-16T20:31:00,BANK_003,157614.96,INR,BANK_TRANSFER,SUCCESS,VENDPAY_00002703
VPAY_002704,VINV_002704,VEND_000039,2026-02-23T23:42:00,BANK_003,65512.42,INR,BANK_TRANSFER,SUCCESS,VENDPAY_00002704
VPAY_002705,VINV_002705,VEND_000054,2026-02-24T21:56:00,BANK_003,184841.10,INR,BANK_TRANSFER,SUCCESS,VENDPAY_00002705
VPAY_002706,VINV_002706,VEND_000076,2026-02-07T00:27:00,BANK_003,61932.30,INR,BANK_TRANSFER,SUCCESS,VENDPAY_00002706
VPAY_002707,VINV_002707,VEND_000039,2026-03-06T02:46:00,BANK_003,237722.80,INR,BANK_TRANSFER,SUCCESS,VENDPAY_00002707
VPAY_002708,VINV_002708,VEND_000073,2026-02-21T03:32:00,BANK_003,96265.58,INR,BANK_TRANSFER,SUCCESS,VENDPAY_00002708
VPAY_002709,VINV_002709,VEND_000007,2026-02-25T21:00:00,BANK_003,68697.00,INR,BANK_TRANSFER,SUCCESS,VENDPAY_00002709
VPAY_002710,VINV_002710,VEND_000045,2026-02-14T00:41:00,BANK_003,194992.64,INR,BANK_TRANSFER,SUCCESS,VENDPAY_00002710
VPAY_002711,VINV_002711,VEND_000001,2026-02-05T21:32:00,BANK_003,256827.00,INR,BANK_TRANSFER,SUCCESS,VENDPAY_00002711
VPAY_002712,VINV_002712,VEND_000039,2026-02-19T02:56:00,BANK_003,148226.88,INR,BANK_TRANSFER,SUCCESS,VENDPAY_00002712
VPAY_002713,VINV_002713,VEND_000027,2026-02-21T00:23:00,BANK_003,188136.84,INR,BANK_TRANSFER,SUCCESS,VENDPAY_00002713
VPAY_002714,VINV_002714,VEND_000020,2026-02-27T19:13:00,BANK_003,224885.58,INR,BANK_TRANSFER,SUCCESS,VENDPAY_00002714
VPAY_002715,VINV_002715,VEND_000021,2026-02-19T22:58:00,BANK_003,159729.52,INR,BANK_TRANSFER,SUCCESS,VENDPAY_00002715
VPAY_002716,VINV_002716,VEND_000090,2026-02-17T01:55:00,BANK_003,118829.54,INR,BANK_TRANSFER,SUCCESS,VENDPAY_00002716
VPAY_002717,VINV_002717,VEND_000060,2026-02-05T02:00:00,BANK_003,128186.94,INR,BANK_TRANSFER,SUCCESS,VENDPAY_00002717
VPAY_002718,VINV_002718,VEND_000041,2026-02-11T00:24:00,BANK_003,94403.54,INR,BANK_TRANSFER,SUCCESS,VENDPAY_00002718
VPAY_002719,VINV_002719,VEND_000037,2026-03-06T23:53:00,BANK_003,184438.72,INR,BANK_TRANSFER,SUCCESS,VENDPAY_00002719
VPAY_002720,VINV_002720,VEND_000045,2026-02-22T23:24:00,BANK_003,204148.26,INR,BANK_TRANSFER,SUCCESS,VENDPAY_00002720
VPAY_002721,VINV_002721,VEND_000029,2026-02-02T01:16:00,BANK_003,204520.00,INR,BANK_TRANSFER,SUCCESS,VENDPAY_00002721
VPAY_002722,VINV_002722,VEND_000048,2026-02-12T01:58:00,BANK_003,165163.42,INR,BANK_TRANSFER,SUCCESS,VENDPAY_00002722
VPAY_002723,VINV_002723,VEND_000079,2026-02-14T03:18:00,BANK_003,238440.24,INR,BANK_TRANSFER,SUCCESS,VENDPAY_00002723
VPAY_002724,VINV_002724,VEND_000083,2026-02-05T19:42:00,BANK_003,124268.16,INR,BANK_TRANSFER,SUCCESS,VENDPAY_00002724
VPAY_002725,VINV_002725,VEND_000006,2026-02-11T00:08:00,BANK_003,118440.14,INR,BANK_TRANSFER,SUCCESS,VENDPAY_00002725
VPAY_002726,VINV_002726,VEND_000044,2026-02-21T00:04:00,BANK_003,171902.40,INR,BANK_TRANSFER,SUCCESS,VENDPAY_00002726
VPAY_002727,VINV_002727,VEND_000020,2026-02-25T21:14:00,BANK_003,141247.18,INR,BANK_TRANSFER,SUCCESS,VENDPAY_00002727
VPAY_002728,VINV_002728,VEND_000005,2026-02-14T22:17:00,BANK_003,133840.32,INR,BANK_TRANSFER,SUCCESS,VENDPAY_00002728
VPAY_002729,VINV_002729,VEND_000051,2026-02-16T20:03:00,BANK_003,213130.42,INR,BANK_TRANSFER,SUCCESS,VENDPAY_00002729
VPAY_002730,VINV_002730,VEND_000045,2026-02-21T23:38:00,BANK_003,84466.76,INR,BANK_TRANSFER,SUCCESS,VENDPAY_00002730
VPAY_002731,VINV_002731,VEND_000002,2026-02-26T23:55:00,BANK_003,102865.32,INR,BANK_TRANSFER,SUCCESS,VENDPAY_00002731
VPAY_002732,VINV_002732,VEND_000088,2026-02-01T23:43:00,BANK_003,193748.92,INR,BANK_TRANSFER,SUCCESS,VENDPAY_00002732
VPAY_002733,VINV_002733,VEND_000055,2026-02-10T22:21:00,BANK_003,69961.02,INR,BANK_TRANSFER,SUCCESS,VENDPAY_00002733
VPAY_002734,VINV_002734,VEND_000082,2026-03-07T23:51:00,BANK_003,88968.46,INR,BANK_TRANSFER,SUCCESS,VENDPAY_00002734
VPAY_002735,VINV_002735,VEND_000065,2026-02-17T00:37:00,BANK_003,168424.94,INR,BANK_TRANSFER,SUCCESS,VENDPAY_00002735
VPAY_002736,VINV_002736,VEND_000069,2026-02-20T02:15:00,BANK_003,165962.28,INR,BANK_TRANSFER,SUCCESS,VENDPAY_00002736
VPAY_002737,VINV_002737,VEND_000055,2026-02-13T20:25:00,BANK_003,217574.30,INR,BANK_TRANSFER,SUCCESS,VENDPAY_00002737
VPAY_002738,VINV_002738,VEND_000020,2026-02-26T22:54:00,BANK_003,55251.14,INR,BANK_TRANSFER,SUCCESS,VENDPAY_00002738
VPAY_002739,VINV_002739,VEND_000026,2026-03-07T23:32:00,BANK_003,212371.68,INR,BANK_TRANSFER,SUCCESS,VENDPAY_00002739
VPAY_002740,VINV_002740,VEND_000056,2026-03-03T02:32:00,BANK_003,68115.50,INR,BANK_TRANSFER,SUCCESS,VENDPAY_00002740
VPAY_002741,VINV_002741,VEND_000016,2026-03-03T03:09:00,BANK_003,204554.18,INR,BANK_TRANSFER,SUCCESS,VENDPAY_00002741
VPAY_002742,VINV_002742,VEND_000077,2026-02-10T01:17:00,BANK_003,167333.44,INR,BANK_TRANSFER,SUCCESS,VENDPAY_00002742
VPAY_002743,VINV_002743,VEND_000087,2026-01-31T02:23:00,BANK_003,144705.76,INR,BANK_TRANSFER,SUCCESS,VENDPAY_00002743
VPAY_002744,VINV_002744,VEND_000023,2026-03-01T22:54:00,BANK_003,143807.78,INR,BANK_TRANSFER,SUCCESS,VENDPAY_00002744
VPAY_002745,VINV_002745,VEND_000058,2026-02-10T20:03:00,BANK_003,153518.00,INR,BANK_TRANSFER,SUCCESS,VENDPAY_00002745
VPAY_002746,VINV_002746,VEND_000077,2026-02-11T00:33:00,BANK_003,87646.86,INR,BANK_TRANSFER,SUCCESS,VENDPAY_00002746
VPAY_002747,VINV_002747,VEND_000069,2026-02-21T00:25:00,BANK_003,175660.70,INR,BANK_TRANSFER,SUCCESS,VENDPAY_00002747
VPAY_002748,VINV_002748,VEND_000069,2026-02-21T02:34:00,BANK_003,82353.38,INR,BANK_TRANSFER,SUCCESS,VENDPAY_00002748
VPAY_002749,VINV_002749,VEND_000082,2026-03-02T00:17:00,BANK_003,205738.90,INR,BANK_TRANSFER,SUCCESS,VENDPAY_00002749
VPAY_002750,VINV_002750,VEND_000045,2026-02-23T20:38:00,BANK_003,194782.60,INR,BANK_TRANSFER,SUCCESS,VENDPAY_00002750
VPAY_002751,VINV_002751,VEND_000068,2026-02-13T01:26:00,BANK_003,229128.86,INR,BANK_TRANSFER,SUCCESS,VENDPAY_00002751
VPAY_002752,VINV_002752,VEND_000042,2026-02-03T01:13:00,BANK_003,168416.68,INR,BANK_TRANSFER,SUCCESS,VENDPAY_00002752
VPAY_002753,VINV_002753,VEND_000049,2026-02-24T22:35:00,BANK_003,211671.94,INR,BANK_TRANSFER,SUCCESS,VENDPAY_00002753
VPAY_002754,VINV_002754,VEND_000082,2026-02-25T03:05:00,BANK_003,146512.34,INR,BANK_TRANSFER,SUCCESS,VENDPAY_00002754
VPAY_002755,VINV_002755,VEND_000024,2026-02-24T20:51:00,BANK_003,132552.94,INR,BANK_TRANSFER,SUCCESS,VENDPAY_00002755
VPAY_002756,VINV_002756,VEND_000056,2026-02-17T21:38:00,BANK_003,89113.60,INR,BANK_TRANSFER,SUCCESS,VENDPAY_00002756
VPAY_002757,VINV_002757,VEND_000039,2026-03-05T02:35:00,BANK_003,243516.60,INR,BANK_TRANSFER,SUCCESS,VENDPAY_00002757
VPAY_002758,VINV_002758,VEND_000089,2026-02-12T01:54:00,BANK_003,68204.00,INR,BANK_TRANSFER,SUCCESS,VENDPAY_00002758
VPAY_002759,VINV_002759,VEND_000028,2026-02-10T00:29:00,BANK_003,188259.56,INR,BANK_TRANSFER,SUCCESS,VENDPAY_00002759
VPAY_002760,VINV_002760,VEND_000036,2026-02-23T02:05:00,BANK_003,208247.58,INR,BANK_TRANSFER,SUCCESS,VENDPAY_00002760
VPAY_002761,VINV_002761,VEND_000024,2026-02-09T19:10:00,BANK_003,141231.84,INR,BANK_TRANSFER,SUCCESS,VENDPAY_00002761
VPAY_002762,VINV_002762,VEND_000027,2026-03-02T02:07:00,BANK_003,58890.26,INR,BANK_TRANSFER,SUCCESS,VENDPAY_00002762
VPAY_002763,VINV_002763,VEND_000036,2026-02-14T22:12:00,BANK_003,135707.08,INR,BANK_TRANSFER,SUCCESS,VENDPAY_00002763
VPAY_002764,VINV_002764,VEND_000013,2026-02-23T20:25:00,BANK_003,121561.24,INR,BANK_TRANSFER,SUCCESS,VENDPAY_00002764
VPAY_002765,VINV_002765,VEND_000029,2026-02-21T22:13:00,BANK_003,61704.00,INR,BANK_TRANSFER,SUCCESS,VENDPAY_00002765
VPAY_002766,VINV_002766,VEND_000076,2026-02-22T02:30:00,BANK_003,183254.00,INR,BANK_TRANSFER,SUCCESS,VENDPAY_00002766
VPAY_002767,VINV_002767,VEND_000070,2026-03-04T03:09:00,BANK_003,173441.12,INR,BANK_TRANSFER,SUCCESS,VENDPAY_00002767
VPAY_002768,VINV_002768,VEND_000044,2026-02-11T23:59:00,BANK_003,158456.30,INR,BANK_TRANSFER,SUCCESS,VENDPAY_00002768
VPAY_002769,VINV_002769,VEND_000020,2026-03-12T02:48:00,BANK_003,195993.28,INR,BANK_TRANSFER,SUCCESS,VENDPAY_00002769
VPAY_002770,VINV_002770,VEND_000069,2026-03-09T21:52:00,BANK_003,105689.06,INR,BANK_TRANSFER,SUCCESS,VENDPAY_00002770
VPAY_002771,VINV_002771,VEND_000052,2026-02-18T23:27:00,BANK_003,63080.44,INR,BANK_TRANSFER,SUCCESS,VENDPAY_00002771
VPAY_002772,VINV_002772,VEND_000081,2026-03-06T02:51:00,BANK_003,203600.74,INR,BANK_TRANSFER,SUCCESS,VENDPAY_00002772
VPAY_002773,VINV_002773,VEND_000027,2026-02-27T20:06:00,BANK_003,216918.22,INR,BANK_TRANSFER,SUCCESS,VENDPAY_00002773
VPAY_002774,VINV_002774,VEND_000041,2026-02-19T01:13:00,BANK_003,192761.26,INR,BANK_TRANSFER,SUCCESS,VENDPAY_00002774
VPAY_002775,VINV_002775,VEND_000020,2026-03-06T23:35:00,BANK_003,246388.72,INR,BANK_TRANSFER,SUCCESS,VENDPAY_00002775
VPAY_002776,VINV_002776,VEND_000073,2026-03-01T22:14:00,BANK_003,186585.14,INR,BANK_TRANSFER,SUCCESS,VENDPAY_00002776
VPAY_002777,VINV_002777,VEND_000037,2026-03-12T02:00:00,BANK_003,225223.06,INR,BANK_TRANSFER,SUCCESS,VENDPAY_00002777
VPAY_002778,VINV_002778,VEND_000049,2026-02-05T22:08:00,BANK_003,219392.68,INR,BANK_TRANSFER,SUCCESS,VENDPAY_00002778
VPAY_002779,VINV_002779,VEND_000013,2026-02-23T01:57:00,BANK_003,175516.74,INR,BANK_TRANSFER,SUCCESS,VENDPAY_00002779
VPAY_002780,VINV_002780,VEND_000074,2026-02-07T22:12:00,BANK_003,142604.18,INR,BANK_TRANSFER,SUCCESS,VENDPAY_00002780
VPAY_002781,VINV_002781,VEND_000052,2026-02-15T00:04:00,BANK_003,223252.46,INR,BANK_TRANSFER,SUCCESS,VENDPAY_00002781
VPAY_002782,VINV_002782,VEND_000054,2026-02-27T23:18:00,BANK_003,238465.02,INR,BANK_TRANSFER,SUCCESS,VENDPAY_00002782
VPAY_002783,VINV_002783,VEND_000081,2026-03-09T21:19:00,BANK_003,85776.56,INR,BANK_TRANSFER,SUCCESS,VENDPAY_00002783
VPAY_002784,VINV_002784,VEND_000065,2026-02-18T00:51:00,BANK_003,218784.98,INR,BANK_TRANSFER,SUCCESS,VENDPAY_00002784
VPAY_002785,VINV_002785,VEND_000052,2026-02-15T23:31:00,BANK_003,206166.06,INR,BANK_TRANSFER,SUCCESS,VENDPAY_00002785
VPAY_002786,VINV_002786,VEND_000021,2026-03-01T02:19:00,BANK_003,108044.34,INR,BANK_TRANSFER,SUCCESS,VENDPAY_00002786
VPAY_002787,VINV_002787,VEND_000069,2026-02-27T02:02:00,BANK_003,156432.60,INR,BANK_TRANSFER,SUCCESS,VENDPAY_00002787
VPAY_002788,VINV_002788,VEND_000088,2026-02-13T23:02:00,BANK_003,83513.32,INR,BANK_TRANSFER,SUCCESS,VENDPAY_00002788
VPAY_002789,VINV_002789,VEND_000054,2026-02-19T21:25:00,BANK_003,180016.08,INR,BANK_TRANSFER,SUCCESS,VENDPAY_00002789
VPAY_002790,VINV_002790,VEND_000080,2026-02-23T03:10:00,BANK_003,122448.60,INR,BANK_TRANSFER,SUCCESS,VENDPAY_00002790
VPAY_002791,VINV_002791,VEND_000077,2026-02-24T21:01:00,BANK_003,229598.50,INR,BANK_TRANSFER,SUCCESS,VENDPAY_00002791
VPAY_002792,VINV_002792,VEND_000042,2026-02-09T02:18:00,BANK_003,241732.44,INR,BANK_TRANSFER,SUCCESS,VENDPAY_00002792
VPAY_002793,VINV_002793,VEND_000088,2026-02-12T23:54:00,BANK_003,81238.28,INR,BANK_TRANSFER,SUCCESS,VENDPAY_00002793
VPAY_002794,VINV_002794,VEND_000071,2026-02-06T21:05:00,BANK_003,211270.74,INR,BANK_TRANSFER,SUCCESS,VENDPAY_00002794
VPAY_002795,VINV_002795,VEND_000059,2026-02-25T02:05:00,BANK_003,167261.46,INR,BANK_TRANSFER,SUCCESS,VENDPAY_00002795
VPAY_002796,VINV_002796,VEND_000023,2026-03-10T00:07:00,BANK_003,199155.68,INR,BANK_TRANSFER,SUCCESS,VENDPAY_00002796
VPAY_002797,VINV_002797,VEND_000042,2026-02-10T21:17:00,BANK_003,94132.14,INR,BANK_TRANSFER,SUCCESS,VENDPAY_00002797
VPAY_002798,VINV_002798,VEND_000027,2026-03-02T22:57:00,BANK_003,231768.52,INR,BANK_TRANSFER,SUCCESS,VENDPAY_00002798
VPAY_002799,VINV_002799,VEND_000088,2026-02-15T20:39:00,BANK_003,239702.84,INR,BANK_TRANSFER,SUCCESS,VENDPAY_00002799
VPAY_002800,VINV_002800,VEND_000060,2026-02-22T02:10:00,BANK_003,207831.04,INR,BANK_TRANSFER,SUCCESS,VENDPAY_00002800
VPAY_002801,VINV_002801,VEND_000021,2026-03-02T20:35:00,BANK_003,128843.02,INR,BANK_TRANSFER,SUCCESS,VENDPAY_00002801
VPAY_002802,VINV_002802,VEND_000001,2026-02-22T23:42:00,BANK_003,63098.14,INR,BANK_TRANSFER,SUCCESS,VENDPAY_00002802
VPAY_002803,VINV_002803,VEND_000067,2026-02-13T22:16:00,BANK_003,198549.16,INR,BANK_TRANSFER,SUCCESS,VENDPAY_00002803
VPAY_002804,VINV_002804,VEND_000034,2026-01-31T19:45:00,BANK_003,219314.80,INR,BANK_TRANSFER,SUCCESS,VENDPAY_00002804
VPAY_002805,VINV_002805,VEND_000057,2026-02-24T22:46:00,BANK_003,201827.20,INR,BANK_TRANSFER,SUCCESS,VENDPAY_00002805
VPAY_002806,VINV_002806,VEND_000051,2026-02-27T23:21:00,BANK_003,65443.98,INR,BANK_TRANSFER,SUCCESS,VENDPAY_00002806
VPAY_002807,VINV_002807,VEND_000055,2026-02-02T21:11:00,BANK_003,91473.60,INR,BANK_TRANSFER,SUCCESS,VENDPAY_00002807
VPAY_002808,VINV_002808,VEND_000075,2026-03-11T21:02:00,BANK_003,87677.54,INR,BANK_TRANSFER,SUCCESS,VENDPAY_00002808
VPAY_002809,VINV_002809,VEND_000053,2026-02-11T22:48:00,BANK_003,217107.00,INR,BANK_TRANSFER,SUCCESS,VENDPAY_00002809
VPAY_002810,VINV_002810,VEND_000062,2026-02-10T01:33:00,BANK_003,100072.00,INR,BANK_TRANSFER,SUCCESS,VENDPAY_00002810
VPAY_002811,VINV_002811,VEND_000083,2026-02-13T21:19:00,BANK_003,76010.88,INR,BANK_TRANSFER,SUCCESS,VENDPAY_00002811
VPAY_002812,VINV_002812,VEND_000032,2026-02-11T19:43:00,BANK_003,113157.00,INR,BANK_TRANSFER,SUCCESS,VENDPAY_00002812
VPAY_002813,VINV_002813,VEND_000043,2026-03-10T19:40:00,BANK_003,192414.34,INR,BANK_TRANSFER,SUCCESS,VENDPAY_00002813
VPAY_002814,VINV_002814,VEND_000077,2026-02-05T22:13:00,BANK_003,64156.60,INR,BANK_TRANSFER,SUCCESS,VENDPAY_00002814
VPAY_002815,VINV_002815,VEND_000004,2026-02-13T00:17:00,BANK_003,121468.02,INR,BANK_TRANSFER,SUCCESS,VENDPAY_00002815
VPAY_002816,VINV_002816,VEND_000038,2026-02-23T19:14:00,BANK_003,147959.02,INR,BANK_TRANSFER,SUCCESS,VENDPAY_00002816
VPAY_002817,VINV_002817,VEND_000061,2026-02-23T01:37:00,BANK_003,189162.26,INR,BANK_TRANSFER,SUCCESS,VENDPAY_00002817
VPAY_002818,VINV_002818,VEND_000089,2026-02-06T02:44:00,BANK_003,92864.82,INR,BANK_TRANSFER,SUCCESS,VENDPAY_00002818
VPAY_002819,VINV_002819,VEND_000050,2026-02-21T21:30:00,BANK_003,132692.18,INR,BANK_TRANSFER,SUCCESS,VENDPAY_00002819
VPAY_002820,VINV_002820,VEND_000028,2026-02-14T00:49:00,BANK_003,233510.20,INR,BANK_TRANSFER,SUCCESS,VENDPAY_00002820
VPAY_002821,VINV_002821,VEND_000034,2026-02-24T21:53:00,BANK_003,165745.16,INR,BANK_TRANSFER,SUCCESS,VENDPAY_00002821
VPAY_002822,VINV_002822,VEND_000062,2026-02-04T02:26:00,BANK_003,207125.00,INR,BANK_TRANSFER,SUCCESS,VENDPAY_00002822
VPAY_002823,VINV_002823,VEND_000076,2026-02-12T02:57:00,BANK_003,208103.62,INR,BANK_TRANSFER,SUCCESS,VENDPAY_00002823
VPAY_002824,VINV_002824,VEND_000049,2026-02-21T22:42:00,BANK_003,203200.72,INR,BANK_TRANSFER,SUCCESS,VENDPAY_00002824
VPAY_002825,VINV_002825,VEND_000023,2026-02-28T19:14:00,BANK_003,202814.86,INR,BANK_TRANSFER,SUCCESS,VENDPAY_00002825
VPAY_002826,VINV_002826,VEND_000044,2026-02-09T23:28:00,BANK_003,122644.48,INR,BANK_TRANSFER,SUCCESS,VENDPAY_00002826
VPAY_002827,VINV_002827,VEND_000020,2026-03-07T23:28:00,BANK_003,139190.44,INR,BANK_TRANSFER,SUCCESS,VENDPAY_00002827
VPAY_002828,VINV_002828,VEND_000084,2026-02-26T01:02:00,BANK_003,114019.86,INR,BANK_TRANSFER,SUCCESS,VENDPAY_00002828
VPAY_002829,VINV_002829,VEND_000073,2026-02-16T22:17:00,BANK_003,250648.52,INR,BANK_TRANSFER,SUCCESS,VENDPAY_00002829
VPAY_002830,VINV_002830,VEND_000026,2026-03-09T19:17:00,BANK_003,165559.90,INR,BANK_TRANSFER,SUCCESS,VENDPAY_00002830
VPAY_002831,VINV_002831,VEND_000081,2026-03-02T03:19:00,BANK_003,83673.80,INR,BANK_TRANSFER,SUCCESS,VENDPAY_00002831
VPAY_002832,VINV_002832,VEND_000035,2026-02-18T22:11:00,BANK_003,224247.20,INR,BANK_TRANSFER,SUCCESS,VENDPAY_00002832
VPAY_002833,VINV_002833,VEND_000008,2026-02-19T20:06:00,BANK_003,162082.00,INR,BANK_TRANSFER,SUCCESS,VENDPAY_00002833
VPAY_002834,VINV_002834,VEND_000032,2026-02-25T01:52:00,BANK_003,112127.00,INR,BANK_TRANSFER,SUCCESS,VENDPAY_00002834
VPAY_002835,VINV_002835,VEND_000030,2026-02-06T19:16:00,BANK_003,194173.72,INR,BANK_TRANSFER,SUCCESS,VENDPAY_00002835
VPAY_002836,VINV_002836,VEND_000071,2026-02-04T01:08:00,BANK_003,138930.84,INR,BANK_TRANSFER,SUCCESS,VENDPAY_00002836
VPAY_002837,VINV_002837,VEND_000009,2026-03-04T20:17:00,BANK_003,94100.28,INR,BANK_TRANSFER,SUCCESS,VENDPAY_00002837
VPAY_002838,VINV_002838,VEND_000027,2026-02-24T23:15:00,BANK_003,123498.80,INR,BANK_TRANSFER,SUCCESS,VENDPAY_00002838
VPAY_002839,VINV_002839,VEND_000060,2026-02-19T01:07:00,BANK_003,83496.80,INR,BANK_TRANSFER,SUCCESS,VENDPAY_00002839
VPAY_002840,VINV_002840,VEND_000041,2026-02-03T19:16:00,BANK_003,249185.32,INR,BANK_TRANSFER,SUCCESS,VENDPAY_00002840
VPAY_002841,VINV_002841,VEND_000015,2026-02-18T20:42:00,BANK_003,189791.20,INR,BANK_TRANSFER,SUCCESS,VENDPAY_00002841
VPAY_002842,VINV_002842,VEND_000013,2026-03-04T22:21:00,BANK_003,220870.04,INR,BANK_TRANSFER,SUCCESS,VENDPAY_00002842
VPAY_002843,VINV_002843,VEND_000039,2026-02-11T22:52:00,BANK_003,229210.28,INR,BANK_TRANSFER,SUCCESS,VENDPAY_00002843
VPAY_002844,VINV_002844,VEND_000015,2026-03-09T01:58:00,BANK_003,190021.30,INR,BANK_TRANSFER,SUCCESS,VENDPAY_00002844
VPAY_002845,VINV_002845,VEND_000001,2026-02-14T22:24:00,BANK_003,130972.92,INR,BANK_TRANSFER,SUCCESS,VENDPAY_00002845
VPAY_002846,VINV_002846,VEND_000064,2026-02-02T21:59:00,BANK_003,248326.28,INR,BANK_TRANSFER,SUCCESS,VENDPAY_00002846
VPAY_002847,VINV_002847,VEND_000066,2026-02-21T23:55:00,BANK_003,140873.12,INR,BANK_TRANSFER,SUCCESS,VENDPAY_00002847
VPAY_002848,VINV_002848,VEND_000069,2026-02-26T22:34:00,BANK_003,130129.22,INR,BANK_TRANSFER,SUCCESS,VENDPAY_00002848
VPAY_002849,VINV_002849,VEND_000081,2026-02-20T02:53:00,BANK_003,189217.72,INR,BANK_TRANSFER,SUCCESS,VENDPAY_00002849
VPAY_002850,VINV_002850,VEND_000063,2026-02-14T02:21:00,BANK_003,55115.44,INR,BANK_TRANSFER,SUCCESS,VENDPAY_00002850
VPAY_002851,VINV_002851,VEND_000064,2026-02-03T01:36:00,BANK_003,103560.34,INR,BANK_TRANSFER,SUCCESS,VENDPAY_00002851
VPAY_002852,VINV_002852,VEND_000087,2026-02-05T02:47:00,BANK_003,147333.62,INR,BANK_TRANSFER,SUCCESS,VENDPAY_00002852
VPAY_002853,VINV_002853,VEND_000044,2026-02-18T20:22:00,BANK_003,250416.06,INR,BANK_TRANSFER,SUCCESS,VENDPAY_00002853
VPAY_002854,VINV_002854,VEND_000025,2026-02-08T21:01:00,BANK_003,86727.64,INR,BANK_TRANSFER,SUCCESS,VENDPAY_00002854
VPAY_002855,VINV_002855,VEND_000065,2026-02-13T22:24:00,BANK_003,147563.72,INR,BANK_TRANSFER,SUCCESS,VENDPAY_00002855
VPAY_002856,VINV_002856,VEND_000014,2026-03-07T23:37:00,BANK_003,145917.62,INR,BANK_TRANSFER,SUCCESS,VENDPAY_00002856
VPAY_002857,VINV_002857,VEND_000042,2026-02-08T03:07:00,BANK_003,101475.28,INR,BANK_TRANSFER,SUCCESS,VENDPAY_00002857
VPAY_002858,VINV_002858,VEND_000022,2026-03-08T02:46:00,BANK_003,101955.54,INR,BANK_TRANSFER,SUCCESS,VENDPAY_00002858
VPAY_002859,VINV_002859,VEND_000042,2026-02-17T02:53:00,BANK_003,212857.84,INR,BANK_TRANSFER,SUCCESS,VENDPAY_00002859
VPAY_002860,VINV_002860,VEND_000035,2026-02-07T19:30:00,BANK_003,123850.44,INR,BANK_TRANSFER,SUCCESS,VENDPAY_00002860
VPAY_002861,VINV_002861,VEND_000048,2026-02-11T00:52:00,BANK_003,97948.26,INR,BANK_TRANSFER,SUCCESS,VENDPAY_00002861
VPAY_002862,VINV_002862,VEND_000041,2026-02-11T01:52:00,BANK_003,192207.84,INR,BANK_TRANSFER,SUCCESS,VENDPAY_00002862
VPAY_002863,VINV_002863,VEND_000054,2026-03-03T01:34:00,BANK_003,54854.66,INR,BANK_TRANSFER,SUCCESS,VENDPAY_00002863
VPAY_002864,VINV_002864,VEND_000046,2026-02-20T20:55:00,BANK_003,252862.20,INR,BANK_TRANSFER,SUCCESS,VENDPAY_00002864
VPAY_002865,VINV_002865,VEND_000003,2026-02-07T21:06:00,BANK_003,115649.44,INR,BANK_TRANSFER,SUCCESS,VENDPAY_00002865
VPAY_002866,VINV_002866,VEND_000038,2026-02-02T23:08:00,BANK_003,168626.72,INR,BANK_TRANSFER,SUCCESS,VENDPAY_00002866
VPAY_002867,VINV_002867,VEND_000049,2026-02-19T00:24:00,BANK_003,153843.68,INR,BANK_TRANSFER,SUCCESS,VENDPAY_00002867
VPAY_002868,VINV_002868,VEND_000028,2026-02-21T01:00:00,BANK_003,244127.84,INR,BANK_TRANSFER,SUCCESS,VENDPAY_00002868
VPAY_002869,VINV_002869,VEND_000014,2026-02-24T00:54:00,BANK_003,76121.80,INR,BANK_TRANSFER,SUCCESS,VENDPAY_00002869
VPAY_002870,VINV_002870,VEND_000062,2026-02-13T01:49:00,BANK_003,200435.00,INR,BANK_TRANSFER,SUCCESS,VENDPAY_00002870
VPAY_002871,VINV_002871,VEND_000089,2026-02-09T02:19:00,BANK_003,203755.32,INR,BANK_TRANSFER,SUCCESS,VENDPAY_00002871
VPAY_002872,VINV_002872,VEND_000008,2026-02-04T20:24:00,BANK_003,71591.00,INR,BANK_TRANSFER,SUCCESS,VENDPAY_00002872
VPAY_002873,VINV_002873,VEND_000036,2026-02-12T21:44:00,BANK_003,219487.08,INR,BANK_TRANSFER,SUCCESS,VENDPAY_00002873
VPAY_002874,VINV_002874,VEND_000015,2026-02-20T22:12:00,BANK_003,199054.20,INR,BANK_TRANSFER,SUCCESS,VENDPAY_00002874
VPAY_002875,VINV_002875,VEND_000042,2026-02-05T21:55:00,BANK_003,181093.42,INR,BANK_TRANSFER,SUCCESS,VENDPAY_00002875
VPAY_002876,VINV_002876,VEND_000076,2026-02-19T01:37:00,BANK_003,145544.74,INR,BANK_TRANSFER,SUCCESS,VENDPAY_00002876
VPAY_002877,VINV_002877,VEND_000057,2026-02-11T21:09:00,BANK_003,128955.12,INR,BANK_TRANSFER,SUCCESS,VENDPAY_00002877
VPAY_002878,VINV_002878,VEND_000072,2026-02-12T22:37:00,BANK_003,217361.90,INR,BANK_TRANSFER,SUCCESS,VENDPAY_00002878
VPAY_002879,VINV_002879,VEND_000018,2026-03-11T00:17:00,BANK_003,74134.68,INR,BANK_TRANSFER,SUCCESS,VENDPAY_00002879
VPAY_002880,VINV_002880,VEND_000047,2026-03-15T02:33:00,BANK_003,191011.32,INR,BANK_TRANSFER,SUCCESS,VENDPAY_00002880
VPAY_002881,VINV_002881,VEND_000024,2026-02-16T02:02:00,BANK_003,152477.24,INR,BANK_TRANSFER,SUCCESS,VENDPAY_00002881
VPAY_002882,VINV_002882,VEND_000047,2026-02-22T20:49:00,BANK_003,156110.46,INR,BANK_TRANSFER,SUCCESS,VENDPAY_00002882
VPAY_002883,VINV_002883,VEND_000033,2026-02-25T01:51:00,BANK_003,239816.12,INR,BANK_TRANSFER,SUCCESS,VENDPAY_00002883
VPAY_002884,VINV_002884,VEND_000018,2026-03-07T02:10:00,BANK_003,89969.10,INR,BANK_TRANSFER,SUCCESS,VENDPAY_00002884
VPAY_002885,VINV_002885,VEND_000051,2026-02-17T22:45:00,BANK_003,203544.10,INR,BANK_TRANSFER,SUCCESS,VENDPAY_00002885
VPAY_002886,VINV_002886,VEND_000066,2026-02-01T20:40:00,BANK_003,168626.72,INR,BANK_TRANSFER,SUCCESS,VENDPAY_00002886
VPAY_002887,VINV_002887,VEND_000005,2026-02-12T02:23:00,BANK_003,209067.68,INR,BANK_TRANSFER,SUCCESS,VENDPAY_00002887
VPAY_002888,VINV_002888,VEND_000037,2026-02-27T00:26:00,BANK_003,230907.12,INR,BANK_TRANSFER,SUCCESS,VENDPAY_00002888
VPAY_002889,VINV_002889,VEND_000010,2026-02-03T21:58:00,BANK_003,227965.38,INR,BANK_TRANSFER,SUCCESS,VENDPAY_00002889
VPAY_002890,VINV_002890,VEND_000069,2026-03-02T23:25:00,BANK_003,102042.86,INR,BANK_TRANSFER,SUCCESS,VENDPAY_00002890
VPAY_002891,VINV_002891,VEND_000074,2026-02-20T03:17:00,BANK_003,198004.00,INR,BANK_TRANSFER,SUCCESS,VENDPAY_00002891
VPAY_002892,VINV_002892,VEND_000010,2026-02-09T21:41:00,BANK_003,186404.60,INR,BANK_TRANSFER,SUCCESS,VENDPAY_00002892
VPAY_002893,VINV_002893,VEND_000020,2026-02-24T22:20:00,BANK_003,254300.62,INR,BANK_TRANSFER,SUCCESS,VENDPAY_00002893
VPAY_002894,VINV_002894,VEND_000083,2026-02-14T03:09:00,BANK_003,231033.38,INR,BANK_TRANSFER,SUCCESS,VENDPAY_00002894
VPAY_002895,VINV_002895,VEND_000003,2026-02-20T21:23:00,BANK_003,177284.38,INR,BANK_TRANSFER,SUCCESS,VENDPAY_00002895
VPAY_002896,VINV_002896,VEND_000080,2026-02-17T01:07:00,BANK_003,173721.96,INR,BANK_TRANSFER,SUCCESS,VENDPAY_00002896
VPAY_002897,VINV_002897,VEND_000042,2026-02-06T00:17:00,BANK_003,185229.32,INR,BANK_TRANSFER,SUCCESS,VENDPAY_00002897
VPAY_002898,VINV_002898,VEND_000075,2026-03-06T03:00:00,BANK_003,154132.78,INR,BANK_TRANSFER,SUCCESS,VENDPAY_00002898
VPAY_002899,VINV_002899,VEND_000074,2026-02-23T20:55:00,BANK_003,162802.24,INR,BANK_TRANSFER,SUCCESS,VENDPAY_00002899
VPAY_002900,VINV_002900,VEND_000025,2026-02-06T19:25:00,BANK_003,98967.78,INR,BANK_TRANSFER,SUCCESS,VENDPAY_00002900
VPAY_002901,VINV_002901,VEND_000013,2026-03-05T20:02:00,BANK_003,61211.32,INR,BANK_TRANSFER,SUCCESS,VENDPAY_00002901
VPAY_002902,VINV_002902,VEND_000017,2026-02-28T00:03:00,BANK_003,186577.00,INR,BANK_TRANSFER,SUCCESS,VENDPAY_00002902
VPAY_002903,VINV_002903,VEND_000041,2026-02-23T00:51:00,BANK_003,124277.60,INR,BANK_TRANSFER,SUCCESS,VENDPAY_00002903
VPAY_002904,VINV_002904,VEND_000039,2026-03-02T01:00:00,BANK_003,103609.90,INR,BANK_TRANSFER,SUCCESS,VENDPAY_00002904
VPAY_002905,VINV_002905,VEND_000028,2026-02-02T01:00:00,BANK_003,163018.18,INR,BANK_TRANSFER,SUCCESS,VENDPAY_00002905
VPAY_002906,VINV_002906,VEND_000016,2026-02-17T01:10:00,BANK_003,169132.94,INR,BANK_TRANSFER,SUCCESS,VENDPAY_00002906
VPAY_002907,VINV_002907,VEND_000049,2026-02-15T19:50:00,BANK_003,68323.18,INR,BANK_TRANSFER,SUCCESS,VENDPAY_00002907
VPAY_002908,VINV_002908,VEND_000026,2026-02-28T20:37:00,BANK_003,116707.90,INR,BANK_TRANSFER,SUCCESS,VENDPAY_00002908
VPAY_002909,VINV_002909,VEND_000012,2026-02-18T02:44:00,BANK_003,107262.00,INR,BANK_TRANSFER,SUCCESS,VENDPAY_00002909
VPAY_002910,VINV_002910,VEND_000021,2026-02-19T21:32:00,BANK_003,117946.90,INR,BANK_TRANSFER,SUCCESS,VENDPAY_00002910
VPAY_002911,VINV_002911,VEND_000041,2026-02-07T23:57:00,BANK_003,181511.14,INR,BANK_TRANSFER,SUCCESS,VENDPAY_00002911
VPAY_002912,VINV_002912,VEND_000065,2026-02-16T22:39:00,BANK_003,164414.12,INR,BANK_TRANSFER,SUCCESS,VENDPAY_00002912
VPAY_002913,VINV_002913,VEND_000059,2026-02-02T02:56:00,BANK_003,58093.76,INR,BANK_TRANSFER,SUCCESS,VENDPAY_00002913
VPAY_002914,VINV_002914,VEND_000052,2026-02-12T22:23:00,BANK_003,84052.58,INR,BANK_TRANSFER,SUCCESS,VENDPAY_00002914
VPAY_002915,VINV_002915,VEND_000009,2026-03-10T19:59:00,BANK_003,187394.62,INR,BANK_TRANSFER,SUCCESS,VENDPAY_00002915
VPAY_002916,VINV_002916,VEND_000090,2026-02-21T20:32:00,BANK_003,79222.84,INR,BANK_TRANSFER,SUCCESS,VENDPAY_00002916
VPAY_002917,VINV_002917,VEND_000061,2026-02-10T03:00:00,BANK_003,58001.72,INR,BANK_TRANSFER,SUCCESS,VENDPAY_00002917
VPAY_002918,VINV_002918,VEND_000006,2026-02-09T01:58:00,BANK_003,96633.74,INR,BANK_TRANSFER,SUCCESS,VENDPAY_00002918
VPAY_002919,VINV_002919,VEND_000017,2026-02-20T20:30:00,BANK_003,180953.00,INR,BANK_TRANSFER,SUCCESS,VENDPAY_00002919
VPAY_002920,VINV_002920,VEND_000005,2026-02-21T03:33:00,BANK_003,72024.84,INR,BANK_TRANSFER,SUCCESS,VENDPAY_00002920
VPAY_002921,VINV_002921,VEND_000085,2026-02-27T21:25:00,BANK_003,143759.40,INR,BANK_TRANSFER,SUCCESS,VENDPAY_00002921
VPAY_002922,VINV_002922,VEND_000021,2026-02-21T22:56:00,BANK_003,182783.18,INR,BANK_TRANSFER,SUCCESS,VENDPAY_00002922
VPAY_002923,VINV_002923,VEND_000086,2026-02-07T20:04:00,BANK_003,92609.00,INR,BANK_TRANSFER,SUCCESS,VENDPAY_00002923
VPAY_002924,VINV_002924,VEND_000021,2026-03-03T20:32:00,BANK_003,62373.62,INR,BANK_TRANSFER,SUCCESS,VENDPAY_00002924
VPAY_002925,VINV_002925,VEND_000052,2026-02-13T03:08:00,BANK_003,246526.78,INR,BANK_TRANSFER,SUCCESS,VENDPAY_00002925
VPAY_002926,VINV_002926,VEND_000080,2026-02-16T21:20:00,BANK_003,152417.06,INR,BANK_TRANSFER,SUCCESS,VENDPAY_00002926
VPAY_002927,VINV_002927,VEND_000043,2026-03-03T22:17:00,BANK_003,61914.60,INR,BANK_TRANSFER,SUCCESS,VENDPAY_00002927
VPAY_002928,VINV_002928,VEND_000053,2026-02-18T20:30:00,BANK_003,57189.00,INR,BANK_TRANSFER,SUCCESS,VENDPAY_00002928
VPAY_002929,VINV_002929,VEND_000021,2026-02-16T19:32:00,BANK_003,84067.92,INR,BANK_TRANSFER,SUCCESS,VENDPAY_00002929
VPAY_002930,VINV_002930,VEND_000012,2026-02-06T01:56:00,BANK_003,182981.42,INR,BANK_TRANSFER,SUCCESS,VENDPAY_00002930
VPAY_002931,VINV_002931,VEND_000060,2026-02-19T00:10:00,BANK_003,181494.62,INR,BANK_TRANSFER,SUCCESS,VENDPAY_00002931
VPAY_002932,VINV_002932,VEND_000078,2026-02-16T21:01:00,BANK_003,250097.46,INR,BANK_TRANSFER,SUCCESS,VENDPAY_00002932
VPAY_002933,VINV_002933,VEND_000061,2026-02-01T02:25:00,BANK_003,132554.12,INR,BANK_TRANSFER,SUCCESS,VENDPAY_00002933
VPAY_002934,VINV_002934,VEND_000079,2026-02-17T01:26:00,BANK_003,82918.60,INR,BANK_TRANSFER,SUCCESS,VENDPAY_00002934
VPAY_002935,VINV_002935,VEND_000017,2026-03-04T20:49:00,BANK_003,102491.00,INR,BANK_TRANSFER,SUCCESS,VENDPAY_00002935
VPAY_002936,VINV_002936,VEND_000029,2026-02-04T02:28:00,BANK_003,217807.00,INR,BANK_TRANSFER,SUCCESS,VENDPAY_00002936
VPAY_002937,VINV_002937,VEND_000052,2026-02-21T01:57:00,BANK_003,140423.54,INR,BANK_TRANSFER,SUCCESS,VENDPAY_00002937
VPAY_002938,VINV_002938,VEND_000029,2026-02-06T23:53:00,BANK_003,110711.00,INR,BANK_TRANSFER,SUCCESS,VENDPAY_00002938
VPAY_002939,VINV_002939,VEND_000043,2026-03-09T20:42:00,BANK_003,196055.82,INR,BANK_TRANSFER,SUCCESS,VENDPAY_00002939
VPAY_002940,VINV_002940,VEND_000017,2026-03-01T23:10:00,BANK_003,130968.00,INR,BANK_TRANSFER,SUCCESS,VENDPAY_00002940
VPAY_002941,VINV_002941,VEND_000075,2026-03-15T01:05:00,BANK_003,63685.78,INR,BANK_TRANSFER,SUCCESS,VENDPAY_00002941
VPAY_002942,VINV_002942,VEND_000081,2026-02-23T01:47:00,BANK_003,67952.66,INR,BANK_TRANSFER,SUCCESS,VENDPAY_00002942
VPAY_002943,VINV_002943,VEND_000019,2026-02-17T23:56:00,BANK_003,249409.52,INR,BANK_TRANSFER,SUCCESS,VENDPAY_00002943
VPAY_002944,VINV_002944,VEND_000021,2026-02-26T22:54:00,BANK_003,175830.62,INR,BANK_TRANSFER,SUCCESS,VENDPAY_00002944
VPAY_002945,VINV_002945,VEND_000062,2026-02-08T02:00:00,BANK_003,135151.00,INR,BANK_TRANSFER,SUCCESS,VENDPAY_00002945
VPAY_002946,VINV_002946,VEND_000058,2026-02-15T22:12:00,BANK_003,119555.24,INR,BANK_TRANSFER,SUCCESS,VENDPAY_00002946
VPAY_002947,VINV_002947,VEND_000070,2026-02-19T22:53:00,BANK_003,189162.26,INR,BANK_TRANSFER,SUCCESS,VENDPAY_00002947
VPAY_002948,VINV_002948,VEND_000084,2026-02-27T02:41:00,BANK_003,212246.60,INR,BANK_TRANSFER,SUCCESS,VENDPAY_00002948
VPAY_002949,VINV_002949,VEND_000033,2026-02-13T23:20:00,BANK_003,158575.48,INR,BANK_TRANSFER,SUCCESS,VENDPAY_00002949
VPAY_002950,VINV_002950,VEND_000085,2026-03-09T22:32:00,BANK_003,82950.46,INR,BANK_TRANSFER,SUCCESS,VENDPAY_00002950
VPAY_002951,VINV_002951,VEND_000067,2026-02-03T20:28:00,BANK_003,134411.44,INR,BANK_TRANSFER,SUCCESS,VENDPAY_00002951
VPAY_002952,VINV_002952,VEND_000055,2026-02-01T20:51:00,BANK_003,251780.14,INR,BANK_TRANSFER,SUCCESS,VENDPAY_00002952
VPAY_002953,VINV_002953,VEND_000013,2026-03-06T03:33:00,BANK_003,123356.02,INR,BANK_TRANSFER,SUCCESS,VENDPAY_00002953
VPAY_002954,VINV_002954,VEND_000016,2026-03-11T02:36:00,BANK_003,223375.18,INR,BANK_TRANSFER,SUCCESS,VENDPAY_00002954
VPAY_002955,VINV_002955,VEND_000045,2026-02-16T01:30:00,BANK_003,148073.48,INR,BANK_TRANSFER,SUCCESS,VENDPAY_00002955
VPAY_002956,VINV_002956,VEND_000065,2026-02-15T22:44:00,BANK_003,109586.60,INR,BANK_TRANSFER,SUCCESS,VENDPAY_00002956
VPAY_002957,VINV_002957,VEND_000019,2026-02-16T22:56:00,BANK_003,121726.44,INR,BANK_TRANSFER,SUCCESS,VENDPAY_00002957
VPAY_002958,VINV_002958,VEND_000068,2026-02-05T22:30:00,BANK_003,238986.58,INR,BANK_TRANSFER,SUCCESS,VENDPAY_00002958
VPAY_002959,VINV_002959,VEND_000069,2026-03-06T01:33:00,BANK_003,165280.24,INR,BANK_TRANSFER,SUCCESS,VENDPAY_00002959
VPAY_002960,VINV_002960,VEND_000048,2026-02-07T21:44:00,BANK_003,102205.70,INR,BANK_TRANSFER,SUCCESS,VENDPAY_00002960
VPAY_002961,VINV_002961,VEND_000082,2026-03-08T00:41:00,BANK_003,249311.58,INR,BANK_TRANSFER,SUCCESS,VENDPAY_00002961
VPAY_002962,VINV_002962,VEND_000070,2026-03-02T01:42:00,BANK_003,241687.60,INR,BANK_TRANSFER,SUCCESS,VENDPAY_00002962
VPAY_002963,VINV_002963,VEND_000036,2026-02-13T20:51:00,BANK_003,68229.96,INR,BANK_TRANSFER,SUCCESS,VENDPAY_00002963
VPAY_002964,VINV_002964,VEND_000067,2026-02-17T00:13:00,BANK_003,183408.58,INR,BANK_TRANSFER,SUCCESS,VENDPAY_00002964
VPAY_002965,VINV_002965,VEND_000018,2026-02-20T01:10:00,BANK_003,145896.38,INR,BANK_TRANSFER,SUCCESS,VENDPAY_00002965
VPAY_002966,VINV_002966,VEND_000072,2026-02-02T20:53:00,BANK_003,149488.30,INR,BANK_TRANSFER,SUCCESS,VENDPAY_00002966
VPAY_002967,VINV_002967,VEND_000008,2026-02-08T02:50:00,BANK_003,152577.00,INR,BANK_TRANSFER,SUCCESS,VENDPAY_00002967
VPAY_002968,VINV_002968,VEND_000021,2026-02-27T03:34:00,BANK_003,128100.80,INR,BANK_TRANSFER,SUCCESS,VENDPAY_00002968
VPAY_002969,VINV_002969,VEND_000083,2026-02-13T21:50:00,BANK_003,182711.20,INR,BANK_TRANSFER,SUCCESS,VENDPAY_00002969
VPAY_002970,VINV_002970,VEND_000032,2026-02-03T23:01:00,BANK_003,136857.00,INR,BANK_TRANSFER,SUCCESS,VENDPAY_00002970
VPAY_002971,VINV_002971,VEND_000018,2026-02-20T01:32:00,BANK_003,177277.30,INR,BANK_TRANSFER,SUCCESS,VENDPAY_00002971
VPAY_002972,VINV_002972,VEND_000027,2026-02-20T21:26:00,BANK_003,190250.22,INR,BANK_TRANSFER,SUCCESS,VENDPAY_00002972
VPAY_002973,VINV_002973,VEND_000042,2026-02-21T21:31:00,BANK_003,56431.14,INR,BANK_TRANSFER,SUCCESS,VENDPAY_00002973
VPAY_002974,VINV_002974,VEND_000068,2026-02-23T22:37:00,BANK_003,84840.82,INR,BANK_TRANSFER,SUCCESS,VENDPAY_00002974
VPAY_002975,VINV_002975,VEND_000030,2026-02-13T02:30:00,BANK_003,257387.50,INR,BANK_TRANSFER,SUCCESS,VENDPAY_00002975
VPAY_002976,VINV_002976,VEND_000070,2026-03-04T00:46:00,BANK_003,241802.06,INR,BANK_TRANSFER,SUCCESS,VENDPAY_00002976
VPAY_002977,VINV_002977,VEND_000044,2026-02-02T22:04:00,BANK_003,137269.40,INR,BANK_TRANSFER,SUCCESS,VENDPAY_00002977
VPAY_002978,VINV_002978,VEND_000015,2026-03-02T22:29:00,BANK_003,247017.66,INR,BANK_TRANSFER,SUCCESS,VENDPAY_00002978
VPAY_002979,VINV_002979,VEND_000089,2026-02-07T02:33:00,BANK_003,203836.74,INR,BANK_TRANSFER,SUCCESS,VENDPAY_00002979
VPAY_002980,VINV_002980,VEND_000012,2026-02-20T22:36:00,BANK_003,239722.90,INR,BANK_TRANSFER,SUCCESS,VENDPAY_00002980
VPAY_002981,VINV_002981,VEND_000031,2026-02-16T21:42:00,BANK_003,258776.36,INR,BANK_TRANSFER,SUCCESS,VENDPAY_00002981
VPAY_002982,VINV_002982,VEND_000054,2026-03-09T01:23:00,BANK_003,70624.18,INR,BANK_TRANSFER,SUCCESS,VENDPAY_00002982
VPAY_002983,VINV_002983,VEND_000036,2026-02-22T02:55:00,BANK_003,130948.14,INR,BANK_TRANSFER,SUCCESS,VENDPAY_00002983
VPAY_002984,VINV_002984,VEND_000054,2026-02-23T20:29:00,BANK_003,259415.92,INR,BANK_TRANSFER,SUCCESS,VENDPAY_00002984
VPAY_002985,VINV_002985,VEND_000002,2026-03-10T22:52:00,BANK_003,84381.80,INR,BANK_TRANSFER,SUCCESS,VENDPAY_00002985
VPAY_002986,VINV_002986,VEND_000032,2026-02-17T02:31:00,BANK_003,198559.00,INR,BANK_TRANSFER,SUCCESS,VENDPAY_00002986
VPAY_002987,VINV_002987,VEND_000086,2026-02-04T21:39:00,BANK_003,114665.00,INR,BANK_TRANSFER,SUCCESS,VENDPAY_00002987
VPAY_002988,VINV_002988,VEND_000072,2026-02-20T01:54:00,BANK_003,240751.86,INR,BANK_TRANSFER,SUCCESS,VENDPAY_00002988
VPAY_002989,VINV_002989,VEND_000006,2026-02-08T01:56:00,BANK_003,239211.96,INR,BANK_TRANSFER,SUCCESS,VENDPAY_00002989
VPAY_002990,VINV_002990,VEND_000074,2026-02-04T21:08:00,BANK_003,82459.58,INR,BANK_TRANSFER,SUCCESS,VENDPAY_00002990
VPAY_002991,VINV_002991,VEND_000047,2026-03-04T22:10:00,BANK_003,232548.50,INR,BANK_TRANSFER,SUCCESS,VENDPAY_00002991
VPAY_002992,VINV_002992,VEND_000051,2026-02-27T20:06:00,BANK_003,65431.00,INR,BANK_TRANSFER,SUCCESS,VENDPAY_00002992
VPAY_002993,VINV_002993,VEND_000059,2026-02-18T02:06:00,BANK_003,230451.64,INR,BANK_TRANSFER,SUCCESS,VENDPAY_00002993
VPAY_002994,VINV_002994,VEND_000081,2026-03-09T21:46:00,BANK_003,186667.74,INR,BANK_TRANSFER,SUCCESS,VENDPAY_00002994
VPAY_002995,VINV_002995,VEND_000028,2026-02-06T20:12:00,BANK_003,228468.06,INR,BANK_TRANSFER,SUCCESS,VENDPAY_00002995
VPAY_002996,VINV_002996,VEND_000013,2026-03-01T21:51:00,BANK_003,143509.24,INR,BANK_TRANSFER,SUCCESS,VENDPAY_00002996
VPAY_002997,VINV_002997,VEND_000059,2026-02-13T00:59:00,BANK_003,131519.26,INR,BANK_TRANSFER,SUCCESS,VENDPAY_00002997
VPAY_002998,VINV_002998,VEND_000046,2026-02-19T23:09:00,BANK_003,130030.10,INR,BANK_TRANSFER,SUCCESS,VENDPAY_00002998
VPAY_002999,VINV_002999,VEND_000042,2026-02-19T00:34:00,BANK_003,194835.70,INR,BANK_TRANSFER,SUCCESS,VENDPAY_00002999
VPAY_003000,VINV_003000,VEND_000021,2026-03-05T20:56:00,BANK_003,117866.66,INR,BANK_TRANSFER,SUCCESS,VENDPAY_00003000
VPAY_003001,VINV_003001,VEND_000052,2026-02-07T01:28:00,BANK_003,160913.06,INR,BANK_TRANSFER,SUCCESS,VENDPAY_00003001
VPAY_003002,VINV_003002,VEND_000012,2026-02-11T22:58:00,BANK_003,156342.92,INR,BANK_TRANSFER,SUCCESS,VENDPAY_00003002
VPAY_003003,VINV_003003,VEND_000041,2026-01-31T00:40:00,BANK_003,147702.96,INR,BANK_TRANSFER,SUCCESS,VENDPAY_00003003
VPAY_003004,VINV_003004,VEND_000082,2026-02-26T22:15:00,BANK_003,178707.46,INR,BANK_TRANSFER,SUCCESS,VENDPAY_00003004
VPAY_003005,VINV_003005,VEND_000082,2026-03-01T00:45:00,BANK_003,110694.62,INR,BANK_TRANSFER,SUCCESS,VENDPAY_00003005
VPAY_003006,VINV_003006,VEND_000063,2026-02-13T23:35:00,BANK_003,161549.08,INR,BANK_TRANSFER,SUCCESS,VENDPAY_00003006
VPAY_003007,VINV_003007,VEND_000047,2026-02-20T22:22:00,BANK_003,102349.66,INR,BANK_TRANSFER,SUCCESS,VENDPAY_00003007
VPAY_003008,VINV_003008,VEND_000015,2026-03-03T22:27:00,BANK_003,111807.36,INR,BANK_TRANSFER,SUCCESS,VENDPAY_00003008
VPAY_003009,VINV_003009,VEND_000072,2026-02-06T23:02:00,BANK_003,219598.00,INR,BANK_TRANSFER,SUCCESS,VENDPAY_00003009
VPAY_003010,VINV_003010,VEND_000026,2026-02-18T22:31:00,BANK_003,81979.32,INR,BANK_TRANSFER,SUCCESS,VENDPAY_00003010
VPAY_003011,VINV_003011,VEND_000034,2026-02-23T20:56:00,BANK_003,98188.98,INR,BANK_TRANSFER,SUCCESS,VENDPAY_00003011
VPAY_003012,VINV_003012,VEND_000051,2026-03-01T01:47:00,BANK_003,94250.14,INR,BANK_TRANSFER,SUCCESS,VENDPAY_00003012
VPAY_003013,VINV_003013,VEND_000079,2026-02-06T02:25:00,BANK_003,229451.00,INR,BANK_TRANSFER,SUCCESS,VENDPAY_00003013
VPAY_003014,VINV_003014,VEND_000057,2026-02-12T02:19:00,BANK_003,65711.84,INR,BANK_TRANSFER,SUCCESS,VENDPAY_00003014
VPAY_003015,VINV_003015,VEND_000086,2026-01-30T21:11:00,BANK_003,116771.00,INR,BANK_TRANSFER,SUCCESS,VENDPAY_00003015
VPAY_003016,VINV_003016,VEND_000089,2026-02-08T23:41:00,BANK_003,120835.54,INR,BANK_TRANSFER,SUCCESS,VENDPAY_00003016
VPAY_003017,VINV_003017,VEND_000057,2026-02-07T21:35:00,BANK_003,253512.38,INR,BANK_TRANSFER,SUCCESS,VENDPAY_00003017
VPAY_003018,VINV_003018,VEND_000038,2026-02-02T01:44:00,BANK_003,128477.22,INR,BANK_TRANSFER,SUCCESS,VENDPAY_00003018
VPAY_003019,VINV_003019,VEND_000057,2026-02-18T20:13:00,BANK_003,181324.70,INR,BANK_TRANSFER,SUCCESS,VENDPAY_00003019
VPAY_003020,VINV_003020,VEND_000053,2026-02-17T23:44:00,BANK_003,93773.00,INR,BANK_TRANSFER,SUCCESS,VENDPAY_00003020
VPAY_003021,VINV_003021,VEND_000081,2026-03-01T01:51:00,BANK_003,231105.36,INR,BANK_TRANSFER,SUCCESS,VENDPAY_00003021
VPAY_003022,VINV_003022,VEND_000047,2026-03-01T20:46:00,BANK_003,134625.02,INR,BANK_TRANSFER,SUCCESS,VENDPAY_00003022
VPAY_003023,VINV_003023,VEND_000031,2026-02-20T22:17:00,BANK_003,152132.68,INR,BANK_TRANSFER,SUCCESS,VENDPAY_00003023
VPAY_003024,VINV_003024,VEND_000089,2026-02-11T23:55:00,BANK_003,94702.08,INR,BANK_TRANSFER,SUCCESS,VENDPAY_00003024
VPAY_003025,VINV_003025,VEND_000069,2026-02-19T01:12:00,BANK_003,232188.60,INR,BANK_TRANSFER,SUCCESS,VENDPAY_00003025
VPAY_003026,VINV_003026,VEND_000069,2026-02-19T21:02:00,BANK_003,150070.04,INR,BANK_TRANSFER,SUCCESS,VENDPAY_00003026
VPAY_003027,VINV_003027,VEND_000045,2026-02-19T00:29:00,BANK_003,252606.14,INR,BANK_TRANSFER,SUCCESS,VENDPAY_00003027
VPAY_003028,VINV_003028,VEND_000060,2026-02-20T02:59:00,BANK_003,136350.18,INR,BANK_TRANSFER,SUCCESS,VENDPAY_00003028
VPAY_003029,VINV_003029,VEND_000059,2026-02-16T00:06:00,BANK_003,244514.88,INR,BANK_TRANSFER,SUCCESS,VENDPAY_00003029
VPAY_003030,VINV_003030,VEND_000009,2026-02-16T21:32:00,BANK_003,106100.88,INR,BANK_TRANSFER,SUCCESS,VENDPAY_00003030
VPAY_003031,VINV_003031,VEND_000072,2026-01-31T02:08:00,BANK_003,254249.88,INR,BANK_TRANSFER,SUCCESS,VENDPAY_00003031
VPAY_003032,VINV_003032,VEND_000062,2026-02-04T02:13:00,BANK_003,83765.00,INR,BANK_TRANSFER,SUCCESS,VENDPAY_00003032
VPAY_003033,VINV_003033,VEND_000009,2026-03-06T23:16:00,BANK_003,138502.50,INR,BANK_TRANSFER,SUCCESS,VENDPAY_00003033
VPAY_003034,VINV_003034,VEND_000077,2026-02-14T22:27:00,BANK_003,204921.16,INR,BANK_TRANSFER,SUCCESS,VENDPAY_00003034
VPAY_003035,VINV_003035,VEND_000051,2026-03-05T23:31:00,BANK_003,119668.52,INR,BANK_TRANSFER,SUCCESS,VENDPAY_00003035
VPAY_003036,VINV_003036,VEND_000069,2026-03-02T00:59:00,BANK_003,147340.70,INR,BANK_TRANSFER,SUCCESS,VENDPAY_00003036
VPAY_003037,VINV_003037,VEND_000019,2026-03-10T02:22:00,BANK_003,220018.08,INR,BANK_TRANSFER,SUCCESS,VENDPAY_00003037
VPAY_003038,VINV_003038,VEND_000001,2026-02-03T03:07:00,BANK_003,241665.18,INR,BANK_TRANSFER,SUCCESS,VENDPAY_00003038
VPAY_003039,VINV_003039,VEND_000076,2026-02-03T23:56:00,BANK_003,90121.32,INR,BANK_TRANSFER,SUCCESS,VENDPAY_00003039
VPAY_003040,VINV_003040,VEND_000068,2026-02-27T22:29:00,BANK_003,181072.18,INR,BANK_TRANSFER,SUCCESS,VENDPAY_00003040
VPAY_003041,VINV_003041,VEND_000032,2026-02-06T21:12:00,BANK_003,202686.00,INR,BANK_TRANSFER,SUCCESS,VENDPAY_00003041
VPAY_003042,VINV_003042,VEND_000004,2026-02-17T01:40:00,BANK_003,253980.84,INR,BANK_TRANSFER,SUCCESS,VENDPAY_00003042
VPAY_003043,VINV_003043,VEND_000043,2026-02-18T21:11:00,BANK_003,80662.44,INR,BANK_TRANSFER,SUCCESS,VENDPAY_00003043
VPAY_003044,VINV_003044,VEND_000053,2026-02-23T20:40:00,BANK_003,144953.00,INR,BANK_TRANSFER,SUCCESS,VENDPAY_00003044
VPAY_003045,VINV_003045,VEND_000044,2026-02-04T21:06:00,BANK_003,109703.42,INR,BANK_TRANSFER,SUCCESS,VENDPAY_00003045
VPAY_003046,VINV_003046,VEND_000023,2026-02-25T03:22:00,BANK_003,186222.88,INR,BANK_TRANSFER,SUCCESS,VENDPAY_00003046
VPAY_003047,VINV_003047,VEND_000024,2026-02-14T01:55:00,BANK_003,133681.02,INR,BANK_TRANSFER,SUCCESS,VENDPAY_00003047
VPAY_003048,VINV_003048,VEND_000045,2026-02-21T21:35:00,BANK_003,253305.88,INR,BANK_TRANSFER,SUCCESS,VENDPAY_00003048
VPAY_003049,VINV_003049,VEND_000058,2026-02-17T20:41:00,BANK_003,82184.64,INR,BANK_TRANSFER,SUCCESS,VENDPAY_00003049
VPAY_003050,VINV_003050,VEND_000078,2026-03-03T19:48:00,BANK_003,71937.52,INR,BANK_TRANSFER,SUCCESS,VENDPAY_00003050
VPAY_003051,VINV_003051,VEND_000013,2026-02-17T00:48:00,BANK_003,105225.32,INR,BANK_TRANSFER,SUCCESS,VENDPAY_00003051
VPAY_003052,VINV_003052,VEND_000001,2026-02-16T19:57:00,BANK_003,154207.12,INR,BANK_TRANSFER,SUCCESS,VENDPAY_00003052
VPAY_003053,VINV_003053,VEND_000073,2026-02-27T22:37:00,BANK_003,227364.76,INR,BANK_TRANSFER,SUCCESS,VENDPAY_00003053
VPAY_003054,VINV_003054,VEND_000023,2026-03-11T22:50:00,BANK_003,111402.62,INR,BANK_TRANSFER,SUCCESS,VENDPAY_00003054
VPAY_003055,VINV_003055,VEND_000024,2026-02-06T00:25:00,BANK_003,218657.54,INR,BANK_TRANSFER,SUCCESS,VENDPAY_00003055
VPAY_003056,VINV_003056,VEND_000088,2026-02-21T01:33:00,BANK_003,100944.28,INR,BANK_TRANSFER,SUCCESS,VENDPAY_00003056
VPAY_003057,VINV_003057,VEND_000057,2026-02-17T20:30:00,BANK_003,108003.04,INR,BANK_TRANSFER,SUCCESS,VENDPAY_00003057
VPAY_003058,VINV_003058,VEND_000004,2026-02-03T21:17:00,BANK_003,245528.50,INR,BANK_TRANSFER,SUCCESS,VENDPAY_00003058
VPAY_003059,VINV_003059,VEND_000040,2026-02-19T23:38:00,BANK_003,143247.28,INR,BANK_TRANSFER,SUCCESS,VENDPAY_00003059
VPAY_003060,VINV_003060,VEND_000076,2026-02-07T02:10:00,BANK_003,213483.24,INR,BANK_TRANSFER,SUCCESS,VENDPAY_00003060
VPAY_003061,VINV_003061,VEND_000064,2026-02-23T20:08:00,BANK_003,112849.30,INR,BANK_TRANSFER,SUCCESS,VENDPAY_00003061
VPAY_003062,VINV_003062,VEND_000059,2026-02-19T02:56:00,BANK_003,256789.24,INR,BANK_TRANSFER,SUCCESS,VENDPAY_00003062
VPAY_003063,VINV_003063,VEND_000058,2026-02-23T02:56:00,BANK_003,89099.44,INR,BANK_TRANSFER,SUCCESS,VENDPAY_00003063
VPAY_003064,VINV_003064,VEND_000044,2026-02-12T20:09:00,BANK_003,129263.10,INR,BANK_TRANSFER,SUCCESS,VENDPAY_00003064
VPAY_003065,VINV_003065,VEND_000063,2026-02-13T21:27:00,BANK_003,111358.96,INR,BANK_TRANSFER,SUCCESS,VENDPAY_00003065
VPAY_003066,VINV_003066,VEND_000008,2026-02-22T21:12:00,BANK_003,170940.00,INR,BANK_TRANSFER,SUCCESS,VENDPAY_00003066
VPAY_003067,VINV_003067,VEND_000067,2026-02-22T21:14:00,BANK_003,81233.56,INR,BANK_TRANSFER,SUCCESS,VENDPAY_00003067
VPAY_003068,VINV_003068,VEND_000068,2026-02-19T22:10:00,BANK_003,227251.48,INR,BANK_TRANSFER,SUCCESS,VENDPAY_00003068
VPAY_003069,VINV_003069,VEND_000070,2026-02-18T19:27:00,BANK_003,252059.80,INR,BANK_TRANSFER,SUCCESS,VENDPAY_00003069
VPAY_003070,VINV_003070,VEND_000018,2026-02-22T23:32:00,BANK_003,191649.70,INR,BANK_TRANSFER,SUCCESS,VENDPAY_00003070
VPAY_003071,VINV_003071,VEND_000052,2026-02-14T00:24:00,BANK_003,187701.42,INR,BANK_TRANSFER,SUCCESS,VENDPAY_00003071
VPAY_003072,VINV_003072,VEND_000004,2026-02-04T21:54:00,BANK_003,205054.50,INR,BANK_TRANSFER,SUCCESS,VENDPAY_00003072
VPAY_003073,VINV_003073,VEND_000100,2026-02-11T22:17:00,BANK_003,98203.14,INR,BANK_TRANSFER,SUCCESS,VENDPAY_00003073
VPAY_003074,VINV_003074,VEND_000092,2026-02-05T03:29:00,BANK_003,50328.18,INR,BANK_TRANSFER,SUCCESS,VENDPAY_00003074
VPAY_003075,VINV_003075,VEND_000092,2026-01-29T20:25:00,BANK_003,103875.40,INR,BANK_TRANSFER,SUCCESS,VENDPAY_00003075
VPAY_003076,VINV_003076,VEND_000102,2026-01-24T23:59:00,BANK_003,104412.30,INR,BANK_TRANSFER,SUCCESS,VENDPAY_00003076
VPAY_003077,VINV_003077,VEND_000107,2026-02-17T22:48:00,BANK_003,48814.24,INR,BANK_TRANSFER,SUCCESS,VENDPAY_00003077
VPAY_003078,VINV_003078,VEND_000094,2026-01-29T02:54:00,BANK_003,91957.40,INR,BANK_TRANSFER,SUCCESS,VENDPAY_00003078
VPAY_003079,VINV_003079,VEND_000093,2026-02-06T03:55:00,BANK_003,44687.00,INR,BANK_TRANSFER,SUCCESS,VENDPAY_00003079
VPAY_003080,VINV_003080,VEND_000103,2026-02-11T02:38:00,BANK_003,53104.72,INR,BANK_TRANSFER,SUCCESS,VENDPAY_00003080
VPAY_003081,VINV_003081,VEND_000098,2026-02-07T22:44:00,BANK_003,61352.00,INR,BANK_TRANSFER,SUCCESS,VENDPAY_00003081
VPAY_003082,VINV_003082,VEND_000103,2026-01-23T02:41:00,BANK_003,28161.88,INR,BANK_TRANSFER,SUCCESS,VENDPAY_00003082
VPAY_003083,VINV_003083,VEND_000099,2026-02-24T02:44:00,BANK_003,86637.96,INR,BANK_TRANSFER,SUCCESS,VENDPAY_00003083
VPAY_003084,VINV_003084,VEND_000099,2026-02-23T20:08:00,BANK_003,84529.30,INR,BANK_TRANSFER,SUCCESS,VENDPAY_00003084
VPAY_003085,VINV_003085,VEND_000103,2026-01-19T21:41:00,BANK_003,64249.82,INR,BANK_TRANSFER,SUCCESS,VENDPAY_00003085
VPAY_003086,VINV_003086,VEND_000091,2026-01-24T21:27:00,BANK_003,82404.12,INR,BANK_TRANSFER,SUCCESS,VENDPAY_00003086
VPAY_003087,VINV_003087,VEND_000098,2026-02-23T02:45:00,BANK_003,27243.00,INR,BANK_TRANSFER,SUCCESS,VENDPAY_00003087
VPAY_003088,VINV_003088,VEND_000106,2026-02-08T03:04:00,BANK_003,31524.88,INR,BANK_TRANSFER,SUCCESS,VENDPAY_00003088
VPAY_003089,VINV_003089,VEND_000099,2026-02-12T03:39:00,BANK_003,82827.74,INR,BANK_TRANSFER,SUCCESS,VENDPAY_00003089
VPAY_003090,VINV_003090,VEND_000109,2026-01-22T00:27:00,BANK_003,61684.50,INR,BANK_TRANSFER,SUCCESS,VENDPAY_00003090
VPAY_003091,VINV_003091,VEND_000097,2026-02-14T23:09:00,BANK_003,34618.84,INR,BANK_TRANSFER,SUCCESS,VENDPAY_00003091
VPAY_003092,VINV_003092,VEND_000107,2026-02-17T22:25:00,BANK_003,26760.04,INR,BANK_TRANSFER,SUCCESS,VENDPAY_00003092
VPAY_003093,VINV_003093,VEND_000092,2026-02-07T23:47:00,BANK_003,81259.52,INR,BANK_TRANSFER,SUCCESS,VENDPAY_00003093
VPAY_003094,VINV_003094,VEND_000110,2026-02-02T00:17:00,BANK_003,78604.52,INR,BANK_TRANSFER,SUCCESS,VENDPAY_00003094
VPAY_003095,VINV_003095,VEND_000092,2026-02-08T22:33:00,BANK_003,99131.80,INR,BANK_TRANSFER,SUCCESS,VENDPAY_00003095
VPAY_003096,VINV_003096,VEND_000092,2026-02-02T22:21:00,BANK_003,109212.54,INR,BANK_TRANSFER,SUCCESS,VENDPAY_00003096
VPAY_003097,VINV_003097,VEND_000099,2026-02-16T22:43:00,BANK_003,48387.08,INR,BANK_TRANSFER,SUCCESS,VENDPAY_00003097
VPAY_003098,VINV_003098,VEND_000092,2026-02-10T20:26:00,BANK_003,81762.20,INR,BANK_TRANSFER,SUCCESS,VENDPAY_00003098
VPAY_003099,VINV_003099,VEND_000098,2026-02-24T02:13:00,BANK_003,42112.00,INR,BANK_TRANSFER,SUCCESS,VENDPAY_00003099
VPAY_003100,VINV_003100,VEND_000105,2026-02-01T21:59:00,BANK_003,25154.06,INR,BANK_TRANSFER,SUCCESS,VENDPAY_00003100
VPAY_003101,VINV_003101,VEND_000100,2026-02-04T00:53:00,BANK_003,107364.66,INR,BANK_TRANSFER,SUCCESS,VENDPAY_00003101
VPAY_003102,VINV_003102,VEND_000093,2026-02-08T23:48:00,BANK_003,71729.00,INR,BANK_TRANSFER,SUCCESS,VENDPAY_00003102
VPAY_003103,VINV_003103,VEND_000096,2026-02-04T03:05:00,BANK_003,70988.80,INR,BANK_TRANSFER,SUCCESS,VENDPAY_00003103
VPAY_003104,VINV_003104,VEND_000098,2026-02-14T20:19:00,BANK_003,18773.00,INR,BANK_TRANSFER,SUCCESS,VENDPAY_00003104
VPAY_003105,VINV_003105,VEND_000109,2026-01-23T01:10:00,BANK_003,39743.58,INR,BANK_TRANSFER,SUCCESS,VENDPAY_00003105
VPAY_003106,VINV_003106,VEND_000093,2026-02-13T00:12:00,BANK_003,20594.00,INR,BANK_TRANSFER,SUCCESS,VENDPAY_00003106
VPAY_003107,VINV_003107,VEND_000103,2026-02-08T22:41:00,BANK_003,64927.14,INR,BANK_TRANSFER,SUCCESS,VENDPAY_00003107
VPAY_003108,VINV_003108,VEND_000098,2026-02-18T23:34:00,BANK_003,82298.00,INR,BANK_TRANSFER,SUCCESS,VENDPAY_00003108
VPAY_003109,VINV_003109,VEND_000105,2026-01-22T21:56:00,BANK_003,95344.00,INR,BANK_TRANSFER,SUCCESS,VENDPAY_00003109
VPAY_003110,VINV_003110,VEND_000100,2026-02-11T01:37:00,BANK_003,48205.36,INR,BANK_TRANSFER,SUCCESS,VENDPAY_00003110
VPAY_003111,VINV_003111,VEND_000091,2026-02-01T21:51:00,BANK_003,88013.84,INR,BANK_TRANSFER,SUCCESS,VENDPAY_00003111
VPAY_003112,VINV_003112,VEND_000108,2026-01-25T22:29:00,BANK_003,56346.18,INR,BANK_TRANSFER,SUCCESS,VENDPAY_00003112
VPAY_003113,VINV_003113,VEND_000103,2026-02-01T02:16:00,BANK_003,86374.82,INR,BANK_TRANSFER,SUCCESS,VENDPAY_00003113
VPAY_003114,VINV_003114,VEND_000103,2026-01-30T01:36:00,BANK_003,92929.72,INR,BANK_TRANSFER,SUCCESS,VENDPAY_00003114
VPAY_003115,VINV_003115,VEND_000095,2026-01-29T23:52:00,BANK_003,103201.62,INR,BANK_TRANSFER,SUCCESS,VENDPAY_00003115
VPAY_003116,VINV_003116,VEND_000109,2026-02-10T21:50:00,BANK_003,51337.08,INR,BANK_TRANSFER,SUCCESS,VENDPAY_00003116
VPAY_003117,VINV_003117,VEND_000108,2026-01-29T21:43:00,BANK_003,84374.72,INR,BANK_TRANSFER,SUCCESS,VENDPAY_00003117
VPAY_003118,VINV_003118,VEND_000095,2026-01-26T23:46:00,BANK_003,93968.12,INR,BANK_TRANSFER,SUCCESS,VENDPAY_00003118
VPAY_003119,VINV_003119,VEND_000110,2026-01-19T21:16:00,BANK_003,84980.06,INR,BANK_TRANSFER,SUCCESS,VENDPAY_00003119
VPAY_003120,VINV_003120,VEND_000096,2026-02-12T01:46:00,BANK_003,80675.42,INR,BANK_TRANSFER,SUCCESS,VENDPAY_00003120
VPAY_003121,VINV_003121,VEND_000091,2026-02-05T00:10:00,BANK_003,53170.80,INR,BANK_TRANSFER,SUCCESS,VENDPAY_00003121
VPAY_003122,VINV_003122,VEND_000109,2026-02-07T20:33:00,BANK_003,45345.04,INR,BANK_TRANSFER,SUCCESS,VENDPAY_00003122
VPAY_003123,VINV_003123,VEND_000101,2026-01-26T01:52:00,BANK_003,93712.06,INR,BANK_TRANSFER,SUCCESS,VENDPAY_00003123
VPAY_003124,VINV_003124,VEND_000106,2026-02-22T02:56:00,BANK_003,70146.28,INR,BANK_TRANSFER,SUCCESS,VENDPAY_00003124
VPAY_003125,VINV_003125,VEND_000093,2026-01-23T21:58:00,BANK_003,29239.00,INR,BANK_TRANSFER,SUCCESS,VENDPAY_00003125
VPAY_003126,VINV_003126,VEND_000093,2026-02-04T03:38:00,BANK_003,59064.00,INR,BANK_TRANSFER,SUCCESS,VENDPAY_00003126
VPAY_003127,VINV_003127,VEND_000100,2026-02-13T20:49:00,BANK_003,31450.54,INR,BANK_TRANSFER,SUCCESS,VENDPAY_00003127
VPAY_003128,VINV_003128,VEND_000105,2026-01-28T23:03:00,BANK_003,94718.60,INR,BANK_TRANSFER,SUCCESS,VENDPAY_00003128
VPAY_003129,VINV_003129,VEND_000094,2026-01-23T21:47:00,BANK_003,108143.46,INR,BANK_TRANSFER,SUCCESS,VENDPAY_00003129
VPAY_003130,VINV_003130,VEND_000094,2026-02-13T02:57:00,BANK_003,103568.60,INR,BANK_TRANSFER,SUCCESS,VENDPAY_00003130
VPAY_003131,VINV_003131,VEND_000106,2026-02-24T22:04:00,BANK_003,64735.98,INR,BANK_TRANSFER,SUCCESS,VENDPAY_00003131
VPAY_003132,VINV_003132,VEND_000095,2026-01-27T03:23:00,BANK_003,90050.52,INR,BANK_TRANSFER,SUCCESS,VENDPAY_00003132
VPAY_003133,VINV_003133,VEND_000103,2026-01-31T03:08:00,BANK_003,94366.96,INR,BANK_TRANSFER,SUCCESS,VENDPAY_00003133
VPAY_003134,VINV_003134,VEND_000109,2026-02-01T22:37:00,BANK_003,77287.64,INR,BANK_TRANSFER,SUCCESS,VENDPAY_00003134
VPAY_003135,VINV_003135,VEND_000091,2026-02-11T21:32:00,BANK_003,97298.08,INR,BANK_TRANSFER,SUCCESS,VENDPAY_00003135
VPAY_003136,VINV_003136,VEND_000093,2026-01-29T03:43:00,BANK_003,66492.00,INR,BANK_TRANSFER,SUCCESS,VENDPAY_00003136
VPAY_003137,VINV_003137,VEND_000103,2026-01-22T01:18:00,BANK_003,44359.74,INR,BANK_TRANSFER,SUCCESS,VENDPAY_00003137
VPAY_003138,VINV_003138,VEND_000101,2026-02-15T01:35:00,BANK_003,66455.24,INR,BANK_TRANSFER,SUCCESS,VENDPAY_00003138
VPAY_003139,VINV_003139,VEND_000106,2026-02-21T22:07:00,BANK_003,23707.38,INR,BANK_TRANSFER,SUCCESS,VENDPAY_00003139
VPAY_003140,VINV_003140,VEND_000102,2026-01-29T23:50:00,BANK_003,60325.14,INR,BANK_TRANSFER,SUCCESS,VENDPAY_00003140
VPAY_003141,VINV_003141,VEND_000091,2026-02-01T01:56:00,BANK_003,96965.32,INR,BANK_TRANSFER,SUCCESS,VENDPAY_00003141
VPAY_003142,VINV_003142,VEND_000098,2026-02-10T00:20:00,BANK_003,58191.00,INR,BANK_TRANSFER,SUCCESS,VENDPAY_00003142
VPAY_003143,VINV_003143,VEND_000099,2026-02-23T21:05:00,BANK_003,92089.56,INR,BANK_TRANSFER,SUCCESS,VENDPAY_00003143
VPAY_003144,VINV_003144,VEND_000095,2026-02-16T01:56:00,BANK_003,22890.82,INR,BANK_TRANSFER,SUCCESS,VENDPAY_00003144
VPAY_003145,VINV_003145,VEND_000097,2026-02-10T01:10:00,BANK_003,93950.42,INR,BANK_TRANSFER,SUCCESS,VENDPAY_00003145
VPAY_003146,VINV_003146,VEND_000099,2026-02-08T00:43:00,BANK_003,79260.60,INR,BANK_TRANSFER,SUCCESS,VENDPAY_00003146
VPAY_003147,VINV_003147,VEND_000101,2026-02-06T21:38:00,BANK_003,41708.28,INR,BANK_TRANSFER,SUCCESS,VENDPAY_00003147
VPAY_003148,VINV_003148,VEND_000106,2026-02-11T00:16:00,BANK_003,64799.70,INR,BANK_TRANSFER,SUCCESS,VENDPAY_00003148
VPAY_003149,VINV_003149,VEND_000093,2026-02-08T21:31:00,BANK_003,59761.00,INR,BANK_TRANSFER,SUCCESS,VENDPAY_00003149
VPAY_003150,VINV_003150,VEND_000095,2026-01-30T21:50:00,BANK_003,37796.58,INR,BANK_TRANSFER,SUCCESS,VENDPAY_00003150
VPAY_003151,VINV_003151,VEND_000095,2026-01-31T03:30:00,BANK_003,109693.98,INR,BANK_TRANSFER,SUCCESS,VENDPAY_00003151
VPAY_003152,VINV_003152,VEND_000091,2026-02-16T00:43:00,BANK_003,23319.16,INR,BANK_TRANSFER,SUCCESS,VENDPAY_00003152
VPAY_003153,VINV_003153,VEND_000110,2026-01-23T01:54:00,BANK_003,32125.50,INR,BANK_TRANSFER,SUCCESS,VENDPAY_00003153
VPAY_003154,VINV_003154,VEND_000101,2026-02-12T02:16:00,BANK_003,37607.78,INR,BANK_TRANSFER,SUCCESS,VENDPAY_00003154
VPAY_003155,VINV_003155,VEND_000097,2026-02-08T02:28:00,BANK_003,33791.66,INR,BANK_TRANSFER,SUCCESS,VENDPAY_00003155
VPAY_003156,VINV_003156,VEND_000098,2026-01-30T22:16:00,BANK_003,45553.00,INR,BANK_TRANSFER,SUCCESS,VENDPAY_00003156
VPAY_003157,VINV_003157,VEND_000107,2026-02-15T23:04:00,BANK_003,51033.82,INR,BANK_TRANSFER,SUCCESS,VENDPAY_00003157
VPAY_003158,VINV_003158,VEND_000106,2026-02-17T22:59:00,BANK_003,50016.66,INR,BANK_TRANSFER,SUCCESS,VENDPAY_00003158
VPAY_003159,VINV_003159,VEND_000107,2026-02-05T00:21:00,BANK_003,22215.86,INR,BANK_TRANSFER,SUCCESS,VENDPAY_00003159
VPAY_003160,VINV_003160,VEND_000108,2026-01-25T03:27:00,BANK_003,110239.14,INR,BANK_TRANSFER,SUCCESS,VENDPAY_00003160
VPAY_003161,VINV_003161,VEND_000093,2026-01-28T22:03:00,BANK_003,42667.00,INR,BANK_TRANSFER,SUCCESS,VENDPAY_00003161
VPAY_003162,VINV_003162,VEND_000098,2026-02-13T04:38:00,BANK_003,39289.00,INR,BANK_TRANSFER,SUCCESS,VENDPAY_00003162
VPAY_003163,VINV_003163,VEND_000107,2026-02-09T02:33:00,BANK_003,65381.44,INR,BANK_TRANSFER,SUCCESS,VENDPAY_00003163
VPAY_003164,VINV_003164,VEND_000098,2026-02-02T23:27:00,BANK_003,87540.00,INR,BANK_TRANSFER,SUCCESS,VENDPAY_00003164
VPAY_003165,VINV_003165,VEND_000096,2026-01-24T20:42:00,BANK_003,31239.32,INR,BANK_TRANSFER,SUCCESS,VENDPAY_00003165
VPAY_003166,VINV_003166,VEND_000092,2026-01-31T20:50:00,BANK_003,87760.14,INR,BANK_TRANSFER,SUCCESS,VENDPAY_00003166
VPAY_003167,VINV_003167,VEND_000093,2026-02-10T20:57:00,BANK_003,59733.00,INR,BANK_TRANSFER,SUCCESS,VENDPAY_00003167
VPAY_003168,VINV_003168,VEND_000110,2026-02-05T21:33:00,BANK_003,31428.12,INR,BANK_TRANSFER,SUCCESS,VENDPAY_00003168
VPAY_003169,VINV_003169,VEND_000106,2026-02-12T21:09:00,BANK_003,78533.72,INR,BANK_TRANSFER,SUCCESS,VENDPAY_00003169
VPAY_003170,VINV_003170,VEND_000097,2026-02-22T02:04:00,BANK_003,56520.82,INR,BANK_TRANSFER,SUCCESS,VENDPAY_00003170
VPAY_003171,VINV_003171,VEND_000104,2026-02-16T23:28:00,BANK_003,78941.00,INR,BANK_TRANSFER,SUCCESS,VENDPAY_00003171
VPAY_003172,VINV_003172,VEND_000105,2026-01-23T04:01:00,BANK_003,91175.06,INR,BANK_TRANSFER,SUCCESS,VENDPAY_00003172
VPAY_003173,VINV_003173,VEND_000091,2026-01-31T03:33:00,BANK_003,42804.50,INR,BANK_TRANSFER,SUCCESS,VENDPAY_00003173
VPAY_003174,VINV_003174,VEND_000091,2026-02-14T01:37:00,BANK_003,88423.30,INR,BANK_TRANSFER,SUCCESS,VENDPAY_00003174
VPAY_003175,VINV_003175,VEND_000096,2026-01-26T20:53:00,BANK_003,54800.38,INR,BANK_TRANSFER,SUCCESS,VENDPAY_00003175
VPAY_003176,VINV_003176,VEND_000099,2026-02-04T00:07:00,BANK_003,73410.16,INR,BANK_TRANSFER,SUCCESS,VENDPAY_00003176
VPAY_003177,VINV_003177,VEND_000100,2026-02-11T02:23:00,BANK_003,106201.18,INR,BANK_TRANSFER,SUCCESS,VENDPAY_00003177
VPAY_003178,VINV_003178,VEND_000106,2026-02-13T21:08:00,BANK_003,88187.30,INR,BANK_TRANSFER,SUCCESS,VENDPAY_00003178
VPAY_003179,VINV_003179,VEND_000092,2026-02-05T22:26:00,BANK_003,75892.88,INR,BANK_TRANSFER,SUCCESS,VENDPAY_00003179
VPAY_003180,VINV_003180,VEND_000110,2026-01-23T00:13:00,BANK_003,65986.78,INR,BANK_TRANSFER,SUCCESS,VENDPAY_00003180
VPAY_003181,VINV_003181,VEND_000104,2026-02-03T03:02:00,BANK_003,82291.00,INR,BANK_TRANSFER,SUCCESS,VENDPAY_00003181
VPAY_003182,VINV_003182,VEND_000100,2026-02-21T21:38:00,BANK_003,87590.22,INR,BANK_TRANSFER,SUCCESS,VENDPAY_00003182
VPAY_003183,VINV_003183,VEND_000101,2026-02-14T00:01:00,BANK_003,78984.48,INR,BANK_TRANSFER,SUCCESS,VENDPAY_00003183
VPAY_003184,VINV_003184,VEND_000106,2026-02-05T01:32:00,BANK_003,31002.14,INR,BANK_TRANSFER,SUCCESS,VENDPAY_00003184
VPAY_003185,VINV_003185,VEND_000097,2026-02-24T21:37:00,BANK_003,71690.90,INR,BANK_TRANSFER,SUCCESS,VENDPAY_00003185
VPAY_003186,VINV_003186,VEND_000106,2026-02-20T20:59:00,BANK_003,64627.42,INR,BANK_TRANSFER,SUCCESS,VENDPAY_00003186
VPAY_003187,VINV_003187,VEND_000095,2026-02-09T02:14:00,BANK_003,71015.94,INR,BANK_TRANSFER,SUCCESS,VENDPAY_00003187
VPAY_003188,VINV_003188,VEND_000110,2026-01-21T23:28:00,BANK_003,57897.88,INR,BANK_TRANSFER,SUCCESS,VENDPAY_00003188
VPAY_003189,VINV_003189,VEND_000101,2026-01-27T01:03:00,BANK_003,100266.96,INR,BANK_TRANSFER,SUCCESS,VENDPAY_00003189
VPAY_003190,VINV_003190,VEND_000093,2026-02-08T02:25:00,BANK_003,87367.00,INR,BANK_TRANSFER,SUCCESS,VENDPAY_00003190
VPAY_003191,VINV_003191,VEND_000103,2026-01-23T02:44:00,BANK_003,51117.60,INR,BANK_TRANSFER,SUCCESS,VENDPAY_00003191
VPAY_003192,VINV_003192,VEND_000092,2026-02-09T22:04:00,BANK_003,94510.92,INR,BANK_TRANSFER,SUCCESS,VENDPAY_00003192
VPAY_003193,VINV_003193,VEND_000110,2026-02-02T22:29:00,BANK_003,95873.82,INR,BANK_TRANSFER,SUCCESS,VENDPAY_00003193
VPAY_003194,VINV_003194,VEND_000106,2026-02-18T04:48:00,BANK_003,69830.04,INR,BANK_TRANSFER,SUCCESS,VENDPAY_00003194
VPAY_003195,VINV_003195,VEND_000097,2026-02-07T03:32:00,BANK_003,39855.68,INR,BANK_TRANSFER,SUCCESS,VENDPAY_00003195
VPAY_003196,VINV_003196,VEND_000097,2026-02-18T21:38:00,BANK_003,102206.88,INR,BANK_TRANSFER,SUCCESS,VENDPAY_00003196
VPAY_003197,VINV_003197,VEND_000104,2026-02-13T02:38:00,BANK_003,19430.00,INR,BANK_TRANSFER,SUCCESS,VENDPAY_00003197
VPAY_003198,VINV_003198,VEND_000091,2026-02-13T03:11:00,BANK_003,25696.86,INR,BANK_TRANSFER,SUCCESS,VENDPAY_00003198
VPAY_003199,VINV_003199,VEND_000105,2026-02-02T03:18:00,BANK_003,44070.64,INR,BANK_TRANSFER,SUCCESS,VENDPAY_00003199
VPAY_003200,VINV_003200,VEND_000110,2026-01-29T01:14:00,BANK_003,89932.52,INR,BANK_TRANSFER,SUCCESS,VENDPAY_00003200
VPAY_003201,VINV_003201,VEND_000097,2026-02-11T23:34:00,BANK_003,91354.42,INR,BANK_TRANSFER,SUCCESS,VENDPAY_00003201
VPAY_003202,VINV_003202,VEND_000091,2026-01-25T04:29:00,BANK_003,40404.38,INR,BANK_TRANSFER,SUCCESS,VENDPAY_00003202
VPAY_003203,VINV_003203,VEND_000102,2026-02-03T00:17:00,BANK_003,43163.22,INR,BANK_TRANSFER,SUCCESS,VENDPAY_00003203
VPAY_003204,VINV_003204,VEND_000104,2026-02-10T23:55:00,BANK_003,60452.00,INR,BANK_TRANSFER,SUCCESS,VENDPAY_00003204
VPAY_003205,VINV_003205,VEND_000092,2026-02-09T20:49:00,BANK_003,64995.58,INR,BANK_TRANSFER,SUCCESS,VENDPAY_00003205
VPAY_003206,VINV_003206,VEND_000092,2026-02-19T01:39:00,BANK_003,41635.12,INR,BANK_TRANSFER,SUCCESS,VENDPAY_00003206
VPAY_003207,VINV_003207,VEND_000094,2026-01-28T23:43:00,BANK_003,102094.78,INR,BANK_TRANSFER,SUCCESS,VENDPAY_00003207
VPAY_003208,VINV_003208,VEND_000102,2026-01-31T01:59:00,BANK_003,76467.54,INR,BANK_TRANSFER,SUCCESS,VENDPAY_00003208
VPAY_003209,VINV_003209,VEND_000093,2026-02-04T22:52:00,BANK_003,82547.00,INR,BANK_TRANSFER,SUCCESS,VENDPAY_00003209
VPAY_003210,VINV_003210,VEND_000103,2026-02-05T03:07:00,BANK_003,45210.52,INR,BANK_TRANSFER,SUCCESS,VENDPAY_00003210
VPAY_003211,VINV_003211,VEND_000105,2026-01-21T23:51:00,BANK_003,45840.64,INR,BANK_TRANSFER,SUCCESS,VENDPAY_00003211
VPAY_003212,VINV_003212,VEND_000092,2026-02-02T21:47:00,BANK_003,107493.28,INR,BANK_TRANSFER,SUCCESS,VENDPAY_00003212
VPAY_003213,VINV_003213,VEND_000092,2026-02-10T02:55:00,BANK_003,55110.72,INR,BANK_TRANSFER,SUCCESS,VENDPAY_00003213
VPAY_003214,VINV_003214,VEND_000101,2026-02-09T01:45:00,BANK_003,81175.74,INR,BANK_TRANSFER,SUCCESS,VENDPAY_00003214
VPAY_003215,VINV_003215,VEND_000100,2026-02-02T22:12:00,BANK_003,97370.06,INR,BANK_TRANSFER,SUCCESS,VENDPAY_00003215
VPAY_003216,VINV_003216,VEND_000092,2026-02-20T22:03:00,BANK_003,52191.40,INR,BANK_TRANSFER,SUCCESS,VENDPAY_00003216
VPAY_003217,VINV_003217,VEND_000106,2026-02-11T21:59:00,BANK_003,22345.66,INR,BANK_TRANSFER,SUCCESS,VENDPAY_00003217
VPAY_003218,VINV_003218,VEND_000102,2026-01-24T02:34:00,BANK_003,99987.30,INR,BANK_TRANSFER,SUCCESS,VENDPAY_00003218
VPAY_003219,VINV_003219,VEND_000091,2026-02-01T04:22:00,BANK_003,64764.30,INR,BANK_TRANSFER,SUCCESS,VENDPAY_00003219
VPAY_003220,VINV_003220,VEND_000096,2026-02-07T00:46:00,BANK_003,52417.96,INR,BANK_TRANSFER,SUCCESS,VENDPAY_00003220
VPAY_003221,VINV_003221,VEND_000099,2026-02-06T02:09:00,BANK_003,81966.34,INR,BANK_TRANSFER,SUCCESS,VENDPAY_00003221
VPAY_003222,VINV_003222,VEND_000105,2026-01-30T20:31:00,BANK_003,100397.94,INR,BANK_TRANSFER,SUCCESS,VENDPAY_00003222
VPAY_003223,VINV_003223,VEND_000103,2026-02-09T21:37:00,BANK_003,37747.02,INR,BANK_TRANSFER,SUCCESS,VENDPAY_00003223
VPAY_003224,VINV_003224,VEND_000109,2026-02-09T22:43:00,BANK_003,67424.02,INR,BANK_TRANSFER,SUCCESS,VENDPAY_00003224
VPAY_003225,VINV_003225,VEND_000100,2026-02-17T02:46:00,BANK_003,77063.44,INR,BANK_TRANSFER,SUCCESS,VENDPAY_00003225
VPAY_003226,VINV_003226,VEND_000099,2026-02-21T00:59:00,BANK_003,54772.06,INR,BANK_TRANSFER,SUCCESS,VENDPAY_00003226
VPAY_003227,VINV_003227,VEND_000096,2026-01-30T01:16:00,BANK_003,72887.42,INR,BANK_TRANSFER,SUCCESS,VENDPAY_00003227
VPAY_003228,VINV_003228,VEND_000105,2026-02-06T23:05:00,BANK_003,81674.88,INR,BANK_TRANSFER,SUCCESS,VENDPAY_00003228
VPAY_003229,VINV_003229,VEND_000106,2026-02-25T02:26:00,BANK_003,107980.62,INR,BANK_TRANSFER,SUCCESS,VENDPAY_00003229
VPAY_003230,VINV_003230,VEND_000094,2026-01-24T03:18:00,BANK_003,21281.30,INR,BANK_TRANSFER,SUCCESS,VENDPAY_00003230
VPAY_003231,VINV_003231,VEND_000099,2026-02-07T23:20:00,BANK_003,21241.18,INR,BANK_TRANSFER,SUCCESS,VENDPAY_00003231
VPAY_003232,VINV_003232,VEND_000096,2026-01-24T22:15:00,BANK_003,36277.92,INR,BANK_TRANSFER,SUCCESS,VENDPAY_00003232
VPAY_003233,VINV_003233,VEND_000104,2026-02-05T03:37:00,BANK_003,66866.00,INR,BANK_TRANSFER,SUCCESS,VENDPAY_00003233
VPAY_003234,VINV_003234,VEND_000100,2026-02-06T03:11:00,BANK_003,26651.48,INR,BANK_TRANSFER,SUCCESS,VENDPAY_00003234
VPAY_003235,VINV_003235,VEND_000097,2026-02-22T21:38:00,BANK_003,39849.78,INR,BANK_TRANSFER,SUCCESS,VENDPAY_00003235
VPAY_003236,VINV_003236,VEND_000106,2026-02-03T02:19:00,BANK_003,48240.76,INR,BANK_TRANSFER,SUCCESS,VENDPAY_00003236
VPAY_003237,VINV_003237,VEND_000105,2026-02-09T21:39:00,BANK_003,110910.56,INR,BANK_TRANSFER,SUCCESS,VENDPAY_00003237
VPAY_003238,VINV_003238,VEND_000109,2026-01-21T01:47:00,BANK_003,95436.04,INR,BANK_TRANSFER,SUCCESS,VENDPAY_00003238
VPAY_003239,VINV_003239,VEND_000103,2026-01-18T22:36:00,BANK_003,79613.42,INR,BANK_TRANSFER,SUCCESS,VENDPAY_00003239
VPAY_003240,VINV_003240,VEND_000105,2026-01-21T20:48:00,BANK_003,85027.26,INR,BANK_TRANSFER,SUCCESS,VENDPAY_00003240
VPAY_003241,VINV_003241,VEND_000099,2026-02-27T00:10:00,BANK_003,64787.90,INR,BANK_TRANSFER,SUCCESS,VENDPAY_00003241
VPAY_003242,VINV_003242,VEND_000091,2026-01-31T00:20:00,BANK_003,63302.28,INR,BANK_TRANSFER,SUCCESS,VENDPAY_00003242
VPAY_003243,VINV_003243,VEND_000092,2026-02-18T21:11:00,BANK_003,108348.78,INR,BANK_TRANSFER,SUCCESS,VENDPAY_00003243
VPAY_003244,VINV_003244,VEND_000092,2026-02-15T20:08:00,BANK_003,65553.72,INR,BANK_TRANSFER,SUCCESS,VENDPAY_00003244
VPAY_003245,VINV_003245,VEND_000106,2026-02-08T00:23:00,BANK_003,105468.40,INR,BANK_TRANSFER,SUCCESS,VENDPAY_00003245
VPAY_003246,VINV_003246,VEND_000108,2026-01-31T03:19:00,BANK_003,43773.28,INR,BANK_TRANSFER,SUCCESS,VENDPAY_00003246
VPAY_003247,VINV_003247,VEND_000109,2026-01-26T01:37:00,BANK_003,83381.16,INR,BANK_TRANSFER,SUCCESS,VENDPAY_00003247
VPAY_003248,VINV_003248,VEND_000095,2026-02-13T21:55:00,BANK_003,97722.88,INR,BANK_TRANSFER,SUCCESS,VENDPAY_00003248
VPAY_003249,VINV_003249,VEND_000104,2026-02-21T21:48:00,BANK_003,29330.00,INR,BANK_TRANSFER,SUCCESS,VENDPAY_00003249
VPAY_003250,VINV_003250,VEND_000102,2026-02-06T22:49:00,BANK_003,93399.36,INR,BANK_TRANSFER,SUCCESS,VENDPAY_00003250
VPAY_003251,VINV_003251,VEND_000101,2026-02-13T02:39:00,BANK_003,99554.24,INR,BANK_TRANSFER,SUCCESS,VENDPAY_00003251
VPAY_003252,VINV_003252,VEND_000096,2026-01-27T21:10:00,BANK_003,109970.10,INR,BANK_TRANSFER,SUCCESS,VENDPAY_00003252
VPAY_003253,VINV_003253,VEND_000103,2026-01-27T22:52:00,BANK_003,33882.52,INR,BANK_TRANSFER,SUCCESS,VENDPAY_00003253
VPAY_003254,VINV_003254,VEND_000108,2026-02-04T00:02:00,BANK_003,27732.36,INR,BANK_TRANSFER,SUCCESS,VENDPAY_00003254
VPAY_003255,VINV_003255,VEND_000108,2026-02-10T23:03:00,BANK_003,46712.66,INR,BANK_TRANSFER,SUCCESS,VENDPAY_00003255
VPAY_003256,VINV_003256,VEND_000101,2026-02-10T02:27:00,BANK_003,78979.76,INR,BANK_TRANSFER,SUCCESS,VENDPAY_00003256
VPAY_003257,VINV_003257,VEND_000103,2026-02-06T01:40:00,BANK_003,55122.52,INR,BANK_TRANSFER,SUCCESS,VENDPAY_00003257
VPAY_003258,VINV_003258,VEND_000094,2026-02-13T02:43:00,BANK_003,56164.46,INR,BANK_TRANSFER,SUCCESS,VENDPAY_00003258
VPAY_003259,VINV_003259,VEND_000097,2026-02-19T03:06:00,BANK_003,21332.04,INR,BANK_TRANSFER,SUCCESS,VENDPAY_00003259
VPAY_003260,VINV_003260,VEND_000093,2026-01-30T21:57:00,BANK_003,58180.00,INR,BANK_TRANSFER,SUCCESS,VENDPAY_00003260
VPAY_003261,VINV_003261,VEND_000097,2026-02-23T03:12:00,BANK_003,105062.48,INR,BANK_TRANSFER,SUCCESS,VENDPAY_00003261
VPAY_003262,VINV_003262,VEND_000091,2026-01-26T23:02:00,BANK_003,66987.42,INR,BANK_TRANSFER,SUCCESS,VENDPAY_00003262
VPAY_003263,VINV_003263,VEND_000093,2026-01-31T21:59:00,BANK_003,26784.00,INR,BANK_TRANSFER,SUCCESS,VENDPAY_00003263
VPAY_003264,VINV_003264,VEND_000102,2026-01-20T23:43:00,BANK_003,83569.96,INR,BANK_TRANSFER,SUCCESS,VENDPAY_00003264
VPAY_003265,VINV_003265,VEND_000102,2026-02-01T21:44:00,BANK_003,53478.78,INR,BANK_TRANSFER,SUCCESS,VENDPAY_00003265
VPAY_003266,VINV_003266,VEND_000109,2026-02-09T01:36:00,BANK_003,27715.84,INR,BANK_TRANSFER,SUCCESS,VENDPAY_00003266
VPAY_003267,VINV_003267,VEND_000102,2026-01-28T01:14:00,BANK_003,26040.24,INR,BANK_TRANSFER,SUCCESS,VENDPAY_00003267
VPAY_003268,VINV_003268,VEND_000103,2026-01-23T22:34:00,BANK_003,104607.00,INR,BANK_TRANSFER,SUCCESS,VENDPAY_00003268
VPAY_003269,VINV_003269,VEND_000106,2026-02-16T20:25:00,BANK_003,25465.58,INR,BANK_TRANSFER,SUCCESS,VENDPAY_00003269
VPAY_003270,VINV_003270,VEND_000093,2026-02-01T03:00:00,BANK_003,80242.00,INR,BANK_TRANSFER,SUCCESS,VENDPAY_00003270
VPAY_003271,VINV_003271,VEND_000116,2026-01-20T23:57:00,BANK_003,67452.34,INR,BANK_TRANSFER,SUCCESS,VENDPAY_00003271
VPAY_003272,VINV_003272,VEND_000132,2026-02-10T02:53:00,BANK_003,66831.66,INR,BANK_TRANSFER,SUCCESS,VENDPAY_00003272
VPAY_003273,VINV_003273,VEND_000131,2026-02-06T05:05:00,BANK_003,77416.26,INR,BANK_TRANSFER,SUCCESS,VENDPAY_00003273
VPAY_003274,VINV_003274,VEND_000028,2026-03-17T19:45:00,BANK_003,242940.76,INR,BANK_TRANSFER,SUCCESS,VENDPAY_00003274
VPAY_003275,VINV_003275,VEND_000088,2026-03-23T23:39:00,BANK_003,92812.90,INR,BANK_TRANSFER,SUCCESS,VENDPAY_00003275
VPAY_003276,VINV_003276,VEND_000065,2026-03-06T19:41:00,BANK_003,190574.72,INR,BANK_TRANSFER,SUCCESS,VENDPAY_00003276
VPAY_003277,VINV_003277,VEND_000060,2026-03-27T00:00:00,BANK_003,138084.78,INR,BANK_TRANSFER,SUCCESS,VENDPAY_00003277
VPAY_003278,VINV_003278,VEND_000069,2026-04-07T20:17:00,BANK_003,255309.52,INR,BANK_TRANSFER,SUCCESS,VENDPAY_00003278
VPAY_003279,VINV_003279,VEND_000075,2026-04-11T03:15:00,BANK_003,89498.28,INR,BANK_TRANSFER,SUCCESS,VENDPAY_00003279
VPAY_003280,VINV_003280,VEND_000023,2026-03-25T03:35:00,BANK_003,192832.06,INR,BANK_TRANSFER,SUCCESS,VENDPAY_00003280
VPAY_003281,VINV_003281,VEND_000006,2026-03-24T02:27:00,BANK_003,142893.28,INR,BANK_TRANSFER,SUCCESS,VENDPAY_00003281
VPAY_003282,VINV_003282,VEND_000015,2026-03-21T02:01:00,BANK_003,100982.04,INR,BANK_TRANSFER,SUCCESS,VENDPAY_00003282
VPAY_003283,VINV_003283,VEND_000063,2026-03-05T01:45:00,BANK_003,130136.30,INR,BANK_TRANSFER,SUCCESS,VENDPAY_00003283
VPAY_003284,VINV_003284,VEND_000049,2026-03-11T02:24:00,BANK_003,66671.18,INR,BANK_TRANSFER,SUCCESS,VENDPAY_00003284
VPAY_003285,VINV_003285,VEND_000044,2026-03-20T02:21:00,BANK_003,233615.22,INR,BANK_TRANSFER,SUCCESS,VENDPAY_00003285
VPAY_003286,VINV_003286,VEND_000090,2026-03-07T19:44:00,BANK_003,89009.76,INR,BANK_TRANSFER,SUCCESS,VENDPAY_00003286
VPAY_003287,VINV_003287,VEND_000017,2026-04-02T21:41:00,BANK_003,203651.00,INR,BANK_TRANSFER,SUCCESS,VENDPAY_00003287
VPAY_003288,VINV_003288,VEND_000064,2026-03-26T20:05:00,BANK_003,166522.78,INR,BANK_TRANSFER,SUCCESS,VENDPAY_00003288
VPAY_003289,VINV_003289,VEND_000068,2026-03-24T20:33:00,BANK_003,167021.92,INR,BANK_TRANSFER,SUCCESS,VENDPAY_00003289
VPAY_003290,VINV_003290,VEND_000054,2026-03-21T01:47:00,BANK_003,199615.88,INR,BANK_TRANSFER,SUCCESS,VENDPAY_00003290
VPAY_003291,VINV_003291,VEND_000072,2026-03-06T22:59:00,BANK_003,183715.38,INR,BANK_TRANSFER,SUCCESS,VENDPAY_00003291
VPAY_003292,VINV_003292,VEND_000034,2026-03-11T23:46:00,BANK_003,258711.46,INR,BANK_TRANSFER,SUCCESS,VENDPAY_00003292
VPAY_003293,VINV_003293,VEND_000065,2026-03-08T20:16:00,BANK_003,128337.98,INR,BANK_TRANSFER,SUCCESS,VENDPAY_00003293
VPAY_003294,VINV_003294,VEND_000021,2026-04-02T20:30:00,BANK_003,79818.74,INR,BANK_TRANSFER,SUCCESS,VENDPAY_00003294
VPAY_003295,VINV_003295,VEND_000058,2026-03-22T03:18:00,BANK_003,257214.04,INR,BANK_TRANSFER,SUCCESS,VENDPAY_00003295
VPAY_003296,VINV_003296,VEND_000062,2026-03-25T22:53:00,BANK_003,62516.00,INR,BANK_TRANSFER,SUCCESS,VENDPAY_00003296
VPAY_003297,VINV_003297,VEND_000015,2026-03-20T22:07:00,BANK_003,226221.34,INR,BANK_TRANSFER,SUCCESS,VENDPAY_00003297
VPAY_003298,VINV_003298,VEND_000019,2026-03-20T01:35:00,BANK_003,146004.94,INR,BANK_TRANSFER,SUCCESS,VENDPAY_00003298
VPAY_003299,VINV_003299,VEND_000002,2026-03-20T22:54:00,BANK_003,168126.40,INR,BANK_TRANSFER,SUCCESS,VENDPAY_00003299
VPAY_003300,VINV_003300,VEND_000015,2026-04-12T02:51:00,BANK_003,215362.98,INR,BANK_TRANSFER,SUCCESS,VENDPAY_00003300
VPAY_003301,VINV_003301,VEND_000039,2026-03-29T22:42:00,BANK_003,95496.22,INR,BANK_TRANSFER,SUCCESS,VENDPAY_00003301
VPAY_003302,VINV_003302,VEND_000062,2026-03-11T02:34:00,BANK_003,100983.00,INR,BANK_TRANSFER,SUCCESS,VENDPAY_00003302
VPAY_003303,VINV_003303,VEND_000062,2026-03-05T22:10:00,BANK_003,170497.00,INR,BANK_TRANSFER,SUCCESS,VENDPAY_00003303
VPAY_003304,VINV_003304,VEND_000050,2026-03-24T22:00:00,BANK_003,224169.32,INR,BANK_TRANSFER,SUCCESS,VENDPAY_00003304
VPAY_003305,VINV_003305,VEND_000019,2026-03-24T00:54:00,BANK_003,259447.78,INR,BANK_TRANSFER,SUCCESS,VENDPAY_00003305
VPAY_003306,VINV_003306,VEND_000009,2026-03-31T21:35:00,BANK_003,200863.14,INR,BANK_TRANSFER,SUCCESS,VENDPAY_00003306
VPAY_003307,VINV_003307,VEND_000032,2026-03-17T21:43:00,BANK_003,209348.00,INR,BANK_TRANSFER,SUCCESS,VENDPAY_00003307
VPAY_003308,VINV_003308,VEND_000029,2026-03-19T23:36:00,BANK_003,113804.00,INR,BANK_TRANSFER,SUCCESS,VENDPAY_00003308
VPAY_003309,VINV_003309,VEND_000006,2026-03-17T02:54:00,BANK_003,152235.34,INR,BANK_TRANSFER,SUCCESS,VENDPAY_00003309
VPAY_003310,VINV_003310,VEND_000086,2026-03-17T03:08:00,BANK_003,142958.00,INR,BANK_TRANSFER,SUCCESS,VENDPAY_00003310
VPAY_003311,VINV_003311,VEND_000017,2026-04-08T20:03:00,BANK_003,170662.00,INR,BANK_TRANSFER,SUCCESS,VENDPAY_00003311
VPAY_003312,VINV_003312,VEND_000083,2026-03-09T22:41:00,BANK_003,249630.18,INR,BANK_TRANSFER,SUCCESS,VENDPAY_00003312
VPAY_003313,VINV_003313,VEND_000064,2026-03-17T22:16:00,BANK_003,76316.50,INR,BANK_TRANSFER,SUCCESS,VENDPAY_00003313
VPAY_003314,VINV_003314,VEND_000054,2026-04-06T00:18:00,BANK_003,73619.02,INR,BANK_TRANSFER,SUCCESS,VENDPAY_00003314
VPAY_003315,VINV_003315,VEND_000083,2026-03-18T19:40:00,BANK_003,65456.96,INR,BANK_TRANSFER,SUCCESS,VENDPAY_00003315
VPAY_003316,VINV_003316,VEND_000036,2026-03-24T20:10:00,BANK_003,196785.06,INR,BANK_TRANSFER,SUCCESS,VENDPAY_00003316
VPAY_003317,VINV_003317,VEND_000039,2026-04-07T21:04:00,BANK_003,218681.14,INR,BANK_TRANSFER,SUCCESS,VENDPAY_00003317
VPAY_003318,VINV_003318,VEND_000061,2026-03-20T02:50:00,BANK_003,211302.60,INR,BANK_TRANSFER,SUCCESS,VENDPAY_00003318
VPAY_003319,VINV_003319,VEND_000061,2026-03-07T01:37:00,BANK_003,157367.16,INR,BANK_TRANSFER,SUCCESS,VENDPAY_00003319
VPAY_003320,VINV_003320,VEND_000044,2026-03-21T00:46:00,BANK_003,217891.72,INR,BANK_TRANSFER,SUCCESS,VENDPAY_00003320
VPAY_003321,VINV_003321,VEND_000033,2026-03-15T02:22:00,BANK_003,247705.60,INR,BANK_TRANSFER,SUCCESS,VENDPAY_00003321
VPAY_003322,VINV_003322,VEND_000037,2026-03-30T21:48:00,BANK_003,236975.86,INR,BANK_TRANSFER,SUCCESS,VENDPAY_00003322
VPAY_003323,VINV_003323,VEND_000042,2026-03-23T00:06:00,BANK_003,127157.98,INR,BANK_TRANSFER,SUCCESS,VENDPAY_00003323
VPAY_003324,VINV_003324,VEND_000040,2026-03-30T02:13:00,BANK_003,112443.38,INR,BANK_TRANSFER,SUCCESS,VENDPAY_00003324
VPAY_003325,VINV_003325,VEND_000036,2026-03-23T20:32:00,BANK_003,134734.76,INR,BANK_TRANSFER,SUCCESS,VENDPAY_00003325
VPAY_003326,VINV_003326,VEND_000079,2026-03-26T20:23:00,BANK_003,96181.80,INR,BANK_TRANSFER,SUCCESS,VENDPAY_00003326
VPAY_003327,VINV_003327,VEND_000088,2026-03-27T01:40:00,BANK_003,164917.98,INR,BANK_TRANSFER,SUCCESS,VENDPAY_00003327
VPAY_003328,VINV_003328,VEND_000027,2026-04-06T21:13:00,BANK_003,196223.38,INR,BANK_TRANSFER,SUCCESS,VENDPAY_00003328
VPAY_003329,VINV_003329,VEND_000016,2026-04-08T19:57:00,BANK_003,143256.72,INR,BANK_TRANSFER,SUCCESS,VENDPAY_00003329
VPAY_003330,VINV_003330,VEND_000077,2026-03-15T01:24:00,BANK_003,249042.54,INR,BANK_TRANSFER,SUCCESS,VENDPAY_00003330
VPAY_003331,VINV_003331,VEND_000048,2026-03-17T03:05:00,BANK_003,129081.38,INR,BANK_TRANSFER,SUCCESS,VENDPAY_00003331
VPAY_003332,VINV_003332,VEND_000073,2026-04-05T23:15:00,BANK_003,195105.92,INR,BANK_TRANSFER,SUCCESS,VENDPAY_00003332
VPAY_003333,VINV_003333,VEND_000033,2026-03-06T20:38:00,BANK_003,240548.90,INR,BANK_TRANSFER,SUCCESS,VENDPAY_00003333
VPAY_003334,VINV_003334,VEND_000049,2026-03-19T01:58:00,BANK_003,223442.44,INR,BANK_TRANSFER,SUCCESS,VENDPAY_00003334
VPAY_003335,VINV_003335,VEND_000025,2026-03-20T01:29:00,BANK_003,131920.46,INR,BANK_TRANSFER,SUCCESS,VENDPAY_00003335
VPAY_003336,VINV_003336,VEND_000066,2026-03-18T23:29:00,BANK_003,228629.72,INR,BANK_TRANSFER,SUCCESS,VENDPAY_00003336
VPAY_003337,VINV_003337,VEND_000007,2026-04-08T23:50:00,BANK_003,157120.00,INR,BANK_TRANSFER,SUCCESS,VENDPAY_00003337
VPAY_003338,VINV_003338,VEND_000061,2026-03-17T02:03:00,BANK_003,188330.36,INR,BANK_TRANSFER,SUCCESS,VENDPAY_00003338
VPAY_003339,VINV_003339,VEND_000018,2026-03-23T01:25:00,BANK_003,109120.50,INR,BANK_TRANSFER,SUCCESS,VENDPAY_00003339
VPAY_003340,VINV_003340,VEND_000006,2026-03-11T00:59:00,BANK_003,74839.14,INR,BANK_TRANSFER,SUCCESS,VENDPAY_00003340
VPAY_003341,VINV_003341,VEND_000017,2026-04-12T01:04:00,BANK_003,70137.00,INR,BANK_TRANSFER,SUCCESS,VENDPAY_00003341
VPAY_003342,VINV_003342,VEND_000027,2026-04-05T01:51:00,BANK_003,65453.42,INR,BANK_TRANSFER,SUCCESS,VENDPAY_00003342
VPAY_003343,VINV_003343,VEND_000002,2026-03-30T01:51:00,BANK_003,87568.98,INR,BANK_TRANSFER,SUCCESS,VENDPAY_00003343
VPAY_003344,VINV_003344,VEND_000037,2026-03-27T02:07:00,BANK_003,186050.60,INR,BANK_TRANSFER,SUCCESS,VENDPAY_00003344
VPAY_003345,VINV_003345,VEND_000080,2026-04-02T01:56:00,BANK_003,239830.28,INR,BANK_TRANSFER,SUCCESS,VENDPAY_00003345
VPAY_003346,VINV_003346,VEND_000071,2026-03-13T21:34:00,BANK_003,162463.58,INR,BANK_TRANSFER,SUCCESS,VENDPAY_00003346
VPAY_003347,VINV_003347,VEND_000071,2026-03-17T22:15:00,BANK_003,233785.14,INR,BANK_TRANSFER,SUCCESS,VENDPAY_00003347
VPAY_003348,VINV_003348,VEND_000022,2026-03-25T22:06:00,BANK_003,171656.96,INR,BANK_TRANSFER,SUCCESS,VENDPAY_00003348
VPAY_003349,VINV_003349,VEND_000021,2026-04-02T02:40:00,BANK_003,81303.18,INR,BANK_TRANSFER,SUCCESS,VENDPAY_00003349
VPAY_003350,VINV_003350,VEND_000063,2026-03-08T00:08:00,BANK_003,91630.54,INR,BANK_TRANSFER,SUCCESS,VENDPAY_00003350
VPAY_003351,VINV_003351,VEND_000029,2026-03-19T00:52:00,BANK_003,108445.00,INR,BANK_TRANSFER,SUCCESS,VENDPAY_00003351
VPAY_003352,VINV_003352,VEND_000023,2026-03-27T01:06:00,BANK_003,121257.98,INR,BANK_TRANSFER,SUCCESS,VENDPAY_00003352
VPAY_003353,VINV_003353,VEND_000031,2026-03-17T21:38:00,BANK_003,148525.42,INR,BANK_TRANSFER,SUCCESS,VENDPAY_00003353
VPAY_003354,VINV_003354,VEND_000058,2026-03-11T20:42:00,BANK_003,119106.84,INR,BANK_TRANSFER,SUCCESS,VENDPAY_00003354
VPAY_003355,VINV_003355,VEND_000053,2026-03-18T21:38:00,BANK_003,161426.00,INR,BANK_TRANSFER,SUCCESS,VENDPAY_00003355
VPAY_003356,VINV_003356,VEND_000079,2026-03-05T00:45:00,BANK_003,170695.26,INR,BANK_TRANSFER,SUCCESS,VENDPAY_00003356
VPAY_003357,VINV_003357,VEND_000027,2026-04-01T23:09:00,BANK_003,205140.64,INR,BANK_TRANSFER,SUCCESS,VENDPAY_00003357
VPAY_003358,VINV_003358,VEND_000042,2026-03-18T02:21:00,BANK_003,59507.40,INR,BANK_TRANSFER,SUCCESS,VENDPAY_00003358
VPAY_003359,VINV_003359,VEND_000057,2026-03-10T19:40:00,BANK_003,240724.72,INR,BANK_TRANSFER,SUCCESS,VENDPAY_00003359
VPAY_003360,VINV_003360,VEND_000010,2026-03-24T20:23:00,BANK_003,238992.48,INR,BANK_TRANSFER,SUCCESS,VENDPAY_00003360
VPAY_003361,VINV_003361,VEND_000022,2026-03-26T20:42:00,BANK_003,178070.26,INR,BANK_TRANSFER,SUCCESS,VENDPAY_00003361
VPAY_003362,VINV_003362,VEND_000046,2026-03-28T20:24:00,BANK_003,178410.10,INR,BANK_TRANSFER,SUCCESS,VENDPAY_00003362
VPAY_003363,VINV_003363,VEND_000030,2026-03-23T22:01:00,BANK_003,170472.24,INR,BANK_TRANSFER,SUCCESS,VENDPAY_00003363
VPAY_003364,VINV_003364,VEND_000004,2026-03-08T23:06:00,BANK_003,227348.24,INR,BANK_TRANSFER,SUCCESS,VENDPAY_00003364
VPAY_003365,VINV_003365,VEND_000058,2026-03-16T01:40:00,BANK_003,59867.30,INR,BANK_TRANSFER,SUCCESS,VENDPAY_00003365
VPAY_003366,VINV_003366,VEND_000047,2026-03-19T20:44:00,BANK_003,170945.42,INR,BANK_TRANSFER,SUCCESS,VENDPAY_00003366
VPAY_003367,VINV_003367,VEND_000058,2026-03-07T02:23:00,BANK_003,184298.30,INR,BANK_TRANSFER,SUCCESS,VENDPAY_00003367
VPAY_003368,VINV_003368,VEND_000045,2026-03-13T03:14:00,BANK_003,123798.52,INR,BANK_TRANSFER,SUCCESS,VENDPAY_00003368
VPAY_003369,VINV_003369,VEND_000062,2026-03-06T20:11:00,BANK_003,86444.00,INR,BANK_TRANSFER,SUCCESS,VENDPAY_00003369
VPAY_003370,VINV_003370,VEND_000005,2026-03-10T19:10:00,BANK_003,171091.74,INR,BANK_TRANSFER,SUCCESS,VENDPAY_00003370
VPAY_003371,VINV_003371,VEND_000012,2026-03-09T03:18:00,BANK_003,102206.88,INR,BANK_TRANSFER,SUCCESS,VENDPAY_00003371
VPAY_003372,VINV_003372,VEND_000033,2026-03-20T20:09:00,BANK_003,77615.68,INR,BANK_TRANSFER,SUCCESS,VENDPAY_00003372
VPAY_003373,VINV_003373,VEND_000058,2026-03-14T00:08:00,BANK_003,99199.06,INR,BANK_TRANSFER,SUCCESS,VENDPAY_00003373
VPAY_003374,VINV_003374,VEND_000036,2026-03-06T20:00:00,BANK_003,110641.52,INR,BANK_TRANSFER,SUCCESS,VENDPAY_00003374
VPAY_003375,VINV_003375,VEND_000022,2026-03-16T21:27:00,BANK_003,214108.64,INR,BANK_TRANSFER,SUCCESS,VENDPAY_00003375
VPAY_003376,VINV_003376,VEND_000080,2026-04-06T21:38:00,BANK_003,69229.42,INR,BANK_TRANSFER,SUCCESS,VENDPAY_00003376
VPAY_003377,VINV_003377,VEND_000037,2026-04-04T00:35:00,BANK_003,222592.84,INR,BANK_TRANSFER,SUCCESS,VENDPAY_00003377
VPAY_003378,VINV_003378,VEND_000031,2026-03-10T21:55:00,BANK_003,58414.72,INR,BANK_TRANSFER,SUCCESS,VENDPAY_00003378
VPAY_003379,VINV_003379,VEND_000009,2026-03-27T22:57:00,BANK_003,84499.80,INR,BANK_TRANSFER,SUCCESS,VENDPAY_00003379
VPAY_003380,VINV_003380,VEND_000069,2026-04-03T00:04:00,BANK_003,91498.38,INR,BANK_TRANSFER,SUCCESS,VENDPAY_00003380
VPAY_003381,VINV_003381,VEND_000023,2026-04-06T03:26:00,BANK_003,100340.12,INR,BANK_TRANSFER,SUCCESS,VENDPAY_00003381
VPAY_003382,VINV_003382,VEND_000032,2026-03-15T02:53:00,BANK_003,47292.00,INR,BANK_TRANSFER,SUCCESS,VENDPAY_00003382
VPAY_003383,VINV_003383,VEND_000035,2026-03-02T23:15:00,BANK_003,211861.92,INR,BANK_TRANSFER,SUCCESS,VENDPAY_00003383
VPAY_003384,VINV_003384,VEND_000051,2026-03-24T23:28:00,BANK_003,94843.68,INR,BANK_TRANSFER,SUCCESS,VENDPAY_00003384
VPAY_003385,VINV_003385,VEND_000020,2026-03-22T00:05:00,BANK_003,94021.22,INR,BANK_TRANSFER,SUCCESS,VENDPAY_00003385
VPAY_003386,VINV_003386,VEND_000074,2026-03-19T02:42:00,BANK_003,139487.80,INR,BANK_TRANSFER,SUCCESS,VENDPAY_00003386
VPAY_003387,VINV_003387,VEND_000023,2026-04-11T01:53:00,BANK_003,87087.54,INR,BANK_TRANSFER,SUCCESS,VENDPAY_00003387
VPAY_003388,VINV_003388,VEND_000082,2026-03-21T00:43:00,BANK_003,240557.16,INR,BANK_TRANSFER,SUCCESS,VENDPAY_00003388
VPAY_003389,VINV_003389,VEND_000018,2026-03-25T01:41:00,BANK_003,53277.00,INR,BANK_TRANSFER,SUCCESS,VENDPAY_00003389
VPAY_003390,VINV_003390,VEND_000087,2026-03-22T01:31:00,BANK_003,175290.18,INR,BANK_TRANSFER,SUCCESS,VENDPAY_00003390
VPAY_003391,VINV_003391,VEND_000068,2026-03-24T21:01:00,BANK_003,197438.78,INR,BANK_TRANSFER,SUCCESS,VENDPAY_00003391
VPAY_003392,VINV_003392,VEND_000078,2026-04-10T00:30:00,BANK_003,231728.40,INR,BANK_TRANSFER,SUCCESS,VENDPAY_00003392
VPAY_003393,VINV_003393,VEND_000033,2026-03-18T00:35:00,BANK_003,215024.32,INR,BANK_TRANSFER,SUCCESS,VENDPAY_00003393
VPAY_003394,VINV_003394,VEND_000017,2026-03-24T00:31:00,BANK_003,54546.00,INR,BANK_TRANSFER,SUCCESS,VENDPAY_00003394
VPAY_003395,VINV_003395,VEND_000039,2026-04-08T01:12:00,BANK_003,88838.66,INR,BANK_TRANSFER,SUCCESS,VENDPAY_00003395
VPAY_003396,VINV_003396,VEND_000049,2026-03-11T00:32:00,BANK_003,169390.18,INR,BANK_TRANSFER,SUCCESS,VENDPAY_00003396
VPAY_003397,VINV_003397,VEND_000041,2026-03-10T20:48:00,BANK_003,203811.96,INR,BANK_TRANSFER,SUCCESS,VENDPAY_00003397
VPAY_003398,VINV_003398,VEND_000028,2026-03-24T20:33:00,BANK_003,187824.14,INR,BANK_TRANSFER,SUCCESS,VENDPAY_00003398
VPAY_003399,VINV_003399,VEND_000058,2026-03-28T02:44:00,BANK_003,235736.86,INR,BANK_TRANSFER,SUCCESS,VENDPAY_00003399
VPAY_003400,VINV_003400,VEND_000051,2026-03-23T22:36:00,BANK_003,128728.56,INR,BANK_TRANSFER,SUCCESS,VENDPAY_00003400
VPAY_003401,VINV_003401,VEND_000057,2026-03-16T22:58:00,BANK_003,131335.18,INR,BANK_TRANSFER,SUCCESS,VENDPAY_00003401
VPAY_003402,VINV_003402,VEND_000060,2026-03-11T00:14:00,BANK_003,168036.72,INR,BANK_TRANSFER,SUCCESS,VENDPAY_00003402
VPAY_003403,VINV_003403,VEND_000054,2026-03-26T20:45:00,BANK_003,68982.80,INR,BANK_TRANSFER,SUCCESS,VENDPAY_00003403
VPAY_003404,VINV_003404,VEND_000038,2026-03-06T02:05:00,BANK_003,168800.18,INR,BANK_TRANSFER,SUCCESS,VENDPAY_00003404
VPAY_003405,VINV_003405,VEND_000050,2026-03-18T00:56:00,BANK_003,255225.74,INR,BANK_TRANSFER,SUCCESS,VENDPAY_00003405
VPAY_003406,VINV_003406,VEND_000046,2026-04-05T22:33:00,BANK_003,211649.52,INR,BANK_TRANSFER,SUCCESS,VENDPAY_00003406
VPAY_003407,VINV_003407,VEND_000062,2026-03-16T02:23:00,BANK_003,62761.00,INR,BANK_TRANSFER,SUCCESS,VENDPAY_00003407
VPAY_003408,VINV_003408,VEND_000040,2026-03-26T20:07:00,BANK_003,209841.76,INR,BANK_TRANSFER,SUCCESS,VENDPAY_00003408
VPAY_003409,VINV_003409,VEND_000019,2026-03-28T00:40:00,BANK_003,226816.06,INR,BANK_TRANSFER,SUCCESS,VENDPAY_00003409
VPAY_003410,VINV_003410,VEND_000066,2026-03-24T19:51:00,BANK_003,120748.22,INR,BANK_TRANSFER,SUCCESS,VENDPAY_00003410
VPAY_003411,VINV_003411,VEND_000004,2026-03-11T20:19:00,BANK_003,191790.12,INR,BANK_TRANSFER,SUCCESS,VENDPAY_00003411
VPAY_003412,VINV_003412,VEND_000045,2026-03-14T22:11:00,BANK_003,245431.74,INR,BANK_TRANSFER,SUCCESS,VENDPAY_00003412
VPAY_003413,VINV_003413,VEND_000007,2026-04-07T19:28:00,BANK_003,180527.00,INR,BANK_TRANSFER,SUCCESS,VENDPAY_00003413
VPAY_003414,VINV_003414,VEND_000063,2026-03-20T20:32:00,BANK_003,187165.70,INR,BANK_TRANSFER,SUCCESS,VENDPAY_00003414
VPAY_003415,VINV_003415,VEND_000020,2026-03-25T23:59:00,BANK_003,170002.60,INR,BANK_TRANSFER,SUCCESS,VENDPAY_00003415
VPAY_003416,VINV_003416,VEND_000082,2026-03-24T00:34:00,BANK_003,135723.60,INR,BANK_TRANSFER,SUCCESS,VENDPAY_00003416
VPAY_003417,VINV_003417,VEND_000012,2026-03-14T02:56:00,BANK_003,243916.62,INR,BANK_TRANSFER,SUCCESS,VENDPAY_00003417
VPAY_003418,VINV_003418,VEND_000029,2026-03-03T02:50:00,BANK_003,55981.00,INR,BANK_TRANSFER,SUCCESS,VENDPAY_00003418
VPAY_003419,VINV_003419,VEND_000018,2026-04-01T21:29:00,BANK_003,113262.30,INR,BANK_TRANSFER,SUCCESS,VENDPAY_00003419
VPAY_003420,VINV_003420,VEND_000054,2026-04-01T20:36:00,BANK_003,100008.54,INR,BANK_TRANSFER,SUCCESS,VENDPAY_00003420
VPAY_003421,VINV_003421,VEND_000027,2026-03-21T19:18:00,BANK_003,53274.64,INR,BANK_TRANSFER,SUCCESS,VENDPAY_00003421
VPAY_003422,VINV_003422,VEND_000034,2026-03-04T01:28:00,BANK_003,202401.86,INR,BANK_TRANSFER,SUCCESS,VENDPAY_00003422
VPAY_003423,VINV_003423,VEND_000022,2026-03-21T00:57:00,BANK_003,205748.34,INR,BANK_TRANSFER,SUCCESS,VENDPAY_00003423
VPAY_003424,VINV_003424,VEND_000044,2026-03-28T19:39:00,BANK_003,243893.02,INR,BANK_TRANSFER,SUCCESS,VENDPAY_00003424
VPAY_003425,VINV_003425,VEND_000034,2026-03-21T19:42:00,BANK_003,231596.24,INR,BANK_TRANSFER,SUCCESS,VENDPAY_00003425
VPAY_003426,VINV_003426,VEND_000081,2026-03-26T20:49:00,BANK_003,258785.80,INR,BANK_TRANSFER,SUCCESS,VENDPAY_00003426
VPAY_003427,VINV_003427,VEND_000086,2026-03-21T02:00:00,BANK_003,199607.00,INR,BANK_TRANSFER,SUCCESS,VENDPAY_00003427
VPAY_003428,VINV_003428,VEND_000077,2026-03-11T22:29:00,BANK_003,128977.54,INR,BANK_TRANSFER,SUCCESS,VENDPAY_00003428
VPAY_003429,VINV_003429,VEND_000056,2026-03-27T21:41:00,BANK_003,202628.42,INR,BANK_TRANSFER,SUCCESS,VENDPAY_00003429
VPAY_003430,VINV_003430,VEND_000064,2026-03-06T02:17:00,BANK_003,178288.56,INR,BANK_TRANSFER,SUCCESS,VENDPAY_00003430
VPAY_003431,VINV_003431,VEND_000033,2026-03-08T21:08:00,BANK_003,86042.06,INR,BANK_TRANSFER,SUCCESS,VENDPAY_00003431
VPAY_003432,VINV_003432,VEND_000029,2026-03-19T03:39:00,BANK_003,110205.00,INR,BANK_TRANSFER,SUCCESS,VENDPAY_00003432
VPAY_003433,VINV_003433,VEND_000013,2026-04-04T23:43:00,BANK_003,220820.48,INR,BANK_TRANSFER,SUCCESS,VENDPAY_00003433
VPAY_003434,VINV_003434,VEND_000052,2026-03-23T02:35:00,BANK_003,182798.52,INR,BANK_TRANSFER,SUCCESS,VENDPAY_00003434
VPAY_003435,VINV_003435,VEND_000011,2026-03-21T21:01:00,BANK_003,128110.24,INR,BANK_TRANSFER,SUCCESS,VENDPAY_00003435
VPAY_003436,VINV_003436,VEND_000085,2026-03-29T23:41:00,BANK_003,73614.30,INR,BANK_TRANSFER,SUCCESS,VENDPAY_00003436
VPAY_003437,VINV_003437,VEND_000056,2026-04-01T22:53:00,BANK_003,178663.80,INR,BANK_TRANSFER,SUCCESS,VENDPAY_00003437
VPAY_003438,VINV_003438,VEND_000061,2026-03-10T19:36:00,BANK_003,62563.60,INR,BANK_TRANSFER,SUCCESS,VENDPAY_00003438
VPAY_003439,VINV_003439,VEND_000040,2026-04-02T03:48:00,BANK_003,126002.76,INR,BANK_TRANSFER,SUCCESS,VENDPAY_00003439
VPAY_003440,VINV_003440,VEND_000051,2026-03-26T02:31:00,BANK_003,235116.18,INR,BANK_TRANSFER,SUCCESS,VENDPAY_00003440
VPAY_003441,VINV_003441,VEND_000031,2026-03-12T01:27:00,BANK_003,141712.10,INR,BANK_TRANSFER,SUCCESS,VENDPAY_00003441
VPAY_003442,VINV_003442,VEND_000044,2026-03-27T03:01:00,BANK_003,102342.58,INR,BANK_TRANSFER,SUCCESS,VENDPAY_00003442
VPAY_003443,VINV_003443,VEND_000011,2026-03-16T21:03:00,BANK_003,84236.66,INR,BANK_TRANSFER,SUCCESS,VENDPAY_00003443
VPAY_003444,VINV_003444,VEND_000020,2026-03-30T01:59:00,BANK_003,220251.72,INR,BANK_TRANSFER,SUCCESS,VENDPAY_00003444
VPAY_003445,VINV_003445,VEND_000090,2026-03-08T22:52:00,BANK_003,253535.98,INR,BANK_TRANSFER,SUCCESS,VENDPAY_00003445
VPAY_003446,VINV_003446,VEND_000061,2026-03-05T20:25:00,BANK_003,108027.82,INR,BANK_TRANSFER,SUCCESS,VENDPAY_00003446
VPAY_003447,VINV_003447,VEND_000047,2026-04-10T00:31:00,BANK_003,163608.18,INR,BANK_TRANSFER,SUCCESS,VENDPAY_00003447
VPAY_003448,VINV_003448,VEND_000006,2026-03-13T20:30:00,BANK_003,104206.98,INR,BANK_TRANSFER,SUCCESS,VENDPAY_00003448
VPAY_003449,VINV_003449,VEND_000005,2026-03-06T20:49:00,BANK_003,233396.92,INR,BANK_TRANSFER,SUCCESS,VENDPAY_00003449
VPAY_003450,VINV_003450,VEND_000025,2026-03-16T03:03:00,BANK_003,105665.46,INR,BANK_TRANSFER,SUCCESS,VENDPAY_00003450
VPAY_003451,VINV_003451,VEND_000014,2026-04-07T03:00:00,BANK_003,135793.22,INR,BANK_TRANSFER,SUCCESS,VENDPAY_00003451
VPAY_003452,VINV_003452,VEND_000079,2026-03-09T00:20:00,BANK_003,141086.70,INR,BANK_TRANSFER,SUCCESS,VENDPAY_00003452
VPAY_003453,VINV_003453,VEND_000078,2026-03-19T21:03:00,BANK_003,133519.36,INR,BANK_TRANSFER,SUCCESS,VENDPAY_00003453
VPAY_003454,VINV_003454,VEND_000064,2026-03-11T22:09:00,BANK_003,240703.48,INR,BANK_TRANSFER,SUCCESS,VENDPAY_00003454
VPAY_003455,VINV_003455,VEND_000005,2026-03-15T00:45:00,BANK_003,174787.50,INR,BANK_TRANSFER,SUCCESS,VENDPAY_00003455
VPAY_003456,VINV_003456,VEND_000089,2026-03-19T00:28:00,BANK_003,199307.90,INR,BANK_TRANSFER,SUCCESS,VENDPAY_00003456
VPAY_003457,VINV_003457,VEND_000038,2026-03-23T02:04:00,BANK_003,255243.44,INR,BANK_TRANSFER,SUCCESS,VENDPAY_00003457
VPAY_003458,VINV_003458,VEND_000054,2026-03-29T01:53:00,BANK_003,125830.48,INR,BANK_TRANSFER,SUCCESS,VENDPAY_00003458
VPAY_003459,VINV_003459,VEND_000027,2026-04-03T02:42:00,BANK_003,127549.74,INR,BANK_TRANSFER,SUCCESS,VENDPAY_00003459
VPAY_003460,VINV_003460,VEND_000005,2026-03-05T20:18:00,BANK_003,77677.04,INR,BANK_TRANSFER,SUCCESS,VENDPAY_00003460
VPAY_003461,VINV_003461,VEND_000019,2026-04-02T20:22:00,BANK_003,86406.68,INR,BANK_TRANSFER,SUCCESS,VENDPAY_00003461
VPAY_003462,VINV_003462,VEND_000010,2026-03-13T23:59:00,BANK_003,140477.82,INR,BANK_TRANSFER,SUCCESS,VENDPAY_00003462
VPAY_003463,VINV_003463,VEND_000075,2026-04-09T23:44:00,BANK_003,127108.42,INR,BANK_TRANSFER,SUCCESS,VENDPAY_00003463
VPAY_003464,VINV_003464,VEND_000053,2026-03-25T02:07:00,BANK_003,77143.00,INR,BANK_TRANSFER,SUCCESS,VENDPAY_00003464
VPAY_003465,VINV_003465,VEND_000027,2026-04-08T22:48:00,BANK_003,199482.54,INR,BANK_TRANSFER,SUCCESS,VENDPAY_00003465
VPAY_003466,VINV_003466,VEND_000021,2026-03-25T23:53:00,BANK_003,173983.92,INR,BANK_TRANSFER,SUCCESS,VENDPAY_00003466
VPAY_003467,VINV_003467,VEND_000007,2026-03-27T22:46:00,BANK_003,53225.00,INR,BANK_TRANSFER,SUCCESS,VENDPAY_00003467
VPAY_003468,VINV_003468,VEND_000064,2026-03-26T00:11:00,BANK_003,196474.72,INR,BANK_TRANSFER,SUCCESS,VENDPAY_00003468
VPAY_003469,VINV_003469,VEND_000058,2026-03-13T03:34:00,BANK_003,94210.02,INR,BANK_TRANSFER,SUCCESS,VENDPAY_00003469
VPAY_003470,VINV_003470,VEND_000085,2026-04-06T23:05:00,BANK_003,150472.42,INR,BANK_TRANSFER,SUCCESS,VENDPAY_00003470
VPAY_003471,VINV_003471,VEND_000001,2026-03-12T20:36:00,BANK_003,103884.84,INR,BANK_TRANSFER,SUCCESS,VENDPAY_00003471
VPAY_003472,VINV_003472,VEND_000063,2026-03-04T21:02:00,BANK_003,156587.18,INR,BANK_TRANSFER,SUCCESS,VENDPAY_00003472
VPAY_003473,VINV_003473,VEND_000031,2026-03-24T01:52:00,BANK_003,211719.14,INR,BANK_TRANSFER,SUCCESS,VENDPAY_00003473
VPAY_003474,VINV_003474,VEND_000026,2026-03-29T20:12:00,BANK_003,108937.60,INR,BANK_TRANSFER,SUCCESS,VENDPAY_00003474
VPAY_003475,VINV_003475,VEND_000081,2026-04-10T19:59:00,BANK_003,164683.16,INR,BANK_TRANSFER,SUCCESS,VENDPAY_00003475
VPAY_003476,VINV_003476,VEND_000044,2026-03-08T03:07:00,BANK_003,53946.06,INR,BANK_TRANSFER,SUCCESS,VENDPAY_00003476
VPAY_003477,VINV_003477,VEND_000028,2026-03-13T02:50:00,BANK_003,98820.28,INR,BANK_TRANSFER,SUCCESS,VENDPAY_00003477
VPAY_003478,VINV_003478,VEND_000068,2026-03-20T00:30:00,BANK_003,173952.06,INR,BANK_TRANSFER,SUCCESS,VENDPAY_00003478
VPAY_003479,VINV_003479,VEND_000056,2026-04-02T22:34:00,BANK_003,65295.30,INR,BANK_TRANSFER,SUCCESS,VENDPAY_00003479
VPAY_003480,VINV_003480,VEND_000069,2026-03-19T20:37:00,BANK_003,194289.36,INR,BANK_TRANSFER,SUCCESS,VENDPAY_00003480
VPAY_003481,VINV_003481,VEND_000003,2026-03-23T01:08:00,BANK_003,179100.40,INR,BANK_TRANSFER,SUCCESS,VENDPAY_00003481
VPAY_003482,VINV_003482,VEND_000061,2026-03-19T01:32:00,BANK_003,182166.04,INR,BANK_TRANSFER,SUCCESS,VENDPAY_00003482
VPAY_003483,VINV_003483,VEND_000041,2026-03-12T02:44:00,BANK_003,235880.82,INR,BANK_TRANSFER,SUCCESS,VENDPAY_00003483
VPAY_003484,VINV_003484,VEND_000039,2026-03-20T20:44:00,BANK_003,254799.76,INR,BANK_TRANSFER,SUCCESS,VENDPAY_00003484
VPAY_003485,VINV_003485,VEND_000086,2026-03-13T01:22:00,BANK_003,196929.00,INR,BANK_TRANSFER,SUCCESS,VENDPAY_00003485
VPAY_003486,VINV_003486,VEND_000001,2026-03-12T02:09:00,BANK_003,217274.58,INR,BANK_TRANSFER,SUCCESS,VENDPAY_00003486
VPAY_003487,VINV_003487,VEND_000058,2026-03-16T19:09:00,BANK_003,127023.46,INR,BANK_TRANSFER,SUCCESS,VENDPAY_00003487
VPAY_003488,VINV_003488,VEND_000007,2026-03-28T21:56:00,BANK_003,64950.00,INR,BANK_TRANSFER,SUCCESS,VENDPAY_00003488
VPAY_003489,VINV_003489,VEND_000003,2026-03-27T23:26:00,BANK_003,208306.58,INR,BANK_TRANSFER,SUCCESS,VENDPAY_00003489
VPAY_003490,VINV_003490,VEND_000077,2026-03-06T01:54:00,BANK_003,258281.94,INR,BANK_TRANSFER,SUCCESS,VENDPAY_00003490
VPAY_003491,VINV_003491,VEND_000069,2026-04-05T20:30:00,BANK_003,257655.36,INR,BANK_TRANSFER,SUCCESS,VENDPAY_00003491
VPAY_003492,VINV_003492,VEND_000031,2026-03-23T21:03:00,BANK_003,173436.40,INR,BANK_TRANSFER,SUCCESS,VENDPAY_00003492
VPAY_003493,VINV_003493,VEND_000023,2026-04-09T03:08:00,BANK_003,221704.30,INR,BANK_TRANSFER,SUCCESS,VENDPAY_00003493
VPAY_003494,VINV_003494,VEND_000088,2026-03-07T00:19:00,BANK_003,185956.20,INR,BANK_TRANSFER,SUCCESS,VENDPAY_00003494
VPAY_003495,VINV_003495,VEND_000062,2026-03-08T00:33:00,BANK_003,50423.00,INR,BANK_TRANSFER,SUCCESS,VENDPAY_00003495
VPAY_003496,VINV_003496,VEND_000022,2026-03-29T00:01:00,BANK_003,256470.64,INR,BANK_TRANSFER,SUCCESS,VENDPAY_00003496
VPAY_003497,VINV_003497,VEND_000054,2026-03-28T01:06:00,BANK_003,103168.58,INR,BANK_TRANSFER,SUCCESS,VENDPAY_00003497
VPAY_003498,VINV_003498,VEND_000047,2026-03-29T02:09:00,BANK_003,83291.48,INR,BANK_TRANSFER,SUCCESS,VENDPAY_00003498
VPAY_003499,VINV_003499,VEND_000010,2026-03-08T01:12:00,BANK_003,101221.58,INR,BANK_TRANSFER,SUCCESS,VENDPAY_00003499
VPAY_003500,VINV_003500,VEND_000031,2026-03-12T03:10:00,BANK_003,73509.28,INR,BANK_TRANSFER,SUCCESS,VENDPAY_00003500
VPAY_003501,VINV_003501,VEND_000058,2026-03-08T03:15:00,BANK_003,157507.58,INR,BANK_TRANSFER,SUCCESS,VENDPAY_00003501
VPAY_003502,VINV_003502,VEND_000066,2026-03-16T22:01:00,BANK_003,90868.26,INR,BANK_TRANSFER,SUCCESS,VENDPAY_00003502
VPAY_003503,VINV_003503,VEND_000011,2026-03-21T21:13:00,BANK_003,163301.38,INR,BANK_TRANSFER,SUCCESS,VENDPAY_00003503
VPAY_003504,VINV_003504,VEND_000050,2026-03-22T02:18:00,BANK_003,111655.14,INR,BANK_TRANSFER,SUCCESS,VENDPAY_00003504
VPAY_003505,VINV_003505,VEND_000080,2026-03-21T20:13:00,BANK_003,79832.90,INR,BANK_TRANSFER,SUCCESS,VENDPAY_00003505
VPAY_003506,VINV_003506,VEND_000044,2026-03-20T20:19:00,BANK_003,102697.76,INR,BANK_TRANSFER,SUCCESS,VENDPAY_00003506
VPAY_003507,VINV_003507,VEND_000062,2026-03-15T19:04:00,BANK_003,210562.00,INR,BANK_TRANSFER,SUCCESS,VENDPAY_00003507
VPAY_003508,VINV_003508,VEND_000050,2026-03-08T01:47:00,BANK_003,186854.18,INR,BANK_TRANSFER,SUCCESS,VENDPAY_00003508
VPAY_003509,VINV_003509,VEND_000028,2026-03-10T21:44:00,BANK_003,104919.70,INR,BANK_TRANSFER,SUCCESS,VENDPAY_00003509
VPAY_003510,VINV_003510,VEND_000076,2026-03-27T22:00:00,BANK_003,73793.66,INR,BANK_TRANSFER,SUCCESS,VENDPAY_00003510
VPAY_003511,VINV_003511,VEND_000072,2026-03-11T20:38:00,BANK_003,194727.14,INR,BANK_TRANSFER,SUCCESS,VENDPAY_00003511
VPAY_003512,VINV_003512,VEND_000026,2026-03-21T03:27:00,BANK_003,66080.00,INR,BANK_TRANSFER,SUCCESS,VENDPAY_00003512
VPAY_003513,VINV_003513,VEND_000001,2026-03-16T01:28:00,BANK_003,229708.24,INR,BANK_TRANSFER,SUCCESS,VENDPAY_00003513
VPAY_003514,VINV_003514,VEND_000084,2026-04-01T21:44:00,BANK_003,157876.92,INR,BANK_TRANSFER,SUCCESS,VENDPAY_00003514
VPAY_003515,VINV_003515,VEND_000041,2026-03-06T23:46:00,BANK_003,196467.64,INR,BANK_TRANSFER,SUCCESS,VENDPAY_00003515
VPAY_003516,VINV_003516,VEND_000077,2026-03-22T02:32:00,BANK_003,214109.82,INR,BANK_TRANSFER,SUCCESS,VENDPAY_00003516
VPAY_003517,VINV_003517,VEND_000076,2026-03-19T22:14:00,BANK_003,95097.38,INR,BANK_TRANSFER,SUCCESS,VENDPAY_00003517
VPAY_003518,VINV_003518,VEND_000016,2026-03-20T23:58:00,BANK_003,246413.50,INR,BANK_TRANSFER,SUCCESS,VENDPAY_00003518
VPAY_003519,VINV_003519,VEND_000032,2026-03-21T23:11:00,BANK_003,126804.00,INR,BANK_TRANSFER,SUCCESS,VENDPAY_00003519
VPAY_003520,VINV_003520,VEND_000038,2026-03-07T23:39:00,BANK_003,65144.26,INR,BANK_TRANSFER,SUCCESS,VENDPAY_00003520
VPAY_003521,VINV_003521,VEND_000086,2026-03-28T21:40:00,BANK_003,80892.00,INR,BANK_TRANSFER,SUCCESS,VENDPAY_00003521
VPAY_003522,VINV_003522,VEND_000020,2026-03-30T02:00:00,BANK_003,139918.50,INR,BANK_TRANSFER,SUCCESS,VENDPAY_00003522
VPAY_003523,VINV_003523,VEND_000010,2026-03-12T00:36:00,BANK_003,217341.84,INR,BANK_TRANSFER,SUCCESS,VENDPAY_00003523
VPAY_003524,VINV_003524,VEND_000040,2026-04-05T00:30:00,BANK_003,145843.28,INR,BANK_TRANSFER,SUCCESS,VENDPAY_00003524
VPAY_003525,VINV_003525,VEND_000037,2026-03-25T03:11:00,BANK_003,154483.24,INR,BANK_TRANSFER,SUCCESS,VENDPAY_00003525
VPAY_003526,VINV_003526,VEND_000018,2026-04-09T20:36:00,BANK_003,215483.34,INR,BANK_TRANSFER,SUCCESS,VENDPAY_00003526
VPAY_003527,VINV_003527,VEND_000047,2026-03-23T01:21:00,BANK_003,88169.60,INR,BANK_TRANSFER,SUCCESS,VENDPAY_00003527
VPAY_003528,VINV_003528,VEND_000041,2026-03-10T00:26:00,BANK_003,91372.12,INR,BANK_TRANSFER,SUCCESS,VENDPAY_00003528
VPAY_003529,VINV_003529,VEND_000075,2026-03-27T00:11:00,BANK_003,77487.06,INR,BANK_TRANSFER,SUCCESS,VENDPAY_00003529
VPAY_003530,VINV_003530,VEND_000040,2026-04-06T00:01:00,BANK_003,223294.94,INR,BANK_TRANSFER,SUCCESS,VENDPAY_00003530
VPAY_003531,VINV_003531,VEND_000071,2026-03-27T01:42:00,BANK_003,231694.18,INR,BANK_TRANSFER,SUCCESS,VENDPAY_00003531
VPAY_003532,VINV_003532,VEND_000071,2026-03-13T19:35:00,BANK_003,256607.52,INR,BANK_TRANSFER,SUCCESS,VENDPAY_00003532
VPAY_003533,VINV_003533,VEND_000006,2026-03-18T02:58:00,BANK_003,149576.80,INR,BANK_TRANSFER,SUCCESS,VENDPAY_00003533
VPAY_003534,VINV_003534,VEND_000035,2026-03-07T23:57:00,BANK_003,69201.10,INR,BANK_TRANSFER,SUCCESS,VENDPAY_00003534
VPAY_003535,VINV_003535,VEND_000076,2026-03-09T01:35:00,BANK_003,54340.18,INR,BANK_TRANSFER,SUCCESS,VENDPAY_00003535
VPAY_003536,VINV_003536,VEND_000006,2026-03-13T03:09:00,BANK_003,198244.72,INR,BANK_TRANSFER,SUCCESS,VENDPAY_00003536
VPAY_003537,VINV_003537,VEND_000034,2026-03-22T19:42:00,BANK_003,102223.40,INR,BANK_TRANSFER,SUCCESS,VENDPAY_00003537
VPAY_003538,VINV_003538,VEND_000011,2026-03-24T19:55:00,BANK_003,156434.96,INR,BANK_TRANSFER,SUCCESS,VENDPAY_00003538
VPAY_003539,VINV_003539,VEND_000081,2026-04-03T21:48:00,BANK_003,58309.70,INR,BANK_TRANSFER,SUCCESS,VENDPAY_00003539
VPAY_003540,VINV_003540,VEND_000022,2026-03-27T02:34:00,BANK_003,210759.80,INR,BANK_TRANSFER,SUCCESS,VENDPAY_00003540
VPAY_003541,VINV_003541,VEND_000088,2026-03-12T21:55:00,BANK_003,214870.92,INR,BANK_TRANSFER,SUCCESS,VENDPAY_00003541
VPAY_003542,VINV_003542,VEND_000064,2026-03-11T19:54:00,BANK_003,222477.20,INR,BANK_TRANSFER,SUCCESS,VENDPAY_00003542
VPAY_003543,VINV_003543,VEND_000028,2026-03-25T22:31:00,BANK_003,242797.98,INR,BANK_TRANSFER,SUCCESS,VENDPAY_00003543
VPAY_003544,VINV_003544,VEND_000068,2026-03-13T20:41:00,BANK_003,143642.58,INR,BANK_TRANSFER,SUCCESS,VENDPAY_00003544
VPAY_003545,VINV_003545,VEND_000076,2026-03-20T20:48:00,BANK_003,180401.94,INR,BANK_TRANSFER,SUCCESS,VENDPAY_00003545
VPAY_003546,VINV_003546,VEND_000032,2026-03-03T03:10:00,BANK_003,206581.00,INR,BANK_TRANSFER,SUCCESS,VENDPAY_00003546
VPAY_003547,VINV_003547,VEND_000033,2026-03-22T23:56:00,BANK_003,253649.26,INR,BANK_TRANSFER,SUCCESS,VENDPAY_00003547
VPAY_003548,VINV_003548,VEND_000015,2026-04-06T22:04:00,BANK_003,178546.98,INR,BANK_TRANSFER,SUCCESS,VENDPAY_00003548
VPAY_003549,VINV_003549,VEND_000089,2026-03-23T00:03:00,BANK_003,92752.72,INR,BANK_TRANSFER,SUCCESS,VENDPAY_00003549
VPAY_003550,VINV_003550,VEND_000086,2026-03-09T03:39:00,BANK_003,110216.00,INR,BANK_TRANSFER,SUCCESS,VENDPAY_00003550
VPAY_003551,VINV_003551,VEND_000030,2026-03-27T20:29:00,BANK_003,130430.12,INR,BANK_TRANSFER,SUCCESS,VENDPAY_00003551
VPAY_003552,VINV_003552,VEND_000088,2026-03-07T21:22:00,BANK_003,175198.14,INR,BANK_TRANSFER,SUCCESS,VENDPAY_00003552
VPAY_003553,VINV_003553,VEND_000015,2026-03-19T22:51:00,BANK_003,230832.78,INR,BANK_TRANSFER,SUCCESS,VENDPAY_00003553
VPAY_003554,VINV_003554,VEND_000015,2026-04-01T22:36:00,BANK_003,57356.26,INR,BANK_TRANSFER,SUCCESS,VENDPAY_00003554
VPAY_003555,VINV_003555,VEND_000027,2026-03-23T23:51:00,BANK_003,191392.46,INR,BANK_TRANSFER,SUCCESS,VENDPAY_00003555
VPAY_003556,VINV_003556,VEND_000048,2026-03-13T02:47:00,BANK_003,153666.68,INR,BANK_TRANSFER,SUCCESS,VENDPAY_00003556
VPAY_003557,VINV_003557,VEND_000057,2026-03-11T02:18:00,BANK_003,258221.76,INR,BANK_TRANSFER,SUCCESS,VENDPAY_00003557
VPAY_003558,VINV_003558,VEND_000027,2026-03-30T20:41:00,BANK_003,173494.22,INR,BANK_TRANSFER,SUCCESS,VENDPAY_00003558
VPAY_003559,VINV_003559,VEND_000063,2026-03-13T01:36:00,BANK_003,204334.70,INR,BANK_TRANSFER,SUCCESS,VENDPAY_00003559
VPAY_003560,VINV_003560,VEND_000033,2026-03-13T21:05:00,BANK_003,54045.18,INR,BANK_TRANSFER,SUCCESS,VENDPAY_00003560
VPAY_003561,VINV_003561,VEND_000008,2026-03-27T23:31:00,BANK_003,60621.00,INR,BANK_TRANSFER,SUCCESS,VENDPAY_00003561
VPAY_003562,VINV_003562,VEND_000027,2026-03-23T02:58:00,BANK_003,180977.78,INR,BANK_TRANSFER,SUCCESS,VENDPAY_00003562
VPAY_003563,VINV_003563,VEND_000019,2026-03-29T21:40:00,BANK_003,140777.54,INR,BANK_TRANSFER,SUCCESS,VENDPAY_00003563
VPAY_003564,VINV_003564,VEND_000002,2026-04-05T02:21:00,BANK_003,199484.90,INR,BANK_TRANSFER,SUCCESS,VENDPAY_00003564
VPAY_003565,VINV_003565,VEND_000045,2026-03-23T00:46:00,BANK_003,146886.40,INR,BANK_TRANSFER,SUCCESS,VENDPAY_00003565
VPAY_003566,VINV_003566,VEND_000026,2026-04-03T22:46:00,BANK_003,138355.00,INR,BANK_TRANSFER,SUCCESS,VENDPAY_00003566
VPAY_003567,VINV_003567,VEND_000021,2026-03-30T02:00:00,BANK_003,201685.60,INR,BANK_TRANSFER,SUCCESS,VENDPAY_00003567
VPAY_003568,VINV_003568,VEND_000003,2026-03-23T01:12:00,BANK_003,125613.36,INR,BANK_TRANSFER,SUCCESS,VENDPAY_00003568
VPAY_003569,VINV_003569,VEND_000029,2026-03-21T01:10:00,BANK_003,189637.00,INR,BANK_TRANSFER,SUCCESS,VENDPAY_00003569
VPAY_003570,VINV_003570,VEND_000015,2026-04-11T21:40:00,BANK_003,135899.42,INR,BANK_TRANSFER,SUCCESS,VENDPAY_00003570
VPAY_003571,VINV_003571,VEND_000089,2026-03-13T00:54:00,BANK_003,83671.44,INR,BANK_TRANSFER,SUCCESS,VENDPAY_00003571
VPAY_003572,VINV_003572,VEND_000052,2026-03-07T03:00:00,BANK_003,59378.78,INR,BANK_TRANSFER,SUCCESS,VENDPAY_00003572
VPAY_003573,VINV_003573,VEND_000031,2026-03-15T22:27:00,BANK_003,140581.66,INR,BANK_TRANSFER,SUCCESS,VENDPAY_00003573
VPAY_003574,VINV_003574,VEND_000086,2026-03-23T23:44:00,BANK_003,190741.00,INR,BANK_TRANSFER,SUCCESS,VENDPAY_00003574
VPAY_003575,VINV_003575,VEND_000081,2026-04-05T00:37:00,BANK_003,206848.10,INR,BANK_TRANSFER,SUCCESS,VENDPAY_00003575
VPAY_003576,VINV_003576,VEND_000003,2026-03-27T01:53:00,BANK_003,154366.42,INR,BANK_TRANSFER,SUCCESS,VENDPAY_00003576
VPAY_003577,VINV_003577,VEND_000073,2026-03-17T22:36:00,BANK_003,158672.24,INR,BANK_TRANSFER,SUCCESS,VENDPAY_00003577
VPAY_003578,VINV_003578,VEND_000024,2026-03-28T03:18:00,BANK_003,86650.94,INR,BANK_TRANSFER,SUCCESS,VENDPAY_00003578
VPAY_003579,VINV_003579,VEND_000033,2026-03-23T01:00:00,BANK_003,137218.66,INR,BANK_TRANSFER,SUCCESS,VENDPAY_00003579
VPAY_003580,VINV_003580,VEND_000086,2026-03-22T22:42:00,BANK_003,202698.00,INR,BANK_TRANSFER,SUCCESS,VENDPAY_00003580
VPAY_003581,VINV_003581,VEND_000013,2026-04-03T22:25:00,BANK_003,170620.92,INR,BANK_TRANSFER,SUCCESS,VENDPAY_00003581
VPAY_003582,VINV_003582,VEND_000032,2026-03-06T02:53:00,BANK_003,130122.00,INR,BANK_TRANSFER,SUCCESS,VENDPAY_00003582
VPAY_003583,VINV_003583,VEND_000046,2026-03-21T23:41:00,BANK_003,198912.60,INR,BANK_TRANSFER,SUCCESS,VENDPAY_00003583
VPAY_003584,VINV_003584,VEND_000064,2026-03-17T03:23:00,BANK_003,123496.44,INR,BANK_TRANSFER,SUCCESS,VENDPAY_00003584
VPAY_003585,VINV_003585,VEND_000094,2026-02-27T21:13:00,BANK_003,108649.68,INR,BANK_TRANSFER,SUCCESS,VENDPAY_00003585
VPAY_003586,VINV_003586,VEND_000097,2026-03-18T03:58:00,BANK_003,93480.78,INR,BANK_TRANSFER,SUCCESS,VENDPAY_00003586
VPAY_003587,VINV_003587,VEND_000108,2026-03-07T23:20:00,BANK_003,89490.02,INR,BANK_TRANSFER,SUCCESS,VENDPAY_00003587
VPAY_003588,VINV_003588,VEND_000097,2026-03-09T03:45:00,BANK_003,78600.98,INR,BANK_TRANSFER,SUCCESS,VENDPAY_00003588
VPAY_003589,VINV_003589,VEND_000109,2026-02-22T00:04:00,BANK_003,84518.68,INR,BANK_TRANSFER,SUCCESS,VENDPAY_00003589
VPAY_003590,VINV_003590,VEND_000093,2026-02-25T23:44:00,BANK_003,62671.00,INR,BANK_TRANSFER,SUCCESS,VENDPAY_00003590
VPAY_003591,VINV_003591,VEND_000099,2026-03-28T21:53:00,BANK_003,104277.78,INR,BANK_TRANSFER,SUCCESS,VENDPAY_00003591
VPAY_003592,VINV_003592,VEND_000099,2026-03-08T21:05:00,BANK_003,104924.42,INR,BANK_TRANSFER,SUCCESS,VENDPAY_00003592
VPAY_003593,VINV_003593,VEND_000106,2026-03-18T22:17:00,BANK_003,54702.44,INR,BANK_TRANSFER,SUCCESS,VENDPAY_00003593
VPAY_003594,VINV_003594,VEND_000107,2026-03-08T04:11:00,BANK_003,111390.82,INR,BANK_TRANSFER,SUCCESS,VENDPAY_00003594
VPAY_003595,VINV_003595,VEND_000102,2026-03-10T04:07:00,BANK_003,76439.22,INR,BANK_TRANSFER,SUCCESS,VENDPAY_00003595
VPAY_003596,VINV_003596,VEND_000094,2026-02-23T23:33:00,BANK_003,109662.12,INR,BANK_TRANSFER,SUCCESS,VENDPAY_00003596
VPAY_003597,VINV_003597,VEND_000096,2026-03-15T02:57:00,BANK_003,57464.82,INR,BANK_TRANSFER,SUCCESS,VENDPAY_00003597
VPAY_003598,VINV_003598,VEND_000097,2026-03-08T23:08:00,BANK_003,51807.90,INR,BANK_TRANSFER,SUCCESS,VENDPAY_00003598
VPAY_003599,VINV_003599,VEND_000105,2026-03-09T21:15:00,BANK_003,56136.14,INR,BANK_TRANSFER,SUCCESS,VENDPAY_00003599
VPAY_003600,VINV_003600,VEND_000097,2026-03-25T21:26:00,BANK_003,77946.08,INR,BANK_TRANSFER,SUCCESS,VENDPAY_00003600
VPAY_003601,VINV_003601,VEND_000104,2026-03-27T20:18:00,BANK_003,38175.00,INR,BANK_TRANSFER,SUCCESS,VENDPAY_00003601
VPAY_003602,VINV_003602,VEND_000091,2026-03-07T01:01:00,BANK_003,47745.16,INR,BANK_TRANSFER,SUCCESS,VENDPAY_00003602
VPAY_003603,VINV_003603,VEND_000104,2026-03-08T03:33:00,BANK_003,32224.00,INR,BANK_TRANSFER,SUCCESS,VENDPAY_00003603
VPAY_003604,VINV_003604,VEND_000095,2026-02-26T22:45:00,BANK_003,85433.18,INR,BANK_TRANSFER,SUCCESS,VENDPAY_00003604
VPAY_003605,VINV_003605,VEND_000096,2026-03-13T00:27:00,BANK_003,62401.94,INR,BANK_TRANSFER,SUCCESS,VENDPAY_00003605
VPAY_003606,VINV_003606,VEND_000096,2026-03-17T01:01:00,BANK_003,103652.38,INR,BANK_TRANSFER,SUCCESS,VENDPAY_00003606
VPAY_003607,VINV_003607,VEND_000104,2026-03-24T22:30:00,BANK_003,40562.00,INR,BANK_TRANSFER,SUCCESS,VENDPAY_00003607
VPAY_003608,VINV_003608,VEND_000099,2026-03-29T01:32:00,BANK_003,54360.24,INR,BANK_TRANSFER,SUCCESS,VENDPAY_00003608
VPAY_003609,VINV_003609,VEND_000100,2026-03-20T02:45:00,BANK_003,79319.60,INR,BANK_TRANSFER,SUCCESS,VENDPAY_00003609
VPAY_003610,VINV_003610,VEND_000094,2026-02-24T20:22:00,BANK_003,40848.06,INR,BANK_TRANSFER,SUCCESS,VENDPAY_00003610
VPAY_003611,VINV_003611,VEND_000103,2026-03-13T02:46:00,BANK_003,111047.44,INR,BANK_TRANSFER,SUCCESS,VENDPAY_00003611
VPAY_003612,VINV_003612,VEND_000096,2026-03-02T21:06:00,BANK_003,104608.18,INR,BANK_TRANSFER,SUCCESS,VENDPAY_00003612
VPAY_003613,VINV_003613,VEND_000092,2026-03-24T20:56:00,BANK_003,99874.02,INR,BANK_TRANSFER,SUCCESS,VENDPAY_00003613
VPAY_003614,VINV_003614,VEND_000108,2026-03-02T22:29:00,BANK_003,34164.54,INR,BANK_TRANSFER,SUCCESS,VENDPAY_00003614
VPAY_003615,VINV_003615,VEND_000101,2026-02-27T23:09:00,BANK_003,106136.28,INR,BANK_TRANSFER,SUCCESS,VENDPAY_00003615
VPAY_003616,VINV_003616,VEND_000106,2026-03-09T21:53:00,BANK_003,52992.62,INR,BANK_TRANSFER,SUCCESS,VENDPAY_00003616
VPAY_003617,VINV_003617,VEND_000093,2026-02-28T00:20:00,BANK_003,85889.00,INR,BANK_TRANSFER,SUCCESS,VENDPAY_00003617
VPAY_003618,VINV_003618,VEND_000108,2026-03-14T04:07:00,BANK_003,33637.08,INR,BANK_TRANSFER,SUCCESS,VENDPAY_00003618
VPAY_003619,VINV_003619,VEND_000099,2026-03-05T23:03:00,BANK_003,73466.80,INR,BANK_TRANSFER,SUCCESS,VENDPAY_00003619
VPAY_003620,VINV_003620,VEND_000091,2026-02-26T23:54:00,BANK_003,25932.86,INR,BANK_TRANSFER,SUCCESS,VENDPAY_00003620
VPAY_003621,VINV_003621,VEND_000109,2026-02-21T03:27:00,BANK_003,33777.50,INR,BANK_TRANSFER,SUCCESS,VENDPAY_00003621
VPAY_003622,VINV_003622,VEND_000094,2026-03-12T21:16:00,BANK_003,89133.66,INR,BANK_TRANSFER,SUCCESS,VENDPAY_00003622
VPAY_003623,VINV_003623,VEND_000110,2026-03-14T02:58:00,BANK_003,25236.66,INR,BANK_TRANSFER,SUCCESS,VENDPAY_00003623
VPAY_003624,VINV_003624,VEND_000094,2026-03-15T22:45:00,BANK_003,99193.16,INR,BANK_TRANSFER,SUCCESS,VENDPAY_00003624
VPAY_003625,VINV_003625,VEND_000093,2026-02-27T22:45:00,BANK_003,89535.00,INR,BANK_TRANSFER,SUCCESS,VENDPAY_00003625
VPAY_003626,VINV_003626,VEND_000107,2026-03-10T01:33:00,BANK_003,33087.20,INR,BANK_TRANSFER,SUCCESS,VENDPAY_00003626
VPAY_003627,VINV_003627,VEND_000092,2026-03-13T20:45:00,BANK_003,69821.78,INR,BANK_TRANSFER,SUCCESS,VENDPAY_00003627
VPAY_003628,VINV_003628,VEND_000105,2026-02-19T20:52:00,BANK_003,25299.20,INR,BANK_TRANSFER,SUCCESS,VENDPAY_00003628
VPAY_003629,VINV_003629,VEND_000099,2026-03-17T21:13:00,BANK_003,59226.56,INR,BANK_TRANSFER,SUCCESS,VENDPAY_00003629
VPAY_003630,VINV_003630,VEND_000107,2026-03-19T20:13:00,BANK_003,63784.90,INR,BANK_TRANSFER,SUCCESS,VENDPAY_00003630
VPAY_003631,VINV_003631,VEND_000094,2026-03-04T22:27:00,BANK_003,57710.26,INR,BANK_TRANSFER,SUCCESS,VENDPAY_00003631
VPAY_003632,VINV_003632,VEND_000101,2026-03-13T23:21:00,BANK_003,78398.02,INR,BANK_TRANSFER,SUCCESS,VENDPAY_00003632
VPAY_003633,VINV_003633,VEND_000096,2026-03-04T04:28:00,BANK_003,110453.90,INR,BANK_TRANSFER,SUCCESS,VENDPAY_00003633
VPAY_003634,VINV_003634,VEND_000092,2026-03-05T21:42:00,BANK_003,93896.14,INR,BANK_TRANSFER,SUCCESS,VENDPAY_00003634
VPAY_003635,VINV_003635,VEND_000110,2026-03-06T04:24:00,BANK_003,107582.96,INR,BANK_TRANSFER,SUCCESS,VENDPAY_00003635
VPAY_003636,VINV_003636,VEND_000091,2026-03-01T02:05:00,BANK_003,102565.60,INR,BANK_TRANSFER,SUCCESS,VENDPAY_00003636
VPAY_003637,VINV_003637,VEND_000092,2026-03-19T04:01:00,BANK_003,40171.92,INR,BANK_TRANSFER,SUCCESS,VENDPAY_00003637
VPAY_003638,VINV_003638,VEND_000107,2026-03-14T02:29:00,BANK_003,22008.18,INR,BANK_TRANSFER,SUCCESS,VENDPAY_00003638
VPAY_003639,VINV_003639,VEND_000096,2026-03-11T00:04:00,BANK_003,105914.44,INR,BANK_TRANSFER,SUCCESS,VENDPAY_00003639
VPAY_003640,VINV_003640,VEND_000103,2026-03-07T02:25:00,BANK_003,50268.00,INR,BANK_TRANSFER,SUCCESS,VENDPAY_00003640
VPAY_003641,VINV_003641,VEND_000098,2026-03-26T21:07:00,BANK_003,38297.00,INR,BANK_TRANSFER,SUCCESS,VENDPAY_00003641
VPAY_003642,VINV_003642,VEND_000110,2026-03-14T02:55:00,BANK_003,66889.48,INR,BANK_TRANSFER,SUCCESS,VENDPAY_00003642
VPAY_003643,VINV_003643,VEND_000096,2026-03-05T01:01:00,BANK_003,24442.52,INR,BANK_TRANSFER,SUCCESS,VENDPAY_00003643
VPAY_003644,VINV_003644,VEND_000095,2026-03-18T23:39:00,BANK_003,78196.24,INR,BANK_TRANSFER,SUCCESS,VENDPAY_00003644
VPAY_003645,VINV_003645,VEND_000100,2026-03-09T01:16:00,BANK_003,60191.80,INR,BANK_TRANSFER,SUCCESS,VENDPAY_00003645
VPAY_003646,VINV_003646,VEND_000100,2026-03-10T21:45:00,BANK_003,81540.36,INR,BANK_TRANSFER,SUCCESS,VENDPAY_00003646
VPAY_003647,VINV_003647,VEND_000092,2026-03-17T22:52:00,BANK_003,50098.08,INR,BANK_TRANSFER,SUCCESS,VENDPAY_00003647
VPAY_003648,VINV_003648,VEND_000102,2026-03-16T04:24:00,BANK_003,73814.90,INR,BANK_TRANSFER,SUCCESS,VENDPAY_00003648
VPAY_003649,VINV_003649,VEND_000091,2026-03-10T21:25:00,BANK_003,34325.02,INR,BANK_TRANSFER,SUCCESS,VENDPAY_00003649
VPAY_003650,VINV_003650,VEND_000099,2026-03-21T20:53:00,BANK_003,66185.02,INR,BANK_TRANSFER,SUCCESS,VENDPAY_00003650
VPAY_003651,VINV_003651,VEND_000094,2026-03-03T02:54:00,BANK_003,78213.94,INR,BANK_TRANSFER,SUCCESS,VENDPAY_00003651
VPAY_003652,VINV_003652,VEND_000099,2026-03-28T21:11:00,BANK_003,72519.26,INR,BANK_TRANSFER,SUCCESS,VENDPAY_00003652
VPAY_003653,VINV_003653,VEND_000092,2026-03-07T02:49:00,BANK_003,73814.90,INR,BANK_TRANSFER,SUCCESS,VENDPAY_00003653
VPAY_003654,VINV_003654,VEND_000100,2026-03-08T03:26:00,BANK_003,58176.36,INR,BANK_TRANSFER,SUCCESS,VENDPAY_00003654
VPAY_003655,VINV_003655,VEND_000102,2026-03-10T02:27:00,BANK_003,51295.78,INR,BANK_TRANSFER,SUCCESS,VENDPAY_00003655
VPAY_003656,VINV_003656,VEND_000094,2026-03-18T20:56:00,BANK_003,82288.48,INR,BANK_TRANSFER,SUCCESS,VENDPAY_00003656
VPAY_003657,VINV_003657,VEND_000093,2026-03-18T02:37:00,BANK_003,30396.00,INR,BANK_TRANSFER,SUCCESS,VENDPAY_00003657
VPAY_003658,VINV_003658,VEND_000094,2026-02-20T02:37:00,BANK_003,105435.36,INR,BANK_TRANSFER,SUCCESS,VENDPAY_00003658
VPAY_003659,VINV_003659,VEND_000093,2026-03-11T01:04:00,BANK_003,43950.00,INR,BANK_TRANSFER,SUCCESS,VENDPAY_00003659
VPAY_003660,VINV_003660,VEND_000101,2026-02-25T00:44:00,BANK_003,56150.30,INR,BANK_TRANSFER,SUCCESS,VENDPAY_00003660
VPAY_003661,VINV_003661,VEND_000093,2026-03-10T03:43:00,BANK_003,28992.00,INR,BANK_TRANSFER,SUCCESS,VENDPAY_00003661
VPAY_003662,VINV_003662,VEND_000101,2026-02-26T21:20:00,BANK_003,81456.58,INR,BANK_TRANSFER,SUCCESS,VENDPAY_00003662
VPAY_003663,VINV_003663,VEND_000107,2026-03-02T01:52:00,BANK_003,22535.64,INR,BANK_TRANSFER,SUCCESS,VENDPAY_00003663
VPAY_003664,VINV_003664,VEND_000091,2026-03-17T03:33:00,BANK_003,25786.54,INR,BANK_TRANSFER,SUCCESS,VENDPAY_00003664
VPAY_003665,VINV_003665,VEND_000094,2026-02-28T01:03:00,BANK_003,106264.90,INR,BANK_TRANSFER,SUCCESS,VENDPAY_00003665
VPAY_003666,VINV_003666,VEND_000103,2026-03-07T23:48:00,BANK_003,72874.44,INR,BANK_TRANSFER,SUCCESS,VENDPAY_00003666
VPAY_003667,VINV_003667,VEND_000100,2026-03-31T01:03:00,BANK_003,39753.02,INR,BANK_TRANSFER,SUCCESS,VENDPAY_00003667
VPAY_003668,VINV_003668,VEND_000110,2026-03-06T00:44:00,BANK_003,54291.80,INR,BANK_TRANSFER,SUCCESS,VENDPAY_00003668
VPAY_003669,VINV_003669,VEND_000092,2026-03-14T21:17:00,BANK_003,33032.92,INR,BANK_TRANSFER,SUCCESS,VENDPAY_00003669
VPAY_003670,VINV_003670,VEND_000107,2026-03-15T00:48:00,BANK_003,110176.60,INR,BANK_TRANSFER,SUCCESS,VENDPAY_00003670
VPAY_003671,VINV_003671,VEND_000103,2026-03-05T20:28:00,BANK_003,103194.54,INR,BANK_TRANSFER,SUCCESS,VENDPAY_00003671
VPAY_003672,VINV_003672,VEND_000104,2026-03-11T02:45:00,BANK_003,43520.00,INR,BANK_TRANSFER,SUCCESS,VENDPAY_00003672
VPAY_003673,VINV_003673,VEND_000110,2026-02-22T22:32:00,BANK_003,99477.54,INR,BANK_TRANSFER,SUCCESS,VENDPAY_00003673
VPAY_003674,VINV_003674,VEND_000101,2026-03-09T03:04:00,BANK_003,73469.16,INR,BANK_TRANSFER,SUCCESS,VENDPAY_00003674
VPAY_003675,VINV_003675,VEND_000092,2026-03-10T02:03:00,BANK_003,66703.04,INR,BANK_TRANSFER,SUCCESS,VENDPAY_00003675
VPAY_003676,VINV_003676,VEND_000092,2026-03-25T23:27:00,BANK_003,77975.58,INR,BANK_TRANSFER,SUCCESS,VENDPAY_00003676
VPAY_003677,VINV_003677,VEND_000103,2026-03-03T01:47:00,BANK_003,87539.48,INR,BANK_TRANSFER,SUCCESS,VENDPAY_00003677
VPAY_003678,VINV_003678,VEND_000094,2026-03-19T01:12:00,BANK_003,39259.78,INR,BANK_TRANSFER,SUCCESS,VENDPAY_00003678
VPAY_003679,VINV_003679,VEND_000091,2026-03-02T01:44:00,BANK_003,27759.50,INR,BANK_TRANSFER,SUCCESS,VENDPAY_00003679
VPAY_003680,VINV_003680,VEND_000097,2026-03-18T01:20:00,BANK_003,77123.62,INR,BANK_TRANSFER,SUCCESS,VENDPAY_00003680
VPAY_003681,VINV_003681,VEND_000091,2026-02-28T00:23:00,BANK_003,80984.58,INR,BANK_TRANSFER,SUCCESS,VENDPAY_00003681
VPAY_003682,VINV_003682,VEND_000097,2026-03-05T21:03:00,BANK_003,36698.00,INR,BANK_TRANSFER,SUCCESS,VENDPAY_00003682
VPAY_003683,VINV_003683,VEND_000101,2026-02-23T23:35:00,BANK_003,76268.12,INR,BANK_TRANSFER,SUCCESS,VENDPAY_00003683
VPAY_003684,VINV_003684,VEND_000096,2026-03-14T03:43:00,BANK_003,88710.04,INR,BANK_TRANSFER,SUCCESS,VENDPAY_00003684
VPAY_003685,VINV_003685,VEND_000106,2026-03-22T23:44:00,BANK_003,86890.48,INR,BANK_TRANSFER,SUCCESS,VENDPAY_00003685
VPAY_003686,VINV_003686,VEND_000107,2026-03-17T00:48:00,BANK_003,62037.32,INR,BANK_TRANSFER,SUCCESS,VENDPAY_00003686
VPAY_003687,VINV_003687,VEND_000100,2026-03-06T02:24:00,BANK_003,107005.94,INR,BANK_TRANSFER,SUCCESS,VENDPAY_00003687
VPAY_003688,VINV_003688,VEND_000101,2026-03-02T23:52:00,BANK_003,67398.06,INR,BANK_TRANSFER,SUCCESS,VENDPAY_00003688
VPAY_003689,VINV_003689,VEND_000097,2026-03-21T03:30:00,BANK_003,57391.66,INR,BANK_TRANSFER,SUCCESS,VENDPAY_00003689
VPAY_003690,VINV_003690,VEND_000102,2026-03-17T23:57:00,BANK_003,91075.94,INR,BANK_TRANSFER,SUCCESS,VENDPAY_00003690
VPAY_003691,VINV_003691,VEND_000092,2026-03-17T02:29:00,BANK_003,99715.90,INR,BANK_TRANSFER,SUCCESS,VENDPAY_00003691
VPAY_003692,VINV_003692,VEND_000100,2026-03-11T03:03:00,BANK_003,110030.28,INR,BANK_TRANSFER,SUCCESS,VENDPAY_00003692
VPAY_003693,VINV_003693,VEND_000105,2026-03-09T01:00:00,BANK_003,60716.90,INR,BANK_TRANSFER,SUCCESS,VENDPAY_00003693
VPAY_003694,VINV_003694,VEND_000110,2026-03-05T02:01:00,BANK_003,109829.68,INR,BANK_TRANSFER,SUCCESS,VENDPAY_00003694
VPAY_003695,VINV_003695,VEND_000109,2026-03-15T01:48:00,BANK_003,79372.70,INR,BANK_TRANSFER,SUCCESS,VENDPAY_00003695
VPAY_003696,VINV_003696,VEND_000107,2026-03-11T20:44:00,BANK_003,66950.84,INR,BANK_TRANSFER,SUCCESS,VENDPAY_00003696
VPAY_003697,VINV_003697,VEND_000109,2026-02-23T01:20:00,BANK_003,59627.76,INR,BANK_TRANSFER,SUCCESS,VENDPAY_00003697
VPAY_003698,VINV_003698,VEND_000107,2026-03-18T20:45:00,BANK_003,69123.22,INR,BANK_TRANSFER,SUCCESS,VENDPAY_00003698
VPAY_003699,VINV_003699,VEND_000097,2026-03-11T02:25:00,BANK_003,37998.36,INR,BANK_TRANSFER,SUCCESS,VENDPAY_00003699
VPAY_003700,VINV_003700,VEND_000095,2026-03-08T01:49:00,BANK_003,87725.92,INR,BANK_TRANSFER,SUCCESS,VENDPAY_00003700
VPAY_003701,VINV_003701,VEND_000091,2026-03-10T20:51:00,BANK_003,107528.68,INR,BANK_TRANSFER,SUCCESS,VENDPAY_00003701
VPAY_003702,VINV_003702,VEND_000105,2026-02-19T03:29:00,BANK_003,85843.82,INR,BANK_TRANSFER,SUCCESS,VENDPAY_00003702
VPAY_003703,VINV_003703,VEND_000097,2026-03-23T22:45:00,BANK_003,69109.06,INR,BANK_TRANSFER,SUCCESS,VENDPAY_00003703
VPAY_003704,VINV_003704,VEND_000098,2026-03-30T03:16:00,BANK_003,60700.00,INR,BANK_TRANSFER,SUCCESS,VENDPAY_00003704
VPAY_003705,VINV_003705,VEND_000107,2026-03-26T21:35:00,BANK_003,42664.08,INR,BANK_TRANSFER,SUCCESS,VENDPAY_00003705
VPAY_003706,VINV_003706,VEND_000100,2026-03-17T03:46:00,BANK_003,21714.36,INR,BANK_TRANSFER,SUCCESS,VENDPAY_00003706
VPAY_003707,VINV_003707,VEND_000109,2026-03-01T00:59:00,BANK_003,88386.72,INR,BANK_TRANSFER,SUCCESS,VENDPAY_00003707
VPAY_003708,VINV_003708,VEND_000102,2026-03-17T00:00:00,BANK_003,105454.24,INR,BANK_TRANSFER,SUCCESS,VENDPAY_00003708
VPAY_003709,VINV_003709,VEND_000093,2026-03-08T01:50:00,BANK_003,90170.00,INR,BANK_TRANSFER,SUCCESS,VENDPAY_00003709
VPAY_003710,VINV_003710,VEND_000093,2026-02-23T22:19:00,BANK_003,46394.00,INR,BANK_TRANSFER,SUCCESS,VENDPAY_00003710
VPAY_003711,VINV_003711,VEND_000094,2026-03-02T03:14:00,BANK_003,43776.82,INR,BANK_TRANSFER,SUCCESS,VENDPAY_00003711
VPAY_003712,VINV_003712,VEND_000094,2026-02-24T22:47:00,BANK_003,60204.78,INR,BANK_TRANSFER,SUCCESS,VENDPAY_00003712
VPAY_003713,VINV_003713,VEND_000095,2026-03-14T04:28:00,BANK_003,58452.48,INR,BANK_TRANSFER,SUCCESS,VENDPAY_00003713
VPAY_003714,VINV_003714,VEND_000099,2026-03-06T03:07:00,BANK_003,27512.88,INR,BANK_TRANSFER,SUCCESS,VENDPAY_00003714
VPAY_003715,VINV_003715,VEND_000098,2026-03-05T23:41:00,BANK_003,18128.00,INR,BANK_TRANSFER,SUCCESS,VENDPAY_00003715
VPAY_003716,VINV_003716,VEND_000103,2026-02-20T02:50:00,BANK_003,30921.90,INR,BANK_TRANSFER,SUCCESS,VENDPAY_00003716
VPAY_003717,VINV_003717,VEND_000093,2026-03-16T22:50:00,BANK_003,28644.00,INR,BANK_TRANSFER,SUCCESS,VENDPAY_00003717
VPAY_003718,VINV_003718,VEND_000091,2026-02-26T00:45:00,BANK_003,28650.40,INR,BANK_TRANSFER,SUCCESS,VENDPAY_00003718
VPAY_003719,VINV_003719,VEND_000099,2026-03-14T22:06:00,BANK_003,33628.82,INR,BANK_TRANSFER,SUCCESS,VENDPAY_00003719
VPAY_003720,VINV_003720,VEND_000101,2026-03-09T23:02:00,BANK_003,29641.60,INR,BANK_TRANSFER,SUCCESS,VENDPAY_00003720
VPAY_003721,VINV_003721,VEND_000107,2026-03-24T00:25:00,BANK_003,51537.68,INR,BANK_TRANSFER,SUCCESS,VENDPAY_00003721
VPAY_003722,VINV_003722,VEND_000092,2026-03-08T20:50:00,BANK_003,78211.58,INR,BANK_TRANSFER,SUCCESS,VENDPAY_00003722
VPAY_003723,VINV_003723,VEND_000106,2026-03-17T04:25:00,BANK_003,89392.08,INR,BANK_TRANSFER,SUCCESS,VENDPAY_00003723
VPAY_003724,VINV_003724,VEND_000092,2026-03-09T02:47:00,BANK_003,90687.72,INR,BANK_TRANSFER,SUCCESS,VENDPAY_00003724
VPAY_003725,VINV_003725,VEND_000104,2026-03-24T21:16:00,BANK_003,35043.00,INR,BANK_TRANSFER,SUCCESS,VENDPAY_00003725
VPAY_003726,VINV_003726,VEND_000093,2026-03-19T03:37:00,BANK_003,82499.00,INR,BANK_TRANSFER,SUCCESS,VENDPAY_00003726
VPAY_003727,VINV_003727,VEND_000092,2026-03-23T23:09:00,BANK_003,46135.64,INR,BANK_TRANSFER,SUCCESS,VENDPAY_00003727
VPAY_003728,VINV_003728,VEND_000099,2026-03-18T00:44:00,BANK_003,24755.22,INR,BANK_TRANSFER,SUCCESS,VENDPAY_00003728
VPAY_003729,VINV_003729,VEND_000097,2026-03-12T02:26:00,BANK_003,51930.62,INR,BANK_TRANSFER,SUCCESS,VENDPAY_00003729
VPAY_003730,VINV_003730,VEND_000095,2026-03-07T02:22:00,BANK_003,69834.76,INR,BANK_TRANSFER,SUCCESS,VENDPAY_00003730
VPAY_003731,VINV_003731,VEND_000103,2026-03-04T22:20:00,BANK_003,38053.82,INR,BANK_TRANSFER,SUCCESS,VENDPAY_00003731
VPAY_003732,VINV_003732,VEND_000097,2026-03-24T04:04:00,BANK_003,46646.58,INR,BANK_TRANSFER,SUCCESS,VENDPAY_00003732
VPAY_003733,VINV_003733,VEND_000091,2026-02-27T04:01:00,BANK_003,79986.30,INR,BANK_TRANSFER,SUCCESS,VENDPAY_00003733
VPAY_003734,VINV_003734,VEND_000107,2026-03-10T01:17:00,BANK_003,70384.64,INR,BANK_TRANSFER,SUCCESS,VENDPAY_00003734
VPAY_003735,VINV_003735,VEND_000102,2026-02-26T22:58:00,BANK_003,79390.40,INR,BANK_TRANSFER,SUCCESS,VENDPAY_00003735
VPAY_003736,VINV_003736,VEND_000108,2026-02-22T21:25:00,BANK_003,67132.56,INR,BANK_TRANSFER,SUCCESS,VENDPAY_00003736
VPAY_003737,VINV_003737,VEND_000096,2026-03-06T01:46:00,BANK_003,110760.70,INR,BANK_TRANSFER,SUCCESS,VENDPAY_00003737
VPAY_003738,VINV_003738,VEND_000100,2026-03-07T03:12:00,BANK_003,100159.58,INR,BANK_TRANSFER,SUCCESS,VENDPAY_00003738
VPAY_003739,VINV_003739,VEND_000100,2026-03-13T01:17:00,BANK_003,29420.94,INR,BANK_TRANSFER,SUCCESS,VENDPAY_00003739
VPAY_003740,VINV_003740,VEND_000127,2026-02-21T22:06:00,BANK_003,45215.24,INR,BANK_TRANSFER,SUCCESS,VENDPAY_00003740
VPAY_003741,VINV_003741,VEND_000120,2026-03-23T04:00:00,BANK_003,101141.34,INR,BANK_TRANSFER,SUCCESS,VENDPAY_00003741
VPAY_003742,VINV_003742,VEND_000122,2026-02-21T03:41:00,BANK_003,41126.54,INR,BANK_TRANSFER,SUCCESS,VENDPAY_00003742
VPAY_003743,VINV_003743,VEND_000082,2026-04-29T20:49:00,BANK_003,81640.66,INR,BANK_TRANSFER,SUCCESS,VENDPAY_00003743
VPAY_003744,VINV_003744,VEND_000014,2026-04-25T22:43:00,BANK_003,247441.28,INR,BANK_TRANSFER,SUCCESS,VENDPAY_00003744
VPAY_003745,VINV_003745,VEND_000022,2026-05-04T00:27:00,BANK_003,230196.76,INR,BANK_TRANSFER,SUCCESS,VENDPAY_00003745
VPAY_003746,VINV_003746,VEND_000088,2026-04-15T21:21:00,BANK_003,240705.84,INR,BANK_TRANSFER,SUCCESS,VENDPAY_00003746
VPAY_003747,VINV_003747,VEND_000030,2026-04-09T03:24:00,BANK_003,219939.02,INR,BANK_TRANSFER,SUCCESS,VENDPAY_00003747
VPAY_003748,VINV_003748,VEND_000066,2026-04-18T22:01:00,BANK_003,107918.08,INR,BANK_TRANSFER,SUCCESS,VENDPAY_00003748
VPAY_003749,VINV_003749,VEND_000053,2026-04-13T21:13:00,BANK_003,52643.00,INR,BANK_TRANSFER,SUCCESS,VENDPAY_00003749
VPAY_003750,VINV_003750,VEND_000003,2026-04-23T23:46:00,BANK_003,205545.38,INR,BANK_TRANSFER,SUCCESS,VENDPAY_00003750
VPAY_003751,VINV_003751,VEND_000052,2026-04-10T21:31:00,BANK_003,89907.74,INR,BANK_TRANSFER,SUCCESS,VENDPAY_00003751
VPAY_003752,VINV_003752,VEND_000052,2026-04-08T20:54:00,BANK_003,206671.10,INR,BANK_TRANSFER,SUCCESS,VENDPAY_00003752
VPAY_003753,VINV_003753,VEND_000067,2026-04-01T22:23:00,BANK_003,98429.70,INR,BANK_TRANSFER,SUCCESS,VENDPAY_00003753
VPAY_003754,VINV_003754,VEND_000049,2026-04-05T19:28:00,BANK_003,220329.60,INR,BANK_TRANSFER,SUCCESS,VENDPAY_00003754
VPAY_003755,VINV_003755,VEND_000024,2026-04-22T02:08:00,BANK_003,122361.28,INR,BANK_TRANSFER,SUCCESS,VENDPAY_00003755
VPAY_003756,VINV_003756,VEND_000087,2026-04-03T22:18:00,BANK_003,102349.66,INR,BANK_TRANSFER,SUCCESS,VENDPAY_00003756
VPAY_003757,VINV_003757,VEND_000002,2026-05-03T21:13:00,BANK_003,156740.58,INR,BANK_TRANSFER,SUCCESS,VENDPAY_00003757
VPAY_003758,VINV_003758,VEND_000088,2026-04-13T21:04:00,BANK_003,135043.92,INR,BANK_TRANSFER,SUCCESS,VENDPAY_00003758
VPAY_003759,VINV_003759,VEND_000010,2026-04-22T03:05:00,BANK_003,214828.44,INR,BANK_TRANSFER,SUCCESS,VENDPAY_00003759
VPAY_003760,VINV_003760,VEND_000010,2026-04-04T00:06:00,BANK_003,229609.12,INR,BANK_TRANSFER,SUCCESS,VENDPAY_00003760
VPAY_003761,VINV_003761,VEND_000059,2026-04-03T01:26:00,BANK_003,236894.44,INR,BANK_TRANSFER,SUCCESS,VENDPAY_00003761
VPAY_003762,VINV_003762,VEND_000031,2026-04-18T20:58:00,BANK_003,186098.98,INR,BANK_TRANSFER,SUCCESS,VENDPAY_00003762
VPAY_003763,VINV_003763,VEND_000070,2026-04-18T23:37:00,BANK_003,58099.66,INR,BANK_TRANSFER,SUCCESS,VENDPAY_00003763
VPAY_003764,VINV_003764,VEND_000043,2026-05-05T21:29:00,BANK_003,63589.02,INR,BANK_TRANSFER,SUCCESS,VENDPAY_00003764
VPAY_003765,VINV_003765,VEND_000085,2026-04-29T20:13:00,BANK_003,220844.08,INR,BANK_TRANSFER,SUCCESS,VENDPAY_00003765
VPAY_003766,VINV_003766,VEND_000065,2026-04-17T00:20:00,BANK_003,143382.98,INR,BANK_TRANSFER,SUCCESS,VENDPAY_00003766
VPAY_003767,VINV_003767,VEND_000078,2026-05-09T20:19:00,BANK_003,157566.58,INR,BANK_TRANSFER,SUCCESS,VENDPAY_00003767
VPAY_003768,VINV_003768,VEND_000083,2026-04-10T22:30:00,BANK_003,79087.14,INR,BANK_TRANSFER,SUCCESS,VENDPAY_00003768
VPAY_003769,VINV_003769,VEND_000081,2026-05-02T23:12:00,BANK_003,221897.82,INR,BANK_TRANSFER,SUCCESS,VENDPAY_00003769
VPAY_003770,VINV_003770,VEND_000089,2026-04-11T21:36:00,BANK_003,255658.80,INR,BANK_TRANSFER,SUCCESS,VENDPAY_00003770
VPAY_003771,VINV_003771,VEND_000023,2026-05-04T02:43:00,BANK_003,125878.86,INR,BANK_TRANSFER,SUCCESS,VENDPAY_00003771
VPAY_003772,VINV_003772,VEND_000050,2026-04-06T22:34:00,BANK_003,200836.00,INR,BANK_TRANSFER,SUCCESS,VENDPAY_00003772
VPAY_003773,VINV_003773,VEND_000004,2026-04-16T02:52:00,BANK_003,243517.78,INR,BANK_TRANSFER,SUCCESS,VENDPAY_00003773
VPAY_003774,VINV_003774,VEND_000010,2026-04-03T21:48:00,BANK_003,243035.16,INR,BANK_TRANSFER,SUCCESS,VENDPAY_00003774
VPAY_003775,VINV_003775,VEND_000064,2026-04-19T00:10:00,BANK_003,241924.78,INR,BANK_TRANSFER,SUCCESS,VENDPAY_00003775
VPAY_003776,VINV_003776,VEND_000070,2026-05-05T23:16:00,BANK_003,99472.82,INR,BANK_TRANSFER,SUCCESS,VENDPAY_00003776
VPAY_003777,VINV_003777,VEND_000065,2026-04-23T22:50:00,BANK_003,206905.92,INR,BANK_TRANSFER,SUCCESS,VENDPAY_00003777
VPAY_003778,VINV_003778,VEND_000017,2026-05-02T23:32:00,BANK_003,128916.00,INR,BANK_TRANSFER,SUCCESS,VENDPAY_00003778
VPAY_003779,VINV_003779,VEND_000064,2026-04-22T03:05:00,BANK_003,64909.44,INR,BANK_TRANSFER,SUCCESS,VENDPAY_00003779
VPAY_003780,VINV_003780,VEND_000088,2026-04-02T02:03:00,BANK_003,215307.52,INR,BANK_TRANSFER,SUCCESS,VENDPAY_00003780
VPAY_003781,VINV_003781,VEND_000088,2026-04-09T02:41:00,BANK_003,246492.56,INR,BANK_TRANSFER,SUCCESS,VENDPAY_00003781
VPAY_003782,VINV_003782,VEND_000090,2026-04-01T00:08:00,BANK_003,136410.36,INR,BANK_TRANSFER,SUCCESS,VENDPAY_00003782
VPAY_003783,VINV_003783,VEND_000050,2026-04-26T23:21:00,BANK_003,170934.80,INR,BANK_TRANSFER,SUCCESS,VENDPAY_00003783
VPAY_003784,VINV_003784,VEND_000088,2026-04-19T21:31:00,BANK_003,194350.72,INR,BANK_TRANSFER,SUCCESS,VENDPAY_00003784
VPAY_003785,VINV_003785,VEND_000087,2026-04-09T20:39:00,BANK_003,91711.96,INR,BANK_TRANSFER,SUCCESS,VENDPAY_00003785
VPAY_003786,VINV_003786,VEND_000044,2026-04-09T22:05:00,BANK_003,168952.40,INR,BANK_TRANSFER,SUCCESS,VENDPAY_00003786
VPAY_003787,VINV_003787,VEND_000068,2026-04-16T03:15:00,BANK_003,174720.24,INR,BANK_TRANSFER,SUCCESS,VENDPAY_00003787
VPAY_003788,VINV_003788,VEND_000026,2026-04-27T22:53:00,BANK_003,96515.74,INR,BANK_TRANSFER,SUCCESS,VENDPAY_00003788
VPAY_003789,VINV_003789,VEND_000024,2026-04-08T23:36:00,BANK_003,250544.68,INR,BANK_TRANSFER,SUCCESS,VENDPAY_00003789
VPAY_003790,VINV_003790,VEND_000088,2026-04-25T01:39:00,BANK_003,217879.92,INR,BANK_TRANSFER,SUCCESS,VENDPAY_00003790
VPAY_003791,VINV_003791,VEND_000051,2026-04-23T00:50:00,BANK_003,121831.46,INR,BANK_TRANSFER,SUCCESS,VENDPAY_00003791
VPAY_003792,VINV_003792,VEND_000044,2026-04-07T01:41:00,BANK_003,178347.56,INR,BANK_TRANSFER,SUCCESS,VENDPAY_00003792
VPAY_003793,VINV_003793,VEND_000088,2026-04-07T01:59:00,BANK_003,154522.18,INR,BANK_TRANSFER,SUCCESS,VENDPAY_00003793
VPAY_003794,VINV_003794,VEND_000062,2026-04-11T19:41:00,BANK_003,91635.00,INR,BANK_TRANSFER,SUCCESS,VENDPAY_00003794
VPAY_003795,VINV_003795,VEND_000074,2026-04-13T22:58:00,BANK_003,106260.18,INR,BANK_TRANSFER,SUCCESS,VENDPAY_00003795
VPAY_003796,VINV_003796,VEND_000089,2026-04-11T19:52:00,BANK_003,121853.88,INR,BANK_TRANSFER,SUCCESS,VENDPAY_00003796
VPAY_003797,VINV_003797,VEND_000014,2026-05-02T22:42:00,BANK_003,122251.54,INR,BANK_TRANSFER,SUCCESS,VENDPAY_00003797
VPAY_003798,VINV_003798,VEND_000048,2026-04-01T23:30:00,BANK_003,166253.74,INR,BANK_TRANSFER,SUCCESS,VENDPAY_00003798
VPAY_003799,VINV_003799,VEND_000067,2026-04-14T01:02:00,BANK_003,134406.72,INR,BANK_TRANSFER,SUCCESS,VENDPAY_00003799
VPAY_003800,VINV_003800,VEND_000003,2026-04-11T20:34:00,BANK_003,241754.86,INR,BANK_TRANSFER,SUCCESS,VENDPAY_00003800
VPAY_003801,VINV_003801,VEND_000088,2026-04-05T21:03:00,BANK_003,141971.70,INR,BANK_TRANSFER,SUCCESS,VENDPAY_00003801
VPAY_003802,VINV_003802,VEND_000025,2026-04-22T01:28:00,BANK_003,147946.04,INR,BANK_TRANSFER,SUCCESS,VENDPAY_00003802
VPAY_003803,VINV_003803,VEND_000087,2026-04-19T20:45:00,BANK_003,211572.82,INR,BANK_TRANSFER,SUCCESS,VENDPAY_00003803
VPAY_003804,VINV_003804,VEND_000062,2026-04-15T00:44:00,BANK_003,202024.00,INR,BANK_TRANSFER,SUCCESS,VENDPAY_00003804
VPAY_003805,VINV_003805,VEND_000026,2026-05-07T02:16:00,BANK_003,214428.42,INR,BANK_TRANSFER,SUCCESS,VENDPAY_00003805
VPAY_003806,VINV_003806,VEND_000035,2026-04-04T00:44:00,BANK_003,64758.40,INR,BANK_TRANSFER,SUCCESS,VENDPAY_00003806
VPAY_003807,VINV_003807,VEND_000027,2026-04-23T00:31:00,BANK_003,175139.14,INR,BANK_TRANSFER,SUCCESS,VENDPAY_00003807
VPAY_003808,VINV_003808,VEND_000038,2026-04-04T22:20:00,BANK_003,193435.04,INR,BANK_TRANSFER,SUCCESS,VENDPAY_00003808
VPAY_003809,VINV_003809,VEND_000026,2026-04-21T21:18:00,BANK_003,86266.26,INR,BANK_TRANSFER,SUCCESS,VENDPAY_00003809
VPAY_003810,VINV_003810,VEND_000047,2026-04-23T02:54:00,BANK_003,244691.88,INR,BANK_TRANSFER,SUCCESS,VENDPAY_00003810
VPAY_003811,VINV_003811,VEND_000061,2026-04-01T19:29:00,BANK_003,215351.18,INR,BANK_TRANSFER,SUCCESS,VENDPAY_00003811
VPAY_003812,VINV_003812,VEND_000058,2026-04-02T22:03:00,BANK_003,151255.94,INR,BANK_TRANSFER,SUCCESS,VENDPAY_00003812
VPAY_003813,VINV_003813,VEND_000020,2026-04-19T21:10:00,BANK_003,252095.20,INR,BANK_TRANSFER,SUCCESS,VENDPAY_00003813
VPAY_003814,VINV_003814,VEND_000005,2026-04-07T01:37:00,BANK_003,162559.16,INR,BANK_TRANSFER,SUCCESS,VENDPAY_00003814
VPAY_003815,VINV_003815,VEND_000079,2026-04-05T00:39:00,BANK_003,216800.22,INR,BANK_TRANSFER,SUCCESS,VENDPAY_00003815
VPAY_003816,VINV_003816,VEND_000072,2026-04-20T01:47:00,BANK_003,71702.70,INR,BANK_TRANSFER,SUCCESS,VENDPAY_00003816
VPAY_003817,VINV_003817,VEND_000062,2026-04-04T21:29:00,BANK_003,46763.00,INR,BANK_TRANSFER,SUCCESS,VENDPAY_00003817
VPAY_003818,VINV_003818,VEND_000031,2026-04-18T01:47:00,BANK_003,212174.62,INR,BANK_TRANSFER,SUCCESS,VENDPAY_00003818
VPAY_003819,VINV_003819,VEND_000052,2026-04-06T00:49:00,BANK_003,103455.32,INR,BANK_TRANSFER,SUCCESS,VENDPAY_00003819
VPAY_003820,VINV_003820,VEND_000072,2026-04-14T19:22:00,BANK_003,185539.66,INR,BANK_TRANSFER,SUCCESS,VENDPAY_00003820
VPAY_003821,VINV_003821,VEND_000075,2026-04-29T22:56:00,BANK_003,209756.80,INR,BANK_TRANSFER,SUCCESS,VENDPAY_00003821
VPAY_003822,VINV_003822,VEND_000069,2026-04-25T02:43:00,BANK_003,189885.60,INR,BANK_TRANSFER,SUCCESS,VENDPAY_00003822
VPAY_003823,VINV_003823,VEND_000018,2026-05-08T20:35:00,BANK_003,205509.98,INR,BANK_TRANSFER,SUCCESS,VENDPAY_00003823
VPAY_003824,VINV_003824,VEND_000086,2026-04-22T00:10:00,BANK_003,118299.00,INR,BANK_TRANSFER,SUCCESS,VENDPAY_00003824
VPAY_003825,VINV_003825,VEND_000076,2026-04-12T23:14:00,BANK_003,183625.70,INR,BANK_TRANSFER,SUCCESS,VENDPAY_00003825
VPAY_003826,VINV_003826,VEND_000079,2026-04-03T01:55:00,BANK_003,142197.08,INR,BANK_TRANSFER,SUCCESS,VENDPAY_00003826
VPAY_003827,VINV_003827,VEND_000039,2026-04-19T20:33:00,BANK_003,243146.08,INR,BANK_TRANSFER,SUCCESS,VENDPAY_00003827
VPAY_003828,VINV_003828,VEND_000043,2026-04-20T20:24:00,BANK_003,60955.26,INR,BANK_TRANSFER,SUCCESS,VENDPAY_00003828
VPAY_003829,VINV_003829,VEND_000006,2026-04-06T03:14:00,BANK_003,66362.02,INR,BANK_TRANSFER,SUCCESS,VENDPAY_00003829
VPAY_003830,VINV_003830,VEND_000048,2026-04-08T21:18:00,BANK_003,250812.54,INR,BANK_TRANSFER,SUCCESS,VENDPAY_00003830
VPAY_003831,VINV_003831,VEND_000010,2026-04-05T22:32:00,BANK_003,126231.68,INR,BANK_TRANSFER,SUCCESS,VENDPAY_00003831
VPAY_003832,VINV_003832,VEND_000042,2026-04-03T20:19:00,BANK_003,151273.64,INR,BANK_TRANSFER,SUCCESS,VENDPAY_00003832
VPAY_003833,VINV_003833,VEND_000042,2026-04-16T22:57:00,BANK_003,158249.80,INR,BANK_TRANSFER,SUCCESS,VENDPAY_00003833
VPAY_003834,VINV_003834,VEND_000082,2026-05-02T22:40:00,BANK_003,248906.84,INR,BANK_TRANSFER,SUCCESS,VENDPAY_00003834
VPAY_003835,VINV_003835,VEND_000088,2026-04-06T02:52:00,BANK_003,84146.98,INR,BANK_TRANSFER,SUCCESS,VENDPAY_00003835
VPAY_003836,VINV_003836,VEND_000067,2026-04-20T22:27:00,BANK_003,215433.78,INR,BANK_TRANSFER,SUCCESS,VENDPAY_00003836
VPAY_003837,VINV_003837,VEND_000076,2026-04-23T23:57:00,BANK_003,244872.42,INR,BANK_TRANSFER,SUCCESS,VENDPAY_00003837
VPAY_003838,VINV_003838,VEND_000064,2026-04-15T01:21:00,BANK_003,121797.24,INR,BANK_TRANSFER,SUCCESS,VENDPAY_00003838
VPAY_003839,VINV_003839,VEND_000038,2026-04-12T02:04:00,BANK_003,252043.28,INR,BANK_TRANSFER,SUCCESS,VENDPAY_00003839
VPAY_003840,VINV_003840,VEND_000017,2026-05-01T03:21:00,BANK_003,141021.00,INR,BANK_TRANSFER,SUCCESS,VENDPAY_00003840
VPAY_003841,VINV_003841,VEND_000048,2026-04-07T22:24:00,BANK_003,142159.32,INR,BANK_TRANSFER,SUCCESS,VENDPAY_00003841
VPAY_003842,VINV_003842,VEND_000023,2026-04-20T03:19:00,BANK_003,221178.02,INR,BANK_TRANSFER,SUCCESS,VENDPAY_00003842
VPAY_003843,VINV_003843,VEND_000025,2026-04-05T21:10:00,BANK_003,72560.56,INR,BANK_TRANSFER,SUCCESS,VENDPAY_00003843
VPAY_003844,VINV_003844,VEND_000083,2026-04-21T01:27:00,BANK_003,55291.26,INR,BANK_TRANSFER,SUCCESS,VENDPAY_00003844
VPAY_003845,VINV_003845,VEND_000008,2026-04-24T21:33:00,BANK_003,143869.00,INR,BANK_TRANSFER,SUCCESS,VENDPAY_00003845
VPAY_003846,VINV_003846,VEND_000067,2026-04-14T21:28:00,BANK_003,128807.62,INR,BANK_TRANSFER,SUCCESS,VENDPAY_00003846
VPAY_003847,VINV_003847,VEND_000021,2026-05-08T20:37:00,BANK_003,116189.88,INR,BANK_TRANSFER,SUCCESS,VENDPAY_00003847
VPAY_003848,VINV_003848,VEND_000045,2026-04-19T02:20:00,BANK_003,60593.00,INR,BANK_TRANSFER,SUCCESS,VENDPAY_00003848
VPAY_003849,VINV_003849,VEND_000052,2026-04-24T02:13:00,BANK_003,213543.42,INR,BANK_TRANSFER,SUCCESS,VENDPAY_00003849
VPAY_003850,VINV_003850,VEND_000023,2026-04-28T01:55:00,BANK_003,108984.80,INR,BANK_TRANSFER,SUCCESS,VENDPAY_00003850
VPAY_003851,VINV_003851,VEND_000042,2026-04-24T01:41:00,BANK_003,133630.28,INR,BANK_TRANSFER,SUCCESS,VENDPAY_00003851
VPAY_003852,VINV_003852,VEND_000062,2026-04-13T23:42:00,BANK_003,80564.00,INR,BANK_TRANSFER,SUCCESS,VENDPAY_00003852
VPAY_003853,VINV_003853,VEND_000042,2026-04-21T00:41:00,BANK_003,97162.38,INR,BANK_TRANSFER,SUCCESS,VENDPAY_00003853
VPAY_003854,VINV_003854,VEND_000049,2026-04-18T21:33:00,BANK_003,256539.08,INR,BANK_TRANSFER,SUCCESS,VENDPAY_00003854
VPAY_003855,VINV_003855,VEND_000051,2026-05-03T23:46:00,BANK_003,69523.24,INR,BANK_TRANSFER,SUCCESS,VENDPAY_00003855
VPAY_003856,VINV_003856,VEND_000057,2026-04-22T01:03:00,BANK_003,90507.18,INR,BANK_TRANSFER,SUCCESS,VENDPAY_00003856
VPAY_003857,VINV_003857,VEND_000009,2026-05-08T02:42:00,BANK_003,194514.74,INR,BANK_TRANSFER,SUCCESS,VENDPAY_00003857
VPAY_003858,VINV_003858,VEND_000057,2026-04-20T01:40:00,BANK_003,120308.08,INR,BANK_TRANSFER,SUCCESS,VENDPAY_00003858
VPAY_003859,VINV_003859,VEND_000004,2026-04-06T21:21:00,BANK_003,153886.16,INR,BANK_TRANSFER,SUCCESS,VENDPAY_00003859
VPAY_003860,VINV_003860,VEND_000074,2026-04-21T02:13:00,BANK_003,228450.36,INR,BANK_TRANSFER,SUCCESS,VENDPAY_00003860
VPAY_003861,VINV_003861,VEND_000022,2026-05-09T21:36:00,BANK_003,84282.68,INR,BANK_TRANSFER,SUCCESS,VENDPAY_00003861
VPAY_003862,VINV_003862,VEND_000085,2026-04-18T19:59:00,BANK_003,234112.00,INR,BANK_TRANSFER,SUCCESS,VENDPAY_00003862
VPAY_003863,VINV_003863,VEND_000031,2026-04-18T22:53:00,BANK_003,224201.18,INR,BANK_TRANSFER,SUCCESS,VENDPAY_00003863
VPAY_003864,VINV_003864,VEND_000022,2026-05-03T00:29:00,BANK_003,153663.14,INR,BANK_TRANSFER,SUCCESS,VENDPAY_00003864
VPAY_003865,VINV_003865,VEND_000074,2026-04-03T21:24:00,BANK_003,220188.00,INR,BANK_TRANSFER,SUCCESS,VENDPAY_00003865
VPAY_003866,VINV_003866,VEND_000035,2026-04-04T22:53:00,BANK_003,182360.74,INR,BANK_TRANSFER,SUCCESS,VENDPAY_00003866
VPAY_003867,VINV_003867,VEND_000064,2026-04-06T23:08:00,BANK_003,120801.32,INR,BANK_TRANSFER,SUCCESS,VENDPAY_00003867
VPAY_003868,VINV_003868,VEND_000038,2026-04-02T02:13:00,BANK_003,129546.30,INR,BANK_TRANSFER,SUCCESS,VENDPAY_00003868
VPAY_003869,VINV_003869,VEND_000034,2026-04-20T01:30:00,BANK_003,131637.26,INR,BANK_TRANSFER,SUCCESS,VENDPAY_00003869
VPAY_003870,VINV_003870,VEND_000079,2026-04-07T00:32:00,BANK_003,89130.12,INR,BANK_TRANSFER,SUCCESS,VENDPAY_00003870
VPAY_003871,VINV_003871,VEND_000078,2026-04-30T22:04:00,BANK_003,233211.66,INR,BANK_TRANSFER,SUCCESS,VENDPAY_00003871
VPAY_003872,VINV_003872,VEND_000074,2026-04-15T20:50:00,BANK_003,107024.82,INR,BANK_TRANSFER,SUCCESS,VENDPAY_00003872
VPAY_003873,VINV_003873,VEND_000008,2026-04-08T21:58:00,BANK_003,131798.00,INR,BANK_TRANSFER,SUCCESS,VENDPAY_00003873
VPAY_003874,VINV_003874,VEND_000068,2026-04-24T21:58:00,BANK_003,207053.42,INR,BANK_TRANSFER,SUCCESS,VENDPAY_00003874
VPAY_003875,VINV_003875,VEND_000063,2026-04-06T01:58:00,BANK_003,154211.84,INR,BANK_TRANSFER,SUCCESS,VENDPAY_00003875
VPAY_003876,VINV_003876,VEND_000017,2026-04-17T00:42:00,BANK_003,84122.00,INR,BANK_TRANSFER,SUCCESS,VENDPAY_00003876
VPAY_003877,VINV_003877,VEND_000018,2026-04-29T02:59:00,BANK_003,165790.00,INR,BANK_TRANSFER,SUCCESS,VENDPAY_00003877
VPAY_003878,VINV_003878,VEND_000071,2026-04-04T22:07:00,BANK_003,111389.64,INR,BANK_TRANSFER,SUCCESS,VENDPAY_00003878
VPAY_003879,VINV_003879,VEND_000034,2026-04-19T21:47:00,BANK_003,224532.76,INR,BANK_TRANSFER,SUCCESS,VENDPAY_00003879
VPAY_003880,VINV_003880,VEND_000067,2026-04-17T00:59:00,BANK_003,208835.22,INR,BANK_TRANSFER,SUCCESS,VENDPAY_00003880
VPAY_003881,VINV_003881,VEND_000045,2026-04-23T19:55:00,BANK_003,118239.54,INR,BANK_TRANSFER,SUCCESS,VENDPAY_00003881
VPAY_003882,VINV_003882,VEND_000086,2026-04-13T02:38:00,BANK_003,179829.00,INR,BANK_TRANSFER,SUCCESS,VENDPAY_00003882
VPAY_003883,VINV_003883,VEND_000082,2026-04-29T01:18:00,BANK_003,218587.92,INR,BANK_TRANSFER,SUCCESS,VENDPAY_00003883
VPAY_003884,VINV_003884,VEND_000006,2026-04-01T20:32:00,BANK_003,115582.18,INR,BANK_TRANSFER,SUCCESS,VENDPAY_00003884
VPAY_003885,VINV_003885,VEND_000031,2026-04-22T01:54:00,BANK_003,173072.96,INR,BANK_TRANSFER,SUCCESS,VENDPAY_00003885
VPAY_003886,VINV_003886,VEND_000015,2026-04-19T02:44:00,BANK_003,195457.56,INR,BANK_TRANSFER,SUCCESS,VENDPAY_00003886
VPAY_003887,VINV_003887,VEND_000027,2026-04-19T00:34:00,BANK_003,229577.26,INR,BANK_TRANSFER,SUCCESS,VENDPAY_00003887
VPAY_003888,VINV_003888,VEND_000083,2026-04-01T22:59:00,BANK_003,231641.08,INR,BANK_TRANSFER,SUCCESS,VENDPAY_00003888
VPAY_003889,VINV_003889,VEND_000085,2026-04-20T22:12:00,BANK_003,60532.82,INR,BANK_TRANSFER,SUCCESS,VENDPAY_00003889
VPAY_003890,VINV_003890,VEND_000062,2026-04-22T03:26:00,BANK_003,117662.00,INR,BANK_TRANSFER,SUCCESS,VENDPAY_00003890
VPAY_003891,VINV_003891,VEND_000008,2026-04-08T00:41:00,BANK_003,205453.00,INR,BANK_TRANSFER,SUCCESS,VENDPAY_00003891
VPAY_003892,VINV_003892,VEND_000074,2026-04-13T00:16:00,BANK_003,181651.56,INR,BANK_TRANSFER,SUCCESS,VENDPAY_00003892
VPAY_003893,VINV_003893,VEND_000088,2026-04-14T02:54:00,BANK_003,236682.04,INR,BANK_TRANSFER,SUCCESS,VENDPAY_00003893
VPAY_003894,VINV_003894,VEND_000019,2026-04-18T01:53:00,BANK_003,176156.30,INR,BANK_TRANSFER,SUCCESS,VENDPAY_00003894
VPAY_003895,VINV_003895,VEND_000020,2026-04-22T22:34:00,BANK_003,88845.74,INR,BANK_TRANSFER,SUCCESS,VENDPAY_00003895
VPAY_003896,VINV_003896,VEND_000088,2026-04-14T19:41:00,BANK_003,195497.68,INR,BANK_TRANSFER,SUCCESS,VENDPAY_00003896
VPAY_003897,VINV_003897,VEND_000007,2026-05-05T22:49:00,BANK_003,75190.00,INR,BANK_TRANSFER,SUCCESS,VENDPAY_00003897
VPAY_003898,VINV_003898,VEND_000015,2026-04-29T00:31:00,BANK_003,87964.28,INR,BANK_TRANSFER,SUCCESS,VENDPAY_00003898
VPAY_003899,VINV_003899,VEND_000017,2026-04-19T19:45:00,BANK_003,92371.00,INR,BANK_TRANSFER,SUCCESS,VENDPAY_00003899
VPAY_003900,VINV_003900,VEND_000058,2026-04-25T00:02:00,BANK_003,95164.64,INR,BANK_TRANSFER,SUCCESS,VENDPAY_00003900
VPAY_003901,VINV_003901,VEND_000032,2026-04-20T20:31:00,BANK_003,96891.00,INR,BANK_TRANSFER,SUCCESS,VENDPAY_00003901
VPAY_003902,VINV_003902,VEND_000005,2026-04-19T23:52:00,BANK_003,143922.24,INR,BANK_TRANSFER,SUCCESS,VENDPAY_00003902
VPAY_003903,VINV_003903,VEND_000049,2026-04-02T20:29:00,BANK_003,157440.32,INR,BANK_TRANSFER,SUCCESS,VENDPAY_00003903
VPAY_003904,VINV_003904,VEND_000085,2026-05-01T03:19:00,BANK_003,108419.58,INR,BANK_TRANSFER,SUCCESS,VENDPAY_00003904
VPAY_003905,VINV_003905,VEND_000067,2026-04-06T02:59:00,BANK_003,85154.70,INR,BANK_TRANSFER,SUCCESS,VENDPAY_00003905
VPAY_003906,VINV_003906,VEND_000023,2026-04-18T20:20:00,BANK_003,84174.12,INR,BANK_TRANSFER,SUCCESS,VENDPAY_00003906
VPAY_003907,VINV_003907,VEND_000072,2026-04-21T22:18:00,BANK_003,175218.20,INR,BANK_TRANSFER,SUCCESS,VENDPAY_00003907
VPAY_003908,VINV_003908,VEND_000044,2026-04-19T21:47:00,BANK_003,55803.38,INR,BANK_TRANSFER,SUCCESS,VENDPAY_00003908
VPAY_003909,VINV_003909,VEND_000018,2026-05-05T20:21:00,BANK_003,99538.90,INR,BANK_TRANSFER,SUCCESS,VENDPAY_00003909
VPAY_003910,VINV_003910,VEND_000017,2026-05-04T19:32:00,BANK_003,49486.00,INR,BANK_TRANSFER,SUCCESS,VENDPAY_00003910
VPAY_003911,VINV_003911,VEND_000045,2026-03-30T00:45:00,BANK_003,170797.92,INR,BANK_TRANSFER,SUCCESS,VENDPAY_00003911
VPAY_003912,VINV_003912,VEND_000028,2026-04-14T19:59:00,BANK_003,259407.66,INR,BANK_TRANSFER,SUCCESS,VENDPAY_00003912
VPAY_003913,VINV_003913,VEND_000017,2026-05-02T01:49:00,BANK_003,197950.00,INR,BANK_TRANSFER,SUCCESS,VENDPAY_00003913
VPAY_003914,VINV_003914,VEND_000013,2026-05-01T00:40:00,BANK_003,123894.10,INR,BANK_TRANSFER,SUCCESS,VENDPAY_00003914
VPAY_003915,VINV_003915,VEND_000036,2026-04-11T02:52:00,BANK_003,112105.90,INR,BANK_TRANSFER,SUCCESS,VENDPAY_00003915
VPAY_003916,VINV_003916,VEND_000071,2026-04-18T19:27:00,BANK_003,154138.68,INR,BANK_TRANSFER,SUCCESS,VENDPAY_00003916
VPAY_003917,VINV_003917,VEND_000040,2026-04-17T22:40:00,BANK_003,93415.88,INR,BANK_TRANSFER,SUCCESS,VENDPAY_00003917
VPAY_003918,VINV_003918,VEND_000034,2026-04-24T22:17:00,BANK_003,76283.46,INR,BANK_TRANSFER,SUCCESS,VENDPAY_00003918
VPAY_003919,VINV_003919,VEND_000004,2026-04-11T23:43:00,BANK_003,96666.78,INR,BANK_TRANSFER,SUCCESS,VENDPAY_00003919
VPAY_003920,VINV_003920,VEND_000055,2026-04-12T22:19:00,BANK_003,91182.14,INR,BANK_TRANSFER,SUCCESS,VENDPAY_00003920
VPAY_003921,VINV_003921,VEND_000062,2026-04-18T19:50:00,BANK_003,105504.00,INR,BANK_TRANSFER,SUCCESS,VENDPAY_00003921
VPAY_003922,VINV_003922,VEND_000008,2026-04-21T00:46:00,BANK_003,88608.00,INR,BANK_TRANSFER,SUCCESS,VENDPAY_00003922
VPAY_003923,VINV_003923,VEND_000057,2026-04-14T21:03:00,BANK_003,79508.40,INR,BANK_TRANSFER,SUCCESS,VENDPAY_00003923
VPAY_003924,VINV_003924,VEND_000053,2026-04-06T21:06:00,BANK_003,104821.00,INR,BANK_TRANSFER,SUCCESS,VENDPAY_00003924
VPAY_003925,VINV_003925,VEND_000068,2026-04-03T21:41:00,BANK_003,254193.24,INR,BANK_TRANSFER,SUCCESS,VENDPAY_00003925
VPAY_003926,VINV_003926,VEND_000034,2026-04-22T20:29:00,BANK_003,102158.50,INR,BANK_TRANSFER,SUCCESS,VENDPAY_00003926
VPAY_003927,VINV_003927,VEND_000029,2026-04-01T22:55:00,BANK_003,119830.00,INR,BANK_TRANSFER,SUCCESS,VENDPAY_00003927
VPAY_003928,VINV_003928,VEND_000016,2026-05-05T21:19:00,BANK_003,58314.42,INR,BANK_TRANSFER,SUCCESS,VENDPAY_00003928
VPAY_003929,VINV_003929,VEND_000064,2026-04-21T22:47:00,BANK_003,227693.98,INR,BANK_TRANSFER,SUCCESS,VENDPAY_00003929
VPAY_003930,VINV_003930,VEND_000055,2026-04-20T22:51:00,BANK_003,148453.44,INR,BANK_TRANSFER,SUCCESS,VENDPAY_00003930
VPAY_003931,VINV_003931,VEND_000057,2026-04-22T22:08:00,BANK_003,235642.46,INR,BANK_TRANSFER,SUCCESS,VENDPAY_00003931
VPAY_003932,VINV_003932,VEND_000048,2026-04-11T22:10:00,BANK_003,141271.96,INR,BANK_TRANSFER,SUCCESS,VENDPAY_00003932
VPAY_003933,VINV_003933,VEND_000032,2026-04-14T02:07:00,BANK_003,110871.00,INR,BANK_TRANSFER,SUCCESS,VENDPAY_00003933
VPAY_003934,VINV_003934,VEND_000018,2026-05-01T00:23:00,BANK_003,130772.32,INR,BANK_TRANSFER,SUCCESS,VENDPAY_00003934
VPAY_003935,VINV_003935,VEND_000015,2026-04-30T23:47:00,BANK_003,66747.88,INR,BANK_TRANSFER,SUCCESS,VENDPAY_00003935
VPAY_003936,VINV_003936,VEND_000066,2026-04-02T20:44:00,BANK_003,91034.64,INR,BANK_TRANSFER,SUCCESS,VENDPAY_00003936
VPAY_003937,VINV_003937,VEND_000053,2026-04-09T00:28:00,BANK_003,190186.00,INR,BANK_TRANSFER,SUCCESS,VENDPAY_00003937
VPAY_003938,VINV_003938,VEND_000052,2026-04-04T03:24:00,BANK_003,138527.28,INR,BANK_TRANSFER,SUCCESS,VENDPAY_00003938
VPAY_003939,VINV_003939,VEND_000055,2026-04-02T21:36:00,BANK_003,212800.02,INR,BANK_TRANSFER,SUCCESS,VENDPAY_00003939
VPAY_003940,VINV_003940,VEND_000067,2026-04-28T01:51:00,BANK_003,83237.20,INR,BANK_TRANSFER,SUCCESS,VENDPAY_00003940
VPAY_003941,VINV_003941,VEND_000058,2026-04-05T23:21:00,BANK_003,86321.72,INR,BANK_TRANSFER,SUCCESS,VENDPAY_00003941
VPAY_003942,VINV_003942,VEND_000014,2026-05-08T23:16:00,BANK_003,159112.38,INR,BANK_TRANSFER,SUCCESS,VENDPAY_00003942
VPAY_003943,VINV_003943,VEND_000011,2026-05-02T23:07:00,BANK_003,113569.10,INR,BANK_TRANSFER,SUCCESS,VENDPAY_00003943
VPAY_003944,VINV_003944,VEND_000058,2026-04-08T22:19:00,BANK_003,84548.18,INR,BANK_TRANSFER,SUCCESS,VENDPAY_00003944
VPAY_003945,VINV_003945,VEND_000030,2026-04-03T23:05:00,BANK_003,155840.24,INR,BANK_TRANSFER,SUCCESS,VENDPAY_00003945
VPAY_003946,VINV_003946,VEND_000047,2026-04-27T22:01:00,BANK_003,217259.24,INR,BANK_TRANSFER,SUCCESS,VENDPAY_00003946
VPAY_003947,VINV_003947,VEND_000026,2026-04-17T00:30:00,BANK_003,177022.42,INR,BANK_TRANSFER,SUCCESS,VENDPAY_00003947
VPAY_003948,VINV_003948,VEND_000004,2026-04-19T19:47:00,BANK_003,58491.42,INR,BANK_TRANSFER,SUCCESS,VENDPAY_00003948
VPAY_003949,VINV_003949,VEND_000045,2026-04-18T01:38:00,BANK_003,217567.22,INR,BANK_TRANSFER,SUCCESS,VENDPAY_00003949
VPAY_003950,VINV_003950,VEND_000058,2026-04-25T01:57:00,BANK_003,184845.82,INR,BANK_TRANSFER,SUCCESS,VENDPAY_00003950
VPAY_003951,VINV_003951,VEND_000064,2026-04-07T20:18:00,BANK_003,62281.58,INR,BANK_TRANSFER,SUCCESS,VENDPAY_00003951
VPAY_003952,VINV_003952,VEND_000043,2026-05-09T22:20:00,BANK_003,114645.26,INR,BANK_TRANSFER,SUCCESS,VENDPAY_00003952
VPAY_003953,VINV_003953,VEND_000078,2026-04-21T20:20:00,BANK_003,177628.94,INR,BANK_TRANSFER,SUCCESS,VENDPAY_00003953
VPAY_003954,VINV_003954,VEND_000033,2026-04-14T03:04:00,BANK_003,188423.58,INR,BANK_TRANSFER,SUCCESS,VENDPAY_00003954
VPAY_003955,VINV_003955,VEND_000011,2026-05-05T01:50:00,BANK_003,162365.64,INR,BANK_TRANSFER,SUCCESS,VENDPAY_00003955
VPAY_003956,VINV_003956,VEND_000018,2026-04-16T22:18:00,BANK_003,200032.42,INR,BANK_TRANSFER,SUCCESS,VENDPAY_00003956
VPAY_003957,VINV_003957,VEND_000035,2026-04-15T00:57:00,BANK_003,177754.02,INR,BANK_TRANSFER,SUCCESS,VENDPAY_00003957
VPAY_003958,VINV_003958,VEND_000040,2026-05-06T23:39:00,BANK_003,155280.92,INR,BANK_TRANSFER,SUCCESS,VENDPAY_00003958
VPAY_003959,VINV_003959,VEND_000009,2026-04-18T20:54:00,BANK_003,89130.12,INR,BANK_TRANSFER,SUCCESS,VENDPAY_00003959
VPAY_003960,VINV_003960,VEND_000086,2026-04-05T00:34:00,BANK_003,167515.00,INR,BANK_TRANSFER,SUCCESS,VENDPAY_00003960
VPAY_003961,VINV_003961,VEND_000005,2026-04-24T19:51:00,BANK_003,59177.00,INR,BANK_TRANSFER,SUCCESS,VENDPAY_00003961
VPAY_003962,VINV_003962,VEND_000075,2026-05-04T00:45:00,BANK_003,126086.54,INR,BANK_TRANSFER,SUCCESS,VENDPAY_00003962
VPAY_003963,VINV_003963,VEND_000073,2026-05-08T22:53:00,BANK_003,248309.76,INR,BANK_TRANSFER,SUCCESS,VENDPAY_00003963
VPAY_003964,VINV_003964,VEND_000041,2026-04-22T22:27:00,BANK_003,130213.00,INR,BANK_TRANSFER,SUCCESS,VENDPAY_00003964
VPAY_003965,VINV_003965,VEND_000041,2026-04-02T19:21:00,BANK_003,106341.60,INR,BANK_TRANSFER,SUCCESS,VENDPAY_00003965
VPAY_003966,VINV_003966,VEND_000076,2026-04-21T22:44:00,BANK_003,145164.78,INR,BANK_TRANSFER,SUCCESS,VENDPAY_00003966
VPAY_003967,VINV_003967,VEND_000051,2026-05-03T01:41:00,BANK_003,240586.66,INR,BANK_TRANSFER,SUCCESS,VENDPAY_00003967
VPAY_003968,VINV_003968,VEND_000083,2026-04-07T21:41:00,BANK_003,73242.60,INR,BANK_TRANSFER,SUCCESS,VENDPAY_00003968
VPAY_003969,VINV_003969,VEND_000088,2026-04-14T23:43:00,BANK_003,90305.40,INR,BANK_TRANSFER,SUCCESS,VENDPAY_00003969
VPAY_003970,VINV_003970,VEND_000014,2026-04-26T22:33:00,BANK_003,180198.98,INR,BANK_TRANSFER,SUCCESS,VENDPAY_00003970
VPAY_003971,VINV_003971,VEND_000028,2026-04-08T21:46:00,BANK_003,203111.04,INR,BANK_TRANSFER,SUCCESS,VENDPAY_00003971
VPAY_003972,VINV_003972,VEND_000062,2026-04-10T00:15:00,BANK_003,194688.00,INR,BANK_TRANSFER,SUCCESS,VENDPAY_00003972
VPAY_003973,VINV_003973,VEND_000023,2026-04-30T00:17:00,BANK_003,152802.92,INR,BANK_TRANSFER,SUCCESS,VENDPAY_00003973
VPAY_003974,VINV_003974,VEND_000089,2026-04-23T02:21:00,BANK_003,212523.90,INR,BANK_TRANSFER,SUCCESS,VENDPAY_00003974
VPAY_003975,VINV_003975,VEND_000075,2026-04-20T03:21:00,BANK_003,228942.42,INR,BANK_TRANSFER,SUCCESS,VENDPAY_00003975
VPAY_003976,VINV_003976,VEND_000002,2026-05-09T03:37:00,BANK_003,73823.16,INR,BANK_TRANSFER,SUCCESS,VENDPAY_00003976
VPAY_003977,VINV_003977,VEND_000022,2026-05-07T20:32:00,BANK_003,186355.04,INR,BANK_TRANSFER,SUCCESS,VENDPAY_00003977
VPAY_003978,VINV_003978,VEND_000028,2026-04-01T02:21:00,BANK_003,197639.38,INR,BANK_TRANSFER,SUCCESS,VENDPAY_00003978
VPAY_003979,VINV_003979,VEND_000070,2026-04-19T23:57:00,BANK_003,106158.70,INR,BANK_TRANSFER,SUCCESS,VENDPAY_00003979
VPAY_003980,VINV_003980,VEND_000008,2026-04-23T02:20:00,BANK_003,86512.00,INR,BANK_TRANSFER,SUCCESS,VENDPAY_00003980
VPAY_003981,VINV_003981,VEND_000081,2026-05-06T20:38:00,BANK_003,257393.40,INR,BANK_TRANSFER,SUCCESS,VENDPAY_00003981
VPAY_003982,VINV_003982,VEND_000070,2026-04-23T19:37:00,BANK_003,78986.84,INR,BANK_TRANSFER,SUCCESS,VENDPAY_00003982
VPAY_003983,VINV_003983,VEND_000019,2026-04-18T22:17:00,BANK_003,87730.64,INR,BANK_TRANSFER,SUCCESS,VENDPAY_00003983
VPAY_003984,VINV_003984,VEND_000069,2026-05-07T00:58:00,BANK_003,208893.04,INR,BANK_TRANSFER,SUCCESS,VENDPAY_00003984
VPAY_003985,VINV_003985,VEND_000085,2026-04-16T20:31:00,BANK_003,210306.68,INR,BANK_TRANSFER,SUCCESS,VENDPAY_00003985
VPAY_003986,VINV_003986,VEND_000070,2026-04-25T02:17:00,BANK_003,176522.10,INR,BANK_TRANSFER,SUCCESS,VENDPAY_00003986
VPAY_003987,VINV_003987,VEND_000021,2026-04-28T22:27:00,BANK_003,90293.60,INR,BANK_TRANSFER,SUCCESS,VENDPAY_00003987
VPAY_003988,VINV_003988,VEND_000067,2026-04-23T00:26:00,BANK_003,211830.06,INR,BANK_TRANSFER,SUCCESS,VENDPAY_00003988
VPAY_003989,VINV_003989,VEND_000074,2026-04-13T21:50:00,BANK_003,189314.48,INR,BANK_TRANSFER,SUCCESS,VENDPAY_00003989
VPAY_003990,VINV_003990,VEND_000002,2026-04-19T01:46:00,BANK_003,219858.78,INR,BANK_TRANSFER,SUCCESS,VENDPAY_00003990
VPAY_003991,VINV_003991,VEND_000034,2026-04-02T19:42:00,BANK_003,220166.76,INR,BANK_TRANSFER,SUCCESS,VENDPAY_00003991
VPAY_003992,VINV_003992,VEND_000041,2026-04-24T21:15:00,BANK_003,199497.88,INR,BANK_TRANSFER,SUCCESS,VENDPAY_00003992
VPAY_003993,VINV_003993,VEND_000025,2026-04-19T20:34:00,BANK_003,170722.40,INR,BANK_TRANSFER,SUCCESS,VENDPAY_00003993
VPAY_003994,VINV_003994,VEND_000077,2026-04-04T01:31:00,BANK_003,177830.72,INR,BANK_TRANSFER,SUCCESS,VENDPAY_00003994
VPAY_003995,VINV_003995,VEND_000021,2026-05-02T02:34:00,BANK_003,211135.04,INR,BANK_TRANSFER,SUCCESS,VENDPAY_00003995
VPAY_003996,VINV_003996,VEND_000022,2026-05-07T21:47:00,BANK_003,238666.80,INR,BANK_TRANSFER,SUCCESS,VENDPAY_00003996
VPAY_003997,VINV_003997,VEND_000060,2026-04-15T02:25:00,BANK_003,174388.66,INR,BANK_TRANSFER,SUCCESS,VENDPAY_00003997
VPAY_003998,VINV_003998,VEND_000086,2026-04-03T02:58:00,BANK_003,211563.00,INR,BANK_TRANSFER,SUCCESS,VENDPAY_00003998
VPAY_003999,VINV_003999,VEND_000076,2026-04-11T02:34:00,BANK_003,162801.06,INR,BANK_TRANSFER,SUCCESS,VENDPAY_00003999
VPAY_004000,VINV_004000,VEND_000034,2026-04-16T00:14:00,BANK_003,80455.94,INR,BANK_TRANSFER,SUCCESS,VENDPAY_00004000
VPAY_004001,VINV_004001,VEND_000046,2026-04-18T03:03:00,BANK_003,185229.32,INR,BANK_TRANSFER,SUCCESS,VENDPAY_00004001
VPAY_004002,VINV_004002,VEND_000023,2026-04-26T03:28:00,BANK_003,203899.28,INR,BANK_TRANSFER,SUCCESS,VENDPAY_00004002
VPAY_004003,VINV_004003,VEND_000043,2026-04-28T00:13:00,BANK_003,169836.22,INR,BANK_TRANSFER,SUCCESS,VENDPAY_00004003
VPAY_004004,VINV_004004,VEND_000075,2026-05-08T02:15:00,BANK_003,256834.08,INR,BANK_TRANSFER,SUCCESS,VENDPAY_00004004
VPAY_004005,VINV_004005,VEND_000024,2026-04-21T20:11:00,BANK_003,143686.24,INR,BANK_TRANSFER,SUCCESS,VENDPAY_00004005
VPAY_004006,VINV_004006,VEND_000090,2026-04-06T00:05:00,BANK_003,250963.58,INR,BANK_TRANSFER,SUCCESS,VENDPAY_00004006
VPAY_004007,VINV_004007,VEND_000050,2026-04-09T03:13:00,BANK_003,222240.02,INR,BANK_TRANSFER,SUCCESS,VENDPAY_00004007
VPAY_004008,VINV_004008,VEND_000079,2026-03-29T19:24:00,BANK_003,185897.20,INR,BANK_TRANSFER,SUCCESS,VENDPAY_00004008
VPAY_004009,VINV_004009,VEND_000066,2026-04-06T02:27:00,BANK_003,149732.56,INR,BANK_TRANSFER,SUCCESS,VENDPAY_00004009
VPAY_004010,VINV_004010,VEND_000002,2026-04-29T00:37:00,BANK_003,100410.92,INR,BANK_TRANSFER,SUCCESS,VENDPAY_00004010
VPAY_004011,VINV_004011,VEND_000050,2026-04-07T00:48:00,BANK_003,97129.34,INR,BANK_TRANSFER,SUCCESS,VENDPAY_00004011
VPAY_004012,VINV_004012,VEND_000075,2026-05-06T23:37:00,BANK_003,128315.56,INR,BANK_TRANSFER,SUCCESS,VENDPAY_00004012
VPAY_004013,VINV_004013,VEND_000070,2026-04-21T01:01:00,BANK_003,222214.06,INR,BANK_TRANSFER,SUCCESS,VENDPAY_00004013
VPAY_004014,VINV_004014,VEND_000035,2026-04-14T00:14:00,BANK_003,218473.46,INR,BANK_TRANSFER,SUCCESS,VENDPAY_00004014
VPAY_004015,VINV_004015,VEND_000079,2026-04-14T00:54:00,BANK_003,65808.60,INR,BANK_TRANSFER,SUCCESS,VENDPAY_00004015
VPAY_004016,VINV_004016,VEND_000051,2026-04-16T22:59:00,BANK_003,201430.72,INR,BANK_TRANSFER,SUCCESS,VENDPAY_00004016
VPAY_004017,VINV_004017,VEND_000078,2026-04-17T22:13:00,BANK_003,231196.22,INR,BANK_TRANSFER,SUCCESS,VENDPAY_00004017
VPAY_004018,VINV_004018,VEND_000080,2026-04-15T02:16:00,BANK_003,72713.96,INR,BANK_TRANSFER,SUCCESS,VENDPAY_00004018
VPAY_004019,VINV_004019,VEND_000028,2026-04-20T03:41:00,BANK_003,88037.44,INR,BANK_TRANSFER,SUCCESS,VENDPAY_00004019
VPAY_004020,VINV_004020,VEND_000046,2026-05-06T02:42:00,BANK_003,257622.32,INR,BANK_TRANSFER,SUCCESS,VENDPAY_00004020
VPAY_004021,VINV_004021,VEND_000027,2026-04-16T19:23:00,BANK_003,179114.56,INR,BANK_TRANSFER,SUCCESS,VENDPAY_00004021
VPAY_004022,VINV_004022,VEND_000061,2026-04-01T20:45:00,BANK_003,179192.44,INR,BANK_TRANSFER,SUCCESS,VENDPAY_00004022
VPAY_004023,VINV_004023,VEND_000032,2026-04-09T20:41:00,BANK_003,56479.00,INR,BANK_TRANSFER,SUCCESS,VENDPAY_00004023
VPAY_004024,VINV_004024,VEND_000052,2026-04-26T23:28:00,BANK_003,155935.82,INR,BANK_TRANSFER,SUCCESS,VENDPAY_00004024
VPAY_004025,VINV_004025,VEND_000047,2026-04-25T22:18:00,BANK_003,139222.30,INR,BANK_TRANSFER,SUCCESS,VENDPAY_00004025
VPAY_004026,VINV_004026,VEND_000034,2026-04-20T20:59:00,BANK_003,91632.90,INR,BANK_TRANSFER,SUCCESS,VENDPAY_00004026
VPAY_004027,VINV_004027,VEND_000041,2026-04-03T23:31:00,BANK_003,254252.24,INR,BANK_TRANSFER,SUCCESS,VENDPAY_00004027
VPAY_004028,VINV_004028,VEND_000090,2026-04-09T23:40:00,BANK_003,142542.82,INR,BANK_TRANSFER,SUCCESS,VENDPAY_00004028
VPAY_004029,VINV_004029,VEND_000052,2026-04-16T23:32:00,BANK_003,72643.16,INR,BANK_TRANSFER,SUCCESS,VENDPAY_00004029
VPAY_004030,VINV_004030,VEND_000009,2026-04-21T01:20:00,BANK_003,212647.80,INR,BANK_TRANSFER,SUCCESS,VENDPAY_00004030
VPAY_004031,VINV_004031,VEND_000077,2026-04-20T02:05:00,BANK_003,219593.28,INR,BANK_TRANSFER,SUCCESS,VENDPAY_00004031
VPAY_004032,VINV_004032,VEND_000070,2026-05-09T21:17:00,BANK_003,220459.40,INR,BANK_TRANSFER,SUCCESS,VENDPAY_00004032
VPAY_004033,VINV_004033,VEND_000060,2026-04-05T19:44:00,BANK_003,223587.58,INR,BANK_TRANSFER,SUCCESS,VENDPAY_00004033
VPAY_004034,VINV_004034,VEND_000011,2026-04-24T22:09:00,BANK_003,190086.20,INR,BANK_TRANSFER,SUCCESS,VENDPAY_00004034
VPAY_004035,VINV_004035,VEND_000029,2026-04-20T19:37:00,BANK_003,130576.00,INR,BANK_TRANSFER,SUCCESS,VENDPAY_00004035
VPAY_004036,VINV_004036,VEND_000081,2026-04-25T02:16:00,BANK_003,169571.90,INR,BANK_TRANSFER,SUCCESS,VENDPAY_00004036
VPAY_004037,VINV_004037,VEND_000079,2026-04-16T03:17:00,BANK_003,258237.10,INR,BANK_TRANSFER,SUCCESS,VENDPAY_00004037
VPAY_004038,VINV_004038,VEND_000090,2026-04-14T00:50:00,BANK_003,233058.26,INR,BANK_TRANSFER,SUCCESS,VENDPAY_00004038
VPAY_004039,VINV_004039,VEND_000040,2026-04-28T20:21:00,BANK_003,209844.12,INR,BANK_TRANSFER,SUCCESS,VENDPAY_00004039
VPAY_004040,VINV_004040,VEND_000089,2026-04-11T21:00:00,BANK_003,81030.60,INR,BANK_TRANSFER,SUCCESS,VENDPAY_00004040
VPAY_004041,VINV_004041,VEND_000041,2026-04-03T02:44:00,BANK_003,257228.20,INR,BANK_TRANSFER,SUCCESS,VENDPAY_00004041
VPAY_004042,VINV_004042,VEND_000079,2026-04-25T01:12:00,BANK_003,94787.04,INR,BANK_TRANSFER,SUCCESS,VENDPAY_00004042
VPAY_004043,VINV_004043,VEND_000008,2026-04-12T19:36:00,BANK_003,170241.00,INR,BANK_TRANSFER,SUCCESS,VENDPAY_00004043
VPAY_004044,VINV_004044,VEND_000089,2026-04-13T00:59:00,BANK_003,66861.16,INR,BANK_TRANSFER,SUCCESS,VENDPAY_00004044
VPAY_004045,VINV_004045,VEND_000061,2026-04-15T03:37:00,BANK_003,77415.08,INR,BANK_TRANSFER,SUCCESS,VENDPAY_00004045
VPAY_004046,VINV_004046,VEND_000030,2026-04-18T23:22:00,BANK_003,237462.02,INR,BANK_TRANSFER,SUCCESS,VENDPAY_00004046
VPAY_004047,VINV_004047,VEND_000027,2026-04-27T01:31:00,BANK_003,183403.86,INR,BANK_TRANSFER,SUCCESS,VENDPAY_00004047
VPAY_004048,VINV_004048,VEND_000083,2026-04-04T21:12:00,BANK_003,92002.24,INR,BANK_TRANSFER,SUCCESS,VENDPAY_00004048
VPAY_004049,VINV_004049,VEND_000042,2026-04-21T00:08:00,BANK_003,168290.42,INR,BANK_TRANSFER,SUCCESS,VENDPAY_00004049
VPAY_004050,VINV_004050,VEND_000063,2026-04-03T00:20:00,BANK_003,55474.16,INR,BANK_TRANSFER,SUCCESS,VENDPAY_00004050
VPAY_004051,VINV_004051,VEND_000018,2026-05-03T01:05:00,BANK_003,145499.90,INR,BANK_TRANSFER,SUCCESS,VENDPAY_00004051
VPAY_004052,VINV_004052,VEND_000023,2026-04-25T20:07:00,BANK_003,67624.62,INR,BANK_TRANSFER,SUCCESS,VENDPAY_00004052
VPAY_004053,VINV_004053,VEND_000049,2026-04-24T22:34:00,BANK_003,137847.60,INR,BANK_TRANSFER,SUCCESS,VENDPAY_00004053
VPAY_004054,VINV_004054,VEND_000056,2026-04-30T01:29:00,BANK_003,206992.06,INR,BANK_TRANSFER,SUCCESS,VENDPAY_00004054
VPAY_004055,VINV_004055,VEND_000056,2026-04-22T23:35:00,BANK_003,134184.88,INR,BANK_TRANSFER,SUCCESS,VENDPAY_00004055
VPAY_004056,VINV_004056,VEND_000041,2026-04-12T22:55:00,BANK_003,184128.38,INR,BANK_TRANSFER,SUCCESS,VENDPAY_00004056
VPAY_004057,VINV_004057,VEND_000044,2026-04-03T02:14:00,BANK_003,219370.26,INR,BANK_TRANSFER,SUCCESS,VENDPAY_00004057
VPAY_004058,VINV_004058,VEND_000040,2026-04-24T20:37:00,BANK_003,151755.08,INR,BANK_TRANSFER,SUCCESS,VENDPAY_00004058
VPAY_004059,VINV_004059,VEND_000055,2026-04-08T21:30:00,BANK_003,93577.54,INR,BANK_TRANSFER,SUCCESS,VENDPAY_00004059
VPAY_004060,VINV_004060,VEND_000034,2026-04-13T22:39:00,BANK_003,178203.60,INR,BANK_TRANSFER,SUCCESS,VENDPAY_00004060
VPAY_004061,VINV_004061,VEND_000082,2026-04-30T01:56:00,BANK_003,110116.42,INR,BANK_TRANSFER,SUCCESS,VENDPAY_00004061
VPAY_004062,VINV_004062,VEND_000007,2026-04-28T23:06:00,BANK_003,73416.00,INR,BANK_TRANSFER,SUCCESS,VENDPAY_00004062
VPAY_004063,VINV_004063,VEND_000078,2026-04-30T01:03:00,BANK_003,241246.28,INR,BANK_TRANSFER,SUCCESS,VENDPAY_00004063
VPAY_004064,VINV_004064,VEND_000002,2026-04-21T21:36:00,BANK_003,184718.38,INR,BANK_TRANSFER,SUCCESS,VENDPAY_00004064
VPAY_004065,VINV_004065,VEND_000016,2026-04-21T00:50:00,BANK_003,107204.18,INR,BANK_TRANSFER,SUCCESS,VENDPAY_00004065
VPAY_004066,VINV_004066,VEND_000058,2026-04-17T01:58:00,BANK_003,185549.10,INR,BANK_TRANSFER,SUCCESS,VENDPAY_00004066
VPAY_004067,VINV_004067,VEND_000040,2026-04-21T03:36:00,BANK_003,177213.58,INR,BANK_TRANSFER,SUCCESS,VENDPAY_00004067
VPAY_004068,VINV_004068,VEND_000079,2026-04-14T02:11:00,BANK_003,73927.00,INR,BANK_TRANSFER,SUCCESS,VENDPAY_00004068
VPAY_004069,VINV_004069,VEND_000011,2026-04-26T02:03:00,BANK_003,107813.06,INR,BANK_TRANSFER,SUCCESS,VENDPAY_00004069
VPAY_004070,VINV_004070,VEND_000012,2026-04-15T03:33:00,BANK_003,168328.18,INR,BANK_TRANSFER,SUCCESS,VENDPAY_00004070
VPAY_004071,VINV_004071,VEND_000069,2026-05-06T02:01:00,BANK_003,213044.28,INR,BANK_TRANSFER,SUCCESS,VENDPAY_00004071
VPAY_004072,VINV_004072,VEND_000001,2026-04-02T01:32:00,BANK_003,219163.76,INR,BANK_TRANSFER,SUCCESS,VENDPAY_00004072
VPAY_004073,VINV_004073,VEND_000076,2026-04-12T22:38:00,BANK_003,212797.66,INR,BANK_TRANSFER,SUCCESS,VENDPAY_00004073
VPAY_004074,VINV_004074,VEND_000072,2026-04-07T21:33:00,BANK_003,92647.70,INR,BANK_TRANSFER,SUCCESS,VENDPAY_00004074
VPAY_004075,VINV_004075,VEND_000023,2026-05-06T01:57:00,BANK_003,231842.86,INR,BANK_TRANSFER,SUCCESS,VENDPAY_00004075
VPAY_004076,VINV_004076,VEND_000057,2026-04-09T22:38:00,BANK_003,57312.60,INR,BANK_TRANSFER,SUCCESS,VENDPAY_00004076
VPAY_004077,VINV_004077,VEND_000053,2026-04-07T03:23:00,BANK_003,113975.00,INR,BANK_TRANSFER,SUCCESS,VENDPAY_00004077
VPAY_004078,VINV_004078,VEND_000010,2026-04-21T19:54:00,BANK_003,98656.26,INR,BANK_TRANSFER,SUCCESS,VENDPAY_00004078
VPAY_004079,VINV_004079,VEND_000007,2026-05-03T01:51:00,BANK_003,98448.00,INR,BANK_TRANSFER,SUCCESS,VENDPAY_00004079
VPAY_004080,VINV_004080,VEND_000062,2026-04-08T23:21:00,BANK_003,134692.00,INR,BANK_TRANSFER,SUCCESS,VENDPAY_00004080
VPAY_004081,VINV_004081,VEND_000090,2026-04-27T01:10:00,BANK_003,235215.30,INR,BANK_TRANSFER,SUCCESS,VENDPAY_00004081
VPAY_004082,VINV_004082,VEND_000060,2026-04-12T22:22:00,BANK_003,224500.90,INR,BANK_TRANSFER,SUCCESS,VENDPAY_00004082
VPAY_004083,VINV_004083,VEND_000048,2026-04-19T00:19:00,BANK_003,134987.28,INR,BANK_TRANSFER,SUCCESS,VENDPAY_00004083
VPAY_004084,VINV_004084,VEND_000017,2026-05-07T19:48:00,BANK_003,77350.00,INR,BANK_TRANSFER,SUCCESS,VENDPAY_00004084
VPAY_004085,VINV_004085,VEND_000065,2026-04-10T02:38:00,BANK_003,153415.34,INR,BANK_TRANSFER,SUCCESS,VENDPAY_00004085
VPAY_004086,VINV_004086,VEND_000007,2026-05-08T02:42:00,BANK_003,53240.00,INR,BANK_TRANSFER,SUCCESS,VENDPAY_00004086
VPAY_004087,VINV_004087,VEND_000040,2026-04-28T02:50:00,BANK_003,255036.94,INR,BANK_TRANSFER,SUCCESS,VENDPAY_00004087
VPAY_004088,VINV_004088,VEND_000044,2026-04-08T01:49:00,BANK_003,98151.22,INR,BANK_TRANSFER,SUCCESS,VENDPAY_00004088
VPAY_004089,VINV_004089,VEND_000015,2026-04-23T22:38:00,BANK_003,96388.30,INR,BANK_TRANSFER,SUCCESS,VENDPAY_00004089
VPAY_004090,VINV_004090,VEND_000037,2026-05-05T20:48:00,BANK_003,219292.38,INR,BANK_TRANSFER,SUCCESS,VENDPAY_00004090
VPAY_004091,VINV_004091,VEND_000088,2026-04-25T02:47:00,BANK_003,245128.48,INR,BANK_TRANSFER,SUCCESS,VENDPAY_00004091
VPAY_004092,VINV_004092,VEND_000058,2026-04-14T03:43:00,BANK_003,188705.60,INR,BANK_TRANSFER,SUCCESS,VENDPAY_00004092
VPAY_004093,VINV_004093,VEND_000032,2026-04-11T01:57:00,BANK_003,219194.00,INR,BANK_TRANSFER,SUCCESS,VENDPAY_00004093
VPAY_004094,VINV_004094,VEND_000063,2026-04-01T20:57:00,BANK_003,105599.38,INR,BANK_TRANSFER,SUCCESS,VENDPAY_00004094
VPAY_004095,VINV_004095,VEND_000088,2026-04-03T20:25:00,BANK_003,105598.20,INR,BANK_TRANSFER,SUCCESS,VENDPAY_00004095
VPAY_004096,VINV_004096,VEND_000046,2026-05-06T19:52:00,BANK_003,57002.26,INR,BANK_TRANSFER,SUCCESS,VENDPAY_00004096
VPAY_004097,VINV_004097,VEND_000009,2026-04-28T19:38:00,BANK_003,240782.54,INR,BANK_TRANSFER,SUCCESS,VENDPAY_00004097
VPAY_004098,VINV_004098,VEND_000033,2026-04-24T03:07:00,BANK_003,154853.76,INR,BANK_TRANSFER,SUCCESS,VENDPAY_00004098
VPAY_004099,VINV_004099,VEND_000005,2026-04-20T20:59:00,BANK_003,172690.64,INR,BANK_TRANSFER,SUCCESS,VENDPAY_00004099
VPAY_004100,VINV_004100,VEND_000042,2026-04-17T21:39:00,BANK_003,221783.36,INR,BANK_TRANSFER,SUCCESS,VENDPAY_00004100
VPAY_004101,VINV_004101,VEND_000035,2026-04-05T00:30:00,BANK_003,246160.98,INR,BANK_TRANSFER,SUCCESS,VENDPAY_00004101
VPAY_004102,VINV_004102,VEND_000040,2026-04-19T23:10:00,BANK_003,56754.46,INR,BANK_TRANSFER,SUCCESS,VENDPAY_00004102
VPAY_004103,VINV_004103,VEND_000066,2026-04-23T03:52:00,BANK_003,74481.60,INR,BANK_TRANSFER,SUCCESS,VENDPAY_00004103
VPAY_004104,VINV_004104,VEND_000057,2026-04-17T23:06:00,BANK_003,199774.00,INR,BANK_TRANSFER,SUCCESS,VENDPAY_00004104
VPAY_004105,VINV_004105,VEND_000055,2026-04-07T00:01:00,BANK_003,159923.04,INR,BANK_TRANSFER,SUCCESS,VENDPAY_00004105
VPAY_004106,VINV_004106,VEND_000033,2026-04-10T03:00:00,BANK_003,164292.58,INR,BANK_TRANSFER,SUCCESS,VENDPAY_00004106
VPAY_004107,VINV_004107,VEND_000007,2026-04-23T00:30:00,BANK_003,184391.00,INR,BANK_TRANSFER,SUCCESS,VENDPAY_00004107
VPAY_004108,VINV_004108,VEND_000089,2026-04-14T22:11:00,BANK_003,73502.20,INR,BANK_TRANSFER,SUCCESS,VENDPAY_00004108
VPAY_004109,VINV_004109,VEND_000058,2026-04-04T22:56:00,BANK_003,223994.68,INR,BANK_TRANSFER,SUCCESS,VENDPAY_00004109
VPAY_004110,VINV_004110,VEND_000031,2026-04-21T00:52:00,BANK_003,252199.04,INR,BANK_TRANSFER,SUCCESS,VENDPAY_00004110
VPAY_004111,VINV_004111,VEND_000069,2026-05-02T22:08:00,BANK_003,194305.88,INR,BANK_TRANSFER,SUCCESS,VENDPAY_00004111
VPAY_004112,VINV_004112,VEND_000069,2026-05-06T03:21:00,BANK_003,172499.48,INR,BANK_TRANSFER,SUCCESS,VENDPAY_00004112
VPAY_004113,VINV_004113,VEND_000076,2026-04-17T23:58:00,BANK_003,216330.58,INR,BANK_TRANSFER,SUCCESS,VENDPAY_00004113
VPAY_004114,VINV_004114,VEND_000089,2026-04-02T21:28:00,BANK_003,238342.30,INR,BANK_TRANSFER,SUCCESS,VENDPAY_00004114
VPAY_004115,VINV_004115,VEND_000062,2026-04-24T01:24:00,BANK_003,196722.00,INR,BANK_TRANSFER,SUCCESS,VENDPAY_00004115
VPAY_004116,VINV_004116,VEND_000014,2026-04-30T20:37:00,BANK_003,137930.20,INR,BANK_TRANSFER,SUCCESS,VENDPAY_00004116
VPAY_004117,VINV_004117,VEND_000033,2026-04-08T23:11:00,BANK_003,169667.48,INR,BANK_TRANSFER,SUCCESS,VENDPAY_00004117
VPAY_004118,VINV_004118,VEND_000077,2026-04-24T23:47:00,BANK_003,220275.32,INR,BANK_TRANSFER,SUCCESS,VENDPAY_00004118
VPAY_004119,VINV_004119,VEND_000023,2026-04-21T02:27:00,BANK_003,135938.36,INR,BANK_TRANSFER,SUCCESS,VENDPAY_00004119
VPAY_004120,VINV_004120,VEND_000072,2026-04-08T21:59:00,BANK_003,253761.36,INR,BANK_TRANSFER,SUCCESS,VENDPAY_00004120
VPAY_004121,VINV_004121,VEND_000098,2026-04-21T02:23:00,BANK_003,49230.00,INR,BANK_TRANSFER,SUCCESS,VENDPAY_00004121
VPAY_004122,VINV_004122,VEND_000094,2026-04-08T03:42:00,BANK_003,106260.18,INR,BANK_TRANSFER,SUCCESS,VENDPAY_00004122
VPAY_004123,VINV_004123,VEND_000096,2026-03-25T03:22:00,BANK_003,108869.16,INR,BANK_TRANSFER,SUCCESS,VENDPAY_00004123
VPAY_004124,VINV_004124,VEND_000108,2026-03-24T02:09:00,BANK_003,54042.82,INR,BANK_TRANSFER,SUCCESS,VENDPAY_00004124
VPAY_004125,VINV_004125,VEND_000094,2026-03-28T21:35:00,BANK_003,23544.54,INR,BANK_TRANSFER,SUCCESS,VENDPAY_00004125
VPAY_004126,VINV_004126,VEND_000091,2026-04-14T23:47:00,BANK_003,30987.98,INR,BANK_TRANSFER,SUCCESS,VENDPAY_00004126
VPAY_004127,VINV_004127,VEND_000103,2026-03-14T22:39:00,BANK_003,38965.96,INR,BANK_TRANSFER,SUCCESS,VENDPAY_00004127
VPAY_004128,VINV_004128,VEND_000110,2026-04-05T04:06:00,BANK_003,107559.36,INR,BANK_TRANSFER,SUCCESS,VENDPAY_00004128
VPAY_004129,VINV_004129,VEND_000108,2026-03-28T23:59:00,BANK_003,34171.62,INR,BANK_TRANSFER,SUCCESS,VENDPAY_00004129
VPAY_004130,VINV_004130,VEND_000093,2026-03-24T21:23:00,BANK_003,55848.00,INR,BANK_TRANSFER,SUCCESS,VENDPAY_00004130
VPAY_004131,VINV_004131,VEND_000100,2026-04-23T01:47:00,BANK_003,70627.72,INR,BANK_TRANSFER,SUCCESS,VENDPAY_00004131
VPAY_004132,VINV_004132,VEND_000092,2026-04-05T22:17:00,BANK_003,95878.54,INR,BANK_TRANSFER,SUCCESS,VENDPAY_00004132
VPAY_004133,VINV_004133,VEND_000100,2026-04-15T23:35:00,BANK_003,84445.52,INR,BANK_TRANSFER,SUCCESS,VENDPAY_00004133
VPAY_004134,VINV_004134,VEND_000097,2026-04-16T23:37:00,BANK_003,23853.70,INR,BANK_TRANSFER,SUCCESS,VENDPAY_00004134
VPAY_004135,VINV_004135,VEND_000091,2026-04-02T00:05:00,BANK_003,78474.72,INR,BANK_TRANSFER,SUCCESS,VENDPAY_00004135
VPAY_004136,VINV_004136,VEND_000093,2026-03-23T22:59:00,BANK_003,61438.00,INR,BANK_TRANSFER,SUCCESS,VENDPAY_00004136
VPAY_004137,VINV_004137,VEND_000103,2026-03-29T00:10:00,BANK_003,86521.14,INR,BANK_TRANSFER,SUCCESS,VENDPAY_00004137
VPAY_004138,VINV_004138,VEND_000103,2026-03-27T22:52:00,BANK_003,78615.14,INR,BANK_TRANSFER,SUCCESS,VENDPAY_00004138
VPAY_004139,VINV_004139,VEND_000098,2026-04-06T00:54:00,BANK_003,54987.00,INR,BANK_TRANSFER,SUCCESS,VENDPAY_00004139
VPAY_004140,VINV_004140,VEND_000094,2026-04-12T00:29:00,BANK_003,82923.32,INR,BANK_TRANSFER,SUCCESS,VENDPAY_00004140
VPAY_004141,VINV_004141,VEND_000106,2026-04-19T04:08:00,BANK_003,27728.82,INR,BANK_TRANSFER,SUCCESS,VENDPAY_00004141
VPAY_004142,VINV_004142,VEND_000108,2026-03-31T02:16:00,BANK_003,51344.16,INR,BANK_TRANSFER,SUCCESS,VENDPAY_00004142
VPAY_004143,VINV_004143,VEND_000095,2026-04-10T00:16:00,BANK_003,79690.12,INR,BANK_TRANSFER,SUCCESS,VENDPAY_00004143
VPAY_004144,VINV_004144,VEND_000110,2026-03-18T03:45:00,BANK_003,92247.68,INR,BANK_TRANSFER,SUCCESS,VENDPAY_00004144
VPAY_004145,VINV_004145,VEND_000108,2026-03-30T00:35:00,BANK_003,107144.00,INR,BANK_TRANSFER,SUCCESS,VENDPAY_00004145
VPAY_004146,VINV_004146,VEND_000106,2026-04-13T20:38:00,BANK_003,32475.96,INR,BANK_TRANSFER,SUCCESS,VENDPAY_00004146
VPAY_004147,VINV_004147,VEND_000104,2026-04-13T22:15:00,BANK_003,41672.00,INR,BANK_TRANSFER,SUCCESS,VENDPAY_00004147
VPAY_004148,VINV_004148,VEND_000103,2026-04-10T00:15:00,BANK_003,24854.34,INR,BANK_TRANSFER,SUCCESS,VENDPAY_00004148
VPAY_004149,VINV_004149,VEND_000093,2026-04-06T03:56:00,BANK_003,35393.00,INR,BANK_TRANSFER,SUCCESS,VENDPAY_00004149
VPAY_004150,VINV_004150,VEND_000107,2026-04-20T03:31:00,BANK_003,110529.42,INR,BANK_TRANSFER,SUCCESS,VENDPAY_00004150
VPAY_004151,VINV_004151,VEND_000100,2026-04-19T23:15:00,BANK_003,33405.80,INR,BANK_TRANSFER,SUCCESS,VENDPAY_00004151
VPAY_004152,VINV_004152,VEND_000109,2026-03-23T00:45:00,BANK_003,78239.90,INR,BANK_TRANSFER,SUCCESS,VENDPAY_00004152
VPAY_004153,VINV_004153,VEND_000107,2026-04-05T23:50:00,BANK_003,69859.54,INR,BANK_TRANSFER,SUCCESS,VENDPAY_00004153
VPAY_004154,VINV_004154,VEND_000093,2026-04-08T00:58:00,BANK_003,36083.00,INR,BANK_TRANSFER,SUCCESS,VENDPAY_00004154
VPAY_004155,VINV_004155,VEND_000093,2026-04-09T23:14:00,BANK_003,30657.00,INR,BANK_TRANSFER,SUCCESS,VENDPAY_00004155
VPAY_004156,VINV_004156,VEND_000110,2026-03-18T03:58:00,BANK_003,83540.46,INR,BANK_TRANSFER,SUCCESS,VENDPAY_00004156
VPAY_004157,VINV_004157,VEND_000095,2026-04-02T03:15:00,BANK_003,95096.20,INR,BANK_TRANSFER,SUCCESS,VENDPAY_00004157
VPAY_004158,VINV_004158,VEND_000099,2026-04-11T04:19:00,BANK_003,77915.40,INR,BANK_TRANSFER,SUCCESS,VENDPAY_00004158
VPAY_004159,VINV_004159,VEND_000108,2026-04-08T22:30:00,BANK_003,74848.58,INR,BANK_TRANSFER,SUCCESS,VENDPAY_00004159
VPAY_004160,VINV_004160,VEND_000092,2026-04-16T00:02:00,BANK_003,70571.08,INR,BANK_TRANSFER,SUCCESS,VENDPAY_00004160
VPAY_004161,VINV_004161,VEND_000109,2026-03-23T01:14:00,BANK_003,43130.18,INR,BANK_TRANSFER,SUCCESS,VENDPAY_00004161
VPAY_004162,VINV_004162,VEND_000091,2026-03-24T03:52:00,BANK_003,110097.54,INR,BANK_TRANSFER,SUCCESS,VENDPAY_00004162
VPAY_004163,VINV_004163,VEND_000103,2026-04-10T00:33:00,BANK_003,55196.86,INR,BANK_TRANSFER,SUCCESS,VENDPAY_00004163
VPAY_004164,VINV_004164,VEND_000092,2026-04-08T01:23:00,BANK_003,92285.44,INR,BANK_TRANSFER,SUCCESS,VENDPAY_00004164
VPAY_004165,VINV_004165,VEND_000106,2026-04-14T23:04:00,BANK_003,48711.58,INR,BANK_TRANSFER,SUCCESS,VENDPAY_00004165
VPAY_004166,VINV_004166,VEND_000099,2026-04-02T01:38:00,BANK_003,22021.16,INR,BANK_TRANSFER,SUCCESS,VENDPAY_00004166
VPAY_004167,VINV_004167,VEND_000107,2026-04-11T03:33:00,BANK_003,49506.90,INR,BANK_TRANSFER,SUCCESS,VENDPAY_00004167
VPAY_004168,VINV_004168,VEND_000098,2026-04-07T00:25:00,BANK_003,29808.00,INR,BANK_TRANSFER,SUCCESS,VENDPAY_00004168
VPAY_004169,VINV_004169,VEND_000108,2026-03-19T00:53:00,BANK_003,78951.44,INR,BANK_TRANSFER,SUCCESS,VENDPAY_00004169
VPAY_004170,VINV_004170,VEND_000102,2026-04-10T02:37:00,BANK_003,108231.96,INR,BANK_TRANSFER,SUCCESS,VENDPAY_00004170
VPAY_004171,VINV_004171,VEND_000109,2026-03-19T03:58:00,BANK_003,78743.76,INR,BANK_TRANSFER,SUCCESS,VENDPAY_00004171
VPAY_004172,VINV_004172,VEND_000094,2026-04-03T02:59:00,BANK_003,34566.92,INR,BANK_TRANSFER,SUCCESS,VENDPAY_00004172
VPAY_004173,VINV_004173,VEND_000092,2026-04-10T02:55:00,BANK_003,77340.74,INR,BANK_TRANSFER,SUCCESS,VENDPAY_00004173
VPAY_004174,VINV_004174,VEND_000109,2026-03-26T22:31:00,BANK_003,42299.46,INR,BANK_TRANSFER,SUCCESS,VENDPAY_00004174
VPAY_004175,VINV_004175,VEND_000104,2026-04-23T20:52:00,BANK_003,59144.00,INR,BANK_TRANSFER,SUCCESS,VENDPAY_00004175
VPAY_004176,VINV_004176,VEND_000099,2026-04-19T00:18:00,BANK_003,34636.54,INR,BANK_TRANSFER,SUCCESS,VENDPAY_00004176
VPAY_004177,VINV_004177,VEND_000101,2026-03-31T01:44:00,BANK_003,66561.44,INR,BANK_TRANSFER,SUCCESS,VENDPAY_00004177
VPAY_004178,VINV_004178,VEND_000107,2026-04-16T02:04:00,BANK_003,93673.12,INR,BANK_TRANSFER,SUCCESS,VENDPAY_00004178
VPAY_004179,VINV_004179,VEND_000104,2026-04-07T02:13:00,BANK_003,63169.00,INR,BANK_TRANSFER,SUCCESS,VENDPAY_00004179
VPAY_004180,VINV_004180,VEND_000106,2026-04-16T00:44:00,BANK_003,39113.46,INR,BANK_TRANSFER,SUCCESS,VENDPAY_00004180
VPAY_004181,VINV_004181,VEND_000107,2026-04-18T04:06:00,BANK_003,43086.52,INR,BANK_TRANSFER,SUCCESS,VENDPAY_00004181
VPAY_004182,VINV_004182,VEND_000093,2026-04-15T22:04:00,BANK_003,45946.00,INR,BANK_TRANSFER,SUCCESS,VENDPAY_00004182
VPAY_004183,VINV_004183,VEND_000101,2026-03-24T03:24:00,BANK_003,28262.18,INR,BANK_TRANSFER,SUCCESS,VENDPAY_00004183
VPAY_004184,VINV_004184,VEND_000096,2026-04-07T03:41:00,BANK_003,31868.26,INR,BANK_TRANSFER,SUCCESS,VENDPAY_00004184
VPAY_004185,VINV_004185,VEND_000102,2026-04-04T03:48:00,BANK_003,88959.02,INR,BANK_TRANSFER,SUCCESS,VENDPAY_00004185
VPAY_004186,VINV_004186,VEND_000095,2026-04-09T02:06:00,BANK_003,86302.84,INR,BANK_TRANSFER,SUCCESS,VENDPAY_00004186
VPAY_004187,VINV_004187,VEND_000108,2026-03-17T01:21:00,BANK_003,88583.78,INR,BANK_TRANSFER,SUCCESS,VENDPAY_00004187
VPAY_004188,VINV_004188,VEND_000109,2026-03-26T00:52:00,BANK_003,105988.78,INR,BANK_TRANSFER,SUCCESS,VENDPAY_00004188
VPAY_004189,VINV_004189,VEND_000108,2026-03-24T21:55:00,BANK_003,99095.22,INR,BANK_TRANSFER,SUCCESS,VENDPAY_00004189
VPAY_004190,VINV_004190,VEND_000101,2026-04-08T03:50:00,BANK_003,56479.52,INR,BANK_TRANSFER,SUCCESS,VENDPAY_00004190
VPAY_004191,VINV_004191,VEND_000095,2026-03-23T00:57:00,BANK_003,104788.72,INR,BANK_TRANSFER,SUCCESS,VENDPAY_00004191
VPAY_004192,VINV_004192,VEND_000105,2026-04-09T03:18:00,BANK_003,64035.06,INR,BANK_TRANSFER,SUCCESS,VENDPAY_00004192
VPAY_004193,VINV_004193,VEND_000110,2026-03-30T00:40:00,BANK_003,73138.76,INR,BANK_TRANSFER,SUCCESS,VENDPAY_00004193
VPAY_004194,VINV_004194,VEND_000096,2026-04-11T00:55:00,BANK_003,53098.82,INR,BANK_TRANSFER,SUCCESS,VENDPAY_00004194
VPAY_004195,VINV_004195,VEND_000108,2026-03-28T02:00:00,BANK_003,72790.66,INR,BANK_TRANSFER,SUCCESS,VENDPAY_00004195
VPAY_004196,VINV_004196,VEND_000100,2026-04-24T04:25:00,BANK_003,25500.98,INR,BANK_TRANSFER,SUCCESS,VENDPAY_00004196
VPAY_004197,VINV_004197,VEND_000094,2026-03-26T22:49:00,BANK_003,34127.96,INR,BANK_TRANSFER,SUCCESS,VENDPAY_00004197
VPAY_004198,VINV_004198,VEND_000091,2026-04-03T04:14:00,BANK_003,43251.72,INR,BANK_TRANSFER,SUCCESS,VENDPAY_00004198
VPAY_004199,VINV_004199,VEND_000105,2026-03-20T00:59:00,BANK_003,81414.10,INR,BANK_TRANSFER,SUCCESS,VENDPAY_00004199
VPAY_004200,VINV_004200,VEND_000091,2026-04-14T20:47:00,BANK_003,84052.58,INR,BANK_TRANSFER,SUCCESS,VENDPAY_00004200
VPAY_004201,VINV_004201,VEND_000101,2026-04-11T02:30:00,BANK_003,62696.94,INR,BANK_TRANSFER,SUCCESS,VENDPAY_00004201
VPAY_004202,VINV_004202,VEND_000093,2026-03-28T21:21:00,BANK_003,35725.00,INR,BANK_TRANSFER,SUCCESS,VENDPAY_00004202
VPAY_004203,VINV_004203,VEND_000109,2026-03-20T01:01:00,BANK_003,76507.66,INR,BANK_TRANSFER,SUCCESS,VENDPAY_00004203
VPAY_004204,VINV_004204,VEND_000092,2026-04-12T20:39:00,BANK_003,33448.28,INR,BANK_TRANSFER,SUCCESS,VENDPAY_00004204
VPAY_004205,VINV_004205,VEND_000096,2026-04-13T02:33:00,BANK_003,74912.30,INR,BANK_TRANSFER,SUCCESS,VENDPAY_00004205
VPAY_004206,VINV_004206,VEND_000110,2026-03-20T01:04:00,BANK_003,73792.48,INR,BANK_TRANSFER,SUCCESS,VENDPAY_00004206
VPAY_004207,VINV_004207,VEND_000106,2026-04-16T22:32:00,BANK_003,36689.74,INR,BANK_TRANSFER,SUCCESS,VENDPAY_00004207
VPAY_004208,VINV_004208,VEND_000105,2026-03-18T22:33:00,BANK_003,106420.66,INR,BANK_TRANSFER,SUCCESS,VENDPAY_00004208
VPAY_004209,VINV_004209,VEND_000109,2026-04-02T21:37:00,BANK_003,77870.56,INR,BANK_TRANSFER,SUCCESS,VENDPAY_00004209
VPAY_004210,VINV_004210,VEND_000093,2026-03-27T00:13:00,BANK_003,24310.00,INR,BANK_TRANSFER,SUCCESS,VENDPAY_00004210
VPAY_004211,VINV_004211,VEND_000110,2026-03-24T01:18:00,BANK_003,54682.38,INR,BANK_TRANSFER,SUCCESS,VENDPAY_00004211
VPAY_004212,VINV_004212,VEND_000109,2026-03-18T22:58:00,BANK_003,39570.12,INR,BANK_TRANSFER,SUCCESS,VENDPAY_00004212
VPAY_004213,VINV_004213,VEND_000092,2026-04-15T22:43:00,BANK_003,54416.88,INR,BANK_TRANSFER,SUCCESS,VENDPAY_00004213
VPAY_004214,VINV_004214,VEND_000108,2026-04-08T04:12:00,BANK_003,67622.26,INR,BANK_TRANSFER,SUCCESS,VENDPAY_00004214
VPAY_004215,VINV_004215,VEND_000101,2026-04-10T03:18:00,BANK_003,48191.20,INR,BANK_TRANSFER,SUCCESS,VENDPAY_00004215
VPAY_004216,VINV_004216,VEND_000098,2026-04-19T00:36:00,BANK_003,66994.00,INR,BANK_TRANSFER,SUCCESS,VENDPAY_00004216
VPAY_004217,VINV_004217,VEND_000102,2026-03-26T02:03:00,BANK_003,81237.10,INR,BANK_TRANSFER,SUCCESS,VENDPAY_00004217
VPAY_004218,VINV_004218,VEND_000106,2026-04-18T02:09:00,BANK_003,109304.58,INR,BANK_TRANSFER,SUCCESS,VENDPAY_00004218
VPAY_004219,VINV_004219,VEND_000104,2026-04-03T23:41:00,BANK_003,89761.00,INR,BANK_TRANSFER,SUCCESS,VENDPAY_00004219
VPAY_004220,VINV_004220,VEND_000106,2026-04-04T02:23:00,BANK_003,61880.38,INR,BANK_TRANSFER,SUCCESS,VENDPAY_00004220
VPAY_004221,VINV_004221,VEND_000107,2026-04-25T00:32:00,BANK_003,62543.54,INR,BANK_TRANSFER,SUCCESS,VENDPAY_00004221
VPAY_004222,VINV_004222,VEND_000097,2026-04-21T02:51:00,BANK_003,51220.26,INR,BANK_TRANSFER,SUCCESS,VENDPAY_00004222
VPAY_004223,VINV_004223,VEND_000102,2026-03-23T22:12:00,BANK_003,56042.92,INR,BANK_TRANSFER,SUCCESS,VENDPAY_00004223
VPAY_004224,VINV_004224,VEND_000103,2026-03-28T23:39:00,BANK_003,45549.18,INR,BANK_TRANSFER,SUCCESS,VENDPAY_00004224
VPAY_004225,VINV_004225,VEND_000102,2026-03-24T21:20:00,BANK_003,22948.64,INR,BANK_TRANSFER,SUCCESS,VENDPAY_00004225
VPAY_004226,VINV_004226,VEND_000101,2026-03-24T22:17:00,BANK_003,60694.48,INR,BANK_TRANSFER,SUCCESS,VENDPAY_00004226
VPAY_004227,VINV_004227,VEND_000094,2026-04-09T23:58:00,BANK_003,92288.98,INR,BANK_TRANSFER,SUCCESS,VENDPAY_00004227
VPAY_004228,VINV_004228,VEND_000096,2026-04-15T00:59:00,BANK_003,109813.16,INR,BANK_TRANSFER,SUCCESS,VENDPAY_00004228
VPAY_004229,VINV_004229,VEND_000098,2026-04-13T01:08:00,BANK_003,58332.00,INR,BANK_TRANSFER,SUCCESS,VENDPAY_00004229
VPAY_004230,VINV_004230,VEND_000092,2026-04-05T01:42:00,BANK_003,109601.94,INR,BANK_TRANSFER,SUCCESS,VENDPAY_00004230
VPAY_004231,VINV_004231,VEND_000092,2026-04-05T21:53:00,BANK_003,76325.94,INR,BANK_TRANSFER,SUCCESS,VENDPAY_00004231
VPAY_004232,VINV_004232,VEND_000098,2026-04-08T04:51:00,BANK_003,19827.00,INR,BANK_TRANSFER,SUCCESS,VENDPAY_00004232
VPAY_004233,VINV_004233,VEND_000103,2026-03-26T00:14:00,BANK_003,89921.90,INR,BANK_TRANSFER,SUCCESS,VENDPAY_00004233
VPAY_004234,VINV_004234,VEND_000091,2026-04-10T02:33:00,BANK_003,64791.44,INR,BANK_TRANSFER,SUCCESS,VENDPAY_00004234
VPAY_004235,VINV_004235,VEND_000109,2026-04-05T03:05:00,BANK_003,107308.02,INR,BANK_TRANSFER,SUCCESS,VENDPAY_00004235
VPAY_004236,VINV_004236,VEND_000096,2026-03-28T21:48:00,BANK_003,34807.64,INR,BANK_TRANSFER,SUCCESS,VENDPAY_00004236
VPAY_004237,VINV_004237,VEND_000103,2026-03-25T22:03:00,BANK_003,28420.30,INR,BANK_TRANSFER,SUCCESS,VENDPAY_00004237
VPAY_004238,VINV_004238,VEND_000096,2026-04-14T21:40:00,BANK_003,22549.80,INR,BANK_TRANSFER,SUCCESS,VENDPAY_00004238
VPAY_004239,VINV_004239,VEND_000107,2026-04-05T02:03:00,BANK_003,50089.82,INR,BANK_TRANSFER,SUCCESS,VENDPAY_00004239
VPAY_004240,VINV_004240,VEND_000091,2026-03-26T00:11:00,BANK_003,40739.50,INR,BANK_TRANSFER,SUCCESS,VENDPAY_00004240
VPAY_004241,VINV_004241,VEND_000102,2026-04-03T02:15:00,BANK_003,46311.46,INR,BANK_TRANSFER,SUCCESS,VENDPAY_00004241
VPAY_004242,VINV_004242,VEND_000104,2026-04-05T22:10:00,BANK_003,40052.00,INR,BANK_TRANSFER,SUCCESS,VENDPAY_00004242
VPAY_004243,VINV_004243,VEND_000107,2026-04-15T03:01:00,BANK_003,40494.06,INR,BANK_TRANSFER,SUCCESS,VENDPAY_00004243
VPAY_004244,VINV_004244,VEND_000102,2026-03-28T01:50:00,BANK_003,108708.68,INR,BANK_TRANSFER,SUCCESS,VENDPAY_00004244
VPAY_004245,VINV_004245,VEND_000107,2026-04-10T03:28:00,BANK_003,88754.88,INR,BANK_TRANSFER,SUCCESS,VENDPAY_00004245
VPAY_004246,VINV_004246,VEND_000108,2026-04-11T00:21:00,BANK_003,33853.02,INR,BANK_TRANSFER,SUCCESS,VENDPAY_00004246
VPAY_004247,VINV_004247,VEND_000105,2026-03-20T03:46:00,BANK_003,94001.16,INR,BANK_TRANSFER,SUCCESS,VENDPAY_00004247
VPAY_004248,VINV_004248,VEND_000107,2026-04-27T01:05:00,BANK_003,28115.86,INR,BANK_TRANSFER,SUCCESS,VENDPAY_00004248
VPAY_004249,VINV_004249,VEND_000106,2026-04-22T23:14:00,BANK_003,103981.60,INR,BANK_TRANSFER,SUCCESS,VENDPAY_00004249
VPAY_004250,VINV_004250,VEND_000103,2026-03-29T23:06:00,BANK_003,45146.80,INR,BANK_TRANSFER,SUCCESS,VENDPAY_00004250
VPAY_004251,VINV_004251,VEND_000107,2026-04-12T20:59:00,BANK_003,63944.20,INR,BANK_TRANSFER,SUCCESS,VENDPAY_00004251
VPAY_004252,VINV_004252,VEND_000094,2026-03-28T00:05:00,BANK_003,100723.62,INR,BANK_TRANSFER,SUCCESS,VENDPAY_00004252
VPAY_004253,VINV_004253,VEND_000092,2026-04-20T00:36:00,BANK_003,48712.76,INR,BANK_TRANSFER,SUCCESS,VENDPAY_00004253
VPAY_004254,VINV_004254,VEND_000098,2026-04-23T22:35:00,BANK_003,35730.00,INR,BANK_TRANSFER,SUCCESS,VENDPAY_00004254
VPAY_004255,VINV_004255,VEND_000099,2026-04-12T23:04:00,BANK_003,64351.30,INR,BANK_TRANSFER,SUCCESS,VENDPAY_00004255
VPAY_004256,VINV_004256,VEND_000107,2026-04-04T22:49:00,BANK_003,38207.22,INR,BANK_TRANSFER,SUCCESS,VENDPAY_00004256
VPAY_004257,VINV_004257,VEND_000097,2026-04-23T21:58:00,BANK_003,22817.66,INR,BANK_TRANSFER,SUCCESS,VENDPAY_00004257
VPAY_004258,VINV_004258,VEND_000097,2026-04-07T00:18:00,BANK_003,29082.28,INR,BANK_TRANSFER,SUCCESS,VENDPAY_00004258
VPAY_004259,VINV_004259,VEND_000095,2026-04-15T02:26:00,BANK_003,41435.70,INR,BANK_TRANSFER,SUCCESS,VENDPAY_00004259
VPAY_004260,VINV_004260,VEND_000095,2026-03-31T01:24:00,BANK_003,37206.58,INR,BANK_TRANSFER,SUCCESS,VENDPAY_00004260
VPAY_004261,VINV_004261,VEND_000095,2026-03-26T01:27:00,BANK_003,99088.14,INR,BANK_TRANSFER,SUCCESS,VENDPAY_00004261
VPAY_004262,VINV_004262,VEND_000104,2026-04-14T20:59:00,BANK_003,51222.00,INR,BANK_TRANSFER,SUCCESS,VENDPAY_00004262
VPAY_004263,VINV_004263,VEND_000092,2026-04-25T02:52:00,BANK_003,74511.10,INR,BANK_TRANSFER,SUCCESS,VENDPAY_00004263
VPAY_004264,VINV_004264,VEND_000105,2026-04-01T22:32:00,BANK_003,91909.02,INR,BANK_TRANSFER,SUCCESS,VENDPAY_00004264
VPAY_004265,VINV_004265,VEND_000094,2026-03-27T23:13:00,BANK_003,104335.60,INR,BANK_TRANSFER,SUCCESS,VENDPAY_00004265
VPAY_004266,VINV_004266,VEND_000096,2026-04-05T21:50:00,BANK_003,35106.18,INR,BANK_TRANSFER,SUCCESS,VENDPAY_00004266
VPAY_004267,VINV_004267,VEND_000103,2026-03-26T03:31:00,BANK_003,27561.26,INR,BANK_TRANSFER,SUCCESS,VENDPAY_00004267
VPAY_004268,VINV_004268,VEND_000091,2026-03-31T04:01:00,BANK_003,62019.62,INR,BANK_TRANSFER,SUCCESS,VENDPAY_00004268
VPAY_004269,VINV_004269,VEND_000103,2026-03-23T20:28:00,BANK_003,81849.52,INR,BANK_TRANSFER,SUCCESS,VENDPAY_00004269
VPAY_004270,VINV_004270,VEND_000097,2026-04-16T00:39:00,BANK_003,39570.12,INR,BANK_TRANSFER,SUCCESS,VENDPAY_00004270
VPAY_004271,VINV_004271,VEND_000102,2026-04-10T02:35:00,BANK_003,84012.46,INR,BANK_TRANSFER,SUCCESS,VENDPAY_00004271
VPAY_004272,VINV_004272,VEND_000104,2026-04-16T22:18:00,BANK_003,69544.00,INR,BANK_TRANSFER,SUCCESS,VENDPAY_00004272
VPAY_004273,VINV_004273,VEND_000103,2026-03-20T23:44:00,BANK_003,44899.00,INR,BANK_TRANSFER,SUCCESS,VENDPAY_00004273
VPAY_004274,VINV_004274,VEND_000092,2026-04-20T23:09:00,BANK_003,68133.20,INR,BANK_TRANSFER,SUCCESS,VENDPAY_00004274
VPAY_004275,VINV_004275,VEND_000092,2026-04-16T22:12:00,BANK_003,89442.82,INR,BANK_TRANSFER,SUCCESS,VENDPAY_00004275
VPAY_004276,VINV_004276,VEND_000110,2026-04-06T01:10:00,BANK_003,50403.70,INR,BANK_TRANSFER,SUCCESS,VENDPAY_00004276
VPAY_004277,VINV_004277,VEND_000100,2026-04-07T23:43:00,BANK_003,79536.72,INR,BANK_TRANSFER,SUCCESS,VENDPAY_00004277
VPAY_004278,VINV_004278,VEND_000096,2026-03-28T00:48:00,BANK_003,80838.26,INR,BANK_TRANSFER,SUCCESS,VENDPAY_00004278
VPAY_004279,VINV_004279,VEND_000095,2026-03-30T04:32:00,BANK_003,60791.24,INR,BANK_TRANSFER,SUCCESS,VENDPAY_00004279
VPAY_004280,VINV_004280,VEND_000101,2026-04-15T01:08:00,BANK_003,107048.42,INR,BANK_TRANSFER,SUCCESS,VENDPAY_00004280
VPAY_004281,VINV_004281,VEND_000094,2026-04-09T02:07:00,BANK_003,100843.98,INR,BANK_TRANSFER,SUCCESS,VENDPAY_00004281
VPAY_004282,VINV_004282,VEND_000106,2026-04-25T23:16:00,BANK_003,36410.08,INR,BANK_TRANSFER,SUCCESS,VENDPAY_00004282
VPAY_004283,VINV_004283,VEND_000098,2026-04-24T20:52:00,BANK_003,58781.00,INR,BANK_TRANSFER,SUCCESS,VENDPAY_00004283
VPAY_004284,VINV_004284,VEND_000097,2026-04-14T21:41:00,BANK_003,107805.98,INR,BANK_TRANSFER,SUCCESS,VENDPAY_00004284
VPAY_004285,VINV_004285,VEND_000100,2026-04-05T21:05:00,BANK_003,92529.70,INR,BANK_TRANSFER,SUCCESS,VENDPAY_00004285
VPAY_004286,VINV_004286,VEND_000102,2026-03-30T23:24:00,BANK_003,103463.58,INR,BANK_TRANSFER,SUCCESS,VENDPAY_00004286
VPAY_004287,VINV_004287,VEND_000097,2026-04-24T20:51:00,BANK_003,26611.36,INR,BANK_TRANSFER,SUCCESS,VENDPAY_00004287
VPAY_004288,VINV_004288,VEND_000102,2026-04-08T01:37:00,BANK_003,103057.66,INR,BANK_TRANSFER,SUCCESS,VENDPAY_00004288
VPAY_004289,VINV_004289,VEND_000099,2026-04-17T03:17:00,BANK_003,78433.42,INR,BANK_TRANSFER,SUCCESS,VENDPAY_00004289
VPAY_004290,VINV_004290,VEND_000109,2026-04-05T00:55:00,BANK_003,62777.18,INR,BANK_TRANSFER,SUCCESS,VENDPAY_00004290
VPAY_004291,VINV_004291,VEND_000099,2026-04-09T01:04:00,BANK_003,73130.50,INR,BANK_TRANSFER,SUCCESS,VENDPAY_00004291
VPAY_004292,VINV_004292,VEND_000109,2026-03-27T01:46:00,BANK_003,94270.20,INR,BANK_TRANSFER,SUCCESS,VENDPAY_00004292
VPAY_004293,VINV_004293,VEND_000110,2026-04-01T01:12:00,BANK_003,99003.18,INR,BANK_TRANSFER,SUCCESS,VENDPAY_00004293
VPAY_004294,VINV_004294,VEND_000099,2026-04-05T04:00:00,BANK_003,40800.86,INR,BANK_TRANSFER,SUCCESS,VENDPAY_00004294
VPAY_004295,VINV_004295,VEND_000091,2026-04-14T22:40:00,BANK_003,104060.66,INR,BANK_TRANSFER,SUCCESS,VENDPAY_00004295
VPAY_004296,VINV_004296,VEND_000110,2026-04-04T00:09:00,BANK_003,68620.54,INR,BANK_TRANSFER,SUCCESS,VENDPAY_00004296
VPAY_004297,VINV_004297,VEND_000103,2026-03-29T03:31:00,BANK_003,43294.20,INR,BANK_TRANSFER,SUCCESS,VENDPAY_00004297
VPAY_004298,VINV_004298,VEND_000103,2026-03-27T22:17:00,BANK_003,67962.10,INR,BANK_TRANSFER,SUCCESS,VENDPAY_00004298
VPAY_004299,VINV_004299,VEND_000098,2026-04-17T04:48:00,BANK_003,19775.00,INR,BANK_TRANSFER,SUCCESS,VENDPAY_00004299
VPAY_004300,VINV_004300,VEND_000102,2026-03-27T00:19:00,BANK_003,39592.54,INR,BANK_TRANSFER,SUCCESS,VENDPAY_00004300
VPAY_004301,VINV_004301,VEND_000100,2026-04-24T00:44:00,BANK_003,29380.82,INR,BANK_TRANSFER,SUCCESS,VENDPAY_00004301
VPAY_004302,VINV_004302,VEND_000096,2026-03-26T22:14:00,BANK_003,85495.72,INR,BANK_TRANSFER,SUCCESS,VENDPAY_00004302
VPAY_004303,VINV_004303,VEND_000097,2026-04-18T03:28:00,BANK_003,29875.24,INR,BANK_TRANSFER,SUCCESS,VENDPAY_00004303
VPAY_004304,VINV_004304,VEND_000105,2026-03-25T00:07:00,BANK_003,56193.96,INR,BANK_TRANSFER,SUCCESS,VENDPAY_00004304
VPAY_004305,VINV_004305,VEND_000094,2026-04-09T00:41:00,BANK_003,97904.60,INR,BANK_TRANSFER,SUCCESS,VENDPAY_00004305
VPAY_004306,VINV_004306,VEND_000095,2026-03-22T22:59:00,BANK_003,39837.98,INR,BANK_TRANSFER,SUCCESS,VENDPAY_00004306
VPAY_004307,VINV_004307,VEND_000108,2026-03-28T21:01:00,BANK_003,64676.98,INR,BANK_TRANSFER,SUCCESS,VENDPAY_00004307
VPAY_004308,VINV_004308,VEND_000099,2026-04-16T00:40:00,BANK_003,48494.46,INR,BANK_TRANSFER,SUCCESS,VENDPAY_00004308
VPAY_004309,VINV_004309,VEND_000106,2026-04-08T22:54:00,BANK_003,28757.78,INR,BANK_TRANSFER,SUCCESS,VENDPAY_00004309
VPAY_004310,VINV_004310,VEND_000121,2026-03-07T00:18:00,BANK_003,129738.64,INR,BANK_TRANSFER,SUCCESS,VENDPAY_00004310
VPAY_004311,VINV_004311,VEND_000132,2026-03-29T04:51:00,BANK_003,52325.92,INR,BANK_TRANSFER,SUCCESS,VENDPAY_00004311
VPAY_004312,VINV_004312,VEND_000140,2026-03-25T22:01:00,BANK_003,99557.78,INR,BANK_TRANSFER,SUCCESS,VENDPAY_00004312
VPAY_004313,VINV_004313,VEND_000052,2026-05-16T02:09:00,BANK_003,153296.16,INR,BANK_TRANSFER,SUCCESS,VENDPAY_00004313
VPAY_004314,VINV_004314,VEND_000060,2026-05-06T00:25:00,BANK_003,54152.56,INR,BANK_TRANSFER,SUCCESS,VENDPAY_00004314
VPAY_004315,VINV_004315,VEND_000083,2026-05-22T23:44:00,BANK_003,67526.68,INR,BANK_TRANSFER,SUCCESS,VENDPAY_00004315
VPAY_004316,VINV_004316,VEND_000020,2026-05-29T23:17:00,BANK_003,188997.06,INR,BANK_TRANSFER,SUCCESS,VENDPAY_00004316
VPAY_004317,VINV_004317,VEND_000048,2026-05-25T20:36:00,BANK_003,153781.14,INR,BANK_TRANSFER,SUCCESS,VENDPAY_00004317
VPAY_004318,VINV_004318,VEND_000005,2026-05-06T21:39:00,BANK_003,60930.48,INR,BANK_TRANSFER,SUCCESS,VENDPAY_00004318
VPAY_004319,VINV_004319,VEND_000017,2026-05-26T21:59:00,BANK_003,62226.00,INR,BANK_TRANSFER,SUCCESS,VENDPAY_00004319
VPAY_004320,VINV_004320,VEND_000060,2026-05-10T01:57:00,BANK_003,258051.84,INR,BANK_TRANSFER,SUCCESS,VENDPAY_00004320
VPAY_004321,VINV_004321,VEND_000004,2026-05-08T01:51:00,BANK_003,240001.38,INR,BANK_TRANSFER,SUCCESS,VENDPAY_00004321
VPAY_004322,VINV_004322,VEND_000028,2026-05-15T21:05:00,BANK_003,176211.76,INR,BANK_TRANSFER,SUCCESS,VENDPAY_00004322
VPAY_004323,VINV_004323,VEND_000064,2026-05-05T22:09:00,BANK_003,103978.06,INR,BANK_TRANSFER,SUCCESS,VENDPAY_00004323
VPAY_004324,VINV_004324,VEND_000026,2026-06-05T21:35:00,BANK_003,170052.16,INR,BANK_TRANSFER,SUCCESS,VENDPAY_00004324
VPAY_004325,VINV_004325,VEND_000020,2026-05-29T23:59:00,BANK_003,213362.88,INR,BANK_TRANSFER,SUCCESS,VENDPAY_00004325
VPAY_004326,VINV_004326,VEND_000077,2026-05-07T21:09:00,BANK_003,252579.00,INR,BANK_TRANSFER,SUCCESS,VENDPAY_00004326
VPAY_004327,VINV_004327,VEND_000032,2026-05-06T21:35:00,BANK_003,135169.00,INR,BANK_TRANSFER,SUCCESS,VENDPAY_00004327
VPAY_004328,VINV_004328,VEND_000079,2026-05-24T02:57:00,BANK_003,162060.02,INR,BANK_TRANSFER,SUCCESS,VENDPAY_00004328
VPAY_004329,VINV_004329,VEND_000031,2026-05-08T00:01:00,BANK_003,98991.38,INR,BANK_TRANSFER,SUCCESS,VENDPAY_00004329
VPAY_004330,VINV_004330,VEND_000030,2026-05-04T03:06:00,BANK_003,243631.06,INR,BANK_TRANSFER,SUCCESS,VENDPAY_00004330
VPAY_004331,VINV_004331,VEND_000001,2026-05-10T23:56:00,BANK_003,141978.78,INR,BANK_TRANSFER,SUCCESS,VENDPAY_00004331
VPAY_004332,VINV_004332,VEND_000089,2026-05-13T23:21:00,BANK_003,121788.98,INR,BANK_TRANSFER,SUCCESS,VENDPAY_00004332
VPAY_004333,VINV_004333,VEND_000030,2026-05-16T01:42:00,BANK_003,184016.28,INR,BANK_TRANSFER,SUCCESS,VENDPAY_00004333
VPAY_004334,VINV_004334,VEND_000005,2026-05-10T23:19:00,BANK_003,198342.66,INR,BANK_TRANSFER,SUCCESS,VENDPAY_00004334
VPAY_004335,VINV_004335,VEND_000071,2026-05-03T21:18:00,BANK_003,195117.72,INR,BANK_TRANSFER,SUCCESS,VENDPAY_00004335
VPAY_004336,VINV_004336,VEND_000050,2026-05-18T01:05:00,BANK_003,240904.08,INR,BANK_TRANSFER,SUCCESS,VENDPAY_00004336
VPAY_004337,VINV_004337,VEND_000065,2026-05-09T03:17:00,BANK_003,102095.96,INR,BANK_TRANSFER,SUCCESS,VENDPAY_00004337
VPAY_004338,VINV_004338,VEND_000013,2026-06-02T01:33:00,BANK_003,57478.98,INR,BANK_TRANSFER,SUCCESS,VENDPAY_00004338
VPAY_004339,VINV_004339,VEND_000051,2026-05-28T00:34:00,BANK_003,83962.90,INR,BANK_TRANSFER,SUCCESS,VENDPAY_00004339
VPAY_004340,VINV_004340,VEND_000072,2026-05-23T00:08:00,BANK_003,226392.44,INR,BANK_TRANSFER,SUCCESS,VENDPAY_00004340
VPAY_004341,VINV_004341,VEND_000064,2026-05-23T00:53:00,BANK_003,259181.10,INR,BANK_TRANSFER,SUCCESS,VENDPAY_00004341
VPAY_004342,VINV_004342,VEND_000069,2026-05-29T23:52:00,BANK_003,132990.72,INR,BANK_TRANSFER,SUCCESS,VENDPAY_00004342
VPAY_004343,VINV_004343,VEND_000042,2026-05-10T02:23:00,BANK_003,190014.22,INR,BANK_TRANSFER,SUCCESS,VENDPAY_00004343
VPAY_004344,VINV_004344,VEND_000027,2026-06-08T22:46:00,BANK_003,120128.72,INR,BANK_TRANSFER,SUCCESS,VENDPAY_00004344
VPAY_004345,VINV_004345,VEND_000021,2026-05-17T23:46:00,BANK_003,210350.34,INR,BANK_TRANSFER,SUCCESS,VENDPAY_00004345
VPAY_004346,VINV_004346,VEND_000078,2026-05-29T02:44:00,BANK_003,143434.90,INR,BANK_TRANSFER,SUCCESS,VENDPAY_00004346
VPAY_004347,VINV_004347,VEND_000072,2026-05-07T02:23:00,BANK_003,228202.56,INR,BANK_TRANSFER,SUCCESS,VENDPAY_00004347
VPAY_004348,VINV_004348,VEND_000023,2026-05-30T01:05:00,BANK_003,162521.40,INR,BANK_TRANSFER,SUCCESS,VENDPAY_00004348
VPAY_004349,VINV_004349,VEND_000024,2026-05-12T20:49:00,BANK_003,244244.66,INR,BANK_TRANSFER,SUCCESS,VENDPAY_00004349
VPAY_004350,VINV_004350,VEND_000084,2026-05-28T00:52:00,BANK_003,68352.68,INR,BANK_TRANSFER,SUCCESS,VENDPAY_00004350
VPAY_004351,VINV_004351,VEND_000032,2026-05-23T01:59:00,BANK_003,62476.00,INR,BANK_TRANSFER,SUCCESS,VENDPAY_00004351
VPAY_004352,VINV_004352,VEND_000035,2026-05-23T20:12:00,BANK_003,175847.14,INR,BANK_TRANSFER,SUCCESS,VENDPAY_00004352
VPAY_004353,VINV_004353,VEND_000036,2026-05-10T02:54:00,BANK_003,85436.72,INR,BANK_TRANSFER,SUCCESS,VENDPAY_00004353
VPAY_004354,VINV_004354,VEND_000086,2026-05-09T20:19:00,BANK_003,127642.00,INR,BANK_TRANSFER,SUCCESS,VENDPAY_00004354
VPAY_004355,VINV_004355,VEND_000016,2026-06-04T02:02:00,BANK_003,255153.76,INR,BANK_TRANSFER,SUCCESS,VENDPAY_00004355
VPAY_004356,VINV_004356,VEND_000002,2026-05-20T21:15:00,BANK_003,257254.16,INR,BANK_TRANSFER,SUCCESS,VENDPAY_00004356
VPAY_004357,VINV_004357,VEND_000023,2026-06-08T00:09:00,BANK_003,177231.28,INR,BANK_TRANSFER,SUCCESS,VENDPAY_00004357
VPAY_004358,VINV_004358,VEND_000085,2026-05-25T02:27:00,BANK_003,176614.14,INR,BANK_TRANSFER,SUCCESS,VENDPAY_00004358
VPAY_004359,VINV_004359,VEND_000085,2026-05-25T23:26:00,BANK_003,166120.40,INR,BANK_TRANSFER,SUCCESS,VENDPAY_00004359
VPAY_004360,VINV_004360,VEND_000036,2026-05-04T00:45:00,BANK_003,200385.24,INR,BANK_TRANSFER,SUCCESS,VENDPAY_00004360
VPAY_004361,VINV_004361,VEND_000033,2026-05-06T00:19:00,BANK_003,229008.50,INR,BANK_TRANSFER,SUCCESS,VENDPAY_00004361
VPAY_004362,VINV_004362,VEND_000081,2026-05-20T00:52:00,BANK_003,257160.94,INR,BANK_TRANSFER,SUCCESS,VENDPAY_00004362
VPAY_004363,VINV_004363,VEND_000055,2026-05-04T23:53:00,BANK_003,135897.06,INR,BANK_TRANSFER,SUCCESS,VENDPAY_00004363
VPAY_004364,VINV_004364,VEND_000043,2026-05-25T22:36:00,BANK_003,185575.06,INR,BANK_TRANSFER,SUCCESS,VENDPAY_00004364
VPAY_004365,VINV_004365,VEND_000074,2026-05-21T01:00:00,BANK_003,169399.62,INR,BANK_TRANSFER,SUCCESS,VENDPAY_00004365
VPAY_004366,VINV_004366,VEND_000058,2026-05-18T01:11:00,BANK_003,222340.32,INR,BANK_TRANSFER,SUCCESS,VENDPAY_00004366
VPAY_004367,VINV_004367,VEND_000008,2026-05-03T03:45:00,BANK_003,170084.00,INR,BANK_TRANSFER,SUCCESS,VENDPAY_00004367
VPAY_004368,VINV_004368,VEND_000003,2026-05-04T22:47:00,BANK_003,131552.30,INR,BANK_TRANSFER,SUCCESS,VENDPAY_00004368
VPAY_004369,VINV_004369,VEND_000086,2026-05-04T21:37:00,BANK_003,48908.00,INR,BANK_TRANSFER,SUCCESS,VENDPAY_00004369
VPAY_004370,VINV_004370,VEND_000013,2026-06-10T02:02:00,BANK_003,95154.02,INR,BANK_TRANSFER,SUCCESS,VENDPAY_00004370
VPAY_004371,VINV_004371,VEND_000020,2026-05-19T22:00:00,BANK_003,148212.72,INR,BANK_TRANSFER,SUCCESS,VENDPAY_00004371
VPAY_004372,VINV_004372,VEND_000056,2026-05-30T00:23:00,BANK_003,244978.62,INR,BANK_TRANSFER,SUCCESS,VENDPAY_00004372
VPAY_004373,VINV_004373,VEND_000052,2026-05-21T00:54:00,BANK_003,64339.50,INR,BANK_TRANSFER,SUCCESS,VENDPAY_00004373
VPAY_004374,VINV_004374,VEND_000028,2026-05-08T01:15:00,BANK_003,76049.82,INR,BANK_TRANSFER,SUCCESS,VENDPAY_00004374
VPAY_004375,VINV_004375,VEND_000062,2026-05-03T00:52:00,BANK_003,105640.00,INR,BANK_TRANSFER,SUCCESS,VENDPAY_00004375
VPAY_004376,VINV_004376,VEND_000017,2026-06-02T00:22:00,BANK_003,159779.00,INR,BANK_TRANSFER,SUCCESS,VENDPAY_00004376
VPAY_004377,VINV_004377,VEND_000059,2026-05-25T00:24:00,BANK_003,157998.46,INR,BANK_TRANSFER,SUCCESS,VENDPAY_00004377
VPAY_004378,VINV_004378,VEND_000084,2026-05-30T21:47:00,BANK_003,221589.84,INR,BANK_TRANSFER,SUCCESS,VENDPAY_00004378
VPAY_004379,VINV_004379,VEND_000082,2026-06-06T20:55:00,BANK_003,117441.86,INR,BANK_TRANSFER,SUCCESS,VENDPAY_00004379
VPAY_004380,VINV_004380,VEND_000026,2026-06-01T01:59:00,BANK_003,88761.96,INR,BANK_TRANSFER,SUCCESS,VENDPAY_00004380
VPAY_004381,VINV_004381,VEND_000043,2026-05-24T00:35:00,BANK_003,148610.38,INR,BANK_TRANSFER,SUCCESS,VENDPAY_00004381
VPAY_004382,VINV_004382,VEND_000024,2026-05-05T22:07:00,BANK_003,125227.50,INR,BANK_TRANSFER,SUCCESS,VENDPAY_00004382
VPAY_004383,VINV_004383,VEND_000021,2026-06-04T23:43:00,BANK_003,90543.76,INR,BANK_TRANSFER,SUCCESS,VENDPAY_00004383
VPAY_004384,VINV_004384,VEND_000004,2026-05-17T21:11:00,BANK_003,161087.70,INR,BANK_TRANSFER,SUCCESS,VENDPAY_00004384
VPAY_004385,VINV_004385,VEND_000035,2026-05-22T19:55:00,BANK_003,140574.58,INR,BANK_TRANSFER,SUCCESS,VENDPAY_00004385
VPAY_004386,VINV_004386,VEND_000037,2026-05-17T23:46:00,BANK_003,201558.16,INR,BANK_TRANSFER,SUCCESS,VENDPAY_00004386
VPAY_004387,VINV_004387,VEND_000001,2026-05-15T22:50:00,BANK_003,96492.14,INR,BANK_TRANSFER,SUCCESS,VENDPAY_00004387
VPAY_004388,VINV_004388,VEND_000051,2026-05-27T03:15:00,BANK_003,147806.80,INR,BANK_TRANSFER,SUCCESS,VENDPAY_00004388
VPAY_004389,VINV_004389,VEND_000064,2026-05-11T21:36:00,BANK_003,177114.46,INR,BANK_TRANSFER,SUCCESS,VENDPAY_00004389
VPAY_004390,VINV_004390,VEND_000076,2026-05-11T20:50:00,BANK_003,192341.18,INR,BANK_TRANSFER,SUCCESS,VENDPAY_00004390
VPAY_004391,VINV_004391,VEND_000054,2026-05-30T03:22:00,BANK_003,115369.78,INR,BANK_TRANSFER,SUCCESS,VENDPAY_00004391
VPAY_004392,VINV_004392,VEND_000055,2026-05-10T23:20:00,BANK_003,63546.54,INR,BANK_TRANSFER,SUCCESS,VENDPAY_00004392
VPAY_004393,VINV_004393,VEND_000005,2026-05-11T01:55:00,BANK_003,60230.74,INR,BANK_TRANSFER,SUCCESS,VENDPAY_00004393
VPAY_004394,VINV_004394,VEND_000041,2026-05-18T01:59:00,BANK_003,121334.68,INR,BANK_TRANSFER,SUCCESS,VENDPAY_00004394
VPAY_004395,VINV_004395,VEND_000076,2026-05-11T01:27:00,BANK_003,172538.42,INR,BANK_TRANSFER,SUCCESS,VENDPAY_00004395
VPAY_004396,VINV_004396,VEND_000079,2026-05-17T01:51:00,BANK_003,110780.76,INR,BANK_TRANSFER,SUCCESS,VENDPAY_00004396
VPAY_004397,VINV_004397,VEND_000015,2026-06-04T23:01:00,BANK_003,249520.44,INR,BANK_TRANSFER,SUCCESS,VENDPAY_00004397
VPAY_004398,VINV_004398,VEND_000018,2026-06-08T21:08:00,BANK_003,229204.38,INR,BANK_TRANSFER,SUCCESS,VENDPAY_00004398
VPAY_004399,VINV_004399,VEND_000042,2026-05-01T21:50:00,BANK_003,116786.96,INR,BANK_TRANSFER,SUCCESS,VENDPAY_00004399
VPAY_004400,VINV_004400,VEND_000076,2026-05-29T02:34:00,BANK_003,197232.28,INR,BANK_TRANSFER,SUCCESS,VENDPAY_00004400
VPAY_004401,VINV_004401,VEND_000048,2026-05-05T22:56:00,BANK_003,161291.84,INR,BANK_TRANSFER,SUCCESS,VENDPAY_00004401
VPAY_004402,VINV_004402,VEND_000060,2026-05-23T22:42:00,BANK_003,181015.54,INR,BANK_TRANSFER,SUCCESS,VENDPAY_00004402
VPAY_004403,VINV_004403,VEND_000039,2026-05-19T20:23:00,BANK_003,125720.74,INR,BANK_TRANSFER,SUCCESS,VENDPAY_00004403
VPAY_004404,VINV_004404,VEND_000079,2026-05-19T03:16:00,BANK_003,142798.88,INR,BANK_TRANSFER,SUCCESS,VENDPAY_00004404
VPAY_004405,VINV_004405,VEND_000079,2026-05-13T22:00:00,BANK_003,174812.28,INR,BANK_TRANSFER,SUCCESS,VENDPAY_00004405
VPAY_004406,VINV_004406,VEND_000053,2026-05-15T20:12:00,BANK_003,217348.00,INR,BANK_TRANSFER,SUCCESS,VENDPAY_00004406
VPAY_004407,VINV_004407,VEND_000043,2026-05-26T21:51:00,BANK_003,134058.62,INR,BANK_TRANSFER,SUCCESS,VENDPAY_00004407
VPAY_004408,VINV_004408,VEND_000040,2026-05-19T21:36:00,BANK_003,132720.50,INR,BANK_TRANSFER,SUCCESS,VENDPAY_00004408
VPAY_004409,VINV_004409,VEND_000079,2026-05-15T00:33:00,BANK_003,90625.18,INR,BANK_TRANSFER,SUCCESS,VENDPAY_00004409
VPAY_004410,VINV_004410,VEND_000078,2026-06-09T03:21:00,BANK_003,128098.44,INR,BANK_TRANSFER,SUCCESS,VENDPAY_00004410
VPAY_004411,VINV_004411,VEND_000036,2026-05-16T21:43:00,BANK_003,231990.36,INR,BANK_TRANSFER,SUCCESS,VENDPAY_00004411
VPAY_004412,VINV_004412,VEND_000074,2026-05-16T02:35:00,BANK_003,136507.12,INR,BANK_TRANSFER,SUCCESS,VENDPAY_00004412
VPAY_004413,VINV_004413,VEND_000068,2026-05-24T23:56:00,BANK_003,256447.04,INR,BANK_TRANSFER,SUCCESS,VENDPAY_00004413
VPAY_004414,VINV_004414,VEND_000019,2026-05-19T01:46:00,BANK_003,122552.44,INR,BANK_TRANSFER,SUCCESS,VENDPAY_00004414
VPAY_004415,VINV_004415,VEND_000065,2026-05-07T01:33:00,BANK_003,183058.12,INR,BANK_TRANSFER,SUCCESS,VENDPAY_00004415
VPAY_004416,VINV_004416,VEND_000028,2026-05-18T20:37:00,BANK_003,231156.10,INR,BANK_TRANSFER,SUCCESS,VENDPAY_00004416
VPAY_004417,VINV_004417,VEND_000013,2026-05-22T20:55:00,BANK_003,130177.60,INR,BANK_TRANSFER,SUCCESS,VENDPAY_00004417
VPAY_004418,VINV_004418,VEND_000074,2026-05-09T20:36:00,BANK_003,190919.28,INR,BANK_TRANSFER,SUCCESS,VENDPAY_00004418
VPAY_004419,VINV_004419,VEND_000015,2026-05-18T22:16:00,BANK_003,201187.64,INR,BANK_TRANSFER,SUCCESS,VENDPAY_00004419
VPAY_004420,VINV_004420,VEND_000039,2026-05-23T22:05:00,BANK_003,213509.20,INR,BANK_TRANSFER,SUCCESS,VENDPAY_00004420
VPAY_004421,VINV_004421,VEND_000081,2026-05-24T20:42:00,BANK_003,180790.16,INR,BANK_TRANSFER,SUCCESS,VENDPAY_00004421
VPAY_004422,VINV_004422,VEND_000075,2026-05-18T01:53:00,BANK_003,93903.22,INR,BANK_TRANSFER,SUCCESS,VENDPAY_00004422
VPAY_004423,VINV_004423,VEND_000002,2026-05-27T02:25:00,BANK_003,66372.64,INR,BANK_TRANSFER,SUCCESS,VENDPAY_00004423
VPAY_004424,VINV_004424,VEND_000039,2026-05-19T21:15:00,BANK_003,171109.44,INR,BANK_TRANSFER,SUCCESS,VENDPAY_00004424
VPAY_004425,VINV_004425,VEND_000073,2026-05-17T21:54:00,BANK_003,69991.70,INR,BANK_TRANSFER,SUCCESS,VENDPAY_00004425
VPAY_004426,VINV_004426,VEND_000014,2026-05-20T23:44:00,BANK_003,95280.28,INR,BANK_TRANSFER,SUCCESS,VENDPAY_00004426
VPAY_004427,VINV_004427,VEND_000043,2026-05-26T01:45:00,BANK_003,174815.82,INR,BANK_TRANSFER,SUCCESS,VENDPAY_00004427
VPAY_004428,VINV_004428,VEND_000025,2026-05-20T20:42:00,BANK_003,155415.44,INR,BANK_TRANSFER,SUCCESS,VENDPAY_00004428
VPAY_004429,VINV_004429,VEND_000001,2026-05-15T21:24:00,BANK_003,224893.84,INR,BANK_TRANSFER,SUCCESS,VENDPAY_00004429
VPAY_004430,VINV_004430,VEND_000074,2026-05-08T19:39:00,BANK_003,241630.96,INR,BANK_TRANSFER,SUCCESS,VENDPAY_00004430
VPAY_004431,VINV_004431,VEND_000047,2026-05-23T20:22:00,BANK_003,224019.46,INR,BANK_TRANSFER,SUCCESS,VENDPAY_00004431
VPAY_004432,VINV_004432,VEND_000090,2026-05-09T19:24:00,BANK_003,154329.84,INR,BANK_TRANSFER,SUCCESS,VENDPAY_00004432
VPAY_004433,VINV_004433,VEND_000011,2026-05-25T00:00:00,BANK_003,75518.82,INR,BANK_TRANSFER,SUCCESS,VENDPAY_00004433
VPAY_004434,VINV_004434,VEND_000007,2026-05-27T01:50:00,BANK_003,98661.00,INR,BANK_TRANSFER,SUCCESS,VENDPAY_00004434
VPAY_004435,VINV_004435,VEND_000025,2026-05-05T23:39:00,BANK_003,179119.28,INR,BANK_TRANSFER,SUCCESS,VENDPAY_00004435
VPAY_004436,VINV_004436,VEND_000005,2026-05-08T21:53:00,BANK_003,130017.12,INR,BANK_TRANSFER,SUCCESS,VENDPAY_00004436
VPAY_004437,VINV_004437,VEND_000038,2026-05-11T00:32:00,BANK_003,109741.18,INR,BANK_TRANSFER,SUCCESS,VENDPAY_00004437
VPAY_004438,VINV_004438,VEND_000084,2026-05-17T21:57:00,BANK_003,86439.72,INR,BANK_TRANSFER,SUCCESS,VENDPAY_00004438
VPAY_004439,VINV_004439,VEND_000085,2026-06-08T22:34:00,BANK_003,192533.52,INR,BANK_TRANSFER,SUCCESS,VENDPAY_00004439
VPAY_004440,VINV_004440,VEND_000065,2026-05-14T22:22:00,BANK_003,256648.82,INR,BANK_TRANSFER,SUCCESS,VENDPAY_00004440
VPAY_004441,VINV_004441,VEND_000005,2026-05-18T19:59:00,BANK_003,223901.46,INR,BANK_TRANSFER,SUCCESS,VENDPAY_00004441
VPAY_004442,VINV_004442,VEND_000073,2026-05-24T21:39:00,BANK_003,139891.36,INR,BANK_TRANSFER,SUCCESS,VENDPAY_00004442
VPAY_004443,VINV_004443,VEND_000020,2026-05-21T21:03:00,BANK_003,255344.92,INR,BANK_TRANSFER,SUCCESS,VENDPAY_00004443
VPAY_004444,VINV_004444,VEND_000057,2026-05-04T22:26:00,BANK_003,141582.30,INR,BANK_TRANSFER,SUCCESS,VENDPAY_00004444
VPAY_004445,VINV_004445,VEND_000025,2026-05-09T21:52:00,BANK_003,64711.20,INR,BANK_TRANSFER,SUCCESS,VENDPAY_00004445
VPAY_004446,VINV_004446,VEND_000008,2026-05-12T02:24:00,BANK_003,85675.00,INR,BANK_TRANSFER,SUCCESS,VENDPAY_00004446
VPAY_004447,VINV_004447,VEND_000007,2026-05-22T21:34:00,BANK_003,87826.00,INR,BANK_TRANSFER,SUCCESS,VENDPAY_00004447
VPAY_004448,VINV_004448,VEND_000055,2026-05-13T00:26:00,BANK_003,173999.26,INR,BANK_TRANSFER,SUCCESS,VENDPAY_00004448
VPAY_004449,VINV_004449,VEND_000044,2026-05-08T23:04:00,BANK_003,102432.26,INR,BANK_TRANSFER,SUCCESS,VENDPAY_00004449
VPAY_004450,VINV_004450,VEND_000067,2026-05-22T01:52:00,BANK_003,100525.38,INR,BANK_TRANSFER,SUCCESS,VENDPAY_00004450
VPAY_004451,VINV_004451,VEND_000002,2026-05-18T02:59:00,BANK_003,95259.04,INR,BANK_TRANSFER,SUCCESS,VENDPAY_00004451
VPAY_004452,VINV_004452,VEND_000052,2026-05-05T21:07:00,BANK_003,230536.60,INR,BANK_TRANSFER,SUCCESS,VENDPAY_00004452
VPAY_004453,VINV_004453,VEND_000002,2026-05-18T01:12:00,BANK_003,124159.60,INR,BANK_TRANSFER,SUCCESS,VENDPAY_00004453
VPAY_004454,VINV_004454,VEND_000033,2026-05-17T02:16:00,BANK_003,179396.58,INR,BANK_TRANSFER,SUCCESS,VENDPAY_00004454
VPAY_004455,VINV_004455,VEND_000089,2026-05-23T23:15:00,BANK_003,91101.90,INR,BANK_TRANSFER,SUCCESS,VENDPAY_00004455
VPAY_004456,VINV_004456,VEND_000059,2026-05-03T03:16:00,BANK_003,166067.30,INR,BANK_TRANSFER,SUCCESS,VENDPAY_00004456
VPAY_004457,VINV_004457,VEND_000019,2026-06-02T02:06:00,BANK_003,201079.08,INR,BANK_TRANSFER,SUCCESS,VENDPAY_00004457
VPAY_004458,VINV_004458,VEND_000041,2026-05-26T02:04:00,BANK_003,130161.08,INR,BANK_TRANSFER,SUCCESS,VENDPAY_00004458
VPAY_004459,VINV_004459,VEND_000036,2026-05-14T00:48:00,BANK_003,251613.76,INR,BANK_TRANSFER,SUCCESS,VENDPAY_00004459
VPAY_004460,VINV_004460,VEND_000011,2026-05-25T02:06:00,BANK_003,106625.98,INR,BANK_TRANSFER,SUCCESS,VENDPAY_00004460
VPAY_004461,VINV_004461,VEND_000063,2026-05-09T23:50:00,BANK_003,105879.04,INR,BANK_TRANSFER,SUCCESS,VENDPAY_00004461
VPAY_004462,VINV_004462,VEND_000035,2026-05-03T19:41:00,BANK_003,93872.54,INR,BANK_TRANSFER,SUCCESS,VENDPAY_00004462
VPAY_004463,VINV_004463,VEND_000059,2026-05-20T22:56:00,BANK_003,74165.36,INR,BANK_TRANSFER,SUCCESS,VENDPAY_00004463
VPAY_004464,VINV_004464,VEND_000012,2026-05-24T21:51:00,BANK_003,193602.60,INR,BANK_TRANSFER,SUCCESS,VENDPAY_00004464
VPAY_004465,VINV_004465,VEND_000085,2026-05-26T19:37:00,BANK_003,94055.44,INR,BANK_TRANSFER,SUCCESS,VENDPAY_00004465
VPAY_004466,VINV_004466,VEND_000008,2026-05-23T01:38:00,BANK_003,160172.00,INR,BANK_TRANSFER,SUCCESS,VENDPAY_00004466
VPAY_004467,VINV_004467,VEND_000085,2026-05-31T20:38:00,BANK_003,222137.36,INR,BANK_TRANSFER,SUCCESS,VENDPAY_00004467
VPAY_004468,VINV_004468,VEND_000061,2026-05-23T02:31:00,BANK_003,251749.46,INR,BANK_TRANSFER,SUCCESS,VENDPAY_00004468
VPAY_004469,VINV_004469,VEND_000042,2026-05-15T21:38:00,BANK_003,133664.50,INR,BANK_TRANSFER,SUCCESS,VENDPAY_00004469
VPAY_004470,VINV_004470,VEND_000034,2026-05-14T20:21:00,BANK_003,68580.42,INR,BANK_TRANSFER,SUCCESS,VENDPAY_00004470
VPAY_004471,VINV_004471,VEND_000069,2026-05-22T03:01:00,BANK_003,189423.04,INR,BANK_TRANSFER,SUCCESS,VENDPAY_00004471
VPAY_004472,VINV_004472,VEND_000081,2026-05-28T00:36:00,BANK_003,98984.30,INR,BANK_TRANSFER,SUCCESS,VENDPAY_00004472
VPAY_004473,VINV_004473,VEND_000024,2026-05-13T02:51:00,BANK_003,101215.68,INR,BANK_TRANSFER,SUCCESS,VENDPAY_00004473
VPAY_004474,VINV_004474,VEND_000075,2026-05-29T19:27:00,BANK_003,159274.04,INR,BANK_TRANSFER,SUCCESS,VENDPAY_00004474
VPAY_004475,VINV_004475,VEND_000033,2026-05-26T21:46:00,BANK_003,209970.38,INR,BANK_TRANSFER,SUCCESS,VENDPAY_00004475
VPAY_004476,VINV_004476,VEND_000032,2026-05-09T23:22:00,BANK_003,172262.00,INR,BANK_TRANSFER,SUCCESS,VENDPAY_00004476
VPAY_004477,VINV_004477,VEND_000058,2026-05-05T01:01:00,BANK_003,230470.52,INR,BANK_TRANSFER,SUCCESS,VENDPAY_00004477
VPAY_004478,VINV_004478,VEND_000013,2026-05-21T01:03:00,BANK_003,93309.68,INR,BANK_TRANSFER,SUCCESS,VENDPAY_00004478
VPAY_004479,VINV_004479,VEND_000016,2026-05-31T19:41:00,BANK_003,217327.68,INR,BANK_TRANSFER,SUCCESS,VENDPAY_00004479
VPAY_004480,VINV_004480,VEND_000031,2026-05-23T00:31:00,BANK_003,160330.14,INR,BANK_TRANSFER,SUCCESS,VENDPAY_00004480
VPAY_004481,VINV_004481,VEND_000079,2026-05-27T00:11:00,BANK_003,68565.08,INR,BANK_TRANSFER,SUCCESS,VENDPAY_00004481
VPAY_004482,VINV_004482,VEND_000059,2026-05-20T23:44:00,BANK_003,68405.78,INR,BANK_TRANSFER,SUCCESS,VENDPAY_00004482
VPAY_004483,VINV_004483,VEND_000081,2026-06-06T02:01:00,BANK_003,122863.96,INR,BANK_TRANSFER,SUCCESS,VENDPAY_00004483
VPAY_004484,VINV_004484,VEND_000014,2026-06-06T00:32:00,BANK_003,234909.68,INR,BANK_TRANSFER,SUCCESS,VENDPAY_00004484
VPAY_004485,VINV_004485,VEND_000089,2026-05-10T00:16:00,BANK_003,162899.00,INR,BANK_TRANSFER,SUCCESS,VENDPAY_00004485
VPAY_004486,VINV_004486,VEND_000015,2026-05-16T19:55:00,BANK_003,205905.28,INR,BANK_TRANSFER,SUCCESS,VENDPAY_00004486
VPAY_004487,VINV_004487,VEND_000019,2026-05-29T22:29:00,BANK_003,205361.30,INR,BANK_TRANSFER,SUCCESS,VENDPAY_00004487
VPAY_004488,VINV_004488,VEND_000032,2026-05-19T21:09:00,BANK_003,102753.00,INR,BANK_TRANSFER,SUCCESS,VENDPAY_00004488
VPAY_004489,VINV_004489,VEND_000021,2026-05-27T02:58:00,BANK_003,59738.68,INR,BANK_TRANSFER,SUCCESS,VENDPAY_00004489
VPAY_004490,VINV_004490,VEND_000020,2026-05-17T22:11:00,BANK_003,97748.84,INR,BANK_TRANSFER,SUCCESS,VENDPAY_00004490
VPAY_004491,VINV_004491,VEND_000049,2026-05-24T02:09:00,BANK_003,152240.06,INR,BANK_TRANSFER,SUCCESS,VENDPAY_00004491
VPAY_004492,VINV_004492,VEND_000076,2026-05-15T00:48:00,BANK_003,252941.26,INR,BANK_TRANSFER,SUCCESS,VENDPAY_00004492
VPAY_004493,VINV_004493,VEND_000025,2026-05-24T21:22:00,BANK_003,53566.10,INR,BANK_TRANSFER,SUCCESS,VENDPAY_00004493
VPAY_004494,VINV_004494,VEND_000026,2026-05-24T20:54:00,BANK_003,142772.92,INR,BANK_TRANSFER,SUCCESS,VENDPAY_00004494
VPAY_004495,VINV_004495,VEND_000003,2026-05-18T23:01:00,BANK_003,147361.94,INR,BANK_TRANSFER,SUCCESS,VENDPAY_00004495
VPAY_004496,VINV_004496,VEND_000066,2026-05-20T20:29:00,BANK_003,238456.76,INR,BANK_TRANSFER,SUCCESS,VENDPAY_00004496
VPAY_004497,VINV_004497,VEND_000002,2026-05-31T20:15:00,BANK_003,136916.58,INR,BANK_TRANSFER,SUCCESS,VENDPAY_00004497
VPAY_004498,VINV_004498,VEND_000002,2026-06-01T21:48:00,BANK_003,168847.38,INR,BANK_TRANSFER,SUCCESS,VENDPAY_00004498
VPAY_004499,VINV_004499,VEND_000065,2026-05-04T20:54:00,BANK_003,161166.76,INR,BANK_TRANSFER,SUCCESS,VENDPAY_00004499
VPAY_004500,VINV_004500,VEND_000025,2026-05-18T00:44:00,BANK_003,191739.38,INR,BANK_TRANSFER,SUCCESS,VENDPAY_00004500
VPAY_004501,VINV_004501,VEND_000051,2026-06-07T03:20:00,BANK_003,185225.78,INR,BANK_TRANSFER,SUCCESS,VENDPAY_00004501
VPAY_004502,VINV_004502,VEND_000021,2026-06-09T23:09:00,BANK_003,237996.56,INR,BANK_TRANSFER,SUCCESS,VENDPAY_00004502
VPAY_004503,VINV_004503,VEND_000030,2026-05-08T00:30:00,BANK_003,136002.08,INR,BANK_TRANSFER,SUCCESS,VENDPAY_00004503
VPAY_004504,VINV_004504,VEND_000061,2026-05-07T21:31:00,BANK_003,151746.82,INR,BANK_TRANSFER,SUCCESS,VENDPAY_00004504
VPAY_004505,VINV_004505,VEND_000073,2026-05-18T00:24:00,BANK_003,100616.24,INR,BANK_TRANSFER,SUCCESS,VENDPAY_00004505
VPAY_004506,VINV_004506,VEND_000052,2026-05-15T23:02:00,BANK_003,161145.52,INR,BANK_TRANSFER,SUCCESS,VENDPAY_00004506
VPAY_004507,VINV_004507,VEND_000078,2026-05-18T02:05:00,BANK_003,94494.40,INR,BANK_TRANSFER,SUCCESS,VENDPAY_00004507
VPAY_004508,VINV_004508,VEND_000074,2026-05-03T20:51:00,BANK_003,101870.58,INR,BANK_TRANSFER,SUCCESS,VENDPAY_00004508
VPAY_004509,VINV_004509,VEND_000015,2026-05-26T01:41:00,BANK_003,75166.00,INR,BANK_TRANSFER,SUCCESS,VENDPAY_00004509
VPAY_004510,VINV_004510,VEND_000028,2026-05-06T20:32:00,BANK_003,66103.60,INR,BANK_TRANSFER,SUCCESS,VENDPAY_00004510
VPAY_004511,VINV_004511,VEND_000041,2026-05-24T23:15:00,BANK_003,258753.94,INR,BANK_TRANSFER,SUCCESS,VENDPAY_00004511
VPAY_004512,VINV_004512,VEND_000030,2026-05-09T21:38:00,BANK_003,187933.88,INR,BANK_TRANSFER,SUCCESS,VENDPAY_00004512
VPAY_004513,VINV_004513,VEND_000083,2026-05-08T00:55:00,BANK_003,179493.34,INR,BANK_TRANSFER,SUCCESS,VENDPAY_00004513
VPAY_004514,VINV_004514,VEND_000086,2026-05-03T02:00:00,BANK_003,92155.00,INR,BANK_TRANSFER,SUCCESS,VENDPAY_00004514
VPAY_004515,VINV_004515,VEND_000010,2026-05-23T22:02:00,BANK_003,156794.86,INR,BANK_TRANSFER,SUCCESS,VENDPAY_00004515
VPAY_004516,VINV_004516,VEND_000083,2026-05-14T19:15:00,BANK_003,223610.00,INR,BANK_TRANSFER,SUCCESS,VENDPAY_00004516
VPAY_004517,VINV_004517,VEND_000027,2026-05-27T22:41:00,BANK_003,86188.38,INR,BANK_TRANSFER,SUCCESS,VENDPAY_00004517
VPAY_004518,VINV_004518,VEND_000006,2026-05-20T20:26:00,BANK_003,137426.34,INR,BANK_TRANSFER,SUCCESS,VENDPAY_00004518
VPAY_004519,VINV_004519,VEND_000021,2026-06-06T20:59:00,BANK_003,72968.84,INR,BANK_TRANSFER,SUCCESS,VENDPAY_00004519
VPAY_004520,VINV_004520,VEND_000020,2026-05-22T20:26:00,BANK_003,82288.48,INR,BANK_TRANSFER,SUCCESS,VENDPAY_00004520
VPAY_004521,VINV_004521,VEND_000048,2026-05-18T20:23:00,BANK_003,144683.34,INR,BANK_TRANSFER,SUCCESS,VENDPAY_00004521
VPAY_004522,VINV_004522,VEND_000048,2026-05-07T03:54:00,BANK_003,219620.42,INR,BANK_TRANSFER,SUCCESS,VENDPAY_00004522
VPAY_004523,VINV_004523,VEND_000070,2026-06-04T01:49:00,BANK_003,182138.90,INR,BANK_TRANSFER,SUCCESS,VENDPAY_00004523
VPAY_004524,VINV_004524,VEND_000039,2026-05-21T02:16:00,BANK_003,55708.98,INR,BANK_TRANSFER,SUCCESS,VENDPAY_00004524
VPAY_004525,VINV_004525,VEND_000068,2026-05-12T03:14:00,BANK_003,154162.28,INR,BANK_TRANSFER,SUCCESS,VENDPAY_00004525
VPAY_004526,VINV_004526,VEND_000050,2026-05-12T03:18:00,BANK_003,148776.76,INR,BANK_TRANSFER,SUCCESS,VENDPAY_00004526
VPAY_004527,VINV_004527,VEND_000087,2026-05-05T03:24:00,BANK_003,53396.18,INR,BANK_TRANSFER,SUCCESS,VENDPAY_00004527
VPAY_004528,VINV_004528,VEND_000023,2026-06-02T23:07:00,BANK_003,229422.68,INR,BANK_TRANSFER,SUCCESS,VENDPAY_00004528
VPAY_004529,VINV_004529,VEND_000057,2026-05-18T21:54:00,BANK_003,250538.78,INR,BANK_TRANSFER,SUCCESS,VENDPAY_00004529
VPAY_004530,VINV_004530,VEND_000041,2026-05-14T01:36:00,BANK_003,214192.42,INR,BANK_TRANSFER,SUCCESS,VENDPAY_00004530
VPAY_004531,VINV_004531,VEND_000082,2026-05-23T21:57:00,BANK_003,177365.80,INR,BANK_TRANSFER,SUCCESS,VENDPAY_00004531
VPAY_004532,VINV_004532,VEND_000040,2026-06-05T22:52:00,BANK_003,89833.40,INR,BANK_TRANSFER,SUCCESS,VENDPAY_00004532
VPAY_004533,VINV_004533,VEND_000028,2026-05-20T22:36:00,BANK_003,144721.10,INR,BANK_TRANSFER,SUCCESS,VENDPAY_00004533
VPAY_004534,VINV_004534,VEND_000079,2026-05-25T02:28:00,BANK_003,96686.84,INR,BANK_TRANSFER,SUCCESS,VENDPAY_00004534
VPAY_004535,VINV_004535,VEND_000019,2026-05-20T02:36:00,BANK_003,108483.30,INR,BANK_TRANSFER,SUCCESS,VENDPAY_00004535
VPAY_004536,VINV_004536,VEND_000003,2026-05-25T00:24:00,BANK_003,147642.78,INR,BANK_TRANSFER,SUCCESS,VENDPAY_00004536
VPAY_004537,VINV_004537,VEND_000037,2026-06-05T22:02:00,BANK_003,103549.72,INR,BANK_TRANSFER,SUCCESS,VENDPAY_00004537
VPAY_004538,VINV_004538,VEND_000015,2026-06-09T22:44:00,BANK_003,140146.24,INR,BANK_TRANSFER,SUCCESS,VENDPAY_00004538
VPAY_004539,VINV_004539,VEND_000012,2026-05-21T23:23:00,BANK_003,198812.30,INR,BANK_TRANSFER,SUCCESS,VENDPAY_00004539
VPAY_004540,VINV_004540,VEND_000053,2026-05-22T01:35:00,BANK_003,199174.00,INR,BANK_TRANSFER,SUCCESS,VENDPAY_00004540
VPAY_004541,VINV_004541,VEND_000074,2026-05-06T02:04:00,BANK_003,216068.62,INR,BANK_TRANSFER,SUCCESS,VENDPAY_00004541
VPAY_004542,VINV_004542,VEND_000066,2026-05-05T23:12:00,BANK_003,114706.62,INR,BANK_TRANSFER,SUCCESS,VENDPAY_00004542
VPAY_004543,VINV_004543,VEND_000008,2026-05-15T02:46:00,BANK_003,102498.00,INR,BANK_TRANSFER,SUCCESS,VENDPAY_00004543
VPAY_004544,VINV_004544,VEND_000003,2026-05-28T01:03:00,BANK_003,105095.52,INR,BANK_TRANSFER,SUCCESS,VENDPAY_00004544
VPAY_004545,VINV_004545,VEND_000001,2026-05-05T22:29:00,BANK_003,160694.76,INR,BANK_TRANSFER,SUCCESS,VENDPAY_00004545
VPAY_004546,VINV_004546,VEND_000070,2026-05-24T01:45:00,BANK_003,157238.54,INR,BANK_TRANSFER,SUCCESS,VENDPAY_00004546
VPAY_004547,VINV_004547,VEND_000025,2026-05-03T22:44:00,BANK_003,82906.80,INR,BANK_TRANSFER,SUCCESS,VENDPAY_00004547
VPAY_004548,VINV_004548,VEND_000042,2026-05-10T21:32:00,BANK_003,108611.92,INR,BANK_TRANSFER,SUCCESS,VENDPAY_00004548
VPAY_004549,VINV_004549,VEND_000071,2026-05-16T22:16:00,BANK_003,53690.00,INR,BANK_TRANSFER,SUCCESS,VENDPAY_00004549
VPAY_004550,VINV_004550,VEND_000054,2026-05-22T22:51:00,BANK_003,243629.88,INR,BANK_TRANSFER,SUCCESS,VENDPAY_00004550
VPAY_004551,VINV_004551,VEND_000008,2026-05-15T02:49:00,BANK_003,163253.00,INR,BANK_TRANSFER,SUCCESS,VENDPAY_00004551
VPAY_004552,VINV_004552,VEND_000021,2026-05-30T22:47:00,BANK_003,194583.18,INR,BANK_TRANSFER,SUCCESS,VENDPAY_00004552
VPAY_004553,VINV_004553,VEND_000030,2026-05-21T20:39:00,BANK_003,107946.40,INR,BANK_TRANSFER,SUCCESS,VENDPAY_00004553
VPAY_004554,VINV_004554,VEND_000065,2026-05-13T20:44:00,BANK_003,241609.72,INR,BANK_TRANSFER,SUCCESS,VENDPAY_00004554
VPAY_004555,VINV_004555,VEND_000028,2026-05-15T01:51:00,BANK_003,202707.48,INR,BANK_TRANSFER,SUCCESS,VENDPAY_00004555
VPAY_004556,VINV_004556,VEND_000065,2026-05-19T22:54:00,BANK_003,157102.84,INR,BANK_TRANSFER,SUCCESS,VENDPAY_00004556
VPAY_004557,VINV_004557,VEND_000023,2026-05-29T23:59:00,BANK_003,176104.38,INR,BANK_TRANSFER,SUCCESS,VENDPAY_00004557
VPAY_004558,VINV_004558,VEND_000056,2026-05-22T01:26:00,BANK_003,223895.56,INR,BANK_TRANSFER,SUCCESS,VENDPAY_00004558
VPAY_004559,VINV_004559,VEND_000001,2026-05-11T02:30:00,BANK_003,76108.82,INR,BANK_TRANSFER,SUCCESS,VENDPAY_00004559
VPAY_004560,VINV_004560,VEND_000026,2026-06-08T23:57:00,BANK_003,122887.56,INR,BANK_TRANSFER,SUCCESS,VENDPAY_00004560
VPAY_004561,VINV_004561,VEND_000013,2026-05-28T22:43:00,BANK_003,220311.90,INR,BANK_TRANSFER,SUCCESS,VENDPAY_00004561
VPAY_004562,VINV_004562,VEND_000045,2026-05-16T22:13:00,BANK_003,110892.86,INR,BANK_TRANSFER,SUCCESS,VENDPAY_00004562
VPAY_004563,VINV_004563,VEND_000068,2026-05-08T01:55:00,BANK_003,200609.44,INR,BANK_TRANSFER,SUCCESS,VENDPAY_00004563
VPAY_004564,VINV_004564,VEND_000052,2026-05-18T03:08:00,BANK_003,202282.68,INR,BANK_TRANSFER,SUCCESS,VENDPAY_00004564
VPAY_004565,VINV_004565,VEND_000084,2026-06-02T22:55:00,BANK_003,66539.02,INR,BANK_TRANSFER,SUCCESS,VENDPAY_00004565
VPAY_004566,VINV_004566,VEND_000075,2026-05-17T22:38:00,BANK_003,104772.20,INR,BANK_TRANSFER,SUCCESS,VENDPAY_00004566
VPAY_004567,VINV_004567,VEND_000084,2026-05-24T19:57:00,BANK_003,135505.30,INR,BANK_TRANSFER,SUCCESS,VENDPAY_00004567
VPAY_004568,VINV_004568,VEND_000080,2026-06-01T03:02:00,BANK_003,92519.08,INR,BANK_TRANSFER,SUCCESS,VENDPAY_00004568
VPAY_004569,VINV_004569,VEND_000053,2026-05-16T20:35:00,BANK_003,75612.00,INR,BANK_TRANSFER,SUCCESS,VENDPAY_00004569
VPAY_004570,VINV_004570,VEND_000046,2026-05-31T01:36:00,BANK_003,236661.98,INR,BANK_TRANSFER,SUCCESS,VENDPAY_00004570
VPAY_004571,VINV_004571,VEND_000070,2026-05-28T22:10:00,BANK_003,145561.26,INR,BANK_TRANSFER,SUCCESS,VENDPAY_00004571
VPAY_004572,VINV_004572,VEND_000023,2026-06-09T03:34:00,BANK_003,58245.98,INR,BANK_TRANSFER,SUCCESS,VENDPAY_00004572
VPAY_004573,VINV_004573,VEND_000090,2026-05-15T00:28:00,BANK_003,173982.74,INR,BANK_TRANSFER,SUCCESS,VENDPAY_00004573
VPAY_004574,VINV_004574,VEND_000069,2026-05-22T20:50:00,BANK_003,172028.66,INR,BANK_TRANSFER,SUCCESS,VENDPAY_00004574
VPAY_004575,VINV_004575,VEND_000074,2026-05-04T02:18:00,BANK_003,82238.92,INR,BANK_TRANSFER,SUCCESS,VENDPAY_00004575
VPAY_004576,VINV_004576,VEND_000027,2026-06-04T00:50:00,BANK_003,148387.36,INR,BANK_TRANSFER,SUCCESS,VENDPAY_00004576
VPAY_004577,VINV_004577,VEND_000044,2026-05-09T21:00:00,BANK_003,153987.64,INR,BANK_TRANSFER,SUCCESS,VENDPAY_00004577
VPAY_004578,VINV_004578,VEND_000086,2026-05-23T02:41:00,BANK_003,159073.00,INR,BANK_TRANSFER,SUCCESS,VENDPAY_00004578
VPAY_004579,VINV_004579,VEND_000057,2026-05-07T01:47:00,BANK_003,145236.76,INR,BANK_TRANSFER,SUCCESS,VENDPAY_00004579
VPAY_004580,VINV_004580,VEND_000057,2026-05-22T23:42:00,BANK_003,136036.30,INR,BANK_TRANSFER,SUCCESS,VENDPAY_00004580
VPAY_004581,VINV_004581,VEND_000080,2026-05-30T20:08:00,BANK_003,180544.72,INR,BANK_TRANSFER,SUCCESS,VENDPAY_00004581
VPAY_004582,VINV_004582,VEND_000009,2026-06-04T21:42:00,BANK_003,188546.30,INR,BANK_TRANSFER,SUCCESS,VENDPAY_00004582
VPAY_004583,VINV_004583,VEND_000063,2026-05-19T23:16:00,BANK_003,59778.80,INR,BANK_TRANSFER,SUCCESS,VENDPAY_00004583
VPAY_004584,VINV_004584,VEND_000040,2026-05-26T01:56:00,BANK_003,207154.90,INR,BANK_TRANSFER,SUCCESS,VENDPAY_00004584
VPAY_004585,VINV_004585,VEND_000088,2026-05-16T20:39:00,BANK_003,244205.72,INR,BANK_TRANSFER,SUCCESS,VENDPAY_00004585
VPAY_004586,VINV_004586,VEND_000036,2026-05-18T22:07:00,BANK_003,76382.58,INR,BANK_TRANSFER,SUCCESS,VENDPAY_00004586
VPAY_004587,VINV_004587,VEND_000015,2026-06-03T20:02:00,BANK_003,180219.04,INR,BANK_TRANSFER,SUCCESS,VENDPAY_00004587
VPAY_004588,VINV_004588,VEND_000059,2026-05-22T23:45:00,BANK_003,213637.82,INR,BANK_TRANSFER,SUCCESS,VENDPAY_00004588
VPAY_004589,VINV_004589,VEND_000052,2026-05-16T02:15:00,BANK_003,232982.74,INR,BANK_TRANSFER,SUCCESS,VENDPAY_00004589
VPAY_004590,VINV_004590,VEND_000049,2026-05-18T01:55:00,BANK_003,143722.82,INR,BANK_TRANSFER,SUCCESS,VENDPAY_00004590
VPAY_004591,VINV_004591,VEND_000034,2026-05-13T01:26:00,BANK_003,142809.50,INR,BANK_TRANSFER,SUCCESS,VENDPAY_00004591
VPAY_004592,VINV_004592,VEND_000085,2026-06-02T22:13:00,BANK_003,251073.32,INR,BANK_TRANSFER,SUCCESS,VENDPAY_00004592
VPAY_004593,VINV_004593,VEND_000002,2026-05-22T22:38:00,BANK_003,154146.94,INR,BANK_TRANSFER,SUCCESS,VENDPAY_00004593
VPAY_004594,VINV_004594,VEND_000021,2026-05-21T21:27:00,BANK_003,176358.08,INR,BANK_TRANSFER,SUCCESS,VENDPAY_00004594
VPAY_004595,VINV_004595,VEND_000051,2026-05-26T21:26:00,BANK_003,176897.34,INR,BANK_TRANSFER,SUCCESS,VENDPAY_00004595
VPAY_004596,VINV_004596,VEND_000003,2026-05-08T01:12:00,BANK_003,221487.18,INR,BANK_TRANSFER,SUCCESS,VENDPAY_00004596
VPAY_004597,VINV_004597,VEND_000046,2026-05-20T20:50:00,BANK_003,213976.48,INR,BANK_TRANSFER,SUCCESS,VENDPAY_00004597
VPAY_004598,VINV_004598,VEND_000001,2026-05-19T20:51:00,BANK_003,225173.50,INR,BANK_TRANSFER,SUCCESS,VENDPAY_00004598
VPAY_004599,VINV_004599,VEND_000086,2026-05-09T20:39:00,BANK_003,55786.00,INR,BANK_TRANSFER,SUCCESS,VENDPAY_00004599
VPAY_004600,VINV_004600,VEND_000086,2026-05-19T23:04:00,BANK_003,186782.00,INR,BANK_TRANSFER,SUCCESS,VENDPAY_00004600
VPAY_004601,VINV_004601,VEND_000034,2026-05-18T20:08:00,BANK_003,85883.94,INR,BANK_TRANSFER,SUCCESS,VENDPAY_00004601
VPAY_004602,VINV_004602,VEND_000031,2026-05-03T21:08:00,BANK_003,57606.42,INR,BANK_TRANSFER,SUCCESS,VENDPAY_00004602
VPAY_004603,VINV_004603,VEND_000048,2026-05-04T02:40:00,BANK_003,57035.30,INR,BANK_TRANSFER,SUCCESS,VENDPAY_00004603
VPAY_004604,VINV_004604,VEND_000102,2026-05-14T22:04:00,BANK_003,81617.06,INR,BANK_TRANSFER,SUCCESS,VENDPAY_00004604
VPAY_004605,VINV_004605,VEND_000110,2026-05-07T00:11:00,BANK_003,76283.46,INR,BANK_TRANSFER,SUCCESS,VENDPAY_00004605
VPAY_004606,VINV_004606,VEND_000102,2026-05-02T21:17:00,BANK_003,81156.86,INR,BANK_TRANSFER,SUCCESS,VENDPAY_00004606
VPAY_004607,VINV_004607,VEND_000097,2026-05-19T21:09:00,BANK_003,89025.10,INR,BANK_TRANSFER,SUCCESS,VENDPAY_00004607
VPAY_004608,VINV_004608,VEND_000109,2026-05-05T00:01:00,BANK_003,29248.66,INR,BANK_TRANSFER,SUCCESS,VENDPAY_00004608
VPAY_004609,VINV_004609,VEND_000091,2026-05-09T02:50:00,BANK_003,39538.26,INR,BANK_TRANSFER,SUCCESS,VENDPAY_00004609
VPAY_004610,VINV_004610,VEND_000092,2026-05-07T00:10:00,BANK_003,26069.74,INR,BANK_TRANSFER,SUCCESS,VENDPAY_00004610
VPAY_004611,VINV_004611,VEND_000094,2026-05-01T03:55:00,BANK_003,28602.02,INR,BANK_TRANSFER,SUCCESS,VENDPAY_00004611
VPAY_004612,VINV_004612,VEND_000099,2026-05-23T03:56:00,BANK_003,41582.02,INR,BANK_TRANSFER,SUCCESS,VENDPAY_00004612
VPAY_004613,VINV_004613,VEND_000099,2026-05-16T21:03:00,BANK_003,74281.00,INR,BANK_TRANSFER,SUCCESS,VENDPAY_00004613
VPAY_004614,VINV_004614,VEND_000102,2026-05-01T21:13:00,BANK_003,46733.90,INR,BANK_TRANSFER,SUCCESS,VENDPAY_00004614
VPAY_004615,VINV_004615,VEND_000095,2026-05-05T23:54:00,BANK_003,39309.34,INR,BANK_TRANSFER,SUCCESS,VENDPAY_00004615
VPAY_004616,VINV_004616,VEND_000104,2026-05-08T00:04:00,BANK_003,80611.00,INR,BANK_TRANSFER,SUCCESS,VENDPAY_00004616
VPAY_004617,VINV_004617,VEND_000096,2026-04-25T23:49:00,BANK_003,49202.46,INR,BANK_TRANSFER,SUCCESS,VENDPAY_00004617
VPAY_004618,VINV_004618,VEND_000097,2026-05-18T00:00:00,BANK_003,66849.36,INR,BANK_TRANSFER,SUCCESS,VENDPAY_00004618
VPAY_004619,VINV_004619,VEND_000100,2026-05-16T00:57:00,BANK_003,95541.06,INR,BANK_TRANSFER,SUCCESS,VENDPAY_00004619
VPAY_004620,VINV_004620,VEND_000101,2026-05-13T00:27:00,BANK_003,78831.08,INR,BANK_TRANSFER,SUCCESS,VENDPAY_00004620
VPAY_004621,VINV_004621,VEND_000094,2026-05-11T02:01:00,BANK_003,57084.86,INR,BANK_TRANSFER,SUCCESS,VENDPAY_00004621
VPAY_004622,VINV_004622,VEND_000093,2026-05-02T21:02:00,BANK_003,35980.00,INR,BANK_TRANSFER,SUCCESS,VENDPAY_00004622
VPAY_004623,VINV_004623,VEND_000096,2026-04-24T01:05:00,BANK_003,29955.48,INR,BANK_TRANSFER,SUCCESS,VENDPAY_00004623
VPAY_004624,VINV_004624,VEND_000096,2026-04-25T22:02:00,BANK_003,35376.40,INR,BANK_TRANSFER,SUCCESS,VENDPAY_00004624
VPAY_004625,VINV_004625,VEND_000095,2026-05-05T20:49:00,BANK_003,92897.86,INR,BANK_TRANSFER,SUCCESS,VENDPAY_00004625
VPAY_004626,VINV_004626,VEND_000108,2026-05-12T02:20:00,BANK_003,105620.62,INR,BANK_TRANSFER,SUCCESS,VENDPAY_00004626
VPAY_004627,VINV_004627,VEND_000101,2026-05-04T03:10:00,BANK_003,106945.76,INR,BANK_TRANSFER,SUCCESS,VENDPAY_00004627
VPAY_004628,VINV_004628,VEND_000100,2026-05-27T22:13:00,BANK_003,47581.14,INR,BANK_TRANSFER,SUCCESS,VENDPAY_00004628
VPAY_004629,VINV_004629,VEND_000101,2026-05-06T01:51:00,BANK_003,36923.38,INR,BANK_TRANSFER,SUCCESS,VENDPAY_00004629
VPAY_004630,VINV_004630,VEND_000110,2026-05-02T21:40:00,BANK_003,34236.52,INR,BANK_TRANSFER,SUCCESS,VENDPAY_00004630
VPAY_004631,VINV_004631,VEND_000092,2026-05-24T01:31:00,BANK_003,103071.82,INR,BANK_TRANSFER,SUCCESS,VENDPAY_00004631
VPAY_004632,VINV_004632,VEND_000093,2026-05-08T03:52:00,BANK_003,51859.00,INR,BANK_TRANSFER,SUCCESS,VENDPAY_00004632
VPAY_004633,VINV_004633,VEND_000098,2026-05-24T03:33:00,BANK_003,65988.00,INR,BANK_TRANSFER,SUCCESS,VENDPAY_00004633
VPAY_004634,VINV_004634,VEND_000100,2026-05-20T00:00:00,BANK_003,89038.08,INR,BANK_TRANSFER,SUCCESS,VENDPAY_00004634
VPAY_004635,VINV_004635,VEND_000105,2026-04-29T21:21:00,BANK_003,39657.44,INR,BANK_TRANSFER,SUCCESS,VENDPAY_00004635
VPAY_004636,VINV_004636,VEND_000109,2026-04-25T04:12:00,BANK_003,92301.96,INR,BANK_TRANSFER,SUCCESS,VENDPAY_00004636
VPAY_004637,VINV_004637,VEND_000110,2026-04-20T02:50:00,BANK_003,52663.40,INR,BANK_TRANSFER,SUCCESS,VENDPAY_00004637
VPAY_004638,VINV_004638,VEND_000108,2026-04-26T03:40:00,BANK_003,25923.42,INR,BANK_TRANSFER,SUCCESS,VENDPAY_00004638
VPAY_004639,VINV_004639,VEND_000104,2026-05-02T02:45:00,BANK_003,28898.00,INR,BANK_TRANSFER,SUCCESS,VENDPAY_00004639
VPAY_004640,VINV_004640,VEND_000107,2026-05-17T02:23:00,BANK_003,49421.94,INR,BANK_TRANSFER,SUCCESS,VENDPAY_00004640
VPAY_004641,VINV_004641,VEND_000107,2026-05-11T23:16:00,BANK_003,103976.88,INR,BANK_TRANSFER,SUCCESS,VENDPAY_00004641
VPAY_004642,VINV_004642,VEND_000096,2026-05-11T03:20:00,BANK_003,95465.54,INR,BANK_TRANSFER,SUCCESS,VENDPAY_00004642
VPAY_004643,VINV_004643,VEND_000108,2026-04-23T22:29:00,BANK_003,88487.02,INR,BANK_TRANSFER,SUCCESS,VENDPAY_00004643
VPAY_004644,VINV_004644,VEND_000094,2026-05-15T22:32:00,BANK_003,90091.82,INR,BANK_TRANSFER,SUCCESS,VENDPAY_00004644
VPAY_004645,VINV_004645,VEND_000097,2026-05-23T03:23:00,BANK_003,71882.06,INR,BANK_TRANSFER,SUCCESS,VENDPAY_00004645
VPAY_004646,VINV_004646,VEND_000107,2026-05-06T23:33:00,BANK_003,28972.54,INR,BANK_TRANSFER,SUCCESS,VENDPAY_00004646
VPAY_004647,VINV_004647,VEND_000106,2026-05-12T22:36:00,BANK_003,50315.20,INR,BANK_TRANSFER,SUCCESS,VENDPAY_00004647
VPAY_004648,VINV_004648,VEND_000106,2026-05-27T00:38:00,BANK_003,89708.32,INR,BANK_TRANSFER,SUCCESS,VENDPAY_00004648
VPAY_004649,VINV_004649,VEND_000103,2026-04-23T03:41:00,BANK_003,31339.62,INR,BANK_TRANSFER,SUCCESS,VENDPAY_00004649
VPAY_004650,VINV_004650,VEND_000095,2026-05-01T23:27:00,BANK_003,110262.74,INR,BANK_TRANSFER,SUCCESS,VENDPAY_00004650
VPAY_004651,VINV_004651,VEND_000104,2026-05-15T01:09:00,BANK_003,52339.00,INR,BANK_TRANSFER,SUCCESS,VENDPAY_00004651
VPAY_004652,VINV_004652,VEND_000094,2026-05-08T04:16:00,BANK_003,28697.60,INR,BANK_TRANSFER,SUCCESS,VENDPAY_00004652
VPAY_004653,VINV_004653,VEND_000109,2026-05-06T00:30:00,BANK_003,23863.14,INR,BANK_TRANSFER,SUCCESS,VENDPAY_00004653
VPAY_004654,VINV_004654,VEND_000101,2026-04-28T03:16:00,BANK_003,46561.62,INR,BANK_TRANSFER,SUCCESS,VENDPAY_00004654
VPAY_004655,VINV_004655,VEND_000104,2026-05-09T23:18:00,BANK_003,86428.00,INR,BANK_TRANSFER,SUCCESS,VENDPAY_00004655
VPAY_004656,VINV_004656,VEND_000100,2026-05-12T03:26:00,BANK_003,81538.00,INR,BANK_TRANSFER,SUCCESS,VENDPAY_00004656
VPAY_004657,VINV_004657,VEND_000110,2026-05-05T00:44:00,BANK_003,92048.26,INR,BANK_TRANSFER,SUCCESS,VENDPAY_00004657
VPAY_004658,VINV_004658,VEND_000102,2026-05-03T23:03:00,BANK_003,97067.98,INR,BANK_TRANSFER,SUCCESS,VENDPAY_00004658
VPAY_004659,VINV_004659,VEND_000095,2026-05-17T03:11:00,BANK_003,101404.48,INR,BANK_TRANSFER,SUCCESS,VENDPAY_00004659
VPAY_004660,VINV_004660,VEND_000093,2026-05-14T02:52:00,BANK_003,75816.00,INR,BANK_TRANSFER,SUCCESS,VENDPAY_00004660
VPAY_004661,VINV_004661,VEND_000110,2026-04-23T02:03:00,BANK_003,32681.28,INR,BANK_TRANSFER,SUCCESS,VENDPAY_00004661
VPAY_004662,VINV_004662,VEND_000105,2026-05-03T01:40:00,BANK_003,33914.38,INR,BANK_TRANSFER,SUCCESS,VENDPAY_00004662
VPAY_004663,VINV_004663,VEND_000107,2026-05-14T01:34:00,BANK_003,67523.14,INR,BANK_TRANSFER,SUCCESS,VENDPAY_00004663
VPAY_004664,VINV_004664,VEND_000099,2026-05-17T02:15:00,BANK_003,53117.70,INR,BANK_TRANSFER,SUCCESS,VENDPAY_00004664
VPAY_004665,VINV_004665,VEND_000103,2026-04-20T01:55:00,BANK_003,102186.82,INR,BANK_TRANSFER,SUCCESS,VENDPAY_00004665
VPAY_004666,VINV_004666,VEND_000091,2026-05-10T00:17:00,BANK_003,53706.52,INR,BANK_TRANSFER,SUCCESS,VENDPAY_00004666
VPAY_004667,VINV_004667,VEND_000108,2026-04-21T00:28:00,BANK_003,38883.36,INR,BANK_TRANSFER,SUCCESS,VENDPAY_00004667
VPAY_004668,VINV_004668,VEND_000106,2026-05-06T03:53:00,BANK_003,104568.06,INR,BANK_TRANSFER,SUCCESS,VENDPAY_00004668
VPAY_004669,VINV_004669,VEND_000091,2026-05-13T21:14:00,BANK_003,109840.30,INR,BANK_TRANSFER,SUCCESS,VENDPAY_00004669
VPAY_004670,VINV_004670,VEND_000105,2026-05-06T21:27:00,BANK_003,93624.74,INR,BANK_TRANSFER,SUCCESS,VENDPAY_00004670
VPAY_004671,VINV_004671,VEND_000108,2026-05-02T01:42:00,BANK_003,87007.30,INR,BANK_TRANSFER,SUCCESS,VENDPAY_00004671
VPAY_004672,VINV_004672,VEND_000102,2026-05-14T04:31:00,BANK_003,35070.78,INR,BANK_TRANSFER,SUCCESS,VENDPAY_00004672
VPAY_004673,VINV_004673,VEND_000108,2026-05-15T00:33:00,BANK_003,24435.44,INR,BANK_TRANSFER,SUCCESS,VENDPAY_00004673
VPAY_004674,VINV_004674,VEND_000101,2026-04-28T00:33:00,BANK_003,51423.22,INR,BANK_TRANSFER,SUCCESS,VENDPAY_00004674
VPAY_004675,VINV_004675,VEND_000094,2026-05-11T22:38:00,BANK_003,40086.96,INR,BANK_TRANSFER,SUCCESS,VENDPAY_00004675
VPAY_004676,VINV_004676,VEND_000108,2026-05-06T21:00:00,BANK_003,40673.42,INR,BANK_TRANSFER,SUCCESS,VENDPAY_00004676
VPAY_004677,VINV_004677,VEND_000101,2026-04-26T20:35:00,BANK_003,75304.06,INR,BANK_TRANSFER,SUCCESS,VENDPAY_00004677
VPAY_004678,VINV_004678,VEND_000092,2026-05-14T04:27:00,BANK_003,103384.52,INR,BANK_TRANSFER,SUCCESS,VENDPAY_00004678
VPAY_004679,VINV_004679,VEND_000094,2026-04-30T01:51:00,BANK_003,27845.64,INR,BANK_TRANSFER,SUCCESS,VENDPAY_00004679
VPAY_004680,VINV_004680,VEND_000100,2026-05-29T00:21:00,BANK_003,54055.80,INR,BANK_TRANSFER,SUCCESS,VENDPAY_00004680
VPAY_004681,VINV_004681,VEND_000101,2026-05-09T00:12:00,BANK_003,103356.20,INR,BANK_TRANSFER,SUCCESS,VENDPAY_00004681
VPAY_004682,VINV_004682,VEND_000095,2026-04-25T21:31:00,BANK_003,89271.72,INR,BANK_TRANSFER,SUCCESS,VENDPAY_00004682
VPAY_004683,VINV_004683,VEND_000110,2026-05-06T23:48:00,BANK_003,83251.36,INR,BANK_TRANSFER,SUCCESS,VENDPAY_00004683
VPAY_004684,VINV_004684,VEND_000110,2026-05-11T00:15:00,BANK_003,30573.80,INR,BANK_TRANSFER,SUCCESS,VENDPAY_00004684
VPAY_004685,VINV_004685,VEND_000104,2026-05-15T03:24:00,BANK_003,29842.00,INR,BANK_TRANSFER,SUCCESS,VENDPAY_00004685
VPAY_004686,VINV_004686,VEND_000098,2026-05-23T20:40:00,BANK_003,29265.00,INR,BANK_TRANSFER,SUCCESS,VENDPAY_00004686
VPAY_004687,VINV_004687,VEND_000098,2026-05-18T22:54:00,BANK_003,94648.00,INR,BANK_TRANSFER,SUCCESS,VENDPAY_00004687
VPAY_004688,VINV_004688,VEND_000094,2026-05-01T21:41:00,BANK_003,36900.96,INR,BANK_TRANSFER,SUCCESS,VENDPAY_00004688
VPAY_004689,VINV_004689,VEND_000110,2026-05-09T22:36:00,BANK_003,27826.76,INR,BANK_TRANSFER,SUCCESS,VENDPAY_00004689
VPAY_004690,VINV_004690,VEND_000096,2026-04-23T23:32:00,BANK_003,91911.38,INR,BANK_TRANSFER,SUCCESS,VENDPAY_00004690
VPAY_004691,VINV_004691,VEND_000104,2026-05-17T01:06:00,BANK_003,67572.00,INR,BANK_TRANSFER,SUCCESS,VENDPAY_00004691
VPAY_004692,VINV_004692,VEND_000100,2026-05-22T00:17:00,BANK_003,48628.98,INR,BANK_TRANSFER,SUCCESS,VENDPAY_00004692
VPAY_004693,VINV_004693,VEND_000099,2026-05-26T04:01:00,BANK_003,31863.54,INR,BANK_TRANSFER,SUCCESS,VENDPAY_00004693
VPAY_004694,VINV_004694,VEND_000094,2026-05-02T01:41:00,BANK_003,92667.76,INR,BANK_TRANSFER,SUCCESS,VENDPAY_00004694
VPAY_004695,VINV_004695,VEND_000100,2026-05-09T03:25:00,BANK_003,84589.48,INR,BANK_TRANSFER,SUCCESS,VENDPAY_00004695
VPAY_004696,VINV_004696,VEND_000092,2026-05-20T21:15:00,BANK_003,50456.80,INR,BANK_TRANSFER,SUCCESS,VENDPAY_00004696
VPAY_004697,VINV_004697,VEND_000097,2026-05-12T01:34:00,BANK_003,22519.12,INR,BANK_TRANSFER,SUCCESS,VENDPAY_00004697
VPAY_004698,VINV_004698,VEND_000104,2026-05-14T21:36:00,BANK_003,35605.00,INR,BANK_TRANSFER,SUCCESS,VENDPAY_00004698
VPAY_004699,VINV_004699,VEND_000099,2026-05-17T21:03:00,BANK_003,63089.88,INR,BANK_TRANSFER,SUCCESS,VENDPAY_00004699
VPAY_004700,VINV_004700,VEND_000097,2026-05-21T22:57:00,BANK_003,24581.76,INR,BANK_TRANSFER,SUCCESS,VENDPAY_00004700
VPAY_004701,VINV_004701,VEND_000103,2026-05-09T22:57:00,BANK_003,61472.10,INR,BANK_TRANSFER,SUCCESS,VENDPAY_00004701
VPAY_004702,VINV_004702,VEND_000096,2026-05-08T23:53:00,BANK_003,99446.86,INR,BANK_TRANSFER,SUCCESS,VENDPAY_00004702
VPAY_004703,VINV_004703,VEND_000107,2026-05-12T02:16:00,BANK_003,91510.18,INR,BANK_TRANSFER,SUCCESS,VENDPAY_00004703
VPAY_004704,VINV_004704,VEND_000102,2026-05-12T21:46:00,BANK_003,38544.70,INR,BANK_TRANSFER,SUCCESS,VENDPAY_00004704
VPAY_004705,VINV_004705,VEND_000105,2026-05-03T20:40:00,BANK_003,42240.46,INR,BANK_TRANSFER,SUCCESS,VENDPAY_00004705
VPAY_004706,VINV_004706,VEND_000097,2026-05-24T03:11:00,BANK_003,24529.84,INR,BANK_TRANSFER,SUCCESS,VENDPAY_00004706
VPAY_004707,VINV_004707,VEND_000103,2026-05-11T00:17:00,BANK_003,63152.42,INR,BANK_TRANSFER,SUCCESS,VENDPAY_00004707
VPAY_004708,VINV_004708,VEND_000097,2026-05-17T00:12:00,BANK_003,99171.92,INR,BANK_TRANSFER,SUCCESS,VENDPAY_00004708
VPAY_004709,VINV_004709,VEND_000097,2026-05-13T20:31:00,BANK_003,106053.68,INR,BANK_TRANSFER,SUCCESS,VENDPAY_00004709
VPAY_004710,VINV_004710,VEND_000098,2026-05-09T23:55:00,BANK_003,48675.00,INR,BANK_TRANSFER,SUCCESS,VENDPAY_00004710
VPAY_004711,VINV_004711,VEND_000105,2026-04-24T23:15:00,BANK_003,23393.50,INR,BANK_TRANSFER,SUCCESS,VENDPAY_00004711
VPAY_004712,VINV_004712,VEND_000110,2026-05-09T02:18:00,BANK_003,23165.76,INR,BANK_TRANSFER,SUCCESS,VENDPAY_00004712
VPAY_004713,VINV_004713,VEND_000102,2026-05-10T02:53:00,BANK_003,51090.46,INR,BANK_TRANSFER,SUCCESS,VENDPAY_00004713
VPAY_004714,VINV_004714,VEND_000096,2026-04-28T00:56:00,BANK_003,105523.86,INR,BANK_TRANSFER,SUCCESS,VENDPAY_00004714
VPAY_004715,VINV_004715,VEND_000096,2026-04-27T21:06:00,BANK_003,27351.22,INR,BANK_TRANSFER,SUCCESS,VENDPAY_00004715
VPAY_004716,VINV_004716,VEND_000098,2026-05-22T20:15:00,BANK_003,29140.00,INR,BANK_TRANSFER,SUCCESS,VENDPAY_00004716
VPAY_004717,VINV_004717,VEND_000095,2026-05-02T03:48:00,BANK_003,22371.62,INR,BANK_TRANSFER,SUCCESS,VENDPAY_00004717
VPAY_004718,VINV_004718,VEND_000092,2026-05-25T22:14:00,BANK_003,97759.46,INR,BANK_TRANSFER,SUCCESS,VENDPAY_00004718
VPAY_004719,VINV_004719,VEND_000097,2026-05-11T22:48:00,BANK_003,45917.34,INR,BANK_TRANSFER,SUCCESS,VENDPAY_00004719
VPAY_004720,VINV_004720,VEND_000093,2026-05-12T21:28:00,BANK_003,25798.00,INR,BANK_TRANSFER,SUCCESS,VENDPAY_00004720
VPAY_004721,VINV_004721,VEND_000095,2026-05-02T00:51:00,BANK_003,43542.00,INR,BANK_TRANSFER,SUCCESS,VENDPAY_00004721
VPAY_004722,VINV_004722,VEND_000108,2026-04-23T02:57:00,BANK_003,94653.70,INR,BANK_TRANSFER,SUCCESS,VENDPAY_00004722
VPAY_004723,VINV_004723,VEND_000109,2026-04-25T00:32:00,BANK_003,84168.22,INR,BANK_TRANSFER,SUCCESS,VENDPAY_00004723
VPAY_004724,VINV_004724,VEND_000106,2026-05-05T02:18:00,BANK_003,67414.58,INR,BANK_TRANSFER,SUCCESS,VENDPAY_00004724
VPAY_004725,VINV_004725,VEND_000097,2026-05-17T03:07:00,BANK_003,47902.10,INR,BANK_TRANSFER,SUCCESS,VENDPAY_00004725
VPAY_004726,VINV_004726,VEND_000110,2026-04-20T02:25:00,BANK_003,29222.70,INR,BANK_TRANSFER,SUCCESS,VENDPAY_00004726
VPAY_004727,VINV_004727,VEND_000104,2026-05-25T03:15:00,BANK_003,31004.00,INR,BANK_TRANSFER,SUCCESS,VENDPAY_00004727
VPAY_004728,VINV_004728,VEND_000091,2026-05-09T00:13:00,BANK_003,44332.60,INR,BANK_TRANSFER,SUCCESS,VENDPAY_00004728
VPAY_004729,VINV_004729,VEND_000096,2026-04-28T01:42:00,BANK_003,29914.18,INR,BANK_TRANSFER,SUCCESS,VENDPAY_00004729
VPAY_004730,VINV_004730,VEND_000101,2026-05-06T00:53:00,BANK_003,57809.38,INR,BANK_TRANSFER,SUCCESS,VENDPAY_00004730
VPAY_004731,VINV_004731,VEND_000093,2026-05-05T00:35:00,BANK_003,92873.00,INR,BANK_TRANSFER,SUCCESS,VENDPAY_00004731
VPAY_004732,VINV_004732,VEND_000109,2026-04-18T23:57:00,BANK_003,26061.48,INR,BANK_TRANSFER,SUCCESS,VENDPAY_00004732
VPAY_004733,VINV_004733,VEND_000101,2026-04-25T00:19:00,BANK_003,25883.30,INR,BANK_TRANSFER,SUCCESS,VENDPAY_00004733
VPAY_004734,VINV_004734,VEND_000101,2026-04-24T00:01:00,BANK_003,108328.72,INR,BANK_TRANSFER,SUCCESS,VENDPAY_00004734
VPAY_004735,VINV_004735,VEND_000105,2026-04-24T23:43:00,BANK_003,35077.86,INR,BANK_TRANSFER,SUCCESS,VENDPAY_00004735
VPAY_004736,VINV_004736,VEND_000096,2026-04-26T03:52:00,BANK_003,46023.54,INR,BANK_TRANSFER,SUCCESS,VENDPAY_00004736
VPAY_004737,VINV_004737,VEND_000103,2026-04-20T02:16:00,BANK_003,108837.30,INR,BANK_TRANSFER,SUCCESS,VENDPAY_00004737
VPAY_004738,VINV_004738,VEND_000103,2026-04-25T23:09:00,BANK_003,97893.98,INR,BANK_TRANSFER,SUCCESS,VENDPAY_00004738
VPAY_004739,VINV_004739,VEND_000099,2026-05-26T01:39:00,BANK_003,70146.28,INR,BANK_TRANSFER,SUCCESS,VENDPAY_00004739
VPAY_004740,VINV_004740,VEND_000094,2026-04-27T22:15:00,BANK_003,97949.44,INR,BANK_TRANSFER,SUCCESS,VENDPAY_00004740
VPAY_004741,VINV_004741,VEND_000093,2026-04-22T21:08:00,BANK_003,80123.00,INR,BANK_TRANSFER,SUCCESS,VENDPAY_00004741
VPAY_004742,VINV_004742,VEND_000104,2026-05-07T01:51:00,BANK_003,25050.00,INR,BANK_TRANSFER,SUCCESS,VENDPAY_00004742
VPAY_004743,VINV_004743,VEND_000100,2026-05-05T03:09:00,BANK_003,41616.24,INR,BANK_TRANSFER,SUCCESS,VENDPAY_00004743
VPAY_004744,VINV_004744,VEND_000103,2026-04-22T22:27:00,BANK_003,23621.24,INR,BANK_TRANSFER,SUCCESS,VENDPAY_00004744
VPAY_004745,VINV_004745,VEND_000109,2026-04-18T23:36:00,BANK_003,62980.14,INR,BANK_TRANSFER,SUCCESS,VENDPAY_00004745
VPAY_004746,VINV_004746,VEND_000100,2026-05-19T02:00:00,BANK_003,90232.24,INR,BANK_TRANSFER,SUCCESS,VENDPAY_00004746
VPAY_004747,VINV_004747,VEND_000091,2026-05-14T20:30:00,BANK_003,53446.92,INR,BANK_TRANSFER,SUCCESS,VENDPAY_00004747
VPAY_004748,VINV_004748,VEND_000102,2026-04-26T21:33:00,BANK_003,70083.74,INR,BANK_TRANSFER,SUCCESS,VENDPAY_00004748
VPAY_004749,VINV_004749,VEND_000141,2026-04-06T22:37:00,BANK_003,92753.90,INR,BANK_TRANSFER,SUCCESS,VENDPAY_00004749
VPAY_004750,VINV_004750,VEND_000149,2026-04-27T23:01:00,BANK_003,75915.30,INR,BANK_TRANSFER,SUCCESS,VENDPAY_00004750
VPAY_004751,VINV_004751,VEND_000128,2026-04-29T05:32:00,BANK_003,82850.16,INR,BANK_TRANSFER,SUCCESS,VENDPAY_00004751
VPAY_004752,VINV_004752,VEND_000015,2026-06-17T23:25:00,BANK_003,171345.44,INR,BANK_TRANSFER,SUCCESS,VENDPAY_00004752
VPAY_004753,VINV_004753,VEND_000014,2026-07-03T02:11:00,BANK_003,230955.50,INR,BANK_TRANSFER,SUCCESS,VENDPAY_00004753
VPAY_004754,VINV_004754,VEND_000069,2026-06-18T21:23:00,BANK_003,232956.78,INR,BANK_TRANSFER,SUCCESS,VENDPAY_00004754
VPAY_004755,VINV_004755,VEND_000070,2026-07-04T19:20:00,BANK_003,178255.52,INR,BANK_TRANSFER,SUCCESS,VENDPAY_00004755
VPAY_004756,VINV_004756,VEND_000033,2026-06-19T02:53:00,BANK_003,201258.44,INR,BANK_TRANSFER,SUCCESS,VENDPAY_00004756
VPAY_004757,VINV_004757,VEND_000017,2026-06-29T20:06:00,BANK_003,101071.00,INR,BANK_TRANSFER,SUCCESS,VENDPAY_00004757
VPAY_004758,VINV_004758,VEND_000002,2026-06-30T00:03:00,BANK_003,207826.32,INR,BANK_TRANSFER,SUCCESS,VENDPAY_00004758
VPAY_004759,VINV_004759,VEND_000059,2026-06-01T23:33:00,BANK_003,133159.46,INR,BANK_TRANSFER,SUCCESS,VENDPAY_00004759
VPAY_004760,VINV_004760,VEND_000057,2026-06-18T22:20:00,BANK_003,256437.60,INR,BANK_TRANSFER,SUCCESS,VENDPAY_00004760
VPAY_004761,VINV_004761,VEND_000074,2026-06-16T19:59:00,BANK_003,63161.86,INR,BANK_TRANSFER,SUCCESS,VENDPAY_00004761
VPAY_004762,VINV_004762,VEND_000011,2026-06-21T01:37:00,BANK_003,188332.72,INR,BANK_TRANSFER,SUCCESS,VENDPAY_00004762
VPAY_004763,VINV_004763,VEND_000052,2026-06-26T23:31:00,BANK_003,229813.26,INR,BANK_TRANSFER,SUCCESS,VENDPAY_00004763
VPAY_004764,VINV_004764,VEND_000051,2026-07-09T19:58:00,BANK_003,241150.70,INR,BANK_TRANSFER,SUCCESS,VENDPAY_00004764
VPAY_004765,VINV_004765,VEND_000026,2026-06-24T00:46:00,BANK_003,153952.24,INR,BANK_TRANSFER,SUCCESS,VENDPAY_00004765
VPAY_004766,VINV_004766,VEND_000066,2026-06-09T21:51:00,BANK_003,188291.42,INR,BANK_TRANSFER,SUCCESS,VENDPAY_00004766
VPAY_004767,VINV_004767,VEND_000065,2026-06-05T01:00:00,BANK_003,101887.10,INR,BANK_TRANSFER,SUCCESS,VENDPAY_00004767
VPAY_004768,VINV_004768,VEND_000041,2026-06-14T21:31:00,BANK_003,137954.98,INR,BANK_TRANSFER,SUCCESS,VENDPAY_00004768
VPAY_004769,VINV_004769,VEND_000002,2026-06-19T00:36:00,BANK_003,105120.30,INR,BANK_TRANSFER,SUCCESS,VENDPAY_00004769
VPAY_004770,VINV_004770,VEND_000063,2026-05-29T00:51:00,BANK_003,98999.64,INR,BANK_TRANSFER,SUCCESS,VENDPAY_00004770
VPAY_004771,VINV_004771,VEND_000001,2026-06-09T21:52:00,BANK_003,117481.98,INR,BANK_TRANSFER,SUCCESS,VENDPAY_00004771
VPAY_004772,VINV_004772,VEND_000003,2026-06-19T03:16:00,BANK_003,58721.52,INR,BANK_TRANSFER,SUCCESS,VENDPAY_00004772
VPAY_004773,VINV_004773,VEND_000032,2026-06-25T01:12:00,BANK_003,121464.00,INR,BANK_TRANSFER,SUCCESS,VENDPAY_00004773
VPAY_004774,VINV_004774,VEND_000059,2026-06-16T21:28:00,BANK_003,127113.14,INR,BANK_TRANSFER,SUCCESS,VENDPAY_00004774
VPAY_004775,VINV_004775,VEND_000001,2026-06-21T03:04:00,BANK_003,212762.26,INR,BANK_TRANSFER,SUCCESS,VENDPAY_00004775
VPAY_004776,VINV_004776,VEND_000016,2026-06-19T22:21:00,BANK_003,131088.56,INR,BANK_TRANSFER,SUCCESS,VENDPAY_00004776
VPAY_004777,VINV_004777,VEND_000003,2026-05-29T22:02:00,BANK_003,232401.00,INR,BANK_TRANSFER,SUCCESS,VENDPAY_00004777
VPAY_004778,VINV_004778,VEND_000031,2026-06-22T22:25:00,BANK_003,96054.36,INR,BANK_TRANSFER,SUCCESS,VENDPAY_00004778
VPAY_004779,VINV_004779,VEND_000059,2026-06-22T22:26:00,BANK_003,233120.80,INR,BANK_TRANSFER,SUCCESS,VENDPAY_00004779
VPAY_004780,VINV_004780,VEND_000080,2026-06-29T01:05:00,BANK_003,66935.50,INR,BANK_TRANSFER,SUCCESS,VENDPAY_00004780
VPAY_004781,VINV_004781,VEND_000039,2026-06-18T21:26:00,BANK_003,221166.22,INR,BANK_TRANSFER,SUCCESS,VENDPAY_00004781
VPAY_004782,VINV_004782,VEND_000062,2026-06-13T20:51:00,BANK_003,112636.00,INR,BANK_TRANSFER,SUCCESS,VENDPAY_00004782
VPAY_004783,VINV_004783,VEND_000007,2026-06-30T22:39:00,BANK_003,51044.00,INR,BANK_TRANSFER,SUCCESS,VENDPAY_00004783
VPAY_004784,VINV_004784,VEND_000088,2026-06-09T00:58:00,BANK_003,120879.20,INR,BANK_TRANSFER,SUCCESS,VENDPAY_00004784
VPAY_004785,VINV_004785,VEND_000013,2026-06-28T01:38:00,BANK_003,128674.28,INR,BANK_TRANSFER,SUCCESS,VENDPAY_00004785
VPAY_004786,VINV_004786,VEND_000067,2026-06-12T01:19:00,BANK_003,79442.32,INR,BANK_TRANSFER,SUCCESS,VENDPAY_00004786
VPAY_004787,VINV_004787,VEND_000089,2026-06-12T02:16:00,BANK_003,133258.58,INR,BANK_TRANSFER,SUCCESS,VENDPAY_00004787
VPAY_004788,VINV_004788,VEND_000074,2026-06-05T20:15:00,BANK_003,148696.52,INR,BANK_TRANSFER,SUCCESS,VENDPAY_00004788
VPAY_004789,VINV_004789,VEND_000082,2026-07-08T02:09:00,BANK_003,133455.64,INR,BANK_TRANSFER,SUCCESS,VENDPAY_00004789
VPAY_004790,VINV_004790,VEND_000047,2026-06-26T23:33:00,BANK_003,116034.12,INR,BANK_TRANSFER,SUCCESS,VENDPAY_00004790
VPAY_004791,VINV_004791,VEND_000036,2026-06-09T20:32:00,BANK_003,180813.76,INR,BANK_TRANSFER,SUCCESS,VENDPAY_00004791
VPAY_004792,VINV_004792,VEND_000042,2026-06-18T23:53:00,BANK_003,169117.60,INR,BANK_TRANSFER,SUCCESS,VENDPAY_00004792
VPAY_004793,VINV_004793,VEND_000037,2026-07-09T00:09:00,BANK_003,233131.42,INR,BANK_TRANSFER,SUCCESS,VENDPAY_00004793
VPAY_004794,VINV_004794,VEND_000056,2026-06-20T21:37:00,BANK_003,189705.06,INR,BANK_TRANSFER,SUCCESS,VENDPAY_00004794
VPAY_004795,VINV_004795,VEND_000013,2026-07-02T19:26:00,BANK_003,71214.18,INR,BANK_TRANSFER,SUCCESS,VENDPAY_00004795
VPAY_004796,VINV_004796,VEND_000083,2026-06-03T20:49:00,BANK_003,58058.36,INR,BANK_TRANSFER,SUCCESS,VENDPAY_00004796
VPAY_004797,VINV_004797,VEND_000089,2026-06-05T21:25:00,BANK_003,209927.90,INR,BANK_TRANSFER,SUCCESS,VENDPAY_00004797
VPAY_004798,VINV_004798,VEND_000084,2026-07-06T01:28:00,BANK_003,121922.32,INR,BANK_TRANSFER,SUCCESS,VENDPAY_00004798
VPAY_004799,VINV_004799,VEND_000001,2026-06-13T23:30:00,BANK_003,99279.30,INR,BANK_TRANSFER,SUCCESS,VENDPAY_00004799
VPAY_004800,VINV_004800,VEND_000068,2026-06-17T23:15:00,BANK_003,160328.96,INR,BANK_TRANSFER,SUCCESS,VENDPAY_00004800
VPAY_004801,VINV_004801,VEND_000064,2026-06-24T03:00:00,BANK_003,134168.36,INR,BANK_TRANSFER,SUCCESS,VENDPAY_00004801
VPAY_004802,VINV_004802,VEND_000060,2026-06-12T20:23:00,BANK_003,123440.98,INR,BANK_TRANSFER,SUCCESS,VENDPAY_00004802
VPAY_004803,VINV_004803,VEND_000053,2026-06-06T20:30:00,BANK_003,126677.00,INR,BANK_TRANSFER,SUCCESS,VENDPAY_00004803
VPAY_004804,VINV_004804,VEND_000045,2026-06-01T19:16:00,BANK_003,193669.86,INR,BANK_TRANSFER,SUCCESS,VENDPAY_00004804
VPAY_004805,VINV_004805,VEND_000012,2026-06-21T01:54:00,BANK_003,102428.72,INR,BANK_TRANSFER,SUCCESS,VENDPAY_00004805
VPAY_004806,VINV_004806,VEND_000071,2026-06-04T21:02:00,BANK_003,155801.30,INR,BANK_TRANSFER,SUCCESS,VENDPAY_00004806
VPAY_004807,VINV_004807,VEND_000088,2026-06-04T01:23:00,BANK_003,182607.36,INR,BANK_TRANSFER,SUCCESS,VENDPAY_00004807
VPAY_004808,VINV_004808,VEND_000081,2026-06-27T20:00:00,BANK_003,154362.88,INR,BANK_TRANSFER,SUCCESS,VENDPAY_00004808
VPAY_004809,VINV_004809,VEND_000037,2026-06-24T20:37:00,BANK_003,258976.96,INR,BANK_TRANSFER,SUCCESS,VENDPAY_00004809
VPAY_004810,VINV_004810,VEND_000008,2026-06-20T20:16:00,BANK_003,166804.00,INR,BANK_TRANSFER,SUCCESS,VENDPAY_00004810
VPAY_004811,VINV_004811,VEND_000008,2026-06-14T20:55:00,BANK_003,114337.00,INR,BANK_TRANSFER,SUCCESS,VENDPAY_00004811
VPAY_004812,VINV_004812,VEND_000007,2026-06-21T00:50:00,BANK_003,67348.00,INR,BANK_TRANSFER,SUCCESS,VENDPAY_00004812
VPAY_004813,VINV_004813,VEND_000067,2026-06-16T02:07:00,BANK_003,97433.78,INR,BANK_TRANSFER,SUCCESS,VENDPAY_00004813
VPAY_004814,VINV_004814,VEND_000012,2026-06-08T03:10:00,BANK_003,107473.22,INR,BANK_TRANSFER,SUCCESS,VENDPAY_00004814
VPAY_004815,VINV_004815,VEND_000073,2026-06-29T20:04:00,BANK_003,247094.36,INR,BANK_TRANSFER,SUCCESS,VENDPAY_00004815
VPAY_004816,VINV_004816,VEND_000012,2026-06-01T20:40:00,BANK_003,91794.56,INR,BANK_TRANSFER,SUCCESS,VENDPAY_00004816
VPAY_004817,VINV_004817,VEND_000069,2026-06-16T21:03:00,BANK_003,168869.80,INR,BANK_TRANSFER,SUCCESS,VENDPAY_00004817
VPAY_004818,VINV_004818,VEND_000056,2026-06-21T02:43:00,BANK_003,153663.14,INR,BANK_TRANSFER,SUCCESS,VENDPAY_00004818
VPAY_004819,VINV_004819,VEND_000040,2026-07-12T19:18:00,BANK_003,171212.10,INR,BANK_TRANSFER,SUCCESS,VENDPAY_00004819
VPAY_004820,VINV_004820,VEND_000084,2026-06-21T02:39:00,BANK_003,108069.12,INR,BANK_TRANSFER,SUCCESS,VENDPAY_00004820
VPAY_004821,VINV_004821,VEND_000029,2026-06-12T21:26:00,BANK_003,211202.00,INR,BANK_TRANSFER,SUCCESS,VENDPAY_00004821
VPAY_004822,VINV_004822,VEND_000014,2026-06-19T00:48:00,BANK_003,245514.34,INR,BANK_TRANSFER,SUCCESS,VENDPAY_00004822
VPAY_004823,VINV_004823,VEND_000001,2026-06-14T20:58:00,BANK_003,166298.58,INR,BANK_TRANSFER,SUCCESS,VENDPAY_00004823
VPAY_004824,VINV_004824,VEND_000040,2026-06-20T22:16:00,BANK_003,205233.86,INR,BANK_TRANSFER,SUCCESS,VENDPAY_00004824
VPAY_004825,VINV_004825,VEND_000045,2026-06-14T21:54:00,BANK_003,225808.34,INR,BANK_TRANSFER,SUCCESS,VENDPAY_00004825
VPAY_004826,VINV_004826,VEND_000053,2026-06-06T23:21:00,BANK_003,185183.00,INR,BANK_TRANSFER,SUCCESS,VENDPAY_00004826
VPAY_004827,VINV_004827,VEND_000013,2026-07-01T02:56:00,BANK_003,92142.66,INR,BANK_TRANSFER,SUCCESS,VENDPAY_00004827
VPAY_004828,VINV_004828,VEND_000051,2026-06-16T20:38:00,BANK_003,193245.06,INR,BANK_TRANSFER,SUCCESS,VENDPAY_00004828
VPAY_004829,VINV_004829,VEND_000054,2026-06-25T20:27:00,BANK_003,172941.98,INR,BANK_TRANSFER,SUCCESS,VENDPAY_00004829
VPAY_004830,VINV_004830,VEND_000020,2026-06-25T01:05:00,BANK_003,93319.12,INR,BANK_TRANSFER,SUCCESS,VENDPAY_00004830
VPAY_004831,VINV_004831,VEND_000053,2026-06-16T01:12:00,BANK_003,188072.00,INR,BANK_TRANSFER,SUCCESS,VENDPAY_00004831
VPAY_004832,VINV_004832,VEND_000080,2026-07-02T01:59:00,BANK_003,143872.68,INR,BANK_TRANSFER,SUCCESS,VENDPAY_00004832
VPAY_004833,VINV_004833,VEND_000085,2026-07-01T01:07:00,BANK_003,102481.82,INR,BANK_TRANSFER,SUCCESS,VENDPAY_00004833
VPAY_004834,VINV_004834,VEND_000047,2026-06-15T00:56:00,BANK_003,57752.74,INR,BANK_TRANSFER,SUCCESS,VENDPAY_00004834
VPAY_004835,VINV_004835,VEND_000066,2026-06-17T23:34:00,BANK_003,146921.80,INR,BANK_TRANSFER,SUCCESS,VENDPAY_00004835
VPAY_004836,VINV_004836,VEND_000039,2026-06-21T20:16:00,BANK_003,98129.98,INR,BANK_TRANSFER,SUCCESS,VENDPAY_00004836
VPAY_004837,VINV_004837,VEND_000035,2026-06-05T21:45:00,BANK_003,117896.16,INR,BANK_TRANSFER,SUCCESS,VENDPAY_00004837
VPAY_004838,VINV_004838,VEND_000054,2026-06-29T00:44:00,BANK_003,170151.28,INR,BANK_TRANSFER,SUCCESS,VENDPAY_00004838
VPAY_004839,VINV_004839,VEND_000020,2026-06-26T21:40:00,BANK_003,79974.50,INR,BANK_TRANSFER,SUCCESS,VENDPAY_00004839
VPAY_004840,VINV_004840,VEND_000033,2026-06-25T01:55:00,BANK_003,240120.56,INR,BANK_TRANSFER,SUCCESS,VENDPAY_00004840
VPAY_004841,VINV_004841,VEND_000021,2026-06-24T22:48:00,BANK_003,163504.34,INR,BANK_TRANSFER,SUCCESS,VENDPAY_00004841
VPAY_004842,VINV_004842,VEND_000003,2026-06-21T01:44:00,BANK_003,176728.60,INR,BANK_TRANSFER,SUCCESS,VENDPAY_00004842
VPAY_004843,VINV_004843,VEND_000037,2026-06-18T19:56:00,BANK_003,251941.80,INR,BANK_TRANSFER,SUCCESS,VENDPAY_00004843
VPAY_004844,VINV_004844,VEND_000013,2026-07-02T00:26:00,BANK_003,242551.36,INR,BANK_TRANSFER,SUCCESS,VENDPAY_00004844
VPAY_004845,VINV_004845,VEND_000070,2026-06-19T00:29:00,BANK_003,223364.56,INR,BANK_TRANSFER,SUCCESS,VENDPAY_00004845
VPAY_004846,VINV_004846,VEND_000060,2026-06-02T01:52:00,BANK_003,130146.92,INR,BANK_TRANSFER,SUCCESS,VENDPAY_00004846
VPAY_004847,VINV_004847,VEND_000030,2026-06-09T03:12:00,BANK_003,147977.90,INR,BANK_TRANSFER,SUCCESS,VENDPAY_00004847
VPAY_004848,VINV_004848,VEND_000065,2026-06-07T03:16:00,BANK_003,208596.86,INR,BANK_TRANSFER,SUCCESS,VENDPAY_00004848
VPAY_004849,VINV_004849,VEND_000068,2026-06-09T20:48:00,BANK_003,212966.40,INR,BANK_TRANSFER,SUCCESS,VENDPAY_00004849
VPAY_004850,VINV_004850,VEND_000069,2026-06-28T20:34:00,BANK_003,60275.58,INR,BANK_TRANSFER,SUCCESS,VENDPAY_00004850
VPAY_004851,VINV_004851,VEND_000003,2026-06-04T22:47:00,BANK_003,160534.28,INR,BANK_TRANSFER,SUCCESS,VENDPAY_00004851
VPAY_004852,VINV_004852,VEND_000006,2026-06-04T02:42:00,BANK_003,109318.74,INR,BANK_TRANSFER,SUCCESS,VENDPAY_00004852
VPAY_004853,VINV_004853,VEND_000040,2026-07-08T22:02:00,BANK_003,113750.82,INR,BANK_TRANSFER,SUCCESS,VENDPAY_00004853
VPAY_004854,VINV_004854,VEND_000011,2026-06-24T02:48:00,BANK_003,110785.48,INR,BANK_TRANSFER,SUCCESS,VENDPAY_00004854
VPAY_004855,VINV_004855,VEND_000016,2026-06-17T23:11:00,BANK_003,177279.66,INR,BANK_TRANSFER,SUCCESS,VENDPAY_00004855
VPAY_004856,VINV_004856,VEND_000001,2026-06-16T19:57:00,BANK_003,127251.20,INR,BANK_TRANSFER,SUCCESS,VENDPAY_00004856
VPAY_004857,VINV_004857,VEND_000083,2026-06-14T00:52:00,BANK_003,209383.92,INR,BANK_TRANSFER,SUCCESS,VENDPAY_00004857
VPAY_004858,VINV_004858,VEND_000026,2026-06-17T23:26:00,BANK_003,103568.60,INR,BANK_TRANSFER,SUCCESS,VENDPAY_00004858
VPAY_004859,VINV_004859,VEND_000014,2026-07-01T01:00:00,BANK_003,237050.20,INR,BANK_TRANSFER,SUCCESS,VENDPAY_00004859
VPAY_004860,VINV_004860,VEND_000011,2026-06-24T22:49:00,BANK_003,80773.36,INR,BANK_TRANSFER,SUCCESS,VENDPAY_00004860
VPAY_004861,VINV_004861,VEND_000027,2026-07-04T02:33:00,BANK_003,145222.60,INR,BANK_TRANSFER,SUCCESS,VENDPAY_00004861
VPAY_004862,VINV_004862,VEND_000031,2026-06-23T21:46:00,BANK_003,86178.94,INR,BANK_TRANSFER,SUCCESS,VENDPAY_00004862
VPAY_004863,VINV_004863,VEND_000076,2026-06-22T00:06:00,BANK_003,197443.50,INR,BANK_TRANSFER,SUCCESS,VENDPAY_00004863
VPAY_004864,VINV_004864,VEND_000006,2026-06-22T02:26:00,BANK_003,85567.70,INR,BANK_TRANSFER,SUCCESS,VENDPAY_00004864
VPAY_004865,VINV_004865,VEND_000020,2026-07-06T21:30:00,BANK_003,162843.54,INR,BANK_TRANSFER,SUCCESS,VENDPAY_00004865
VPAY_004866,VINV_004866,VEND_000065,2026-06-04T22:26:00,BANK_003,133021.40,INR,BANK_TRANSFER,SUCCESS,VENDPAY_00004866
VPAY_004867,VINV_004867,VEND_000082,2026-07-03T00:38:00,BANK_003,197450.58,INR,BANK_TRANSFER,SUCCESS,VENDPAY_00004867
VPAY_004868,VINV_004868,VEND_000002,2026-06-20T02:45:00,BANK_003,247571.08,INR,BANK_TRANSFER,SUCCESS,VENDPAY_00004868
VPAY_004869,VINV_004869,VEND_000057,2026-06-09T00:40:00,BANK_003,158496.42,INR,BANK_TRANSFER,SUCCESS,VENDPAY_00004869
VPAY_004870,VINV_004870,VEND_000016,2026-07-02T01:57:00,BANK_003,60100.94,INR,BANK_TRANSFER,SUCCESS,VENDPAY_00004870
VPAY_004871,VINV_004871,VEND_000072,2026-06-23T03:27:00,BANK_003,216576.02,INR,BANK_TRANSFER,SUCCESS,VENDPAY_00004871
VPAY_004872,VINV_004872,VEND_000067,2026-06-16T21:38:00,BANK_003,54170.26,INR,BANK_TRANSFER,SUCCESS,VENDPAY_00004872
VPAY_004873,VINV_004873,VEND_000077,2026-06-24T02:35:00,BANK_003,70495.56,INR,BANK_TRANSFER,SUCCESS,VENDPAY_00004873
VPAY_004874,VINV_004874,VEND_000015,2026-06-19T20:43:00,BANK_003,181626.78,INR,BANK_TRANSFER,SUCCESS,VENDPAY_00004874
VPAY_004875,VINV_004875,VEND_000071,2026-06-05T00:44:00,BANK_003,211471.34,INR,BANK_TRANSFER,SUCCESS,VENDPAY_00004875
VPAY_004876,VINV_004876,VEND_000020,2026-06-22T23:03:00,BANK_003,93243.60,INR,BANK_TRANSFER,SUCCESS,VENDPAY_00004876
VPAY_004877,VINV_004877,VEND_000033,2026-06-18T23:25:00,BANK_003,201925.14,INR,BANK_TRANSFER,SUCCESS,VENDPAY_00004877
VPAY_004878,VINV_004878,VEND_000069,2026-06-28T23:13:00,BANK_003,114336.10,INR,BANK_TRANSFER,SUCCESS,VENDPAY_00004878
VPAY_004879,VINV_004879,VEND_000006,2026-06-15T01:52:00,BANK_003,191496.30,INR,BANK_TRANSFER,SUCCESS,VENDPAY_00004879
VPAY_004880,VINV_004880,VEND_000001,2026-06-11T02:17:00,BANK_003,109416.68,INR,BANK_TRANSFER,SUCCESS,VENDPAY_00004880
VPAY_004881,VINV_004881,VEND_000087,2026-06-12T22:41:00,BANK_003,222933.86,INR,BANK_TRANSFER,SUCCESS,VENDPAY_00004881
VPAY_004882,VINV_004882,VEND_000060,2026-06-02T23:12:00,BANK_003,207919.54,INR,BANK_TRANSFER,SUCCESS,VENDPAY_00004882
VPAY_004883,VINV_004883,VEND_000084,2026-07-08T01:40:00,BANK_003,132564.74,INR,BANK_TRANSFER,SUCCESS,VENDPAY_00004883
VPAY_004884,VINV_004884,VEND_000025,2026-06-08T01:09:00,BANK_003,94844.86,INR,BANK_TRANSFER,SUCCESS,VENDPAY_00004884
VPAY_004885,VINV_004885,VEND_000024,2026-06-04T21:32:00,BANK_003,103293.66,INR,BANK_TRANSFER,SUCCESS,VENDPAY_00004885
VPAY_004886,VINV_004886,VEND_000050,2026-06-23T00:28:00,BANK_003,239459.76,INR,BANK_TRANSFER,SUCCESS,VENDPAY_00004886
VPAY_004887,VINV_004887,VEND_000071,2026-06-16T00:27:00,BANK_003,162110.76,INR,BANK_TRANSFER,SUCCESS,VENDPAY_00004887
VPAY_004888,VINV_004888,VEND_000086,2026-06-02T02:47:00,BANK_003,168773.00,INR,BANK_TRANSFER,SUCCESS,VENDPAY_00004888
VPAY_004889,VINV_004889,VEND_000088,2026-06-04T03:12:00,BANK_003,163378.08,INR,BANK_TRANSFER,SUCCESS,VENDPAY_00004889
VPAY_004890,VINV_004890,VEND_000032,2026-06-13T03:18:00,BANK_003,196536.00,INR,BANK_TRANSFER,SUCCESS,VENDPAY_00004890
VPAY_004891,VINV_004891,VEND_000012,2026-06-03T00:25:00,BANK_003,152658.96,INR,BANK_TRANSFER,SUCCESS,VENDPAY_00004891
VPAY_004892,VINV_004892,VEND_000053,2026-06-05T02:16:00,BANK_003,123169.00,INR,BANK_TRANSFER,SUCCESS,VENDPAY_00004892
VPAY_004893,VINV_004893,VEND_000001,2026-06-02T01:13:00,BANK_003,201683.24,INR,BANK_TRANSFER,SUCCESS,VENDPAY_00004893
VPAY_004894,VINV_004894,VEND_000047,2026-07-04T03:02:00,BANK_003,67458.24,INR,BANK_TRANSFER,SUCCESS,VENDPAY_00004894
VPAY_004895,VINV_004895,VEND_000021,2026-06-26T00:16:00,BANK_003,140351.56,INR,BANK_TRANSFER,SUCCESS,VENDPAY_00004895
VPAY_004896,VINV_004896,VEND_000080,2026-06-23T22:53:00,BANK_003,219579.12,INR,BANK_TRANSFER,SUCCESS,VENDPAY_00004896
VPAY_004897,VINV_004897,VEND_000037,2026-06-22T03:10:00,BANK_003,220703.66,INR,BANK_TRANSFER,SUCCESS,VENDPAY_00004897
VPAY_004898,VINV_004898,VEND_000029,2026-05-29T01:39:00,BANK_003,51182.00,INR,BANK_TRANSFER,SUCCESS,VENDPAY_00004898
VPAY_004899,VINV_004899,VEND_000055,2026-06-01T21:15:00,BANK_003,238909.88,INR,BANK_TRANSFER,SUCCESS,VENDPAY_00004899
VPAY_004900,VINV_004900,VEND_000041,2026-06-02T19:11:00,BANK_003,123822.12,INR,BANK_TRANSFER,SUCCESS,VENDPAY_00004900
VPAY_004901,VINV_004901,VEND_000048,2026-06-13T23:36:00,BANK_003,75144.76,INR,BANK_TRANSFER,SUCCESS,VENDPAY_00004901
VPAY_004902,VINV_004902,VEND_000071,2026-06-23T23:26:00,BANK_003,173161.46,INR,BANK_TRANSFER,SUCCESS,VENDPAY_00004902
VPAY_004903,VINV_004903,VEND_000032,2026-06-23T02:08:00,BANK_003,105578.00,INR,BANK_TRANSFER,SUCCESS,VENDPAY_00004903
VPAY_004904,VINV_004904,VEND_000030,2026-06-13T19:05:00,BANK_003,148947.86,INR,BANK_TRANSFER,SUCCESS,VENDPAY_00004904
VPAY_004905,VINV_004905,VEND_000001,2026-05-28T00:10:00,BANK_003,153895.60,INR,BANK_TRANSFER,SUCCESS,VENDPAY_00004905
VPAY_004906,VINV_004906,VEND_000036,2026-06-14T22:30:00,BANK_003,207353.14,INR,BANK_TRANSFER,SUCCESS,VENDPAY_00004906
VPAY_004907,VINV_004907,VEND_000063,2026-06-20T00:49:00,BANK_003,209485.40,INR,BANK_TRANSFER,SUCCESS,VENDPAY_00004907
VPAY_004908,VINV_004908,VEND_000016,2026-07-01T22:24:00,BANK_003,152103.18,INR,BANK_TRANSFER,SUCCESS,VENDPAY_00004908
VPAY_004909,VINV_004909,VEND_000042,2026-06-01T01:22:00,BANK_003,87486.38,INR,BANK_TRANSFER,SUCCESS,VENDPAY_00004909
VPAY_004910,VINV_004910,VEND_000058,2026-06-12T02:04:00,BANK_003,205499.36,INR,BANK_TRANSFER,SUCCESS,VENDPAY_00004910
VPAY_004911,VINV_004911,VEND_000018,2026-07-04T19:33:00,BANK_003,125547.28,INR,BANK_TRANSFER,SUCCESS,VENDPAY_00004911
VPAY_004912,VINV_004912,VEND_000065,2026-06-07T00:14:00,BANK_003,83556.98,INR,BANK_TRANSFER,SUCCESS,VENDPAY_00004912
VPAY_004913,VINV_004913,VEND_000020,2026-07-06T20:17:00,BANK_003,169524.70,INR,BANK_TRANSFER,SUCCESS,VENDPAY_00004913
VPAY_004914,VINV_004914,VEND_000021,2026-07-09T22:39:00,BANK_003,123343.04,INR,BANK_TRANSFER,SUCCESS,VENDPAY_00004914
VPAY_004915,VINV_004915,VEND_000020,2026-06-25T22:24:00,BANK_003,144548.82,INR,BANK_TRANSFER,SUCCESS,VENDPAY_00004915
VPAY_004916,VINV_004916,VEND_000036,2026-06-13T23:35:00,BANK_003,183899.46,INR,BANK_TRANSFER,SUCCESS,VENDPAY_00004916
VPAY_004917,VINV_004917,VEND_000005,2026-06-01T02:05:00,BANK_003,163871.32,INR,BANK_TRANSFER,SUCCESS,VENDPAY_00004917
VPAY_004918,VINV_004918,VEND_000004,2026-06-08T01:31:00,BANK_003,195605.06,INR,BANK_TRANSFER,SUCCESS,VENDPAY_00004918
VPAY_004919,VINV_004919,VEND_000016,2026-06-28T21:45:00,BANK_003,164969.90,INR,BANK_TRANSFER,SUCCESS,VENDPAY_00004919
VPAY_004920,VINV_004920,VEND_000084,2026-06-30T02:50:00,BANK_003,201789.44,INR,BANK_TRANSFER,SUCCESS,VENDPAY_00004920
VPAY_004921,VINV_004921,VEND_000062,2026-06-25T01:57:00,BANK_003,219215.00,INR,BANK_TRANSFER,SUCCESS,VENDPAY_00004921
VPAY_004922,VINV_004922,VEND_000013,2026-06-27T01:20:00,BANK_003,203643.22,INR,BANK_TRANSFER,SUCCESS,VENDPAY_00004922
VPAY_004923,VINV_004923,VEND_000068,2026-06-07T00:09:00,BANK_003,58032.40,INR,BANK_TRANSFER,SUCCESS,VENDPAY_00004923
VPAY_004924,VINV_004924,VEND_000038,2026-06-11T02:59:00,BANK_003,75648.62,INR,BANK_TRANSFER,SUCCESS,VENDPAY_00004924
VPAY_004925,VINV_004925,VEND_000059,2026-06-14T00:23:00,BANK_003,109108.70,INR,BANK_TRANSFER,SUCCESS,VENDPAY_00004925
VPAY_004926,VINV_004926,VEND_000073,2026-06-22T02:09:00,BANK_003,106538.66,INR,BANK_TRANSFER,SUCCESS,VENDPAY_00004926
VPAY_004927,VINV_004927,VEND_000088,2026-06-13T22:32:00,BANK_003,216449.76,INR,BANK_TRANSFER,SUCCESS,VENDPAY_00004927
VPAY_004928,VINV_004928,VEND_000024,2026-06-17T02:03:00,BANK_003,224778.20,INR,BANK_TRANSFER,SUCCESS,VENDPAY_00004928
VPAY_004929,VINV_004929,VEND_000006,2026-06-14T22:40:00,BANK_003,191893.96,INR,BANK_TRANSFER,SUCCESS,VENDPAY_00004929
VPAY_004930,VINV_004930,VEND_000018,2026-07-01T01:58:00,BANK_003,56281.28,INR,BANK_TRANSFER,SUCCESS,VENDPAY_00004930
VPAY_004931,VINV_004931,VEND_000088,2026-06-06T00:27:00,BANK_003,117091.40,INR,BANK_TRANSFER,SUCCESS,VENDPAY_00004931
VPAY_004932,VINV_004932,VEND_000027,2026-06-23T02:47:00,BANK_003,157732.96,INR,BANK_TRANSFER,SUCCESS,VENDPAY_00004932
VPAY_004933,VINV_004933,VEND_000061,2026-06-23T22:49:00,BANK_003,182266.34,INR,BANK_TRANSFER,SUCCESS,VENDPAY_00004933
VPAY_004934,VINV_004934,VEND_000078,2026-06-23T03:42:00,BANK_003,91883.06,INR,BANK_TRANSFER,SUCCESS,VENDPAY_00004934
VPAY_004935,VINV_004935,VEND_000065,2026-06-21T01:39:00,BANK_003,200087.88,INR,BANK_TRANSFER,SUCCESS,VENDPAY_00004935
VPAY_004936,VINV_004936,VEND_000086,2026-06-10T01:34:00,BANK_003,52919.00,INR,BANK_TRANSFER,SUCCESS,VENDPAY_00004936
VPAY_004937,VINV_004937,VEND_000076,2026-06-07T03:01:00,BANK_003,125406.86,INR,BANK_TRANSFER,SUCCESS,VENDPAY_00004937
VPAY_004938,VINV_004938,VEND_000048,2026-06-10T01:16:00,BANK_003,125889.48,INR,BANK_TRANSFER,SUCCESS,VENDPAY_00004938
VPAY_004939,VINV_004939,VEND_000004,2026-06-21T00:12:00,BANK_003,215444.40,INR,BANK_TRANSFER,SUCCESS,VENDPAY_00004939
VPAY_004940,VINV_004940,VEND_000061,2026-06-22T02:36:00,BANK_003,114969.76,INR,BANK_TRANSFER,SUCCESS,VENDPAY_00004940
VPAY_004941,VINV_004941,VEND_000042,2026-06-10T23:21:00,BANK_003,237516.30,INR,BANK_TRANSFER,SUCCESS,VENDPAY_00004941
VPAY_004942,VINV_004942,VEND_000002,2026-06-19T00:46:00,BANK_003,150313.12,INR,BANK_TRANSFER,SUCCESS,VENDPAY_00004942
VPAY_004943,VINV_004943,VEND_000053,2026-06-02T21:32:00,BANK_003,163025.00,INR,BANK_TRANSFER,SUCCESS,VENDPAY_00004943
VPAY_004944,VINV_004944,VEND_000065,2026-06-16T19:47:00,BANK_003,237267.32,INR,BANK_TRANSFER,SUCCESS,VENDPAY_00004944
VPAY_004945,VINV_004945,VEND_000045,2026-06-04T02:36:00,BANK_003,131882.70,INR,BANK_TRANSFER,SUCCESS,VENDPAY_00004945
VPAY_004946,VINV_004946,VEND_000076,2026-06-09T02:10:00,BANK_003,61643.20,INR,BANK_TRANSFER,SUCCESS,VENDPAY_00004946
VPAY_004947,VINV_004947,VEND_000019,2026-07-01T21:27:00,BANK_003,109066.22,INR,BANK_TRANSFER,SUCCESS,VENDPAY_00004947
VPAY_004948,VINV_004948,VEND_000017,2026-07-09T21:46:00,BANK_003,164391.00,INR,BANK_TRANSFER,SUCCESS,VENDPAY_00004948
VPAY_004949,VINV_004949,VEND_000008,2026-06-05T20:17:00,BANK_003,91154.00,INR,BANK_TRANSFER,SUCCESS,VENDPAY_00004949
VPAY_004950,VINV_004950,VEND_000062,2026-06-04T22:06:00,BANK_003,72076.00,INR,BANK_TRANSFER,SUCCESS,VENDPAY_00004950
VPAY_004951,VINV_004951,VEND_000060,2026-06-22T02:53:00,BANK_003,167858.54,INR,BANK_TRANSFER,SUCCESS,VENDPAY_00004951
VPAY_004952,VINV_004952,VEND_000055,2026-06-03T23:09:00,BANK_003,240784.90,INR,BANK_TRANSFER,SUCCESS,VENDPAY_00004952
VPAY_004953,VINV_004953,VEND_000055,2026-06-02T21:38:00,BANK_003,103947.38,INR,BANK_TRANSFER,SUCCESS,VENDPAY_00004953
VPAY_004954,VINV_004954,VEND_000021,2026-07-01T21:12:00,BANK_003,243890.66,INR,BANK_TRANSFER,SUCCESS,VENDPAY_00004954
VPAY_004955,VINV_004955,VEND_000037,2026-07-04T01:11:00,BANK_003,136063.44,INR,BANK_TRANSFER,SUCCESS,VENDPAY_00004955
VPAY_004956,VINV_004956,VEND_000005,2026-06-01T21:21:00,BANK_003,169035.00,INR,BANK_TRANSFER,SUCCESS,VENDPAY_00004956
VPAY_004957,VINV_004957,VEND_000075,2026-06-23T01:31:00,BANK_003,55531.98,INR,BANK_TRANSFER,SUCCESS,VENDPAY_00004957
VPAY_004958,VINV_004958,VEND_000024,2026-06-03T20:19:00,BANK_003,62252.08,INR,BANK_TRANSFER,SUCCESS,VENDPAY_00004958
VPAY_004959,VINV_004959,VEND_000073,2026-06-16T19:31:00,BANK_003,223104.96,INR,BANK_TRANSFER,SUCCESS,VENDPAY_00004959
VPAY_004960,VINV_004960,VEND_000024,2026-06-09T02:40:00,BANK_003,176064.26,INR,BANK_TRANSFER,SUCCESS,VENDPAY_00004960
VPAY_004961,VINV_004961,VEND_000008,2026-06-18T22:56:00,BANK_003,155704.00,INR,BANK_TRANSFER,SUCCESS,VENDPAY_00004961
VPAY_004962,VINV_004962,VEND_000058,2026-06-02T01:34:00,BANK_003,196799.22,INR,BANK_TRANSFER,SUCCESS,VENDPAY_00004962
VPAY_004963,VINV_004963,VEND_000011,2026-06-23T02:43:00,BANK_003,176850.14,INR,BANK_TRANSFER,SUCCESS,VENDPAY_00004963
VPAY_004964,VINV_004964,VEND_000044,2026-06-02T21:03:00,BANK_003,56433.50,INR,BANK_TRANSFER,SUCCESS,VENDPAY_00004964
VPAY_004965,VINV_004965,VEND_000027,2026-06-29T19:57:00,BANK_003,110248.58,INR,BANK_TRANSFER,SUCCESS,VENDPAY_00004965
VPAY_004966,VINV_004966,VEND_000024,2026-06-10T19:42:00,BANK_003,131608.94,INR,BANK_TRANSFER,SUCCESS,VENDPAY_00004966
VPAY_004967,VINV_004967,VEND_000015,2026-06-22T03:19:00,BANK_003,189380.56,INR,BANK_TRANSFER,SUCCESS,VENDPAY_00004967
VPAY_004968,VINV_004968,VEND_000057,2026-06-09T02:54:00,BANK_003,187110.24,INR,BANK_TRANSFER,SUCCESS,VENDPAY_00004968
VPAY_004969,VINV_004969,VEND_000070,2026-07-05T00:52:00,BANK_003,121860.96,INR,BANK_TRANSFER,SUCCESS,VENDPAY_00004969
VPAY_004970,VINV_004970,VEND_000042,2026-06-03T01:58:00,BANK_003,133559.48,INR,BANK_TRANSFER,SUCCESS,VENDPAY_00004970
VPAY_004971,VINV_004971,VEND_000079,2026-06-19T01:30:00,BANK_003,242641.04,INR,BANK_TRANSFER,SUCCESS,VENDPAY_00004971
VPAY_004972,VINV_004972,VEND_000090,2026-06-09T02:55:00,BANK_003,239818.48,INR,BANK_TRANSFER,SUCCESS,VENDPAY_00004972
VPAY_004973,VINV_004973,VEND_000017,2026-07-08T22:14:00,BANK_003,166115.00,INR,BANK_TRANSFER,SUCCESS,VENDPAY_00004973
VPAY_004974,VINV_004974,VEND_000024,2026-06-04T01:03:00,BANK_003,220421.64,INR,BANK_TRANSFER,SUCCESS,VENDPAY_00004974
VPAY_004975,VINV_004975,VEND_000050,2026-06-13T02:05:00,BANK_003,121835.00,INR,BANK_TRANSFER,SUCCESS,VENDPAY_00004975
VPAY_004976,VINV_004976,VEND_000039,2026-06-30T00:04:00,BANK_003,227317.56,INR,BANK_TRANSFER,SUCCESS,VENDPAY_00004976
VPAY_004977,VINV_004977,VEND_000056,2026-06-30T23:13:00,BANK_003,182950.74,INR,BANK_TRANSFER,SUCCESS,VENDPAY_00004977
VPAY_004978,VINV_004978,VEND_000022,2026-06-17T22:03:00,BANK_003,193417.34,INR,BANK_TRANSFER,SUCCESS,VENDPAY_00004978
VPAY_004979,VINV_004979,VEND_000046,2026-07-04T22:12:00,BANK_003,116638.28,INR,BANK_TRANSFER,SUCCESS,VENDPAY_00004979
VPAY_004980,VINV_004980,VEND_000080,2026-07-05T01:38:00,BANK_003,246925.62,INR,BANK_TRANSFER,SUCCESS,VENDPAY_00004980
VPAY_004981,VINV_004981,VEND_000058,2026-06-16T03:10:00,BANK_003,53275.82,INR,BANK_TRANSFER,SUCCESS,VENDPAY_00004981
VPAY_004982,VINV_004982,VEND_000039,2026-06-30T03:32:00,BANK_003,53962.58,INR,BANK_TRANSFER,SUCCESS,VENDPAY_00004982
VPAY_004983,VINV_004983,VEND_000047,2026-06-16T22:39:00,BANK_003,180785.44,INR,BANK_TRANSFER,SUCCESS,VENDPAY_00004983
VPAY_004984,VINV_004984,VEND_000070,2026-07-06T22:54:00,BANK_003,56263.58,INR,BANK_TRANSFER,SUCCESS,VENDPAY_00004984
VPAY_004985,VINV_004985,VEND_000073,2026-07-05T20:20:00,BANK_003,106229.50,INR,BANK_TRANSFER,SUCCESS,VENDPAY_00004985
VPAY_004986,VINV_004986,VEND_000024,2026-06-13T01:18:00,BANK_003,77150.76,INR,BANK_TRANSFER,SUCCESS,VENDPAY_00004986
VPAY_004987,VINV_004987,VEND_000031,2026-06-06T01:21:00,BANK_003,244789.82,INR,BANK_TRANSFER,SUCCESS,VENDPAY_00004987
VPAY_004988,VINV_004988,VEND_000070,2026-06-18T01:29:00,BANK_003,230167.26,INR,BANK_TRANSFER,SUCCESS,VENDPAY_00004988
VPAY_004989,VINV_004989,VEND_000023,2026-06-28T02:14:00,BANK_003,101626.32,INR,BANK_TRANSFER,SUCCESS,VENDPAY_00004989
VPAY_004990,VINV_004990,VEND_000027,2026-06-18T20:32:00,BANK_003,106710.94,INR,BANK_TRANSFER,SUCCESS,VENDPAY_00004990
VPAY_004991,VINV_004991,VEND_000046,2026-06-18T00:08:00,BANK_003,73897.50,INR,BANK_TRANSFER,SUCCESS,VENDPAY_00004991
VPAY_004992,VINV_004992,VEND_000084,2026-06-27T20:00:00,BANK_003,155606.60,INR,BANK_TRANSFER,SUCCESS,VENDPAY_00004992
VPAY_004993,VINV_004993,VEND_000015,2026-07-04T23:17:00,BANK_003,244324.90,INR,BANK_TRANSFER,SUCCESS,VENDPAY_00004993
VPAY_004994,VINV_004994,VEND_000037,2026-07-07T00:44:00,BANK_003,154733.40,INR,BANK_TRANSFER,SUCCESS,VENDPAY_00004994
VPAY_004995,VINV_004995,VEND_000029,2026-06-20T01:23:00,BANK_003,151121.00,INR,BANK_TRANSFER,SUCCESS,VENDPAY_00004995
VPAY_004996,VINV_004996,VEND_000089,2026-06-21T00:51:00,BANK_003,117486.70,INR,BANK_TRANSFER,SUCCESS,VENDPAY_00004996
VPAY_004997,VINV_004997,VEND_000025,2026-06-11T00:57:00,BANK_003,103273.60,INR,BANK_TRANSFER,SUCCESS,VENDPAY_00004997
VPAY_004998,VINV_004998,VEND_000051,2026-07-04T21:23:00,BANK_003,103585.12,INR,BANK_TRANSFER,SUCCESS,VENDPAY_00004998
VPAY_004999,VINV_004999,VEND_000001,2026-06-02T02:49:00,BANK_003,219334.86,INR,BANK_TRANSFER,SUCCESS,VENDPAY_00004999
VPAY_005000,VINV_005000,VEND_000016,2026-06-24T20:30:00,BANK_003,92175.70,INR,BANK_TRANSFER,SUCCESS,VENDPAY_00005000
VPAY_005001,VINV_005001,VEND_000012,2026-06-19T20:12:00,BANK_003,103115.48,INR,BANK_TRANSFER,SUCCESS,VENDPAY_00005001
VPAY_005002,VINV_005002,VEND_000043,2026-07-01T01:02:00,BANK_003,238216.04,INR,BANK_TRANSFER,SUCCESS,VENDPAY_00005002
VPAY_005003,VINV_005003,VEND_000008,2026-06-05T23:24:00,BANK_003,75907.00,INR,BANK_TRANSFER,SUCCESS,VENDPAY_00005003
VPAY_005004,VINV_005004,VEND_000052,2026-06-01T21:09:00,BANK_003,114373.86,INR,BANK_TRANSFER,SUCCESS,VENDPAY_00005004
VPAY_005005,VINV_005005,VEND_000040,2026-06-28T01:31:00,BANK_003,234985.20,INR,BANK_TRANSFER,SUCCESS,VENDPAY_00005005
VPAY_005006,VINV_005006,VEND_000009,2026-06-25T19:19:00,BANK_003,57704.36,INR,BANK_TRANSFER,SUCCESS,VENDPAY_00005006
VPAY_005007,VINV_005007,VEND_000083,2026-06-14T22:39:00,BANK_003,81837.72,INR,BANK_TRANSFER,SUCCESS,VENDPAY_00005007
VPAY_005008,VINV_005008,VEND_000044,2026-06-04T22:04:00,BANK_003,245543.84,INR,BANK_TRANSFER,SUCCESS,VENDPAY_00005008
VPAY_005009,VINV_005009,VEND_000024,2026-06-16T00:02:00,BANK_003,175447.12,INR,BANK_TRANSFER,SUCCESS,VENDPAY_00005009
VPAY_005010,VINV_005010,VEND_000013,2026-06-27T20:24:00,BANK_003,202078.54,INR,BANK_TRANSFER,SUCCESS,VENDPAY_00005010
VPAY_005011,VINV_005011,VEND_000017,2026-06-25T00:16:00,BANK_003,156031.00,INR,BANK_TRANSFER,SUCCESS,VENDPAY_00005011
VPAY_005012,VINV_005012,VEND_000020,2026-07-06T21:12:00,BANK_003,210454.18,INR,BANK_TRANSFER,SUCCESS,VENDPAY_00005012
VPAY_005013,VINV_005013,VEND_000033,2026-06-04T22:56:00,BANK_003,171602.68,INR,BANK_TRANSFER,SUCCESS,VENDPAY_00005013
VPAY_005014,VINV_005014,VEND_000090,2026-06-20T20:32:00,BANK_003,60957.62,INR,BANK_TRANSFER,SUCCESS,VENDPAY_00005014
VPAY_005015,VINV_005015,VEND_000058,2026-06-02T00:39:00,BANK_003,123802.06,INR,BANK_TRANSFER,SUCCESS,VENDPAY_00005015
VPAY_005016,VINV_005016,VEND_000085,2026-06-25T01:14:00,BANK_003,217986.12,INR,BANK_TRANSFER,SUCCESS,VENDPAY_00005016
VPAY_005017,VINV_005017,VEND_000035,2026-06-07T23:46:00,BANK_003,71994.16,INR,BANK_TRANSFER,SUCCESS,VENDPAY_00005017
VPAY_005018,VINV_005018,VEND_000009,2026-07-09T00:54:00,BANK_003,162550.90,INR,BANK_TRANSFER,SUCCESS,VENDPAY_00005018
VPAY_005019,VINV_005019,VEND_000046,2026-06-26T21:48:00,BANK_003,56171.54,INR,BANK_TRANSFER,SUCCESS,VENDPAY_00005019
VPAY_005020,VINV_005020,VEND_000027,2026-06-20T00:28:00,BANK_003,96273.84,INR,BANK_TRANSFER,SUCCESS,VENDPAY_00005020
VPAY_005021,VINV_005021,VEND_000039,2026-07-07T23:07:00,BANK_003,126647.04,INR,BANK_TRANSFER,SUCCESS,VENDPAY_00005021
VPAY_005022,VINV_005022,VEND_000067,2026-06-17T02:28:00,BANK_003,189705.06,INR,BANK_TRANSFER,SUCCESS,VENDPAY_00005022
VPAY_005023,VINV_005023,VEND_000082,2026-06-25T00:00:00,BANK_003,96299.80,INR,BANK_TRANSFER,SUCCESS,VENDPAY_00005023
VPAY_005024,VINV_005024,VEND_000048,2026-06-07T19:46:00,BANK_003,130841.94,INR,BANK_TRANSFER,SUCCESS,VENDPAY_00005024
VPAY_005025,VINV_005025,VEND_000065,2026-06-08T23:51:00,BANK_003,221763.30,INR,BANK_TRANSFER,SUCCESS,VENDPAY_00005025
VPAY_005026,VINV_005026,VEND_000081,2026-07-08T23:53:00,BANK_003,152498.48,INR,BANK_TRANSFER,SUCCESS,VENDPAY_00005026
VPAY_005027,VINV_005027,VEND_000076,2026-06-24T23:28:00,BANK_003,108882.14,INR,BANK_TRANSFER,SUCCESS,VENDPAY_00005027
VPAY_005028,VINV_005028,VEND_000039,2026-07-03T00:57:00,BANK_003,220982.14,INR,BANK_TRANSFER,SUCCESS,VENDPAY_00005028
VPAY_005029,VINV_005029,VEND_000056,2026-07-07T02:00:00,BANK_003,205508.80,INR,BANK_TRANSFER,SUCCESS,VENDPAY_00005029
VPAY_005030,VINV_005030,VEND_000027,2026-06-21T20:52:00,BANK_003,125631.06,INR,BANK_TRANSFER,SUCCESS,VENDPAY_00005030
VPAY_005031,VINV_005031,VEND_000046,2026-06-23T21:44:00,BANK_003,82570.50,INR,BANK_TRANSFER,SUCCESS,VENDPAY_00005031
VPAY_005032,VINV_005032,VEND_000022,2026-06-30T20:12:00,BANK_003,158361.90,INR,BANK_TRANSFER,SUCCESS,VENDPAY_00005032
VPAY_005033,VINV_005033,VEND_000056,2026-06-18T02:05:00,BANK_003,138146.14,INR,BANK_TRANSFER,SUCCESS,VENDPAY_00005033
VPAY_005034,VINV_005034,VEND_000082,2026-06-27T20:08:00,BANK_003,208834.04,INR,BANK_TRANSFER,SUCCESS,VENDPAY_00005034
VPAY_005035,VINV_005035,VEND_000070,2026-06-27T23:59:00,BANK_003,106241.30,INR,BANK_TRANSFER,SUCCESS,VENDPAY_00005035
VPAY_005036,VINV_005036,VEND_000062,2026-06-14T03:49:00,BANK_003,80383.00,INR,BANK_TRANSFER,SUCCESS,VENDPAY_00005036
VPAY_005037,VINV_005037,VEND_000003,2026-06-12T22:50:00,BANK_003,210212.28,INR,BANK_TRANSFER,SUCCESS,VENDPAY_00005037
VPAY_005038,VINV_005038,VEND_000017,2026-07-04T23:07:00,BANK_003,217611.00,INR,BANK_TRANSFER,SUCCESS,VENDPAY_00005038
VPAY_005039,VINV_005039,VEND_000047,2026-06-22T22:16:00,BANK_003,147489.38,INR,BANK_TRANSFER,SUCCESS,VENDPAY_00005039
VPAY_005040,VINV_005040,VEND_000048,2026-06-17T02:19:00,BANK_003,77892.98,INR,BANK_TRANSFER,SUCCESS,VENDPAY_00005040
VPAY_005041,VINV_005041,VEND_000072,2026-06-05T21:01:00,BANK_003,102290.66,INR,BANK_TRANSFER,SUCCESS,VENDPAY_00005041
VPAY_005042,VINV_005042,VEND_000002,2026-07-03T21:45:00,BANK_003,85978.34,INR,BANK_TRANSFER,SUCCESS,VENDPAY_00005042
VPAY_005043,VINV_005043,VEND_000085,2026-06-28T21:09:00,BANK_003,249718.68,INR,BANK_TRANSFER,SUCCESS,VENDPAY_00005043
VPAY_005044,VINV_005044,VEND_000058,2026-06-21T21:29:00,BANK_003,106335.70,INR,BANK_TRANSFER,SUCCESS,VENDPAY_00005044
VPAY_005045,VINV_005045,VEND_000076,2026-06-04T19:49:00,BANK_003,131035.46,INR,BANK_TRANSFER,SUCCESS,VENDPAY_00005045
VPAY_005046,VINV_005046,VEND_000012,2026-06-07T00:58:00,BANK_003,105539.20,INR,BANK_TRANSFER,SUCCESS,VENDPAY_00005046
VPAY_005047,VINV_005047,VEND_000012,2026-06-20T01:18:00,BANK_003,142023.62,INR,BANK_TRANSFER,SUCCESS,VENDPAY_00005047
VPAY_005048,VINV_005048,VEND_000077,2026-06-01T19:48:00,BANK_003,56640.00,INR,BANK_TRANSFER,SUCCESS,VENDPAY_00005048
VPAY_005049,VINV_005049,VEND_000051,2026-07-09T00:34:00,BANK_003,105759.86,INR,BANK_TRANSFER,SUCCESS,VENDPAY_00005049
VPAY_005050,VINV_005050,VEND_000018,2026-06-23T20:02:00,BANK_003,179896.90,INR,BANK_TRANSFER,SUCCESS,VENDPAY_00005050
VPAY_005051,VINV_005051,VEND_000044,2026-06-19T23:13:00,BANK_003,69374.56,INR,BANK_TRANSFER,SUCCESS,VENDPAY_00005051
VPAY_005052,VINV_005052,VEND_000025,2026-05-31T02:36:00,BANK_003,110359.50,INR,BANK_TRANSFER,SUCCESS,VENDPAY_00005052
VPAY_005053,VINV_005053,VEND_000083,2026-06-02T00:24:00,BANK_003,65268.16,INR,BANK_TRANSFER,SUCCESS,VENDPAY_00005053
VPAY_005054,VINV_005054,VEND_000079,2026-06-02T21:40:00,BANK_003,76259.86,INR,BANK_TRANSFER,SUCCESS,VENDPAY_00005054
VPAY_005055,VINV_005055,VEND_000074,2026-06-08T21:27:00,BANK_003,121030.24,INR,BANK_TRANSFER,SUCCESS,VENDPAY_00005055
VPAY_005056,VINV_005056,VEND_000069,2026-06-21T23:18:00,BANK_003,244632.88,INR,BANK_TRANSFER,SUCCESS,VENDPAY_00005056
VPAY_005057,VINV_005057,VEND_000039,2026-06-18T20:36:00,BANK_003,196530.18,INR,BANK_TRANSFER,SUCCESS,VENDPAY_00005057
VPAY_005058,VINV_005058,VEND_000049,2026-06-23T23:04:00,BANK_003,54890.06,INR,BANK_TRANSFER,SUCCESS,VENDPAY_00005058
VPAY_005059,VINV_005059,VEND_000003,2026-06-06T01:11:00,BANK_003,216696.38,INR,BANK_TRANSFER,SUCCESS,VENDPAY_00005059
VPAY_005060,VINV_005060,VEND_000085,2026-06-23T02:47:00,BANK_003,64628.60,INR,BANK_TRANSFER,SUCCESS,VENDPAY_00005060
VPAY_005061,VINV_005061,VEND_000052,2026-06-25T00:28:00,BANK_003,87403.78,INR,BANK_TRANSFER,SUCCESS,VENDPAY_00005061
VPAY_005062,VINV_005062,VEND_000008,2026-06-15T02:21:00,BANK_003,169256.00,INR,BANK_TRANSFER,SUCCESS,VENDPAY_00005062
VPAY_005063,VINV_005063,VEND_000051,2026-06-22T23:35:00,BANK_003,140139.16,INR,BANK_TRANSFER,SUCCESS,VENDPAY_00005063
VPAY_005064,VINV_005064,VEND_000002,2026-07-07T00:33:00,BANK_003,57654.80,INR,BANK_TRANSFER,SUCCESS,VENDPAY_00005064
VPAY_005065,VINV_005065,VEND_000060,2026-06-07T22:02:00,BANK_003,106756.96,INR,BANK_TRANSFER,SUCCESS,VENDPAY_00005065
VPAY_005066,VINV_005066,VEND_000012,2026-06-13T20:19:00,BANK_003,190656.14,INR,BANK_TRANSFER,SUCCESS,VENDPAY_00005066
VPAY_005067,VINV_005067,VEND_000029,2026-06-07T22:01:00,BANK_003,74182.00,INR,BANK_TRANSFER,SUCCESS,VENDPAY_00005067
VPAY_005068,VINV_005068,VEND_000053,2026-06-02T22:27:00,BANK_003,75059.00,INR,BANK_TRANSFER,SUCCESS,VENDPAY_00005068
VPAY_005069,VINV_005069,VEND_000037,2026-06-27T00:56:00,BANK_003,81914.42,INR,BANK_TRANSFER,SUCCESS,VENDPAY_00005069
VPAY_005070,VINV_005070,VEND_000026,2026-06-29T02:49:00,BANK_003,83767.02,INR,BANK_TRANSFER,SUCCESS,VENDPAY_00005070
VPAY_005071,VINV_005071,VEND_000037,2026-07-10T00:11:00,BANK_003,89075.84,INR,BANK_TRANSFER,SUCCESS,VENDPAY_00005071
VPAY_005072,VINV_005072,VEND_000023,2026-07-02T03:23:00,BANK_003,196604.52,INR,BANK_TRANSFER,SUCCESS,VENDPAY_00005072
VPAY_005073,VINV_005073,VEND_000067,2026-06-15T01:38:00,BANK_003,165080.82,INR,BANK_TRANSFER,SUCCESS,VENDPAY_00005073
VPAY_005074,VINV_005074,VEND_000055,2026-06-09T19:40:00,BANK_003,117572.84,INR,BANK_TRANSFER,SUCCESS,VENDPAY_00005074
VPAY_005075,VINV_005075,VEND_000024,2026-06-03T00:16:00,BANK_003,246020.56,INR,BANK_TRANSFER,SUCCESS,VENDPAY_00005075
VPAY_005076,VINV_005076,VEND_000055,2026-06-13T03:02:00,BANK_003,74585.44,INR,BANK_TRANSFER,SUCCESS,VENDPAY_00005076
VPAY_005077,VINV_005077,VEND_000013,2026-07-07T00:56:00,BANK_003,211352.16,INR,BANK_TRANSFER,SUCCESS,VENDPAY_00005077
VPAY_005078,VINV_005078,VEND_000012,2026-06-18T02:21:00,BANK_003,206036.26,INR,BANK_TRANSFER,SUCCESS,VENDPAY_00005078
VPAY_005079,VINV_005079,VEND_000023,2026-07-08T21:11:00,BANK_003,145830.30,INR,BANK_TRANSFER,SUCCESS,VENDPAY_00005079
VPAY_005080,VINV_005080,VEND_000022,2026-07-03T21:30:00,BANK_003,141886.74,INR,BANK_TRANSFER,SUCCESS,VENDPAY_00005080
VPAY_005081,VINV_005081,VEND_000040,2026-06-25T03:00:00,BANK_003,135569.02,INR,BANK_TRANSFER,SUCCESS,VENDPAY_00005081
VPAY_005082,VINV_005082,VEND_000022,2026-06-25T20:18:00,BANK_003,120849.70,INR,BANK_TRANSFER,SUCCESS,VENDPAY_00005082
VPAY_005083,VINV_005083,VEND_000043,2026-06-28T03:09:00,BANK_003,113842.86,INR,BANK_TRANSFER,SUCCESS,VENDPAY_00005083
VPAY_005084,VINV_005084,VEND_000074,2026-06-18T22:02:00,BANK_003,132142.30,INR,BANK_TRANSFER,SUCCESS,VENDPAY_00005084
VPAY_005085,VINV_005085,VEND_000022,2026-06-25T01:34:00,BANK_003,164128.56,INR,BANK_TRANSFER,SUCCESS,VENDPAY_00005085
VPAY_005086,VINV_005086,VEND_000029,2026-06-06T00:47:00,BANK_003,144221.00,INR,BANK_TRANSFER,SUCCESS,VENDPAY_00005086
VPAY_005087,VINV_005087,VEND_000036,2026-06-02T22:25:00,BANK_003,197745.58,INR,BANK_TRANSFER,SUCCESS,VENDPAY_00005087
VPAY_005088,VINV_005088,VEND_000035,2026-06-16T23:33:00,BANK_003,72654.96,INR,BANK_TRANSFER,SUCCESS,VENDPAY_00005088
VPAY_005089,VINV_005089,VEND_000077,2026-06-08T22:59:00,BANK_003,157932.38,INR,BANK_TRANSFER,SUCCESS,VENDPAY_00005089
VPAY_005090,VINV_005090,VEND_000081,2026-07-01T20:16:00,BANK_003,149904.84,INR,BANK_TRANSFER,SUCCESS,VENDPAY_00005090
VPAY_005091,VINV_005091,VEND_000023,2026-07-02T00:20:00,BANK_003,81363.36,INR,BANK_TRANSFER,SUCCESS,VENDPAY_00005091
VPAY_005092,VINV_005092,VEND_000031,2026-06-21T19:56:00,BANK_003,152483.14,INR,BANK_TRANSFER,SUCCESS,VENDPAY_00005092
VPAY_005093,VINV_005093,VEND_000005,2026-06-09T02:07:00,BANK_003,232991.00,INR,BANK_TRANSFER,SUCCESS,VENDPAY_00005093
VPAY_005094,VINV_005094,VEND_000034,2026-06-02T20:49:00,BANK_003,185288.32,INR,BANK_TRANSFER,SUCCESS,VENDPAY_00005094
VPAY_005095,VINV_005095,VEND_000083,2026-06-15T02:46:00,BANK_003,249552.30,INR,BANK_TRANSFER,SUCCESS,VENDPAY_00005095
VPAY_005096,VINV_005096,VEND_000038,2026-06-15T23:31:00,BANK_003,121810.22,INR,BANK_TRANSFER,SUCCESS,VENDPAY_00005096
VPAY_005097,VINV_005097,VEND_000036,2026-06-15T22:31:00,BANK_003,118763.46,INR,BANK_TRANSFER,SUCCESS,VENDPAY_00005097
VPAY_005098,VINV_005098,VEND_000093,2026-06-06T21:45:00,BANK_003,89071.00,INR,BANK_TRANSFER,SUCCESS,VENDPAY_00005098
VPAY_005099,VINV_005099,VEND_000099,2026-06-17T00:33:00,BANK_003,85285.68,INR,BANK_TRANSFER,SUCCESS,VENDPAY_00005099
VPAY_005100,VINV_005100,VEND_000103,2026-05-20T23:25:00,BANK_003,106839.56,INR,BANK_TRANSFER,SUCCESS,VENDPAY_00005100
VPAY_005101,VINV_005101,VEND_000093,2026-06-04T04:07:00,BANK_003,86087.00,INR,BANK_TRANSFER,SUCCESS,VENDPAY_00005101
VPAY_005102,VINV_005102,VEND_000095,2026-06-08T03:02:00,BANK_003,91273.00,INR,BANK_TRANSFER,SUCCESS,VENDPAY_00005102
VPAY_005103,VINV_005103,VEND_000094,2026-06-11T02:20:00,BANK_003,22954.54,INR,BANK_TRANSFER,SUCCESS,VENDPAY_00005103
VPAY_005104,VINV_005104,VEND_000105,2026-05-31T00:50:00,BANK_003,108176.50,INR,BANK_TRANSFER,SUCCESS,VENDPAY_00005104
VPAY_005105,VINV_005105,VEND_000102,2026-06-05T20:33:00,BANK_003,84945.84,INR,BANK_TRANSFER,SUCCESS,VENDPAY_00005105
VPAY_005106,VINV_005106,VEND_000098,2026-06-18T01:06:00,BANK_003,50503.00,INR,BANK_TRANSFER,SUCCESS,VENDPAY_00005106
VPAY_005107,VINV_005107,VEND_000098,2026-06-01T03:00:00,BANK_003,45692.00,INR,BANK_TRANSFER,SUCCESS,VENDPAY_00005107
VPAY_005108,VINV_005108,VEND_000097,2026-06-14T23:04:00,BANK_003,24680.88,INR,BANK_TRANSFER,SUCCESS,VENDPAY_00005108
VPAY_005109,VINV_005109,VEND_000095,2026-06-15T20:54:00,BANK_003,49548.20,INR,BANK_TRANSFER,SUCCESS,VENDPAY_00005109
VPAY_005110,VINV_005110,VEND_000106,2026-06-23T01:58:00,BANK_003,110115.24,INR,BANK_TRANSFER,SUCCESS,VENDPAY_00005110
VPAY_005111,VINV_005111,VEND_000107,2026-06-19T03:42:00,BANK_003,91166.80,INR,BANK_TRANSFER,SUCCESS,VENDPAY_00005111
VPAY_005112,VINV_005112,VEND_000107,2026-06-20T23:20:00,BANK_003,72199.48,INR,BANK_TRANSFER,SUCCESS,VENDPAY_00005112
VPAY_005113,VINV_005113,VEND_000097,2026-06-16T00:39:00,BANK_003,109807.26,INR,BANK_TRANSFER,SUCCESS,VENDPAY_00005113
VPAY_005114,VINV_005114,VEND_000096,2026-06-11T00:25:00,BANK_003,100897.08,INR,BANK_TRANSFER,SUCCESS,VENDPAY_00005114
VPAY_005115,VINV_005115,VEND_000091,2026-06-12T00:39:00,BANK_003,69945.68,INR,BANK_TRANSFER,SUCCESS,VENDPAY_00005115
VPAY_005116,VINV_005116,VEND_000100,2026-06-09T21:12:00,BANK_003,109553.56,INR,BANK_TRANSFER,SUCCESS,VENDPAY_00005116
VPAY_005117,VINV_005117,VEND_000092,2026-06-23T21:09:00,BANK_003,61817.84,INR,BANK_TRANSFER,SUCCESS,VENDPAY_00005117
VPAY_005118,VINV_005118,VEND_000093,2026-06-01T22:50:00,BANK_003,89442.00,INR,BANK_TRANSFER,SUCCESS,VENDPAY_00005118
VPAY_005119,VINV_005119,VEND_000103,2026-05-24T02:00:00,BANK_003,53090.56,INR,BANK_TRANSFER,SUCCESS,VENDPAY_00005119
VPAY_005120,VINV_005120,VEND_000103,2026-06-06T04:31:00,BANK_003,46428.28,INR,BANK_TRANSFER,SUCCESS,VENDPAY_00005120
VPAY_005121,VINV_005121,VEND_000109,2026-05-19T01:39:00,BANK_003,111154.82,INR,BANK_TRANSFER,SUCCESS,VENDPAY_00005121
VPAY_005122,VINV_005122,VEND_000109,2026-05-23T01:42:00,BANK_003,104218.78,INR,BANK_TRANSFER,SUCCESS,VENDPAY_00005122
VPAY_005123,VINV_005123,VEND_000104,2026-06-09T00:23:00,BANK_003,60317.00,INR,BANK_TRANSFER,SUCCESS,VENDPAY_00005123
VPAY_005124,VINV_005124,VEND_000105,2026-06-07T21:25:00,BANK_003,22179.28,INR,BANK_TRANSFER,SUCCESS,VENDPAY_00005124
VPAY_005125,VINV_005125,VEND_000096,2026-06-11T21:28:00,BANK_003,83913.34,INR,BANK_TRANSFER,SUCCESS,VENDPAY_00005125
VPAY_005126,VINV_005126,VEND_000109,2026-06-07T00:12:00,BANK_003,104072.46,INR,BANK_TRANSFER,SUCCESS,VENDPAY_00005126
VPAY_005127,VINV_005127,VEND_000093,2026-06-06T01:20:00,BANK_003,49117.00,INR,BANK_TRANSFER,SUCCESS,VENDPAY_00005127
VPAY_005128,VINV_005128,VEND_000102,2026-06-12T03:16:00,BANK_003,108714.58,INR,BANK_TRANSFER,SUCCESS,VENDPAY_00005128
VPAY_005129,VINV_005129,VEND_000103,2026-05-20T22:30:00,BANK_003,49021.92,INR,BANK_TRANSFER,SUCCESS,VENDPAY_00005129
VPAY_005130,VINV_005130,VEND_000105,2026-05-19T02:36:00,BANK_003,50603.12,INR,BANK_TRANSFER,SUCCESS,VENDPAY_00005130
VPAY_005131,VINV_005131,VEND_000107,2026-06-06T04:03:00,BANK_003,46357.48,INR,BANK_TRANSFER,SUCCESS,VENDPAY_00005131
VPAY_005132,VINV_005132,VEND_000098,2026-06-24T21:56:00,BANK_003,25117.00,INR,BANK_TRANSFER,SUCCESS,VENDPAY_00005132
VPAY_005133,VINV_005133,VEND_000108,2026-06-01T04:05:00,BANK_003,38506.94,INR,BANK_TRANSFER,SUCCESS,VENDPAY_00005133
VPAY_005134,VINV_005134,VEND_000103,2026-06-09T02:34:00,BANK_003,63165.40,INR,BANK_TRANSFER,SUCCESS,VENDPAY_00005134
VPAY_005135,VINV_005135,VEND_000107,2026-06-04T00:03:00,BANK_003,110929.44,INR,BANK_TRANSFER,SUCCESS,VENDPAY_00005135
VPAY_005136,VINV_005136,VEND_000099,2026-06-21T23:42:00,BANK_003,111087.56,INR,BANK_TRANSFER,SUCCESS,VENDPAY_00005136
VPAY_005137,VINV_005137,VEND_000107,2026-06-12T20:42:00,BANK_003,35646.62,INR,BANK_TRANSFER,SUCCESS,VENDPAY_00005137
VPAY_005138,VINV_005138,VEND_000092,2026-06-21T01:29:00,BANK_003,38938.82,INR,BANK_TRANSFER,SUCCESS,VENDPAY_00005138
VPAY_005139,VINV_005139,VEND_000100,2026-06-16T21:16:00,BANK_003,27817.32,INR,BANK_TRANSFER,SUCCESS,VENDPAY_00005139
VPAY_005140,VINV_005140,VEND_000107,2026-06-03T21:41:00,BANK_003,104669.54,INR,BANK_TRANSFER,SUCCESS,VENDPAY_00005140
VPAY_005141,VINV_005141,VEND_000103,2026-06-03T21:47:00,BANK_003,44473.02,INR,BANK_TRANSFER,SUCCESS,VENDPAY_00005141
VPAY_005142,VINV_005142,VEND_000100,2026-06-15T01:27:00,BANK_003,67506.62,INR,BANK_TRANSFER,SUCCESS,VENDPAY_00005142
VPAY_005143,VINV_005143,VEND_000091,2026-05-27T21:23:00,BANK_003,92021.12,INR,BANK_TRANSFER,SUCCESS,VENDPAY_00005143
VPAY_005144,VINV_005144,VEND_000096,2026-06-13T01:32:00,BANK_003,93457.18,INR,BANK_TRANSFER,SUCCESS,VENDPAY_00005144
VPAY_005145,VINV_005145,VEND_000108,2026-06-01T03:17:00,BANK_003,21577.48,INR,BANK_TRANSFER,SUCCESS,VENDPAY_00005145
VPAY_005146,VINV_005146,VEND_000103,2026-05-22T21:10:00,BANK_003,38280.38,INR,BANK_TRANSFER,SUCCESS,VENDPAY_00005146
VPAY_005147,VINV_005147,VEND_000095,2026-06-09T22:46:00,BANK_003,23644.84,INR,BANK_TRANSFER,SUCCESS,VENDPAY_00005147
VPAY_005148,VINV_005148,VEND_000098,2026-06-17T02:12:00,BANK_003,33734.00,INR,BANK_TRANSFER,SUCCESS,VENDPAY_00005148
VPAY_005149,VINV_005149,VEND_000104,2026-06-24T03:01:00,BANK_003,43509.00,INR,BANK_TRANSFER,SUCCESS,VENDPAY_00005149
VPAY_005150,VINV_005150,VEND_000097,2026-06-23T21:55:00,BANK_003,71669.66,INR,BANK_TRANSFER,SUCCESS,VENDPAY_00005150
VPAY_005151,VINV_005151,VEND_000101,2026-06-14T01:18:00,BANK_003,101962.62,INR,BANK_TRANSFER,SUCCESS,VENDPAY_00005151
VPAY_005152,VINV_005152,VEND_000093,2026-05-21T01:58:00,BANK_003,41415.00,INR,BANK_TRANSFER,SUCCESS,VENDPAY_00005152
VPAY_005153,VINV_005153,VEND_000095,2026-05-28T23:41:00,BANK_003,67369.74,INR,BANK_TRANSFER,SUCCESS,VENDPAY_00005153
VPAY_005154,VINV_005154,VEND_000110,2026-06-05T21:28:00,BANK_003,24110.94,INR,BANK_TRANSFER,SUCCESS,VENDPAY_00005154
VPAY_005155,VINV_005155,VEND_000105,2026-05-23T01:20:00,BANK_003,77573.20,INR,BANK_TRANSFER,SUCCESS,VENDPAY_00005155
VPAY_005156,VINV_005156,VEND_000099,2026-06-16T23:01:00,BANK_003,109378.92,INR,BANK_TRANSFER,SUCCESS,VENDPAY_00005156
VPAY_005157,VINV_005157,VEND_000103,2026-05-18T21:22:00,BANK_003,90661.76,INR,BANK_TRANSFER,SUCCESS,VENDPAY_00005157
VPAY_005158,VINV_005158,VEND_000101,2026-06-11T22:10:00,BANK_003,41803.86,INR,BANK_TRANSFER,SUCCESS,VENDPAY_00005158
VPAY_005159,VINV_005159,VEND_000098,2026-06-11T01:30:00,BANK_003,73694.00,INR,BANK_TRANSFER,SUCCESS,VENDPAY_00005159
VPAY_005160,VINV_005160,VEND_000105,2026-05-27T00:49:00,BANK_003,78034.58,INR,BANK_TRANSFER,SUCCESS,VENDPAY_00005160
VPAY_005161,VINV_005161,VEND_000103,2026-06-03T20:53:00,BANK_003,63304.64,INR,BANK_TRANSFER,SUCCESS,VENDPAY_00005161
VPAY_005162,VINV_005162,VEND_000109,2026-06-04T21:57:00,BANK_003,91112.52,INR,BANK_TRANSFER,SUCCESS,VENDPAY_00005162
VPAY_005163,VINV_005163,VEND_000103,2026-05-22T20:20:00,BANK_003,84824.30,INR,BANK_TRANSFER,SUCCESS,VENDPAY_00005163
VPAY_005164,VINV_005164,VEND_000092,2026-06-09T20:57:00,BANK_003,80191.62,INR,BANK_TRANSFER,SUCCESS,VENDPAY_00005164
VPAY_005165,VINV_005165,VEND_000110,2026-05-31T20:48:00,BANK_003,103048.22,INR,BANK_TRANSFER,SUCCESS,VENDPAY_00005165
VPAY_005166,VINV_005166,VEND_000109,2026-06-06T03:26:00,BANK_003,69249.48,INR,BANK_TRANSFER,SUCCESS,VENDPAY_00005166
VPAY_005167,VINV_005167,VEND_000096,2026-06-13T23:08:00,BANK_003,42102.40,INR,BANK_TRANSFER,SUCCESS,VENDPAY_00005167
VPAY_005168,VINV_005168,VEND_000107,2026-06-07T22:51:00,BANK_003,81087.24,INR,BANK_TRANSFER,SUCCESS,VENDPAY_00005168
VPAY_005169,VINV_005169,VEND_000095,2026-06-07T22:06:00,BANK_003,22953.36,INR,BANK_TRANSFER,SUCCESS,VENDPAY_00005169
VPAY_005170,VINV_005170,VEND_000105,2026-06-06T03:39:00,BANK_003,109273.90,INR,BANK_TRANSFER,SUCCESS,VENDPAY_00005170
VPAY_005171,VINV_005171,VEND_000102,2026-06-11T22:47:00,BANK_003,79541.44,INR,BANK_TRANSFER,SUCCESS,VENDPAY_00005171
VPAY_005172,VINV_005172,VEND_000110,2026-05-25T23:39:00,BANK_003,106020.64,INR,BANK_TRANSFER,SUCCESS,VENDPAY_00005172
VPAY_005173,VINV_005173,VEND_000106,2026-06-15T01:08:00,BANK_003,83076.72,INR,BANK_TRANSFER,SUCCESS,VENDPAY_00005173
VPAY_005174,VINV_005174,VEND_000105,2026-05-30T00:29:00,BANK_003,50206.64,INR,BANK_TRANSFER,SUCCESS,VENDPAY_00005174
VPAY_005175,VINV_005175,VEND_000094,2026-05-31T21:00:00,BANK_003,59450.76,INR,BANK_TRANSFER,SUCCESS,VENDPAY_00005175
VPAY_005176,VINV_005176,VEND_000099,2026-06-06T02:32:00,BANK_003,59444.86,INR,BANK_TRANSFER,SUCCESS,VENDPAY_00005176
VPAY_005177,VINV_005177,VEND_000097,2026-06-07T00:30:00,BANK_003,34329.74,INR,BANK_TRANSFER,SUCCESS,VENDPAY_00005177
VPAY_005178,VINV_005178,VEND_000091,2026-05-28T03:17:00,BANK_003,31524.88,INR,BANK_TRANSFER,SUCCESS,VENDPAY_00005178
VPAY_005179,VINV_005179,VEND_000105,2026-05-23T01:08:00,BANK_003,82935.12,INR,BANK_TRANSFER,SUCCESS,VENDPAY_00005179
VPAY_005180,VINV_005180,VEND_000100,2026-06-03T22:40:00,BANK_003,56321.40,INR,BANK_TRANSFER,SUCCESS,VENDPAY_00005180
VPAY_005181,VINV_005181,VEND_000109,2026-05-25T03:19:00,BANK_003,32177.42,INR,BANK_TRANSFER,SUCCESS,VENDPAY_00005181
VPAY_005182,VINV_005182,VEND_000107,2026-06-20T00:07:00,BANK_003,110157.72,INR,BANK_TRANSFER,SUCCESS,VENDPAY_00005182
VPAY_005183,VINV_005183,VEND_000108,2026-05-22T22:38:00,BANK_003,93943.34,INR,BANK_TRANSFER,SUCCESS,VENDPAY_00005183
VPAY_005184,VINV_005184,VEND_000103,2026-05-18T22:29:00,BANK_003,67193.92,INR,BANK_TRANSFER,SUCCESS,VENDPAY_00005184
VPAY_005185,VINV_005185,VEND_000091,2026-06-11T20:59:00,BANK_003,72203.02,INR,BANK_TRANSFER,SUCCESS,VENDPAY_00005185
VPAY_005186,VINV_005186,VEND_000096,2026-06-05T21:39:00,BANK_003,57358.62,INR,BANK_TRANSFER,SUCCESS,VENDPAY_00005186
VPAY_005187,VINV_005187,VEND_000106,2026-06-11T22:51:00,BANK_003,87223.24,INR,BANK_TRANSFER,SUCCESS,VENDPAY_00005187
VPAY_005188,VINV_005188,VEND_000099,2026-06-21T22:01:00,BANK_003,107650.22,INR,BANK_TRANSFER,SUCCESS,VENDPAY_00005188
VPAY_005189,VINV_005189,VEND_000109,2026-05-17T22:34:00,BANK_003,105562.80,INR,BANK_TRANSFER,SUCCESS,VENDPAY_00005189
VPAY_005190,VINV_005190,VEND_000095,2026-05-26T02:36:00,BANK_003,21906.70,INR,BANK_TRANSFER,SUCCESS,VENDPAY_00005190
VPAY_005191,VINV_005191,VEND_000091,2026-06-12T03:35:00,BANK_003,90616.92,INR,BANK_TRANSFER,SUCCESS,VENDPAY_00005191
VPAY_005192,VINV_005192,VEND_000107,2026-06-20T01:41:00,BANK_003,87840.38,INR,BANK_TRANSFER,SUCCESS,VENDPAY_00005192
VPAY_005193,VINV_005193,VEND_000100,2026-06-14T00:43:00,BANK_003,22279.58,INR,BANK_TRANSFER,SUCCESS,VENDPAY_00005193
VPAY_005194,VINV_005194,VEND_000094,2026-06-02T22:27:00,BANK_003,46506.16,INR,BANK_TRANSFER,SUCCESS,VENDPAY_00005194
VPAY_005195,VINV_005195,VEND_000106,2026-06-15T00:01:00,BANK_003,70074.30,INR,BANK_TRANSFER,SUCCESS,VENDPAY_00005195
VPAY_005196,VINV_005196,VEND_000106,2026-06-09T00:12:00,BANK_003,97932.92,INR,BANK_TRANSFER,SUCCESS,VENDPAY_00005196
VPAY_005197,VINV_005197,VEND_000102,2026-05-31T00:53:00,BANK_003,30845.20,INR,BANK_TRANSFER,SUCCESS,VENDPAY_00005197
VPAY_005198,VINV_005198,VEND_000096,2026-05-27T03:13:00,BANK_003,28197.28,INR,BANK_TRANSFER,SUCCESS,VENDPAY_00005198
VPAY_005199,VINV_005199,VEND_000109,2026-06-05T03:45:00,BANK_003,32217.54,INR,BANK_TRANSFER,SUCCESS,VENDPAY_00005199
VPAY_005200,VINV_005200,VEND_000105,2026-05-25T02:26:00,BANK_003,27475.12,INR,BANK_TRANSFER,SUCCESS,VENDPAY_00005200
VPAY_005201,VINV_005201,VEND_000100,2026-06-16T22:36:00,BANK_003,63781.36,INR,BANK_TRANSFER,SUCCESS,VENDPAY_00005201
VPAY_005202,VINV_005202,VEND_000106,2026-06-03T03:17:00,BANK_003,87939.50,INR,BANK_TRANSFER,SUCCESS,VENDPAY_00005202
VPAY_005203,VINV_005203,VEND_000098,2026-05-30T22:36:00,BANK_003,59315.00,INR,BANK_TRANSFER,SUCCESS,VENDPAY_00005203
VPAY_005204,VINV_005204,VEND_000106,2026-06-13T00:45:00,BANK_003,85199.54,INR,BANK_TRANSFER,SUCCESS,VENDPAY_00005204
VPAY_005205,VINV_005205,VEND_000092,2026-06-13T23:49:00,BANK_003,107443.72,INR,BANK_TRANSFER,SUCCESS,VENDPAY_00005205
VPAY_005206,VINV_005206,VEND_000096,2026-06-11T03:46:00,BANK_003,104481.92,INR,BANK_TRANSFER,SUCCESS,VENDPAY_00005206
VPAY_005207,VINV_005207,VEND_000103,2026-05-27T03:16:00,BANK_003,51025.56,INR,BANK_TRANSFER,SUCCESS,VENDPAY_00005207
VPAY_005208,VINV_005208,VEND_000102,2026-05-23T22:23:00,BANK_003,99946.00,INR,BANK_TRANSFER,SUCCESS,VENDPAY_00005208
VPAY_005209,VINV_005209,VEND_000093,2026-06-03T04:21:00,BANK_003,30509.00,INR,BANK_TRANSFER,SUCCESS,VENDPAY_00005209
VPAY_005210,VINV_005210,VEND_000110,2026-06-08T22:30:00,BANK_003,81929.76,INR,BANK_TRANSFER,SUCCESS,VENDPAY_00005210
VPAY_005211,VINV_005211,VEND_000094,2026-05-25T02:14:00,BANK_003,82853.70,INR,BANK_TRANSFER,SUCCESS,VENDPAY_00005211
VPAY_005212,VINV_005212,VEND_000091,2026-06-01T21:17:00,BANK_003,29062.22,INR,BANK_TRANSFER,SUCCESS,VENDPAY_00005212
VPAY_005213,VINV_005213,VEND_000091,2026-06-03T01:44:00,BANK_003,69414.68,INR,BANK_TRANSFER,SUCCESS,VENDPAY_00005213
VPAY_005214,VINV_005214,VEND_000099,2026-06-09T22:14:00,BANK_003,24081.44,INR,BANK_TRANSFER,SUCCESS,VENDPAY_00005214
VPAY_005215,VINV_005215,VEND_000108,2026-06-10T00:10:00,BANK_003,24972.34,INR,BANK_TRANSFER,SUCCESS,VENDPAY_00005215
VPAY_005216,VINV_005216,VEND_000096,2026-05-31T00:20:00,BANK_003,27411.40,INR,BANK_TRANSFER,SUCCESS,VENDPAY_00005216
VPAY_005217,VINV_005217,VEND_000108,2026-06-02T23:23:00,BANK_003,107029.54,INR,BANK_TRANSFER,SUCCESS,VENDPAY_00005217
VPAY_005218,VINV_005218,VEND_000091,2026-06-09T20:43:00,BANK_003,90036.36,INR,BANK_TRANSFER,SUCCESS,VENDPAY_00005218
VPAY_005219,VINV_005219,VEND_000101,2026-06-14T03:20:00,BANK_003,45591.66,INR,BANK_TRANSFER,SUCCESS,VENDPAY_00005219
VPAY_005220,VINV_005220,VEND_000103,2026-06-10T03:39:00,BANK_003,64929.50,INR,BANK_TRANSFER,SUCCESS,VENDPAY_00005220
VPAY_005221,VINV_005221,VEND_000098,2026-06-23T02:42:00,BANK_003,62898.00,INR,BANK_TRANSFER,SUCCESS,VENDPAY_00005221
VPAY_005222,VINV_005222,VEND_000097,2026-06-12T00:53:00,BANK_003,93688.46,INR,BANK_TRANSFER,SUCCESS,VENDPAY_00005222
VPAY_005223,VINV_005223,VEND_000107,2026-06-12T01:37:00,BANK_003,29502.36,INR,BANK_TRANSFER,SUCCESS,VENDPAY_00005223
VPAY_005224,VINV_005224,VEND_000110,2026-06-02T23:58:00,BANK_003,107603.02,INR,BANK_TRANSFER,SUCCESS,VENDPAY_00005224
VPAY_005225,VINV_005225,VEND_000094,2026-06-09T21:47:00,BANK_003,35569.92,INR,BANK_TRANSFER,SUCCESS,VENDPAY_00005225
VPAY_005226,VINV_005226,VEND_000093,2026-05-30T04:31:00,BANK_003,30042.00,INR,BANK_TRANSFER,SUCCESS,VENDPAY_00005226
VPAY_005227,VINV_005227,VEND_000103,2026-05-22T01:52:00,BANK_003,36746.38,INR,BANK_TRANSFER,SUCCESS,VENDPAY_00005227
VPAY_005228,VINV_005228,VEND_000108,2026-05-28T20:54:00,BANK_003,28515.88,INR,BANK_TRANSFER,SUCCESS,VENDPAY_00005228
VPAY_005229,VINV_005229,VEND_000094,2026-06-06T22:55:00,BANK_003,38475.08,INR,BANK_TRANSFER,SUCCESS,VENDPAY_00005229
VPAY_005230,VINV_005230,VEND_000105,2026-05-22T20:14:00,BANK_003,45820.58,INR,BANK_TRANSFER,SUCCESS,VENDPAY_00005230
VPAY_005231,VINV_005231,VEND_000106,2026-06-17T21:36:00,BANK_003,22323.24,INR,BANK_TRANSFER,SUCCESS,VENDPAY_00005231
VPAY_005232,VINV_005232,VEND_000099,2026-06-18T04:31:00,BANK_003,67061.76,INR,BANK_TRANSFER,SUCCESS,VENDPAY_00005232
VPAY_005233,VINV_005233,VEND_000095,2026-05-23T23:51:00,BANK_003,51660.40,INR,BANK_TRANSFER,SUCCESS,VENDPAY_00005233
VPAY_005234,VINV_005234,VEND_000093,2026-05-30T21:44:00,BANK_003,93011.00,INR,BANK_TRANSFER,SUCCESS,VENDPAY_00005234
VPAY_005235,VINV_005235,VEND_000104,2026-06-14T21:43:00,BANK_003,81690.00,INR,BANK_TRANSFER,SUCCESS,VENDPAY_00005235
VPAY_005236,VINV_005236,VEND_000096,2026-06-03T04:41:00,BANK_003,59626.58,INR,BANK_TRANSFER,SUCCESS,VENDPAY_00005236
VPAY_005237,VINV_005237,VEND_000102,2026-05-24T02:07:00,BANK_003,57135.60,INR,BANK_TRANSFER,SUCCESS,VENDPAY_00005237
VPAY_005238,VINV_005238,VEND_000108,2026-05-18T21:13:00,BANK_003,67825.22,INR,BANK_TRANSFER,SUCCESS,VENDPAY_00005238
VPAY_005239,VINV_005239,VEND_000108,2026-05-18T23:15:00,BANK_003,90594.50,INR,BANK_TRANSFER,SUCCESS,VENDPAY_00005239
VPAY_005240,VINV_005240,VEND_000092,2026-06-04T00:59:00,BANK_003,72378.84,INR,BANK_TRANSFER,SUCCESS,VENDPAY_00005240
VPAY_005241,VINV_005241,VEND_000103,2026-05-31T04:45:00,BANK_003,58158.66,INR,BANK_TRANSFER,SUCCESS,VENDPAY_00005241
VPAY_005242,VINV_005242,VEND_000095,2026-06-15T01:11:00,BANK_003,103351.48,INR,BANK_TRANSFER,SUCCESS,VENDPAY_00005242
VPAY_005243,VINV_005243,VEND_000091,2026-06-06T00:06:00,BANK_003,105534.48,INR,BANK_TRANSFER,SUCCESS,VENDPAY_00005243
VPAY_005244,VINV_005244,VEND_000109,2026-06-05T20:34:00,BANK_003,28014.38,INR,BANK_TRANSFER,SUCCESS,VENDPAY_00005244
VPAY_005245,VINV_005245,VEND_000098,2026-06-07T02:11:00,BANK_003,21776.00,INR,BANK_TRANSFER,SUCCESS,VENDPAY_00005245
VPAY_005246,VINV_005246,VEND_000099,2026-06-07T22:45:00,BANK_003,73666.22,INR,BANK_TRANSFER,SUCCESS,VENDPAY_00005246
VPAY_005247,VINV_005247,VEND_000105,2026-06-05T21:11:00,BANK_003,78624.58,INR,BANK_TRANSFER,SUCCESS,VENDPAY_00005247
VPAY_005248,VINV_005248,VEND_000094,2026-06-12T23:44:00,BANK_003,110090.46,INR,BANK_TRANSFER,SUCCESS,VENDPAY_00005248
VPAY_005249,VINV_005249,VEND_000092,2026-06-20T22:57:00,BANK_003,28901.74,INR,BANK_TRANSFER,SUCCESS,VENDPAY_00005249
VPAY_005250,VINV_005250,VEND_000105,2026-06-03T00:07:00,BANK_003,75189.60,INR,BANK_TRANSFER,SUCCESS,VENDPAY_00005250
VPAY_005251,VINV_005251,VEND_000099,2026-06-22T21:19:00,BANK_003,63518.22,INR,BANK_TRANSFER,SUCCESS,VENDPAY_00005251
VPAY_005252,VINV_005252,VEND_000100,2026-06-21T22:20:00,BANK_003,107362.30,INR,BANK_TRANSFER,SUCCESS,VENDPAY_00005252
VPAY_005253,VINV_005253,VEND_000098,2026-06-03T01:47:00,BANK_003,85344.00,INR,BANK_TRANSFER,SUCCESS,VENDPAY_00005253
VPAY_005254,VINV_005254,VEND_000094,2026-06-12T01:17:00,BANK_003,105999.40,INR,BANK_TRANSFER,SUCCESS,VENDPAY_00005254
VPAY_005255,VINV_005255,VEND_000107,2026-06-11T23:40:00,BANK_003,53929.54,INR,BANK_TRANSFER,SUCCESS,VENDPAY_00005255
VPAY_005256,VINV_005256,VEND_000103,2026-05-22T04:19:00,BANK_003,84056.12,INR,BANK_TRANSFER,SUCCESS,VENDPAY_00005256
VPAY_005257,VINV_005257,VEND_000102,2026-05-23T21:05:00,BANK_003,44347.94,INR,BANK_TRANSFER,SUCCESS,VENDPAY_00005257
VPAY_005258,VINV_005258,VEND_000104,2026-05-29T21:20:00,BANK_003,67792.00,INR,BANK_TRANSFER,SUCCESS,VENDPAY_00005258
VPAY_005259,VINV_005259,VEND_000104,2026-06-11T23:38:00,BANK_003,36289.00,INR,BANK_TRANSFER,SUCCESS,VENDPAY_00005259
VPAY_005260,VINV_005260,VEND_000091,2026-06-06T03:09:00,BANK_003,67071.20,INR,BANK_TRANSFER,SUCCESS,VENDPAY_00005260
VPAY_005261,VINV_005261,VEND_000103,2026-05-22T22:29:00,BANK_003,23719.18,INR,BANK_TRANSFER,SUCCESS,VENDPAY_00005261
VPAY_005262,VINV_005262,VEND_000093,2026-06-09T02:19:00,BANK_003,65968.00,INR,BANK_TRANSFER,SUCCESS,VENDPAY_00005262
VPAY_005263,VINV_005263,VEND_000097,2026-06-04T23:56:00,BANK_003,21914.96,INR,BANK_TRANSFER,SUCCESS,VENDPAY_00005263
VPAY_005264,VINV_005264,VEND_000093,2026-06-08T04:08:00,BANK_003,73464.00,INR,BANK_TRANSFER,SUCCESS,VENDPAY_00005264
VPAY_005265,VINV_005265,VEND_000092,2026-06-19T00:27:00,BANK_003,74886.34,INR,BANK_TRANSFER,SUCCESS,VENDPAY_00005265
VPAY_005266,VINV_005266,VEND_000096,2026-06-01T20:16:00,BANK_003,60780.62,INR,BANK_TRANSFER,SUCCESS,VENDPAY_00005266
VPAY_005267,VINV_005267,VEND_000101,2026-06-07T03:25:00,BANK_003,68812.88,INR,BANK_TRANSFER,SUCCESS,VENDPAY_00005267
VPAY_005268,VINV_005268,VEND_000103,2026-06-10T22:42:00,BANK_003,62104.58,INR,BANK_TRANSFER,SUCCESS,VENDPAY_00005268
VPAY_005269,VINV_005269,VEND_000101,2026-06-10T23:00:00,BANK_003,93551.58,INR,BANK_TRANSFER,SUCCESS,VENDPAY_00005269
VPAY_005270,VINV_005270,VEND_000094,2026-06-10T21:40:00,BANK_003,109810.80,INR,BANK_TRANSFER,SUCCESS,VENDPAY_00005270
VPAY_005271,VINV_005271,VEND_000138,2026-06-19T23:40:00,BANK_003,75951.88,INR,BANK_TRANSFER,SUCCESS,VENDPAY_00005271
VPAY_005272,VINV_005272,VEND_000138,2026-06-20T01:47:00,BANK_003,80553.88,INR,BANK_TRANSFER,SUCCESS,VENDPAY_00005272
VPAY_005273,VINV_005273,VEND_000146,2026-06-08T23:11:00,BANK_003,65853.44,INR,BANK_TRANSFER,SUCCESS,VENDPAY_00005273
VPAY_005274,VINV_005274,VEND_000078,2026-07-25T21:01:00,BANK_003,206186.12,INR,BANK_TRANSFER,SUCCESS,VENDPAY_00005274
VPAY_005275,VINV_005275,VEND_000051,2026-07-17T20:39:00,BANK_003,222283.68,INR,BANK_TRANSFER,SUCCESS,VENDPAY_00005275
VPAY_005276,VINV_005276,VEND_000007,2026-07-24T22:39:00,BANK_003,93689.00,INR,BANK_TRANSFER,SUCCESS,VENDPAY_00005276
VPAY_005277,VINV_005277,VEND_000061,2026-07-16T03:10:00,BANK_003,80537.36,INR,BANK_TRANSFER,SUCCESS,VENDPAY_00005277
VPAY_005278,VINV_005278,VEND_000001,2026-07-05T22:27:00,BANK_003,251809.64,INR,BANK_TRANSFER,SUCCESS,VENDPAY_00005278
VPAY_005279,VINV_005279,VEND_000021,2026-08-05T20:56:00,BANK_003,60997.74,INR,BANK_TRANSFER,SUCCESS,VENDPAY_00005279
VPAY_005280,VINV_005280,VEND_000063,2026-07-04T20:39:00,BANK_003,127924.98,INR,BANK_TRANSFER,SUCCESS,VENDPAY_00005280
VPAY_005281,VINV_005281,VEND_000089,2026-07-24T21:17:00,BANK_003,239843.26,INR,BANK_TRANSFER,SUCCESS,VENDPAY_00005281
VPAY_005282,VINV_005282,VEND_000088,2026-07-09T02:46:00,BANK_003,94320.94,INR,BANK_TRANSFER,SUCCESS,VENDPAY_00005282
VPAY_005283,VINV_005283,VEND_000038,2026-07-04T00:12:00,BANK_003,133239.70,INR,BANK_TRANSFER,SUCCESS,VENDPAY_00005283
VPAY_005284,VINV_005284,VEND_000042,2026-07-06T20:41:00,BANK_003,127360.94,INR,BANK_TRANSFER,SUCCESS,VENDPAY_00005284
VPAY_005285,VINV_005285,VEND_000059,2026-07-21T20:50:00,BANK_003,169426.76,INR,BANK_TRANSFER,SUCCESS,VENDPAY_00005285
VPAY_005286,VINV_005286,VEND_000034,2026-07-16T19:35:00,BANK_003,104243.56,INR,BANK_TRANSFER,SUCCESS,VENDPAY_00005286
VPAY_005287,VINV_005287,VEND_000080,2026-07-24T20:51:00,BANK_003,102422.82,INR,BANK_TRANSFER,SUCCESS,VENDPAY_00005287
VPAY_005288,VINV_005288,VEND_000084,2026-07-19T02:59:00,BANK_003,96619.58,INR,BANK_TRANSFER,SUCCESS,VENDPAY_00005288
VPAY_005289,VINV_005289,VEND_000088,2026-06-28T00:39:00,BANK_003,109508.72,INR,BANK_TRANSFER,SUCCESS,VENDPAY_00005289
VPAY_005290,VINV_005290,VEND_000033,2026-07-04T20:13:00,BANK_003,53140.12,INR,BANK_TRANSFER,SUCCESS,VENDPAY_00005290
VPAY_005291,VINV_005291,VEND_000030,2026-07-16T00:41:00,BANK_003,107290.32,INR,BANK_TRANSFER,SUCCESS,VENDPAY_00005291
VPAY_005292,VINV_005292,VEND_000018,2026-07-27T00:19:00,BANK_003,118807.12,INR,BANK_TRANSFER,SUCCESS,VENDPAY_00005292
VPAY_005293,VINV_005293,VEND_000078,2026-08-02T21:14:00,BANK_003,235910.32,INR,BANK_TRANSFER,SUCCESS,VENDPAY_00005293
VPAY_005294,VINV_005294,VEND_000087,2026-07-12T22:30:00,BANK_003,202589.48,INR,BANK_TRANSFER,SUCCESS,VENDPAY_00005294
VPAY_005295,VINV_005295,VEND_000011,2026-07-26T03:02:00,BANK_003,154639.00,INR,BANK_TRANSFER,SUCCESS,VENDPAY_00005295
VPAY_005296,VINV_005296,VEND_000017,2026-07-18T21:07:00,BANK_003,146975.00,INR,BANK_TRANSFER,SUCCESS,VENDPAY_00005296
VPAY_005297,VINV_005297,VEND_000042,2026-07-17T20:04:00,BANK_003,188096.72,INR,BANK_TRANSFER,SUCCESS,VENDPAY_00005297
VPAY_005298,VINV_005298,VEND_000026,2026-07-24T19:39:00,BANK_003,223575.78,INR,BANK_TRANSFER,SUCCESS,VENDPAY_00005298
VPAY_005299,VINV_005299,VEND_000001,2026-07-11T19:17:00,BANK_003,174773.34,INR,BANK_TRANSFER,SUCCESS,VENDPAY_00005299
VPAY_005300,VINV_005300,VEND_000087,2026-07-07T20:31:00,BANK_003,100960.80,INR,BANK_TRANSFER,SUCCESS,VENDPAY_00005300
VPAY_005301,VINV_005301,VEND_000081,2026-07-21T22:55:00,BANK_003,99668.70,INR,BANK_TRANSFER,SUCCESS,VENDPAY_00005301
VPAY_005302,VINV_005302,VEND_000060,2026-07-09T00:18:00,BANK_003,197514.30,INR,BANK_TRANSFER,SUCCESS,VENDPAY_00005302
VPAY_005303,VINV_005303,VEND_000054,2026-08-08T23:35:00,BANK_003,209691.90,INR,BANK_TRANSFER,SUCCESS,VENDPAY_00005303
VPAY_005304,VINV_005304,VEND_000052,2026-07-21T20:45:00,BANK_003,145508.16,INR,BANK_TRANSFER,SUCCESS,VENDPAY_00005304
VPAY_005305,VINV_005305,VEND_000057,2026-07-09T00:07:00,BANK_003,54166.72,INR,BANK_TRANSFER,SUCCESS,VENDPAY_00005305
VPAY_005306,VINV_005306,VEND_000007,2026-07-30T01:14:00,BANK_003,107400.00,INR,BANK_TRANSFER,SUCCESS,VENDPAY_00005306
VPAY_005307,VINV_005307,VEND_000043,2026-07-28T00:29:00,BANK_003,243140.18,INR,BANK_TRANSFER,SUCCESS,VENDPAY_00005307
VPAY_005308,VINV_005308,VEND_000018,2026-07-27T01:51:00,BANK_003,248031.28,INR,BANK_TRANSFER,SUCCESS,VENDPAY_00005308
VPAY_005309,VINV_005309,VEND_000082,2026-08-08T02:22:00,BANK_003,199386.96,INR,BANK_TRANSFER,SUCCESS,VENDPAY_00005309
VPAY_005310,VINV_005310,VEND_000017,2026-07-25T22:27:00,BANK_003,175038.00,INR,BANK_TRANSFER,SUCCESS,VENDPAY_00005310
VPAY_005311,VINV_005311,VEND_000061,2026-07-19T02:49:00,BANK_003,166568.80,INR,BANK_TRANSFER,SUCCESS,VENDPAY_00005311
VPAY_005312,VINV_005312,VEND_000059,2026-07-06T20:12:00,BANK_003,183094.70,INR,BANK_TRANSFER,SUCCESS,VENDPAY_00005312
VPAY_005313,VINV_005313,VEND_000056,2026-07-17T22:01:00,BANK_003,102562.06,INR,BANK_TRANSFER,SUCCESS,VENDPAY_00005313
VPAY_005314,VINV_005314,VEND_000032,2026-07-05T20:50:00,BANK_003,151125.00,INR,BANK_TRANSFER,SUCCESS,VENDPAY_00005314
VPAY_005315,VINV_005315,VEND_000082,2026-07-22T00:19:00,BANK_003,177926.30,INR,BANK_TRANSFER,SUCCESS,VENDPAY_00005315
VPAY_005316,VINV_005316,VEND_000037,2026-07-31T19:33:00,BANK_003,230554.30,INR,BANK_TRANSFER,SUCCESS,VENDPAY_00005316
VPAY_005317,VINV_005317,VEND_000077,2026-07-23T00:31:00,BANK_003,203341.14,INR,BANK_TRANSFER,SUCCESS,VENDPAY_00005317
VPAY_005318,VINV_005318,VEND_000014,2026-07-24T03:08:00,BANK_003,214791.86,INR,BANK_TRANSFER,SUCCESS,VENDPAY_00005318
VPAY_005319,VINV_005319,VEND_000074,2026-07-24T22:50:00,BANK_003,220658.82,INR,BANK_TRANSFER,SUCCESS,VENDPAY_00005319
VPAY_005320,VINV_005320,VEND_000033,2026-07-22T20:57:00,BANK_003,238308.08,INR,BANK_TRANSFER,SUCCESS,VENDPAY_00005320
VPAY_005321,VINV_005321,VEND_000005,2026-07-25T22:22:00,BANK_003,235380.50,INR,BANK_TRANSFER,SUCCESS,VENDPAY_00005321
VPAY_005322,VINV_005322,VEND_000041,2026-07-08T00:24:00,BANK_003,57494.32,INR,BANK_TRANSFER,SUCCESS,VENDPAY_00005322
VPAY_005323,VINV_005323,VEND_000019,2026-07-25T23:44:00,BANK_003,182072.82,INR,BANK_TRANSFER,SUCCESS,VENDPAY_00005323
VPAY_005324,VINV_005324,VEND_000017,2026-08-09T19:29:00,BANK_003,79547.00,INR,BANK_TRANSFER,SUCCESS,VENDPAY_00005324
VPAY_005325,VINV_005325,VEND_000049,2026-07-06T21:29:00,BANK_003,84475.02,INR,BANK_TRANSFER,SUCCESS,VENDPAY_00005325
VPAY_005326,VINV_005326,VEND_000071,2026-07-25T02:12:00,BANK_003,234280.74,INR,BANK_TRANSFER,SUCCESS,VENDPAY_00005326
VPAY_005327,VINV_005327,VEND_000085,2026-07-24T21:08:00,BANK_003,85371.82,INR,BANK_TRANSFER,SUCCESS,VENDPAY_00005327
VPAY_005328,VINV_005328,VEND_000072,2026-07-10T01:34:00,BANK_003,158096.40,INR,BANK_TRANSFER,SUCCESS,VENDPAY_00005328
VPAY_005329,VINV_005329,VEND_000001,2026-07-11T01:53:00,BANK_003,75752.46,INR,BANK_TRANSFER,SUCCESS,VENDPAY_00005329
VPAY_005330,VINV_005330,VEND_000056,2026-07-22T01:46:00,BANK_003,103627.60,INR,BANK_TRANSFER,SUCCESS,VENDPAY_00005330
VPAY_005331,VINV_005331,VEND_000076,2026-07-24T20:09:00,BANK_003,217370.16,INR,BANK_TRANSFER,SUCCESS,VENDPAY_00005331
VPAY_005332,VINV_005332,VEND_000064,2026-07-07T23:38:00,BANK_003,145951.84,INR,BANK_TRANSFER,SUCCESS,VENDPAY_00005332
VPAY_005333,VINV_005333,VEND_000044,2026-07-25T01:03:00,BANK_003,176117.36,INR,BANK_TRANSFER,SUCCESS,VENDPAY_00005333
VPAY_005334,VINV_005334,VEND_000009,2026-08-02T23:45:00,BANK_003,211906.76,INR,BANK_TRANSFER,SUCCESS,VENDPAY_00005334
VPAY_005335,VINV_005335,VEND_000017,2026-08-03T20:15:00,BANK_003,98747.00,INR,BANK_TRANSFER,SUCCESS,VENDPAY_00005335
VPAY_005336,VINV_005336,VEND_000008,2026-07-20T00:00:00,BANK_003,131462.00,INR,BANK_TRANSFER,SUCCESS,VENDPAY_00005336
VPAY_005337,VINV_005337,VEND_000009,2026-08-02T23:35:00,BANK_003,173098.92,INR,BANK_TRANSFER,SUCCESS,VENDPAY_00005337
VPAY_005338,VINV_005338,VEND_000090,2026-07-25T20:01:00,BANK_003,76928.92,INR,BANK_TRANSFER,SUCCESS,VENDPAY_00005338
VPAY_005339,VINV_005339,VEND_000074,2026-07-13T20:48:00,BANK_003,251823.80,INR,BANK_TRANSFER,SUCCESS,VENDPAY_00005339
VPAY_005340,VINV_005340,VEND_000060,2026-07-21T22:27:00,BANK_003,230949.60,INR,BANK_TRANSFER,SUCCESS,VENDPAY_00005340
VPAY_005341,VINV_005341,VEND_000051,2026-08-09T21:49:00,BANK_003,60677.96,INR,BANK_TRANSFER,SUCCESS,VENDPAY_00005341
VPAY_005342,VINV_005342,VEND_000088,2026-07-21T20:00:00,BANK_003,190387.10,INR,BANK_TRANSFER,SUCCESS,VENDPAY_00005342
VPAY_005343,VINV_005343,VEND_000025,2026-07-09T19:18:00,BANK_003,220625.78,INR,BANK_TRANSFER,SUCCESS,VENDPAY_00005343
VPAY_005344,VINV_005344,VEND_000020,2026-07-29T20:45:00,BANK_003,115376.86,INR,BANK_TRANSFER,SUCCESS,VENDPAY_00005344
VPAY_005345,VINV_005345,VEND_000007,2026-07-18T23:34:00,BANK_003,187345.00,INR,BANK_TRANSFER,SUCCESS,VENDPAY_00005345
VPAY_005346,VINV_005346,VEND_000054,2026-07-30T00:37:00,BANK_003,78982.12,INR,BANK_TRANSFER,SUCCESS,VENDPAY_00005346
VPAY_005347,VINV_005347,VEND_000001,2026-07-15T23:57:00,BANK_003,83709.20,INR,BANK_TRANSFER,SUCCESS,VENDPAY_00005347
VPAY_005348,VINV_005348,VEND_000041,2026-07-23T20:57:00,BANK_003,192179.52,INR,BANK_TRANSFER,SUCCESS,VENDPAY_00005348
VPAY_005349,VINV_005349,VEND_000036,2026-07-17T22:33:00,BANK_003,155347.00,INR,BANK_TRANSFER,SUCCESS,VENDPAY_00005349
VPAY_005350,VINV_005350,VEND_000042,2026-07-13T03:29:00,BANK_003,154491.50,INR,BANK_TRANSFER,SUCCESS,VENDPAY_00005350
VPAY_005351,VINV_005351,VEND_000046,2026-07-22T20:50:00,BANK_003,83993.58,INR,BANK_TRANSFER,SUCCESS,VENDPAY_00005351
VPAY_005352,VINV_005352,VEND_000056,2026-07-15T22:37:00,BANK_003,138041.12,INR,BANK_TRANSFER,SUCCESS,VENDPAY_00005352
VPAY_005353,VINV_005353,VEND_000050,2026-07-15T02:34:00,BANK_003,215118.72,INR,BANK_TRANSFER,SUCCESS,VENDPAY_00005353
VPAY_005354,VINV_005354,VEND_000068,2026-07-08T22:45:00,BANK_003,94175.80,INR,BANK_TRANSFER,SUCCESS,VENDPAY_00005354
VPAY_005355,VINV_005355,VEND_000046,2026-07-30T20:10:00,BANK_003,75151.84,INR,BANK_TRANSFER,SUCCESS,VENDPAY_00005355
VPAY_005356,VINV_005356,VEND_000033,2026-07-05T02:57:00,BANK_003,153660.78,INR,BANK_TRANSFER,SUCCESS,VENDPAY_00005356
VPAY_005357,VINV_005357,VEND_000033,2026-07-12T20:33:00,BANK_003,146683.44,INR,BANK_TRANSFER,SUCCESS,VENDPAY_00005357
VPAY_005358,VINV_005358,VEND_000038,2026-07-08T19:51:00,BANK_003,54626.92,INR,BANK_TRANSFER,SUCCESS,VENDPAY_00005358
VPAY_005359,VINV_005359,VEND_000026,2026-07-31T20:49:00,BANK_003,216822.64,INR,BANK_TRANSFER,SUCCESS,VENDPAY_00005359
VPAY_005360,VINV_005360,VEND_000003,2026-07-09T01:42:00,BANK_003,211649.52,INR,BANK_TRANSFER,SUCCESS,VENDPAY_00005360
VPAY_005361,VINV_005361,VEND_000061,2026-07-25T21:57:00,BANK_003,66058.76,INR,BANK_TRANSFER,SUCCESS,VENDPAY_00005361
VPAY_005362,VINV_005362,VEND_000003,2026-07-15T19:27:00,BANK_003,128931.52,INR,BANK_TRANSFER,SUCCESS,VENDPAY_00005362
VPAY_005363,VINV_005363,VEND_000080,2026-07-26T00:39:00,BANK_003,145372.46,INR,BANK_TRANSFER,SUCCESS,VENDPAY_00005363
VPAY_005364,VINV_005364,VEND_000066,2026-07-16T02:19:00,BANK_003,251994.90,INR,BANK_TRANSFER,SUCCESS,VENDPAY_00005364
VPAY_005365,VINV_005365,VEND_000006,2026-07-25T20:49:00,BANK_003,156039.66,INR,BANK_TRANSFER,SUCCESS,VENDPAY_00005365
VPAY_005366,VINV_005366,VEND_000004,2026-07-11T23:12:00,BANK_003,241392.60,INR,BANK_TRANSFER,SUCCESS,VENDPAY_00005366
VPAY_005367,VINV_005367,VEND_000028,2026-07-24T00:45:00,BANK_003,136344.28,INR,BANK_TRANSFER,SUCCESS,VENDPAY_00005367
VPAY_005368,VINV_005368,VEND_000075,2026-08-06T20:23:00,BANK_003,187119.68,INR,BANK_TRANSFER,SUCCESS,VENDPAY_00005368
VPAY_005369,VINV_005369,VEND_000077,2026-07-20T21:51:00,BANK_003,203060.30,INR,BANK_TRANSFER,SUCCESS,VENDPAY_00005369
VPAY_005370,VINV_005370,VEND_000018,2026-07-27T23:15:00,BANK_003,137465.28,INR,BANK_TRANSFER,SUCCESS,VENDPAY_00005370
VPAY_005371,VINV_005371,VEND_000015,2026-07-28T22:38:00,BANK_003,117979.94,INR,BANK_TRANSFER,SUCCESS,VENDPAY_00005371
VPAY_005372,VINV_005372,VEND_000068,2026-07-12T02:41:00,BANK_003,57176.90,INR,BANK_TRANSFER,SUCCESS,VENDPAY_00005372
VPAY_005373,VINV_005373,VEND_000060,2026-07-13T22:36:00,BANK_003,116402.28,INR,BANK_TRANSFER,SUCCESS,VENDPAY_00005373
VPAY_005374,VINV_005374,VEND_000089,2026-07-12T22:24:00,BANK_003,205334.16,INR,BANK_TRANSFER,SUCCESS,VENDPAY_00005374
VPAY_005375,VINV_005375,VEND_000074,2026-07-17T23:18:00,BANK_003,152662.50,INR,BANK_TRANSFER,SUCCESS,VENDPAY_00005375
VPAY_005376,VINV_005376,VEND_000074,2026-07-23T21:05:00,BANK_003,130807.72,INR,BANK_TRANSFER,SUCCESS,VENDPAY_00005376
VPAY_005377,VINV_005377,VEND_000075,2026-08-03T23:23:00,BANK_003,247338.62,INR,BANK_TRANSFER,SUCCESS,VENDPAY_00005377
VPAY_005378,VINV_005378,VEND_000085,2026-07-17T20:15:00,BANK_003,186790.46,INR,BANK_TRANSFER,SUCCESS,VENDPAY_00005378
VPAY_005379,VINV_005379,VEND_000035,2026-07-22T20:39:00,BANK_003,98613.78,INR,BANK_TRANSFER,SUCCESS,VENDPAY_00005379
VPAY_005380,VINV_005380,VEND_000030,2026-07-14T00:06:00,BANK_003,80946.82,INR,BANK_TRANSFER,SUCCESS,VENDPAY_00005380
VPAY_005381,VINV_005381,VEND_000043,2026-07-26T02:26:00,BANK_003,214132.24,INR,BANK_TRANSFER,SUCCESS,VENDPAY_00005381
VPAY_005382,VINV_005382,VEND_000060,2026-07-08T19:58:00,BANK_003,112246.32,INR,BANK_TRANSFER,SUCCESS,VENDPAY_00005382
VPAY_005383,VINV_005383,VEND_000030,2026-07-20T23:18:00,BANK_003,82909.16,INR,BANK_TRANSFER,SUCCESS,VENDPAY_00005383
VPAY_005384,VINV_005384,VEND_000086,2026-07-20T02:08:00,BANK_003,165543.00,INR,BANK_TRANSFER,SUCCESS,VENDPAY_00005384
VPAY_005385,VINV_005385,VEND_000059,2026-07-21T20:30:00,BANK_003,165254.28,INR,BANK_TRANSFER,SUCCESS,VENDPAY_00005385
VPAY_005386,VINV_005386,VEND_000085,2026-07-20T02:21:00,BANK_003,148609.20,INR,BANK_TRANSFER,SUCCESS,VENDPAY_00005386
VPAY_005387,VINV_005387,VEND_000035,2026-07-25T19:22:00,BANK_003,214780.06,INR,BANK_TRANSFER,SUCCESS,VENDPAY_00005387
VPAY_005388,VINV_005388,VEND_000001,2026-07-18T20:21:00,BANK_003,208030.46,INR,BANK_TRANSFER,SUCCESS,VENDPAY_00005388
VPAY_005389,VINV_005389,VEND_000078,2026-08-07T00:57:00,BANK_003,152085.48,INR,BANK_TRANSFER,SUCCESS,VENDPAY_00005389
VPAY_005390,VINV_005390,VEND_000090,2026-07-10T20:58:00,BANK_003,212188.78,INR,BANK_TRANSFER,SUCCESS,VENDPAY_00005390
VPAY_005391,VINV_005391,VEND_000021,2026-08-06T20:13:00,BANK_003,128789.92,INR,BANK_TRANSFER,SUCCESS,VENDPAY_00005391
VPAY_005392,VINV_005392,VEND_000022,2026-07-13T21:07:00,BANK_003,185913.72,INR,BANK_TRANSFER,SUCCESS,VENDPAY_00005392
VPAY_005393,VINV_005393,VEND_000071,2026-07-25T20:50:00,BANK_003,169637.98,INR,BANK_TRANSFER,SUCCESS,VENDPAY_00005393
VPAY_005394,VINV_005394,VEND_000022,2026-07-31T00:50:00,BANK_003,195157.84,INR,BANK_TRANSFER,SUCCESS,VENDPAY_00005394
VPAY_005395,VINV_005395,VEND_000038,2026-07-08T19:58:00,BANK_003,212823.62,INR,BANK_TRANSFER,SUCCESS,VENDPAY_00005395
VPAY_005396,VINV_005396,VEND_000025,2026-07-14T21:52:00,BANK_003,53869.36,INR,BANK_TRANSFER,SUCCESS,VENDPAY_00005396
VPAY_005397,VINV_005397,VEND_000076,2026-07-24T03:21:00,BANK_003,119183.54,INR,BANK_TRANSFER,SUCCESS,VENDPAY_00005397
VPAY_005398,VINV_005398,VEND_000048,2026-07-19T02:47:00,BANK_003,81641.84,INR,BANK_TRANSFER,SUCCESS,VENDPAY_00005398
VPAY_005399,VINV_005399,VEND_000060,2026-07-18T21:48:00,BANK_003,220411.02,INR,BANK_TRANSFER,SUCCESS,VENDPAY_00005399
VPAY_005400,VINV_005400,VEND_000019,2026-07-29T00:10:00,BANK_003,171103.54,INR,BANK_TRANSFER,SUCCESS,VENDPAY_00005400
VPAY_005401,VINV_005401,VEND_000073,2026-07-30T19:46:00,BANK_003,149737.28,INR,BANK_TRANSFER,SUCCESS,VENDPAY_00005401
VPAY_005402,VINV_005402,VEND_000054,2026-07-24T19:58:00,BANK_003,100353.10,INR,BANK_TRANSFER,SUCCESS,VENDPAY_00005402
VPAY_005403,VINV_005403,VEND_000019,2026-08-07T03:19:00,BANK_003,121171.84,INR,BANK_TRANSFER,SUCCESS,VENDPAY_00005403
VPAY_005404,VINV_005404,VEND_000058,2026-07-15T23:07:00,BANK_003,246329.72,INR,BANK_TRANSFER,SUCCESS,VENDPAY_00005404
VPAY_005405,VINV_005405,VEND_000020,2026-07-24T21:56:00,BANK_003,106076.10,INR,BANK_TRANSFER,SUCCESS,VENDPAY_00005405
VPAY_005406,VINV_005406,VEND_000005,2026-07-11T01:31:00,BANK_003,185619.90,INR,BANK_TRANSFER,SUCCESS,VENDPAY_00005406
VPAY_005407,VINV_005407,VEND_000070,2026-08-06T19:34:00,BANK_003,247261.92,INR,BANK_TRANSFER,SUCCESS,VENDPAY_00005407
VPAY_005408,VINV_005408,VEND_000086,2026-07-11T03:35:00,BANK_003,189753.00,INR,BANK_TRANSFER,SUCCESS,VENDPAY_00005408
VPAY_005409,VINV_005409,VEND_000058,2026-07-12T20:17:00,BANK_003,232796.30,INR,BANK_TRANSFER,SUCCESS,VENDPAY_00005409
VPAY_005410,VINV_005410,VEND_000010,2026-07-16T21:17:00,BANK_003,247086.10,INR,BANK_TRANSFER,SUCCESS,VENDPAY_00005410
VPAY_005411,VINV_005411,VEND_000041,2026-07-08T22:36:00,BANK_003,150190.40,INR,BANK_TRANSFER,SUCCESS,VENDPAY_00005411
VPAY_005412,VINV_005412,VEND_000070,2026-08-02T00:20:00,BANK_003,220381.52,INR,BANK_TRANSFER,SUCCESS,VENDPAY_00005412
VPAY_005413,VINV_005413,VEND_000058,2026-07-17T02:20:00,BANK_003,118099.12,INR,BANK_TRANSFER,SUCCESS,VENDPAY_00005413
VPAY_005414,VINV_005414,VEND_000046,2026-07-20T02:09:00,BANK_003,233496.04,INR,BANK_TRANSFER,SUCCESS,VENDPAY_00005414
VPAY_005415,VINV_005415,VEND_000078,2026-08-04T02:32:00,BANK_003,71064.32,INR,BANK_TRANSFER,SUCCESS,VENDPAY_00005415
VPAY_005416,VINV_005416,VEND_000048,2026-07-22T00:41:00,BANK_003,210835.32,INR,BANK_TRANSFER,SUCCESS,VENDPAY_00005416
VPAY_005417,VINV_005417,VEND_000022,2026-08-04T02:18:00,BANK_003,178373.52,INR,BANK_TRANSFER,SUCCESS,VENDPAY_00005417
VPAY_005418,VINV_005418,VEND_000071,2026-07-16T23:35:00,BANK_003,211392.28,INR,BANK_TRANSFER,SUCCESS,VENDPAY_00005418
VPAY_005419,VINV_005419,VEND_000068,2026-07-07T00:38:00,BANK_003,60169.38,INR,BANK_TRANSFER,SUCCESS,VENDPAY_00005419
VPAY_005420,VINV_005420,VEND_000052,2026-07-06T22:24:00,BANK_003,77621.58,INR,BANK_TRANSFER,SUCCESS,VENDPAY_00005420
VPAY_005421,VINV_005421,VEND_000088,2026-07-07T20:25:00,BANK_003,86746.52,INR,BANK_TRANSFER,SUCCESS,VENDPAY_00005421
VPAY_005422,VINV_005422,VEND_000081,2026-08-04T23:41:00,BANK_003,156334.66,INR,BANK_TRANSFER,SUCCESS,VENDPAY_00005422
VPAY_005423,VINV_005423,VEND_000020,2026-08-06T23:01:00,BANK_003,228511.72,INR,BANK_TRANSFER,SUCCESS,VENDPAY_00005423
VPAY_005424,VINV_005424,VEND_000084,2026-08-02T21:00:00,BANK_003,83503.88,INR,BANK_TRANSFER,SUCCESS,VENDPAY_00005424
VPAY_005425,VINV_005425,VEND_000004,2026-07-17T22:18:00,BANK_003,253809.74,INR,BANK_TRANSFER,SUCCESS,VENDPAY_00005425
VPAY_005426,VINV_005426,VEND_000050,2026-07-04T02:20:00,BANK_003,237457.30,INR,BANK_TRANSFER,SUCCESS,VENDPAY_00005426
VPAY_005427,VINV_005427,VEND_000007,2026-08-04T19:34:00,BANK_003,164192.00,INR,BANK_TRANSFER,SUCCESS,VENDPAY_00005427
VPAY_005428,VINV_005428,VEND_000062,2026-07-20T20:10:00,BANK_003,83465.00,INR,BANK_TRANSFER,SUCCESS,VENDPAY_00005428
VPAY_005429,VINV_005429,VEND_000050,2026-07-22T02:37:00,BANK_003,224244.84,INR,BANK_TRANSFER,SUCCESS,VENDPAY_00005429
VPAY_005430,VINV_005430,VEND_000029,2026-07-20T20:13:00,BANK_003,117063.00,INR,BANK_TRANSFER,SUCCESS,VENDPAY_00005430
VPAY_005431,VINV_005431,VEND_000085,2026-08-05T23:16:00,BANK_003,147070.48,INR,BANK_TRANSFER,SUCCESS,VENDPAY_00005431
VPAY_005432,VINV_005432,VEND_000006,2026-07-24T22:53:00,BANK_003,128145.64,INR,BANK_TRANSFER,SUCCESS,VENDPAY_00005432
VPAY_005433,VINV_005433,VEND_000054,2026-07-28T01:11:00,BANK_003,204928.24,INR,BANK_TRANSFER,SUCCESS,VENDPAY_00005433
VPAY_005434,VINV_005434,VEND_000067,2026-07-09T01:02:00,BANK_003,122787.26,INR,BANK_TRANSFER,SUCCESS,VENDPAY_00005434
VPAY_005435,VINV_005435,VEND_000089,2026-07-02T22:33:00,BANK_003,191089.20,INR,BANK_TRANSFER,SUCCESS,VENDPAY_00005435
VPAY_005436,VINV_005436,VEND_000057,2026-07-25T19:59:00,BANK_003,126139.64,INR,BANK_TRANSFER,SUCCESS,VENDPAY_00005436
VPAY_005437,VINV_005437,VEND_000085,2026-07-21T00:12:00,BANK_003,120539.36,INR,BANK_TRANSFER,SUCCESS,VENDPAY_00005437
VPAY_005438,VINV_005438,VEND_000044,2026-07-01T02:39:00,BANK_003,248634.26,INR,BANK_TRANSFER,SUCCESS,VENDPAY_00005438
VPAY_005439,VINV_005439,VEND_000057,2026-07-13T22:05:00,BANK_003,63225.58,INR,BANK_TRANSFER,SUCCESS,VENDPAY_00005439
VPAY_005440,VINV_005440,VEND_000068,2026-07-22T01:59:00,BANK_003,201095.60,INR,BANK_TRANSFER,SUCCESS,VENDPAY_00005440
VPAY_005441,VINV_005441,VEND_000067,2026-07-23T02:29:00,BANK_003,137808.66,INR,BANK_TRANSFER,SUCCESS,VENDPAY_00005441
VPAY_005442,VINV_005442,VEND_000034,2026-07-11T21:50:00,BANK_003,66930.78,INR,BANK_TRANSFER,SUCCESS,VENDPAY_00005442
VPAY_005443,VINV_005443,VEND_000014,2026-07-26T20:54:00,BANK_003,76716.52,INR,BANK_TRANSFER,SUCCESS,VENDPAY_00005443
VPAY_005444,VINV_005444,VEND_000062,2026-07-23T02:20:00,BANK_003,58475.00,INR,BANK_TRANSFER,SUCCESS,VENDPAY_00005444
VPAY_005445,VINV_005445,VEND_000020,2026-08-06T21:49:00,BANK_003,123261.62,INR,BANK_TRANSFER,SUCCESS,VENDPAY_00005445
VPAY_005446,VINV_005446,VEND_000007,2026-07-29T20:09:00,BANK_003,97023.00,INR,BANK_TRANSFER,SUCCESS,VENDPAY_00005446
VPAY_005447,VINV_005447,VEND_000015,2026-08-07T01:54:00,BANK_003,153415.34,INR,BANK_TRANSFER,SUCCESS,VENDPAY_00005447
VPAY_005448,VINV_005448,VEND_000069,2026-07-19T22:36:00,BANK_003,239235.56,INR,BANK_TRANSFER,SUCCESS,VENDPAY_00005448
VPAY_005449,VINV_005449,VEND_000075,2026-07-27T01:32:00,BANK_003,250720.50,INR,BANK_TRANSFER,SUCCESS,VENDPAY_00005449
VPAY_005450,VINV_005450,VEND_000080,2026-08-03T20:19:00,BANK_003,191187.14,INR,BANK_TRANSFER,SUCCESS,VENDPAY_00005450
VPAY_005451,VINV_005451,VEND_000030,2026-07-12T00:16:00,BANK_003,250702.80,INR,BANK_TRANSFER,SUCCESS,VENDPAY_00005451
VPAY_005452,VINV_005452,VEND_000046,2026-08-02T22:55:00,BANK_003,184982.70,INR,BANK_TRANSFER,SUCCESS,VENDPAY_00005452
VPAY_005453,VINV_005453,VEND_000053,2026-07-21T00:45:00,BANK_003,169001.00,INR,BANK_TRANSFER,SUCCESS,VENDPAY_00005453
VPAY_005454,VINV_005454,VEND_000004,2026-07-15T20:40:00,BANK_003,124833.38,INR,BANK_TRANSFER,SUCCESS,VENDPAY_00005454
VPAY_005455,VINV_005455,VEND_000039,2026-07-18T03:15:00,BANK_003,59796.50,INR,BANK_TRANSFER,SUCCESS,VENDPAY_00005455
VPAY_005456,VINV_005456,VEND_000018,2026-07-27T20:12:00,BANK_003,242767.30,INR,BANK_TRANSFER,SUCCESS,VENDPAY_00005456
VPAY_005457,VINV_005457,VEND_000064,2026-07-24T01:51:00,BANK_003,209630.54,INR,BANK_TRANSFER,SUCCESS,VENDPAY_00005457
VPAY_005458,VINV_005458,VEND_000046,2026-08-02T01:27:00,BANK_003,233219.92,INR,BANK_TRANSFER,SUCCESS,VENDPAY_00005458
VPAY_005459,VINV_005459,VEND_000021,2026-08-10T02:14:00,BANK_003,239136.44,INR,BANK_TRANSFER,SUCCESS,VENDPAY_00005459
VPAY_005460,VINV_005460,VEND_000085,2026-07-24T20:48:00,BANK_003,188951.04,INR,BANK_TRANSFER,SUCCESS,VENDPAY_00005460
VPAY_005461,VINV_005461,VEND_000072,2026-07-20T00:54:00,BANK_003,117556.32,INR,BANK_TRANSFER,SUCCESS,VENDPAY_00005461
VPAY_005462,VINV_005462,VEND_000073,2026-07-28T19:39:00,BANK_003,80545.62,INR,BANK_TRANSFER,SUCCESS,VENDPAY_00005462
VPAY_005463,VINV_005463,VEND_000085,2026-08-06T19:49:00,BANK_003,147228.60,INR,BANK_TRANSFER,SUCCESS,VENDPAY_00005463
VPAY_005464,VINV_005464,VEND_000030,2026-07-11T20:23:00,BANK_003,107247.84,INR,BANK_TRANSFER,SUCCESS,VENDPAY_00005464
VPAY_005465,VINV_005465,VEND_000048,2026-07-19T21:16:00,BANK_003,74434.40,INR,BANK_TRANSFER,SUCCESS,VENDPAY_00005465
VPAY_005466,VINV_005466,VEND_000069,2026-08-04T19:56:00,BANK_003,129639.52,INR,BANK_TRANSFER,SUCCESS,VENDPAY_00005466
VPAY_005467,VINV_005467,VEND_000004,2026-07-08T22:14:00,BANK_003,197421.08,INR,BANK_TRANSFER,SUCCESS,VENDPAY_00005467
VPAY_005468,VINV_005468,VEND_000050,2026-07-24T23:11:00,BANK_003,198775.72,INR,BANK_TRANSFER,SUCCESS,VENDPAY_00005468
VPAY_005469,VINV_005469,VEND_000023,2026-07-29T03:28:00,BANK_003,90940.24,INR,BANK_TRANSFER,SUCCESS,VENDPAY_00005469
VPAY_005470,VINV_005470,VEND_000070,2026-08-06T21:08:00,BANK_003,140774.00,INR,BANK_TRANSFER,SUCCESS,VENDPAY_00005470
VPAY_005471,VINV_005471,VEND_000035,2026-07-05T23:07:00,BANK_003,241715.92,INR,BANK_TRANSFER,SUCCESS,VENDPAY_00005471
VPAY_005472,VINV_005472,VEND_000057,2026-07-12T19:57:00,BANK_003,54008.60,INR,BANK_TRANSFER,SUCCESS,VENDPAY_00005472
VPAY_005473,VINV_005473,VEND_000022,2026-08-03T03:20:00,BANK_003,76893.52,INR,BANK_TRANSFER,SUCCESS,VENDPAY_00005473
VPAY_005474,VINV_005474,VEND_000052,2026-07-19T21:07:00,BANK_003,227729.38,INR,BANK_TRANSFER,SUCCESS,VENDPAY_00005474
VPAY_005475,VINV_005475,VEND_000013,2026-07-27T03:49:00,BANK_003,123603.82,INR,BANK_TRANSFER,SUCCESS,VENDPAY_00005475
VPAY_005476,VINV_005476,VEND_000086,2026-07-11T02:26:00,BANK_003,170701.00,INR,BANK_TRANSFER,SUCCESS,VENDPAY_00005476
VPAY_005477,VINV_005477,VEND_000076,2026-07-18T00:14:00,BANK_003,132023.12,INR,BANK_TRANSFER,SUCCESS,VENDPAY_00005477
VPAY_005478,VINV_005478,VEND_000058,2026-07-02T21:34:00,BANK_003,142125.10,INR,BANK_TRANSFER,SUCCESS,VENDPAY_00005478
VPAY_005479,VINV_005479,VEND_000076,2026-07-20T03:24:00,BANK_003,91881.88,INR,BANK_TRANSFER,SUCCESS,VENDPAY_00005479
VPAY_005480,VINV_005480,VEND_000086,2026-07-09T19:22:00,BANK_003,211965.00,INR,BANK_TRANSFER,SUCCESS,VENDPAY_00005480
VPAY_005481,VINV_005481,VEND_000020,2026-08-06T21:11:00,BANK_003,184488.28,INR,BANK_TRANSFER,SUCCESS,VENDPAY_00005481
VPAY_005482,VINV_005482,VEND_000074,2026-07-20T19:49:00,BANK_003,252868.10,INR,BANK_TRANSFER,SUCCESS,VENDPAY_00005482
VPAY_005483,VINV_005483,VEND_000015,2026-07-26T23:30:00,BANK_003,225652.58,INR,BANK_TRANSFER,SUCCESS,VENDPAY_00005483
VPAY_005484,VINV_005484,VEND_000058,2026-07-06T23:07:00,BANK_003,195292.36,INR,BANK_TRANSFER,SUCCESS,VENDPAY_00005484
VPAY_005485,VINV_005485,VEND_000054,2026-07-30T22:03:00,BANK_003,181119.38,INR,BANK_TRANSFER,SUCCESS,VENDPAY_00005485
VPAY_005486,VINV_005486,VEND_000018,2026-08-09T21:37:00,BANK_003,150058.24,INR,BANK_TRANSFER,SUCCESS,VENDPAY_00005486
VPAY_005487,VINV_005487,VEND_000036,2026-07-04T01:14:00,BANK_003,106890.30,INR,BANK_TRANSFER,SUCCESS,VENDPAY_00005487
VPAY_005488,VINV_005488,VEND_000018,2026-07-25T21:08:00,BANK_003,121207.24,INR,BANK_TRANSFER,SUCCESS,VENDPAY_00005488
VPAY_005489,VINV_005489,VEND_000010,2026-07-23T20:33:00,BANK_003,117674.32,INR,BANK_TRANSFER,SUCCESS,VENDPAY_00005489
VPAY_005490,VINV_005490,VEND_000071,2026-07-15T19:55:00,BANK_003,121371.26,INR,BANK_TRANSFER,SUCCESS,VENDPAY_00005490
VPAY_005491,VINV_005491,VEND_000080,2026-07-16T23:22:00,BANK_003,58093.76,INR,BANK_TRANSFER,SUCCESS,VENDPAY_00005491
VPAY_005492,VINV_005492,VEND_000079,2026-07-13T00:17:00,BANK_003,75423.24,INR,BANK_TRANSFER,SUCCESS,VENDPAY_00005492
VPAY_005493,VINV_005493,VEND_000036,2026-07-06T00:41:00,BANK_003,177946.36,INR,BANK_TRANSFER,SUCCESS,VENDPAY_00005493
VPAY_005494,VINV_005494,VEND_000004,2026-07-06T02:17:00,BANK_003,243888.30,INR,BANK_TRANSFER,SUCCESS,VENDPAY_00005494
VPAY_005495,VINV_005495,VEND_000045,2026-07-16T23:38:00,BANK_003,72483.86,INR,BANK_TRANSFER,SUCCESS,VENDPAY_00005495
VPAY_005496,VINV_005496,VEND_000047,2026-07-26T19:54:00,BANK_003,187435.92,INR,BANK_TRANSFER,SUCCESS,VENDPAY_00005496
VPAY_005497,VINV_005497,VEND_000007,2026-08-07T00:27:00,BANK_003,73847.00,INR,BANK_TRANSFER,SUCCESS,VENDPAY_00005497
VPAY_005498,VINV_005498,VEND_000063,2026-07-10T23:45:00,BANK_003,92768.06,INR,BANK_TRANSFER,SUCCESS,VENDPAY_00005498
VPAY_005499,VINV_005499,VEND_000073,2026-07-28T02:04:00,BANK_003,233919.66,INR,BANK_TRANSFER,SUCCESS,VENDPAY_00005499
VPAY_005500,VINV_005500,VEND_000079,2026-07-12T19:37:00,BANK_003,249123.96,INR,BANK_TRANSFER,SUCCESS,VENDPAY_00005500
VPAY_005501,VINV_005501,VEND_000082,2026-08-02T00:36:00,BANK_003,109616.10,INR,BANK_TRANSFER,SUCCESS,VENDPAY_00005501
VPAY_005502,VINV_005502,VEND_000049,2026-06-30T21:18:00,BANK_003,134363.06,INR,BANK_TRANSFER,SUCCESS,VENDPAY_00005502
VPAY_005503,VINV_005503,VEND_000004,2026-07-16T03:02:00,BANK_003,120017.80,INR,BANK_TRANSFER,SUCCESS,VENDPAY_00005503
VPAY_005504,VINV_005504,VEND_000023,2026-07-27T21:08:00,BANK_003,156577.74,INR,BANK_TRANSFER,SUCCESS,VENDPAY_00005504
VPAY_005505,VINV_005505,VEND_000035,2026-07-21T21:12:00,BANK_003,142356.38,INR,BANK_TRANSFER,SUCCESS,VENDPAY_00005505
VPAY_005506,VINV_005506,VEND_000062,2026-07-07T21:40:00,BANK_003,81878.00,INR,BANK_TRANSFER,SUCCESS,VENDPAY_00005506
VPAY_005507,VINV_005507,VEND_000074,2026-07-12T00:03:00,BANK_003,53345.44,INR,BANK_TRANSFER,SUCCESS,VENDPAY_00005507
VPAY_005508,VINV_005508,VEND_000030,2026-07-12T22:35:00,BANK_003,73547.04,INR,BANK_TRANSFER,SUCCESS,VENDPAY_00005508
VPAY_005509,VINV_005509,VEND_000036,2026-07-26T03:37:00,BANK_003,170016.76,INR,BANK_TRANSFER,SUCCESS,VENDPAY_00005509
VPAY_005510,VINV_005510,VEND_000048,2026-07-12T02:51:00,BANK_003,202259.08,INR,BANK_TRANSFER,SUCCESS,VENDPAY_00005510
VPAY_005511,VINV_005511,VEND_000020,2026-07-19T23:02:00,BANK_003,163715.56,INR,BANK_TRANSFER,SUCCESS,VENDPAY_00005511
VPAY_005512,VINV_005512,VEND_000090,2026-07-16T23:29:00,BANK_003,235097.30,INR,BANK_TRANSFER,SUCCESS,VENDPAY_00005512
VPAY_005513,VINV_005513,VEND_000076,2026-07-03T21:38:00,BANK_003,151100.18,INR,BANK_TRANSFER,SUCCESS,VENDPAY_00005513
VPAY_005514,VINV_005514,VEND_000089,2026-07-12T00:26:00,BANK_003,55598.06,INR,BANK_TRANSFER,SUCCESS,VENDPAY_00005514
VPAY_005515,VINV_005515,VEND_000037,2026-07-30T03:18:00,BANK_003,128532.68,INR,BANK_TRANSFER,SUCCESS,VENDPAY_00005515
VPAY_005516,VINV_005516,VEND_000055,2026-07-14T01:37:00,BANK_003,82411.20,INR,BANK_TRANSFER,SUCCESS,VENDPAY_00005516
VPAY_005517,VINV_005517,VEND_000090,2026-07-13T21:01:00,BANK_003,216530.00,INR,BANK_TRANSFER,SUCCESS,VENDPAY_00005517
VPAY_005518,VINV_005518,VEND_000008,2026-07-25T20:09:00,BANK_003,71189.00,INR,BANK_TRANSFER,SUCCESS,VENDPAY_00005518
VPAY_005519,VINV_005519,VEND_000032,2026-07-12T02:28:00,BANK_003,67485.00,INR,BANK_TRANSFER,SUCCESS,VENDPAY_00005519
VPAY_005520,VINV_005520,VEND_000042,2026-07-07T22:11:00,BANK_003,81588.74,INR,BANK_TRANSFER,SUCCESS,VENDPAY_00005520
VPAY_005521,VINV_005521,VEND_000056,2026-08-04T01:14:00,BANK_003,202005.38,INR,BANK_TRANSFER,SUCCESS,VENDPAY_00005521
VPAY_005522,VINV_005522,VEND_000081,2026-07-12T21:36:00,BANK_003,85233.76,INR,BANK_TRANSFER,SUCCESS,VENDPAY_00005522
VPAY_005523,VINV_005523,VEND_000071,2026-07-05T21:13:00,BANK_003,194186.70,INR,BANK_TRANSFER,SUCCESS,VENDPAY_00005523
VPAY_005524,VINV_005524,VEND_000081,2026-07-28T00:47:00,BANK_003,215344.10,INR,BANK_TRANSFER,SUCCESS,VENDPAY_00005524
VPAY_005525,VINV_005525,VEND_000017,2026-07-31T21:18:00,BANK_003,131682.00,INR,BANK_TRANSFER,SUCCESS,VENDPAY_00005525
VPAY_005526,VINV_005526,VEND_000053,2026-07-20T00:41:00,BANK_003,213378.00,INR,BANK_TRANSFER,SUCCESS,VENDPAY_00005526
VPAY_005527,VINV_005527,VEND_000019,2026-08-05T03:41:00,BANK_003,185434.64,INR,BANK_TRANSFER,SUCCESS,VENDPAY_00005527
VPAY_005528,VINV_005528,VEND_000032,2026-07-11T01:52:00,BANK_003,63901.00,INR,BANK_TRANSFER,SUCCESS,VENDPAY_00005528
VPAY_005529,VINV_005529,VEND_000026,2026-07-28T21:06:00,BANK_003,56884.26,INR,BANK_TRANSFER,SUCCESS,VENDPAY_00005529
VPAY_005530,VINV_005530,VEND_000024,2026-07-05T00:47:00,BANK_003,113492.40,INR,BANK_TRANSFER,SUCCESS,VENDPAY_00005530
VPAY_005531,VINV_005531,VEND_000043,2026-08-09T03:09:00,BANK_003,253245.70,INR,BANK_TRANSFER,SUCCESS,VENDPAY_00005531
VPAY_005532,VINV_005532,VEND_000087,2026-07-06T19:45:00,BANK_003,154077.32,INR,BANK_TRANSFER,SUCCESS,VENDPAY_00005532
VPAY_005533,VINV_005533,VEND_000013,2026-07-27T00:05:00,BANK_003,82745.14,INR,BANK_TRANSFER,SUCCESS,VENDPAY_00005533
VPAY_005534,VINV_005534,VEND_000004,2026-07-16T00:20:00,BANK_003,177980.58,INR,BANK_TRANSFER,SUCCESS,VENDPAY_00005534
VPAY_005535,VINV_005535,VEND_000014,2026-07-19T19:26:00,BANK_003,150550.30,INR,BANK_TRANSFER,SUCCESS,VENDPAY_00005535
VPAY_005536,VINV_005536,VEND_000076,2026-07-06T00:52:00,BANK_003,228300.50,INR,BANK_TRANSFER,SUCCESS,VENDPAY_00005536
VPAY_005537,VINV_005537,VEND_000052,2026-07-04T22:55:00,BANK_003,184383.26,INR,BANK_TRANSFER,SUCCESS,VENDPAY_00005537
VPAY_005538,VINV_005538,VEND_000017,2026-07-22T02:03:00,BANK_003,80568.00,INR,BANK_TRANSFER,SUCCESS,VENDPAY_00005538
VPAY_005539,VINV_005539,VEND_000005,2026-07-10T00:27:00,BANK_003,151935.62,INR,BANK_TRANSFER,SUCCESS,VENDPAY_00005539
VPAY_005540,VINV_005540,VEND_000024,2026-07-10T21:22:00,BANK_003,258753.94,INR,BANK_TRANSFER,SUCCESS,VENDPAY_00005540
VPAY_005541,VINV_005541,VEND_000049,2026-07-23T00:55:00,BANK_003,96355.26,INR,BANK_TRANSFER,SUCCESS,VENDPAY_00005541
VPAY_005542,VINV_005542,VEND_000085,2026-07-18T21:35:00,BANK_003,243012.74,INR,BANK_TRANSFER,SUCCESS,VENDPAY_00005542
VPAY_005543,VINV_005543,VEND_000015,2026-07-23T03:14:00,BANK_003,117358.08,INR,BANK_TRANSFER,SUCCESS,VENDPAY_00005543
VPAY_005544,VINV_005544,VEND_000027,2026-08-05T02:57:00,BANK_003,122273.96,INR,BANK_TRANSFER,SUCCESS,VENDPAY_00005544
VPAY_005545,VINV_005545,VEND_000030,2026-07-07T20:07:00,BANK_003,251609.04,INR,BANK_TRANSFER,SUCCESS,VENDPAY_00005545
VPAY_005546,VINV_005546,VEND_000067,2026-07-05T21:12:00,BANK_003,170283.44,INR,BANK_TRANSFER,SUCCESS,VENDPAY_00005546
VPAY_005547,VINV_005547,VEND_000021,2026-08-11T02:06:00,BANK_003,128346.24,INR,BANK_TRANSFER,SUCCESS,VENDPAY_00005547
VPAY_005548,VINV_005548,VEND_000043,2026-08-07T22:52:00,BANK_003,180457.40,INR,BANK_TRANSFER,SUCCESS,VENDPAY_00005548
VPAY_005549,VINV_005549,VEND_000017,2026-07-26T21:12:00,BANK_003,101774.00,INR,BANK_TRANSFER,SUCCESS,VENDPAY_00005549
VPAY_005550,VINV_005550,VEND_000039,2026-08-07T23:52:00,BANK_003,145263.90,INR,BANK_TRANSFER,SUCCESS,VENDPAY_00005550
VPAY_005551,VINV_005551,VEND_000001,2026-07-10T21:23:00,BANK_003,106694.42,INR,BANK_TRANSFER,SUCCESS,VENDPAY_00005551
VPAY_005552,VINV_005552,VEND_000055,2026-07-11T02:42:00,BANK_003,112901.22,INR,BANK_TRANSFER,SUCCESS,VENDPAY_00005552
VPAY_005553,VINV_005553,VEND_000075,2026-07-25T02:51:00,BANK_003,163408.76,INR,BANK_TRANSFER,SUCCESS,VENDPAY_00005553
VPAY_005554,VINV_005554,VEND_000082,2026-08-07T02:29:00,BANK_003,199584.02,INR,BANK_TRANSFER,SUCCESS,VENDPAY_00005554
VPAY_005555,VINV_005555,VEND_000036,2026-07-20T22:28:00,BANK_003,257835.90,INR,BANK_TRANSFER,SUCCESS,VENDPAY_00005555
VPAY_005556,VINV_005556,VEND_000023,2026-08-02T01:26:00,BANK_003,245450.62,INR,BANK_TRANSFER,SUCCESS,VENDPAY_00005556
VPAY_005557,VINV_005557,VEND_000046,2026-07-20T03:08:00,BANK_003,178305.08,INR,BANK_TRANSFER,SUCCESS,VENDPAY_00005557
VPAY_005558,VINV_005558,VEND_000050,2026-07-09T01:35:00,BANK_003,178156.40,INR,BANK_TRANSFER,SUCCESS,VENDPAY_00005558
VPAY_005559,VINV_005559,VEND_000073,2026-07-26T02:12:00,BANK_003,73619.02,INR,BANK_TRANSFER,SUCCESS,VENDPAY_00005559
VPAY_005560,VINV_005560,VEND_000021,2026-07-23T00:58:00,BANK_003,167469.14,INR,BANK_TRANSFER,SUCCESS,VENDPAY_00005560
VPAY_005561,VINV_005561,VEND_000080,2026-07-30T20:01:00,BANK_003,181952.46,INR,BANK_TRANSFER,SUCCESS,VENDPAY_00005561
VPAY_005562,VINV_005562,VEND_000035,2026-07-14T01:02:00,BANK_003,199329.14,INR,BANK_TRANSFER,SUCCESS,VENDPAY_00005562
VPAY_005563,VINV_005563,VEND_000052,2026-07-27T01:06:00,BANK_003,233007.52,INR,BANK_TRANSFER,SUCCESS,VENDPAY_00005563
VPAY_005564,VINV_005564,VEND_000037,2026-07-25T20:00:00,BANK_003,189677.92,INR,BANK_TRANSFER,SUCCESS,VENDPAY_00005564
VPAY_005565,VINV_005565,VEND_000056,2026-08-07T21:31:00,BANK_003,151398.72,INR,BANK_TRANSFER,SUCCESS,VENDPAY_00005565
VPAY_005566,VINV_005566,VEND_000027,2026-08-04T22:33:00,BANK_003,226693.34,INR,BANK_TRANSFER,SUCCESS,VENDPAY_00005566
VPAY_005567,VINV_005567,VEND_000017,2026-08-05T00:52:00,BANK_003,211144.00,INR,BANK_TRANSFER,SUCCESS,VENDPAY_00005567
VPAY_005568,VINV_005568,VEND_000032,2026-07-12T01:41:00,BANK_003,85395.00,INR,BANK_TRANSFER,SUCCESS,VENDPAY_00005568
VPAY_005569,VINV_005569,VEND_000064,2026-07-06T22:27:00,BANK_003,236343.38,INR,BANK_TRANSFER,SUCCESS,VENDPAY_00005569
VPAY_005570,VINV_005570,VEND_000044,2026-07-04T23:21:00,BANK_003,199975.78,INR,BANK_TRANSFER,SUCCESS,VENDPAY_00005570
VPAY_005571,VINV_005571,VEND_000083,2026-07-08T22:30:00,BANK_003,182507.06,INR,BANK_TRANSFER,SUCCESS,VENDPAY_00005571
VPAY_005572,VINV_005572,VEND_000042,2026-07-09T00:32:00,BANK_003,137067.62,INR,BANK_TRANSFER,SUCCESS,VENDPAY_00005572
VPAY_005573,VINV_005573,VEND_000053,2026-07-12T23:27:00,BANK_003,188793.00,INR,BANK_TRANSFER,SUCCESS,VENDPAY_00005573
VPAY_005574,VINV_005574,VEND_000032,2026-07-05T20:47:00,BANK_003,196453.00,INR,BANK_TRANSFER,SUCCESS,VENDPAY_00005574
VPAY_005575,VINV_005575,VEND_000051,2026-07-21T23:23:00,BANK_003,219642.84,INR,BANK_TRANSFER,SUCCESS,VENDPAY_00005575
VPAY_005576,VINV_005576,VEND_000076,2026-07-10T00:50:00,BANK_003,250734.66,INR,BANK_TRANSFER,SUCCESS,VENDPAY_00005576
VPAY_005577,VINV_005577,VEND_000054,2026-07-29T01:41:00,BANK_003,82851.34,INR,BANK_TRANSFER,SUCCESS,VENDPAY_00005577
VPAY_005578,VINV_005578,VEND_000087,2026-07-06T22:04:00,BANK_003,207793.28,INR,BANK_TRANSFER,SUCCESS,VENDPAY_00005578
VPAY_005579,VINV_005579,VEND_000066,2026-07-10T22:20:00,BANK_003,255951.44,INR,BANK_TRANSFER,SUCCESS,VENDPAY_00005579
VPAY_005580,VINV_005580,VEND_000012,2026-07-04T22:56:00,BANK_003,62139.98,INR,BANK_TRANSFER,SUCCESS,VENDPAY_00005580
VPAY_005581,VINV_005581,VEND_000027,2026-07-22T00:57:00,BANK_003,199717.36,INR,BANK_TRANSFER,SUCCESS,VENDPAY_00005581
VPAY_005582,VINV_005582,VEND_000061,2026-07-03T00:12:00,BANK_003,104463.04,INR,BANK_TRANSFER,SUCCESS,VENDPAY_00005582
VPAY_005583,VINV_005583,VEND_000069,2026-07-30T21:27:00,BANK_003,242887.66,INR,BANK_TRANSFER,SUCCESS,VENDPAY_00005583
VPAY_005584,VINV_005584,VEND_000071,2026-07-20T01:20:00,BANK_003,59007.08,INR,BANK_TRANSFER,SUCCESS,VENDPAY_00005584
VPAY_005585,VINV_005585,VEND_000050,2026-07-16T23:37:00,BANK_003,138195.70,INR,BANK_TRANSFER,SUCCESS,VENDPAY_00005585
VPAY_005586,VINV_005586,VEND_000017,2026-07-30T00:26:00,BANK_003,77108.00,INR,BANK_TRANSFER,SUCCESS,VENDPAY_00005586
VPAY_005587,VINV_005587,VEND_000076,2026-07-17T03:14:00,BANK_003,145233.22,INR,BANK_TRANSFER,SUCCESS,VENDPAY_00005587
VPAY_005588,VINV_005588,VEND_000042,2026-07-11T00:07:00,BANK_003,251826.16,INR,BANK_TRANSFER,SUCCESS,VENDPAY_00005588
VPAY_005589,VINV_005589,VEND_000075,2026-07-19T21:20:00,BANK_003,248853.74,INR,BANK_TRANSFER,SUCCESS,VENDPAY_00005589
VPAY_005590,VINV_005590,VEND_000045,2026-07-08T21:57:00,BANK_003,178519.84,INR,BANK_TRANSFER,SUCCESS,VENDPAY_00005590
VPAY_005591,VINV_005591,VEND_000077,2026-07-17T02:46:00,BANK_003,86780.74,INR,BANK_TRANSFER,SUCCESS,VENDPAY_00005591
VPAY_005592,VINV_005592,VEND_000002,2026-07-29T20:04:00,BANK_003,119676.78,INR,BANK_TRANSFER,SUCCESS,VENDPAY_00005592
VPAY_005593,VINV_005593,VEND_000065,2026-07-05T01:19:00,BANK_003,258786.98,INR,BANK_TRANSFER,SUCCESS,VENDPAY_00005593
VPAY_005594,VINV_005594,VEND_000024,2026-07-15T19:49:00,BANK_003,251698.72,INR,BANK_TRANSFER,SUCCESS,VENDPAY_00005594
VPAY_005595,VINV_005595,VEND_000038,2026-07-16T22:30:00,BANK_003,228537.68,INR,BANK_TRANSFER,SUCCESS,VENDPAY_00005595
VPAY_005596,VINV_005596,VEND_000058,2026-07-16T01:01:00,BANK_003,61010.72,INR,BANK_TRANSFER,SUCCESS,VENDPAY_00005596
VPAY_005597,VINV_005597,VEND_000028,2026-07-10T01:30:00,BANK_003,154757.00,INR,BANK_TRANSFER,SUCCESS,VENDPAY_00005597
VPAY_005598,VINV_005598,VEND_000005,2026-07-14T20:19:00,BANK_003,85541.74,INR,BANK_TRANSFER,SUCCESS,VENDPAY_00005598
VPAY_005599,VINV_005599,VEND_000045,2026-07-03T00:46:00,BANK_003,229794.38,INR,BANK_TRANSFER,SUCCESS,VENDPAY_00005599
VPAY_005600,VINV_005600,VEND_000032,2026-07-22T01:47:00,BANK_003,193815.00,INR,BANK_TRANSFER,SUCCESS,VENDPAY_00005600
VPAY_005601,VINV_005601,VEND_000011,2026-07-24T20:29:00,BANK_003,113322.48,INR,BANK_TRANSFER,SUCCESS,VENDPAY_00005601
VPAY_005602,VINV_005602,VEND_000035,2026-07-18T03:52:00,BANK_003,119742.86,INR,BANK_TRANSFER,SUCCESS,VENDPAY_00005602
VPAY_005603,VINV_005603,VEND_000062,2026-07-08T20:22:00,BANK_003,217173.00,INR,BANK_TRANSFER,SUCCESS,VENDPAY_00005603
VPAY_005604,VINV_005604,VEND_000069,2026-07-26T21:46:00,BANK_003,84152.88,INR,BANK_TRANSFER,SUCCESS,VENDPAY_00005604
VPAY_005605,VINV_005605,VEND_000012,2026-07-04T21:13:00,BANK_003,72300.96,INR,BANK_TRANSFER,SUCCESS,VENDPAY_00005605
VPAY_005606,VINV_005606,VEND_000064,2026-07-09T19:51:00,BANK_003,238850.88,INR,BANK_TRANSFER,SUCCESS,VENDPAY_00005606
VPAY_005607,VINV_005607,VEND_000033,2026-07-05T02:30:00,BANK_003,221500.16,INR,BANK_TRANSFER,SUCCESS,VENDPAY_00005607
VPAY_005608,VINV_005608,VEND_000002,2026-08-04T21:25:00,BANK_003,140617.06,INR,BANK_TRANSFER,SUCCESS,VENDPAY_00005608
VPAY_005609,VINV_005609,VEND_000004,2026-07-12T03:16:00,BANK_003,67811.06,INR,BANK_TRANSFER,SUCCESS,VENDPAY_00005609
VPAY_005610,VINV_005610,VEND_000005,2026-07-17T02:35:00,BANK_003,99660.44,INR,BANK_TRANSFER,SUCCESS,VENDPAY_00005610
VPAY_005611,VINV_005611,VEND_000054,2026-07-29T22:13:00,BANK_003,89931.34,INR,BANK_TRANSFER,SUCCESS,VENDPAY_00005611
VPAY_005612,VINV_005612,VEND_000010,2026-07-22T00:27:00,BANK_003,245145.00,INR,BANK_TRANSFER,SUCCESS,VENDPAY_00005612
VPAY_005613,VINV_005613,VEND_000038,2026-07-04T01:29:00,BANK_003,97760.64,INR,BANK_TRANSFER,SUCCESS,VENDPAY_00005613
VPAY_005614,VINV_005614,VEND_000034,2026-07-26T02:25:00,BANK_003,208365.58,INR,BANK_TRANSFER,SUCCESS,VENDPAY_00005614
VPAY_005615,VINV_005615,VEND_000039,2026-07-23T02:46:00,BANK_003,224319.18,INR,BANK_TRANSFER,SUCCESS,VENDPAY_00005615
VPAY_005616,VINV_005616,VEND_000008,2026-07-13T02:29:00,BANK_003,99926.00,INR,BANK_TRANSFER,SUCCESS,VENDPAY_00005616
VPAY_005617,VINV_005617,VEND_000055,2026-07-24T21:38:00,BANK_003,72087.38,INR,BANK_TRANSFER,SUCCESS,VENDPAY_00005617
VPAY_005618,VINV_005618,VEND_000063,2026-07-06T00:45:00,BANK_003,236122.72,INR,BANK_TRANSFER,SUCCESS,VENDPAY_00005618
VPAY_005619,VINV_005619,VEND_000008,2026-07-13T00:24:00,BANK_003,65928.00,INR,BANK_TRANSFER,SUCCESS,VENDPAY_00005619
VPAY_005620,VINV_005620,VEND_000013,2026-08-02T01:30:00,BANK_003,79828.18,INR,BANK_TRANSFER,SUCCESS,VENDPAY_00005620
VPAY_005621,VINV_005621,VEND_000018,2026-08-05T01:33:00,BANK_003,83339.86,INR,BANK_TRANSFER,SUCCESS,VENDPAY_00005621
VPAY_005622,VINV_005622,VEND_000003,2026-07-12T00:08:00,BANK_003,94969.94,INR,BANK_TRANSFER,SUCCESS,VENDPAY_00005622
VPAY_005623,VINV_005623,VEND_000086,2026-07-08T00:38:00,BANK_003,46129.00,INR,BANK_TRANSFER,SUCCESS,VENDPAY_00005623
VPAY_005624,VINV_005624,VEND_000038,2026-07-07T01:29:00,BANK_003,81562.78,INR,BANK_TRANSFER,SUCCESS,VENDPAY_00005624
VPAY_005625,VINV_005625,VEND_000081,2026-07-26T19:10:00,BANK_003,145612.00,INR,BANK_TRANSFER,SUCCESS,VENDPAY_00005625
VPAY_005626,VINV_005626,VEND_000090,2026-07-19T00:53:00,BANK_003,76324.76,INR,BANK_TRANSFER,SUCCESS,VENDPAY_00005626
VPAY_005627,VINV_005627,VEND_000061,2026-07-13T22:35:00,BANK_003,210881.34,INR,BANK_TRANSFER,SUCCESS,VENDPAY_00005627
VPAY_005628,VINV_005628,VEND_000038,2026-07-09T21:29:00,BANK_003,185709.58,INR,BANK_TRANSFER,SUCCESS,VENDPAY_00005628
VPAY_005629,VINV_005629,VEND_000031,2026-07-05T00:06:00,BANK_003,224502.08,INR,BANK_TRANSFER,SUCCESS,VENDPAY_00005629
VPAY_005630,VINV_005630,VEND_000039,2026-07-21T01:03:00,BANK_003,243234.58,INR,BANK_TRANSFER,SUCCESS,VENDPAY_00005630
VPAY_005631,VINV_005631,VEND_000016,2026-07-26T22:50:00,BANK_003,231767.34,INR,BANK_TRANSFER,SUCCESS,VENDPAY_00005631
VPAY_005632,VINV_005632,VEND_000083,2026-07-05T22:05:00,BANK_003,100040.40,INR,BANK_TRANSFER,SUCCESS,VENDPAY_00005632
VPAY_005633,VINV_005633,VEND_000007,2026-08-06T00:09:00,BANK_003,64958.00,INR,BANK_TRANSFER,SUCCESS,VENDPAY_00005633
VPAY_005634,VINV_005634,VEND_000043,2026-07-28T01:27:00,BANK_003,120469.74,INR,BANK_TRANSFER,SUCCESS,VENDPAY_00005634
VPAY_005635,VINV_005635,VEND_000077,2026-07-16T02:51:00,BANK_003,258326.78,INR,BANK_TRANSFER,SUCCESS,VENDPAY_00005635
VPAY_005636,VINV_005636,VEND_000050,2026-07-15T23:02:00,BANK_003,73648.52,INR,BANK_TRANSFER,SUCCESS,VENDPAY_00005636
VPAY_005637,VINV_005637,VEND_000045,2026-07-08T03:06:00,BANK_003,157384.86,INR,BANK_TRANSFER,SUCCESS,VENDPAY_00005637
VPAY_005638,VINV_005638,VEND_000084,2026-08-13T01:28:00,BANK_003,206789.10,INR,BANK_TRANSFER,SUCCESS,VENDPAY_00005638
VPAY_005639,VINV_005639,VEND_000001,2026-07-22T21:46:00,BANK_003,96074.42,INR,BANK_TRANSFER,SUCCESS,VENDPAY_00005639
VPAY_005640,VINV_005640,VEND_000063,2026-07-24T22:27:00,BANK_003,73207.20,INR,BANK_TRANSFER,SUCCESS,VENDPAY_00005640
VPAY_005641,VINV_005641,VEND_000067,2026-07-13T22:31:00,BANK_003,215718.16,INR,BANK_TRANSFER,SUCCESS,VENDPAY_00005641
VPAY_005642,VINV_005642,VEND_000078,2026-08-02T22:21:00,BANK_003,140431.80,INR,BANK_TRANSFER,SUCCESS,VENDPAY_00005642
VPAY_005643,VINV_005643,VEND_000008,2026-07-13T20:53:00,BANK_003,53028.00,INR,BANK_TRANSFER,SUCCESS,VENDPAY_00005643
VPAY_005644,VINV_005644,VEND_000056,2026-07-27T21:54:00,BANK_003,192736.48,INR,BANK_TRANSFER,SUCCESS,VENDPAY_00005644
VPAY_005645,VINV_005645,VEND_000027,2026-07-28T20:29:00,BANK_003,166197.10,INR,BANK_TRANSFER,SUCCESS,VENDPAY_00005645
VPAY_005646,VINV_005646,VEND_000019,2026-07-31T20:43:00,BANK_003,110088.10,INR,BANK_TRANSFER,SUCCESS,VENDPAY_00005646
VPAY_005647,VINV_005647,VEND_000059,2026-07-14T20:21:00,BANK_003,101373.80,INR,BANK_TRANSFER,SUCCESS,VENDPAY_00005647
VPAY_005648,VINV_005648,VEND_000084,2026-07-28T01:39:00,BANK_003,164960.46,INR,BANK_TRANSFER,SUCCESS,VENDPAY_00005648
VPAY_005649,VINV_005649,VEND_000034,2026-07-02T23:15:00,BANK_003,171504.74,INR,BANK_TRANSFER,SUCCESS,VENDPAY_00005649
VPAY_005650,VINV_005650,VEND_000085,2026-07-20T00:19:00,BANK_003,66349.04,INR,BANK_TRANSFER,SUCCESS,VENDPAY_00005650
VPAY_005651,VINV_005651,VEND_000015,2026-07-18T03:17:00,BANK_003,121919.96,INR,BANK_TRANSFER,SUCCESS,VENDPAY_00005651
VPAY_005652,VINV_005652,VEND_000066,2026-07-15T21:37:00,BANK_003,253632.74,INR,BANK_TRANSFER,SUCCESS,VENDPAY_00005652
VPAY_005653,VINV_005653,VEND_000034,2026-07-24T22:29:00,BANK_003,65635.14,INR,BANK_TRANSFER,SUCCESS,VENDPAY_00005653
VPAY_005654,VINV_005654,VEND_000014,2026-07-18T03:00:00,BANK_003,54691.82,INR,BANK_TRANSFER,SUCCESS,VENDPAY_00005654
VPAY_005655,VINV_005655,VEND_000053,2026-07-22T00:38:00,BANK_003,186949.00,INR,BANK_TRANSFER,SUCCESS,VENDPAY_00005655
VPAY_005656,VINV_005656,VEND_000013,2026-07-22T02:42:00,BANK_003,203390.70,INR,BANK_TRANSFER,SUCCESS,VENDPAY_00005656
VPAY_005657,VINV_005657,VEND_000001,2026-07-15T19:30:00,BANK_003,199014.08,INR,BANK_TRANSFER,SUCCESS,VENDPAY_00005657
VPAY_005658,VINV_005658,VEND_000065,2026-07-05T02:46:00,BANK_003,87534.76,INR,BANK_TRANSFER,SUCCESS,VENDPAY_00005658
VPAY_005659,VINV_005659,VEND_000018,2026-07-21T23:21:00,BANK_003,124049.86,INR,BANK_TRANSFER,SUCCESS,VENDPAY_00005659
VPAY_005660,VINV_005660,VEND_000024,2026-07-18T21:54:00,BANK_003,107228.96,INR,BANK_TRANSFER,SUCCESS,VENDPAY_00005660
VPAY_005661,VINV_005661,VEND_000002,2026-07-25T21:11:00,BANK_003,218915.96,INR,BANK_TRANSFER,SUCCESS,VENDPAY_00005661
VPAY_005662,VINV_005662,VEND_000020,2026-07-23T20:51:00,BANK_003,215810.20,INR,BANK_TRANSFER,SUCCESS,VENDPAY_00005662
VPAY_005663,VINV_005663,VEND_000005,2026-07-10T22:33:00,BANK_003,53497.66,INR,BANK_TRANSFER,SUCCESS,VENDPAY_00005663
VPAY_005664,VINV_005664,VEND_000071,2026-07-16T23:37:00,BANK_003,135992.64,INR,BANK_TRANSFER,SUCCESS,VENDPAY_00005664
VPAY_005665,VINV_005665,VEND_000030,2026-07-05T22:38:00,BANK_003,168487.48,INR,BANK_TRANSFER,SUCCESS,VENDPAY_00005665
VPAY_005666,VINV_005666,VEND_000032,2026-07-25T21:12:00,BANK_003,135971.00,INR,BANK_TRANSFER,SUCCESS,VENDPAY_00005666
VPAY_005667,VINV_005667,VEND_000025,2026-07-11T23:46:00,BANK_003,151678.38,INR,BANK_TRANSFER,SUCCESS,VENDPAY_00005667
VPAY_005668,VINV_005668,VEND_000022,2026-08-02T21:43:00,BANK_003,252038.56,INR,BANK_TRANSFER,SUCCESS,VENDPAY_00005668
VPAY_005669,VINV_005669,VEND_000001,2026-07-12T00:49:00,BANK_003,188178.14,INR,BANK_TRANSFER,SUCCESS,VENDPAY_00005669
VPAY_005670,VINV_005670,VEND_000063,2026-07-03T21:18:00,BANK_003,225249.02,INR,BANK_TRANSFER,SUCCESS,VENDPAY_00005670
VPAY_005671,VINV_005671,VEND_000068,2026-07-02T21:23:00,BANK_003,127419.94,INR,BANK_TRANSFER,SUCCESS,VENDPAY_00005671
VPAY_005672,VINV_005672,VEND_000010,2026-07-12T00:47:00,BANK_003,60439.60,INR,BANK_TRANSFER,SUCCESS,VENDPAY_00005672
VPAY_005673,VINV_005673,VEND_000043,2026-07-26T22:54:00,BANK_003,128138.56,INR,BANK_TRANSFER,SUCCESS,VENDPAY_00005673
VPAY_005674,VINV_005674,VEND_000017,2026-07-20T23:19:00,BANK_003,178834.00,INR,BANK_TRANSFER,SUCCESS,VENDPAY_00005674
VPAY_005675,VINV_005675,VEND_000037,2026-08-03T23:43:00,BANK_003,198339.12,INR,BANK_TRANSFER,SUCCESS,VENDPAY_00005675
VPAY_005676,VINV_005676,VEND_000037,2026-07-22T03:21:00,BANK_003,247608.84,INR,BANK_TRANSFER,SUCCESS,VENDPAY_00005676
VPAY_005677,VINV_005677,VEND_000023,2026-08-07T02:46:00,BANK_003,79392.76,INR,BANK_TRANSFER,SUCCESS,VENDPAY_00005677
VPAY_005678,VINV_005678,VEND_000003,2026-07-06T00:03:00,BANK_003,172354.34,INR,BANK_TRANSFER,SUCCESS,VENDPAY_00005678
VPAY_005679,VINV_005679,VEND_000064,2026-07-26T01:01:00,BANK_003,226090.36,INR,BANK_TRANSFER,SUCCESS,VENDPAY_00005679
VPAY_005680,VINV_005680,VEND_000087,2026-07-17T03:14:00,BANK_003,123423.28,INR,BANK_TRANSFER,SUCCESS,VENDPAY_00005680
VPAY_005681,VINV_005681,VEND_000086,2026-07-05T20:25:00,BANK_003,83249.00,INR,BANK_TRANSFER,SUCCESS,VENDPAY_00005681
VPAY_005682,VINV_005682,VEND_000033,2026-07-26T02:25:00,BANK_003,127199.28,INR,BANK_TRANSFER,SUCCESS,VENDPAY_00005682
VPAY_005683,VINV_005683,VEND_000041,2026-07-18T02:24:00,BANK_003,155776.52,INR,BANK_TRANSFER,SUCCESS,VENDPAY_00005683
VPAY_005684,VINV_005684,VEND_000064,2026-07-17T23:18:00,BANK_003,168194.84,INR,BANK_TRANSFER,SUCCESS,VENDPAY_00005684
VPAY_005685,VINV_005685,VEND_000090,2026-07-22T03:34:00,BANK_003,59551.06,INR,BANK_TRANSFER,SUCCESS,VENDPAY_00005685
VPAY_005686,VINV_005686,VEND_000024,2026-07-22T00:08:00,BANK_003,231246.96,INR,BANK_TRANSFER,SUCCESS,VENDPAY_00005686
VPAY_005687,VINV_005687,VEND_000078,2026-08-04T22:48:00,BANK_003,186088.36,INR,BANK_TRANSFER,SUCCESS,VENDPAY_00005687
VPAY_005688,VINV_005688,VEND_000089,2026-07-12T22:47:00,BANK_003,145291.04,INR,BANK_TRANSFER,SUCCESS,VENDPAY_00005688
VPAY_005689,VINV_005689,VEND_000067,2026-07-19T20:02:00,BANK_003,241090.52,INR,BANK_TRANSFER,SUCCESS,VENDPAY_00005689
VPAY_005690,VINV_005690,VEND_000049,2026-07-24T19:19:00,BANK_003,73725.22,INR,BANK_TRANSFER,SUCCESS,VENDPAY_00005690
VPAY_005691,VINV_005691,VEND_000043,2026-08-01T02:53:00,BANK_003,183134.82,INR,BANK_TRANSFER,SUCCESS,VENDPAY_00005691
VPAY_005692,VINV_005692,VEND_000058,2026-07-14T03:01:00,BANK_003,137659.98,INR,BANK_TRANSFER,SUCCESS,VENDPAY_00005692
VPAY_005693,VINV_005693,VEND_000011,2026-07-28T02:31:00,BANK_003,176544.52,INR,BANK_TRANSFER,SUCCESS,VENDPAY_00005693
VPAY_005694,VINV_005694,VEND_000054,2026-07-25T01:08:00,BANK_003,81939.20,INR,BANK_TRANSFER,SUCCESS,VENDPAY_00005694
VPAY_005695,VINV_005695,VEND_000039,2026-08-03T21:18:00,BANK_003,234907.32,INR,BANK_TRANSFER,SUCCESS,VENDPAY_00005695
VPAY_005696,VINV_005696,VEND_000046,2026-08-07T02:00:00,BANK_003,121137.62,INR,BANK_TRANSFER,SUCCESS,VENDPAY_00005696
VPAY_005697,VINV_005697,VEND_000025,2026-07-24T22:26:00,BANK_003,201240.74,INR,BANK_TRANSFER,SUCCESS,VENDPAY_00005697
VPAY_005698,VINV_005698,VEND_000082,2026-07-29T23:33:00,BANK_003,242678.80,INR,BANK_TRANSFER,SUCCESS,VENDPAY_00005698
VPAY_005699,VINV_005699,VEND_000039,2026-08-04T21:47:00,BANK_003,195339.56,INR,BANK_TRANSFER,SUCCESS,VENDPAY_00005699
VPAY_005700,VINV_005700,VEND_000042,2026-07-20T00:25:00,BANK_003,55929.64,INR,BANK_TRANSFER,SUCCESS,VENDPAY_00005700
VPAY_005701,VINV_005701,VEND_000031,2026-07-11T01:04:00,BANK_003,96664.42,INR,BANK_TRANSFER,SUCCESS,VENDPAY_00005701
VPAY_005702,VINV_005702,VEND_000039,2026-07-17T23:44:00,BANK_003,211564.56,INR,BANK_TRANSFER,SUCCESS,VENDPAY_00005702
VPAY_005703,VINV_005703,VEND_000036,2026-07-16T20:46:00,BANK_003,77850.50,INR,BANK_TRANSFER,SUCCESS,VENDPAY_00005703
VPAY_005704,VINV_005704,VEND_000040,2026-08-09T22:10:00,BANK_003,87314.10,INR,BANK_TRANSFER,SUCCESS,VENDPAY_00005704
VPAY_005705,VINV_005705,VEND_000032,2026-07-25T00:48:00,BANK_003,149417.00,INR,BANK_TRANSFER,SUCCESS,VENDPAY_00005705
VPAY_005706,VINV_005706,VEND_000069,2026-07-24T22:59:00,BANK_003,157664.52,INR,BANK_TRANSFER,SUCCESS,VENDPAY_00005706
VPAY_005707,VINV_005707,VEND_000075,2026-07-29T22:14:00,BANK_003,62006.64,INR,BANK_TRANSFER,SUCCESS,VENDPAY_00005707
VPAY_005708,VINV_005708,VEND_000073,2026-07-17T23:08:00,BANK_003,170281.08,INR,BANK_TRANSFER,SUCCESS,VENDPAY_00005708
VPAY_005709,VINV_005709,VEND_000022,2026-07-28T02:08:00,BANK_003,167217.80,INR,BANK_TRANSFER,SUCCESS,VENDPAY_00005709
VPAY_005710,VINV_005710,VEND_000028,2026-07-24T02:14:00,BANK_003,121654.46,INR,BANK_TRANSFER,SUCCESS,VENDPAY_00005710
VPAY_005711,VINV_005711,VEND_000087,2026-07-11T20:31:00,BANK_003,238630.22,INR,BANK_TRANSFER,SUCCESS,VENDPAY_00005711
VPAY_005712,VINV_005712,VEND_000029,2026-07-12T22:26:00,BANK_003,66644.00,INR,BANK_TRANSFER,SUCCESS,VENDPAY_00005712
VPAY_005713,VINV_005713,VEND_000068,2026-07-07T21:09:00,BANK_003,172770.88,INR,BANK_TRANSFER,SUCCESS,VENDPAY_00005713
VPAY_005714,VINV_005714,VEND_000003,2026-07-22T02:53:00,BANK_003,96350.54,INR,BANK_TRANSFER,SUCCESS,VENDPAY_00005714
VPAY_005715,VINV_005715,VEND_000024,2026-07-21T21:08:00,BANK_003,244028.72,INR,BANK_TRANSFER,SUCCESS,VENDPAY_00005715
VPAY_005716,VINV_005716,VEND_000021,2026-07-31T20:25:00,BANK_003,83787.08,INR,BANK_TRANSFER,SUCCESS,VENDPAY_00005716
VPAY_005717,VINV_005717,VEND_000077,2026-07-06T20:09:00,BANK_003,96044.92,INR,BANK_TRANSFER,SUCCESS,VENDPAY_00005717
VPAY_005718,VINV_005718,VEND_000012,2026-07-17T21:13:00,BANK_003,179080.34,INR,BANK_TRANSFER,SUCCESS,VENDPAY_00005718
VPAY_005719,VINV_005719,VEND_000016,2026-08-08T02:23:00,BANK_003,164205.26,INR,BANK_TRANSFER,SUCCESS,VENDPAY_00005719
VPAY_005720,VINV_005720,VEND_000052,2026-07-22T03:12:00,BANK_003,171402.08,INR,BANK_TRANSFER,SUCCESS,VENDPAY_00005720
VPAY_005721,VINV_005721,VEND_000001,2026-07-09T22:10:00,BANK_003,175660.70,INR,BANK_TRANSFER,SUCCESS,VENDPAY_00005721
VPAY_005722,VINV_005722,VEND_000005,2026-07-05T23:20:00,BANK_003,119744.04,INR,BANK_TRANSFER,SUCCESS,VENDPAY_00005722
VPAY_005723,VINV_005723,VEND_000076,2026-07-18T22:36:00,BANK_003,101631.04,INR,BANK_TRANSFER,SUCCESS,VENDPAY_00005723
VPAY_005724,VINV_005724,VEND_000069,2026-07-16T02:52:00,BANK_003,163930.32,INR,BANK_TRANSFER,SUCCESS,VENDPAY_00005724
VPAY_005725,VINV_005725,VEND_000006,2026-07-06T00:31:00,BANK_003,182394.96,INR,BANK_TRANSFER,SUCCESS,VENDPAY_00005725
VPAY_005726,VINV_005726,VEND_000014,2026-07-24T22:29:00,BANK_003,231414.52,INR,BANK_TRANSFER,SUCCESS,VENDPAY_00005726
VPAY_005727,VINV_005727,VEND_000028,2026-07-21T21:20:00,BANK_003,168686.90,INR,BANK_TRANSFER,SUCCESS,VENDPAY_00005727
VPAY_005728,VINV_005728,VEND_000078,2026-07-19T02:18:00,BANK_003,203809.60,INR,BANK_TRANSFER,SUCCESS,VENDPAY_00005728
VPAY_005729,VINV_005729,VEND_000001,2026-07-23T00:56:00,BANK_003,71082.02,INR,BANK_TRANSFER,SUCCESS,VENDPAY_00005729
VPAY_005730,VINV_005730,VEND_000075,2026-07-24T21:36:00,BANK_003,253554.86,INR,BANK_TRANSFER,SUCCESS,VENDPAY_00005730
VPAY_005731,VINV_005731,VEND_000049,2026-07-08T02:01:00,BANK_003,98330.58,INR,BANK_TRANSFER,SUCCESS,VENDPAY_00005731
VPAY_005732,VINV_005732,VEND_000049,2026-07-19T23:15:00,BANK_003,139950.36,INR,BANK_TRANSFER,SUCCESS,VENDPAY_00005732
VPAY_005733,VINV_005733,VEND_000066,2026-07-14T01:24:00,BANK_003,167077.38,INR,BANK_TRANSFER,SUCCESS,VENDPAY_00005733
VPAY_005734,VINV_005734,VEND_000001,2026-07-20T21:30:00,BANK_003,192141.76,INR,BANK_TRANSFER,SUCCESS,VENDPAY_00005734
VPAY_005735,VINV_005735,VEND_000030,2026-07-11T20:41:00,BANK_003,53245.14,INR,BANK_TRANSFER,SUCCESS,VENDPAY_00005735
VPAY_005736,VINV_005736,VEND_000028,2026-07-29T00:22:00,BANK_003,95390.02,INR,BANK_TRANSFER,SUCCESS,VENDPAY_00005736
VPAY_005737,VINV_005737,VEND_000050,2026-07-23T03:21:00,BANK_003,254438.68,INR,BANK_TRANSFER,SUCCESS,VENDPAY_00005737
VPAY_005738,VINV_005738,VEND_000069,2026-07-25T22:50:00,BANK_003,76443.94,INR,BANK_TRANSFER,SUCCESS,VENDPAY_00005738
VPAY_005739,VINV_005739,VEND_000038,2026-07-22T22:45:00,BANK_003,189542.22,INR,BANK_TRANSFER,SUCCESS,VENDPAY_00005739
VPAY_005740,VINV_005740,VEND_000057,2026-07-29T00:41:00,BANK_003,57074.24,INR,BANK_TRANSFER,SUCCESS,VENDPAY_00005740
VPAY_005741,VINV_005741,VEND_000046,2026-08-08T00:27:00,BANK_003,113669.40,INR,BANK_TRANSFER,SUCCESS,VENDPAY_00005741
VPAY_005742,VINV_005742,VEND_000011,2026-08-02T19:43:00,BANK_003,192718.78,INR,BANK_TRANSFER,SUCCESS,VENDPAY_00005742
VPAY_005743,VINV_005743,VEND_000055,2026-07-06T21:23:00,BANK_003,158266.32,INR,BANK_TRANSFER,SUCCESS,VENDPAY_00005743
VPAY_005744,VINV_005744,VEND_000085,2026-08-02T20:24:00,BANK_003,198772.18,INR,BANK_TRANSFER,SUCCESS,VENDPAY_00005744
VPAY_005745,VINV_005745,VEND_000009,2026-07-12T22:20:00,BANK_003,91772.14,INR,BANK_TRANSFER,SUCCESS,VENDPAY_00005745
VPAY_005746,VINV_005746,VEND_000101,2026-07-11T03:20:00,BANK_003,94981.74,INR,BANK_TRANSFER,SUCCESS,VENDPAY_00005746
VPAY_005747,VINV_005747,VEND_000110,2026-06-17T20:36:00,BANK_003,30499.46,INR,BANK_TRANSFER,SUCCESS,VENDPAY_00005747
VPAY_005748,VINV_005748,VEND_000094,2026-07-08T22:07:00,BANK_003,81680.78,INR,BANK_TRANSFER,SUCCESS,VENDPAY_00005748
VPAY_005749,VINV_005749,VEND_000106,2026-07-09T20:47:00,BANK_003,87370.74,INR,BANK_TRANSFER,SUCCESS,VENDPAY_00005749
VPAY_005750,VINV_005750,VEND_000097,2026-07-06T23:29:00,BANK_003,96452.02,INR,BANK_TRANSFER,SUCCESS,VENDPAY_00005750
VPAY_005751,VINV_005751,VEND_000093,2026-07-05T22:13:00,BANK_003,36095.00,INR,BANK_TRANSFER,SUCCESS,VENDPAY_00005751
VPAY_005752,VINV_005752,VEND_000102,2026-06-30T23:50:00,BANK_003,85283.32,INR,BANK_TRANSFER,SUCCESS,VENDPAY_00005752
VPAY_005753,VINV_005753,VEND_000100,2026-07-22T20:33:00,BANK_003,44783.36,INR,BANK_TRANSFER,SUCCESS,VENDPAY_00005753
VPAY_005754,VINV_005754,VEND_000091,2026-07-08T00:55:00,BANK_003,59107.38,INR,BANK_TRANSFER,SUCCESS,VENDPAY_00005754
VPAY_005755,VINV_005755,VEND_000098,2026-07-20T21:37:00,BANK_003,92684.00,INR,BANK_TRANSFER,SUCCESS,VENDPAY_00005755
VPAY_005756,VINV_005756,VEND_000093,2026-06-28T02:47:00,BANK_003,45155.00,INR,BANK_TRANSFER,SUCCESS,VENDPAY_00005756
VPAY_005757,VINV_005757,VEND_000107,2026-07-16T04:02:00,BANK_003,80027.60,INR,BANK_TRANSFER,SUCCESS,VENDPAY_00005757
VPAY_005758,VINV_005758,VEND_000106,2026-07-26T00:55:00,BANK_003,104042.96,INR,BANK_TRANSFER,SUCCESS,VENDPAY_00005758
VPAY_005759,VINV_005759,VEND_000108,2026-07-06T01:54:00,BANK_003,52435.66,INR,BANK_TRANSFER,SUCCESS,VENDPAY_00005759
VPAY_005760,VINV_005760,VEND_000093,2026-06-29T23:13:00,BANK_003,62672.00,INR,BANK_TRANSFER,SUCCESS,VENDPAY_00005760
VPAY_005761,VINV_005761,VEND_000094,2026-07-14T22:03:00,BANK_003,63740.06,INR,BANK_TRANSFER,SUCCESS,VENDPAY_00005761
VPAY_005762,VINV_005762,VEND_000102,2026-07-16T00:56:00,BANK_003,46553.36,INR,BANK_TRANSFER,SUCCESS,VENDPAY_00005762
VPAY_005763,VINV_005763,VEND_000104,2026-07-10T21:57:00,BANK_003,76342.00,INR,BANK_TRANSFER,SUCCESS,VENDPAY_00005763
VPAY_005764,VINV_005764,VEND_000095,2026-06-28T22:08:00,BANK_003,96692.74,INR,BANK_TRANSFER,SUCCESS,VENDPAY_00005764
VPAY_005765,VINV_005765,VEND_000098,2026-07-18T21:55:00,BANK_003,50624.00,INR,BANK_TRANSFER,SUCCESS,VENDPAY_00005765
VPAY_005766,VINV_005766,VEND_000101,2026-07-13T03:05:00,BANK_003,80925.58,INR,BANK_TRANSFER,SUCCESS,VENDPAY_00005766
VPAY_005767,VINV_005767,VEND_000105,2026-06-28T04:02:00,BANK_003,100321.24,INR,BANK_TRANSFER,SUCCESS,VENDPAY_00005767
VPAY_005768,VINV_005768,VEND_000099,2026-07-12T22:16:00,BANK_003,110597.86,INR,BANK_TRANSFER,SUCCESS,VENDPAY_00005768
VPAY_005769,VINV_005769,VEND_000091,2026-07-01T21:14:00,BANK_003,68694.88,INR,BANK_TRANSFER,SUCCESS,VENDPAY_00005769
VPAY_005770,VINV_005770,VEND_000104,2026-07-07T02:04:00,BANK_003,93837.00,INR,BANK_TRANSFER,SUCCESS,VENDPAY_00005770
VPAY_005771,VINV_005771,VEND_000108,2026-06-16T21:04:00,BANK_003,72867.36,INR,BANK_TRANSFER,SUCCESS,VENDPAY_00005771
VPAY_005772,VINV_005772,VEND_000095,2026-07-07T02:30:00,BANK_003,90422.22,INR,BANK_TRANSFER,SUCCESS,VENDPAY_00005772
VPAY_005773,VINV_005773,VEND_000098,2026-07-24T23:33:00,BANK_003,59887.00,INR,BANK_TRANSFER,SUCCESS,VENDPAY_00005773
VPAY_005774,VINV_005774,VEND_000097,2026-07-20T22:11:00,BANK_003,61050.84,INR,BANK_TRANSFER,SUCCESS,VENDPAY_00005774
VPAY_005775,VINV_005775,VEND_000093,2026-07-10T01:12:00,BANK_003,35169.00,INR,BANK_TRANSFER,SUCCESS,VENDPAY_00005775
VPAY_005776,VINV_005776,VEND_000102,2026-07-01T01:42:00,BANK_003,21914.96,INR,BANK_TRANSFER,SUCCESS,VENDPAY_00005776
VPAY_005777,VINV_005777,VEND_000106,2026-07-23T01:06:00,BANK_003,92612.30,INR,BANK_TRANSFER,SUCCESS,VENDPAY_00005777
VPAY_005778,VINV_005778,VEND_000102,2026-07-16T22:43:00,BANK_003,97450.30,INR,BANK_TRANSFER,SUCCESS,VENDPAY_00005778
VPAY_005779,VINV_005779,VEND_000095,2026-06-26T20:56:00,BANK_003,79018.70,INR,BANK_TRANSFER,SUCCESS,VENDPAY_00005779
VPAY_005780,VINV_005780,VEND_000092,2026-07-03T22:35:00,BANK_003,92224.08,INR,BANK_TRANSFER,SUCCESS,VENDPAY_00005780
VPAY_005781,VINV_005781,VEND_000107,2026-07-06T01:46:00,BANK_003,41957.26,INR,BANK_TRANSFER,SUCCESS,VENDPAY_00005781
VPAY_005782,VINV_005782,VEND_000095,2026-06-30T03:06:00,BANK_003,58825.36,INR,BANK_TRANSFER,SUCCESS,VENDPAY_00005782
VPAY_005783,VINV_005783,VEND_000109,2026-06-28T20:17:00,BANK_003,62956.54,INR,BANK_TRANSFER,SUCCESS,VENDPAY_00005783
VPAY_005784,VINV_005784,VEND_000105,2026-06-30T01:24:00,BANK_003,23057.20,INR,BANK_TRANSFER,SUCCESS,VENDPAY_00005784
VPAY_005785,VINV_005785,VEND_000095,2026-07-08T02:22:00,BANK_003,101699.48,INR,BANK_TRANSFER,SUCCESS,VENDPAY_00005785
VPAY_005786,VINV_005786,VEND_000095,2026-06-24T04:51:00,BANK_003,44678.34,INR,BANK_TRANSFER,SUCCESS,VENDPAY_00005786
VPAY_005787,VINV_005787,VEND_000107,2026-07-20T03:54:00,BANK_003,66429.28,INR,BANK_TRANSFER,SUCCESS,VENDPAY_00005787
VPAY_005788,VINV_005788,VEND_000099,2026-07-09T22:18:00,BANK_003,105244.20,INR,BANK_TRANSFER,SUCCESS,VENDPAY_00005788
VPAY_005789,VINV_005789,VEND_000105,2026-06-30T21:34:00,BANK_003,110366.58,INR,BANK_TRANSFER,SUCCESS,VENDPAY_00005789
VPAY_005790,VINV_005790,VEND_000108,2026-07-03T23:30:00,BANK_003,83951.10,INR,BANK_TRANSFER,SUCCESS,VENDPAY_00005790
VPAY_005791,VINV_005791,VEND_000103,2026-06-28T20:42:00,BANK_003,22588.74,INR,BANK_TRANSFER,SUCCESS,VENDPAY_00005791
VPAY_005792,VINV_005792,VEND_000100,2026-07-20T02:34:00,BANK_003,88497.64,INR,BANK_TRANSFER,SUCCESS,VENDPAY_00005792
VPAY_005793,VINV_005793,VEND_000102,2026-07-02T00:57:00,BANK_003,86091.62,INR,BANK_TRANSFER,SUCCESS,VENDPAY_00005793
VPAY_005794,VINV_005794,VEND_000097,2026-07-11T21:27:00,BANK_003,43754.40,INR,BANK_TRANSFER,SUCCESS,VENDPAY_00005794
VPAY_005795,VINV_005795,VEND_000093,2026-06-28T20:51:00,BANK_003,91914.00,INR,BANK_TRANSFER,SUCCESS,VENDPAY_00005795
VPAY_005796,VINV_005796,VEND_000091,2026-06-27T04:04:00,BANK_003,33217.00,INR,BANK_TRANSFER,SUCCESS,VENDPAY_00005796
VPAY_005797,VINV_005797,VEND_000094,2026-07-05T21:37:00,BANK_003,94735.12,INR,BANK_TRANSFER,SUCCESS,VENDPAY_00005797
VPAY_005798,VINV_005798,VEND_000092,2026-07-20T00:20:00,BANK_003,54761.44,INR,BANK_TRANSFER,SUCCESS,VENDPAY_00005798
VPAY_005799,VINV_005799,VEND_000093,2026-07-02T21:55:00,BANK_003,26028.00,INR,BANK_TRANSFER,SUCCESS,VENDPAY_00005799
VPAY_005800,VINV_005800,VEND_000102,2026-07-06T01:33:00,BANK_003,83981.78,INR,BANK_TRANSFER,SUCCESS,VENDPAY_00005800
VPAY_005801,VINV_005801,VEND_000097,2026-07-07T21:53:00,BANK_003,72305.68,INR,BANK_TRANSFER,SUCCESS,VENDPAY_00005801
VPAY_005802,VINV_005802,VEND_000097,2026-07-12T20:45:00,BANK_003,95063.16,INR,BANK_TRANSFER,SUCCESS,VENDPAY_00005802
VPAY_005803,VINV_005803,VEND_000092,2026-07-04T21:30:00,BANK_003,51721.76,INR,BANK_TRANSFER,SUCCESS,VENDPAY_00005803
VPAY_005804,VINV_005804,VEND_000103,2026-06-29T04:23:00,BANK_003,101096.50,INR,BANK_TRANSFER,SUCCESS,VENDPAY_00005804
VPAY_005805,VINV_005805,VEND_000106,2026-07-24T03:56:00,BANK_003,90962.66,INR,BANK_TRANSFER,SUCCESS,VENDPAY_00005805
VPAY_005806,VINV_005806,VEND_000110,2026-06-22T22:08:00,BANK_003,26993.68,INR,BANK_TRANSFER,SUCCESS,VENDPAY_00005806
VPAY_005807,VINV_005807,VEND_000094,2026-07-13T04:16:00,BANK_003,83847.26,INR,BANK_TRANSFER,SUCCESS,VENDPAY_00005807
VPAY_005808,VINV_005808,VEND_000094,2026-06-22T02:44:00,BANK_003,88662.84,INR,BANK_TRANSFER,SUCCESS,VENDPAY_00005808
VPAY_005809,VINV_005809,VEND_000103,2026-07-05T00:33:00,BANK_003,86862.16,INR,BANK_TRANSFER,SUCCESS,VENDPAY_00005809
VPAY_005810,VINV_005810,VEND_000109,2026-07-01T02:34:00,BANK_003,93935.08,INR,BANK_TRANSFER,SUCCESS,VENDPAY_00005810
VPAY_005811,VINV_005811,VEND_000107,2026-07-21T00:15:00,BANK_003,52475.78,INR,BANK_TRANSFER,SUCCESS,VENDPAY_00005811
VPAY_005812,VINV_005812,VEND_000106,2026-07-27T00:35:00,BANK_003,27686.34,INR,BANK_TRANSFER,SUCCESS,VENDPAY_00005812
VPAY_005813,VINV_005813,VEND_000108,2026-06-29T23:00:00,BANK_003,53313.58,INR,BANK_TRANSFER,SUCCESS,VENDPAY_00005813
VPAY_005814,VINV_005814,VEND_000108,2026-07-06T22:35:00,BANK_003,31598.04,INR,BANK_TRANSFER,SUCCESS,VENDPAY_00005814
VPAY_005815,VINV_005815,VEND_000095,2026-07-05T00:52:00,BANK_003,105598.20,INR,BANK_TRANSFER,SUCCESS,VENDPAY_00005815
VPAY_005816,VINV_005816,VEND_000098,2026-07-23T22:16:00,BANK_003,93825.00,INR,BANK_TRANSFER,SUCCESS,VENDPAY_00005816
VPAY_005817,VINV_005817,VEND_000103,2026-07-09T20:13:00,BANK_003,83133.36,INR,BANK_TRANSFER,SUCCESS,VENDPAY_00005817
VPAY_005818,VINV_005818,VEND_000106,2026-07-21T00:12:00,BANK_003,73075.04,INR,BANK_TRANSFER,SUCCESS,VENDPAY_00005818
VPAY_005819,VINV_005819,VEND_000108,2026-07-01T22:28:00,BANK_003,62640.30,INR,BANK_TRANSFER,SUCCESS,VENDPAY_00005819
VPAY_005820,VINV_005820,VEND_000097,2026-07-09T20:32:00,BANK_003,21904.34,INR,BANK_TRANSFER,SUCCESS,VENDPAY_00005820
VPAY_005821,VINV_005821,VEND_000101,2026-06-28T23:03:00,BANK_003,52869.90,INR,BANK_TRANSFER,SUCCESS,VENDPAY_00005821
VPAY_005822,VINV_005822,VEND_000103,2026-07-05T23:17:00,BANK_003,87744.80,INR,BANK_TRANSFER,SUCCESS,VENDPAY_00005822
VPAY_005823,VINV_005823,VEND_000093,2026-07-16T21:25:00,BANK_003,66624.00,INR,BANK_TRANSFER,SUCCESS,VENDPAY_00005823
VPAY_005824,VINV_005824,VEND_000095,2026-07-05T00:25:00,BANK_003,101333.68,INR,BANK_TRANSFER,SUCCESS,VENDPAY_00005824
VPAY_005825,VINV_005825,VEND_000098,2026-07-20T21:44:00,BANK_003,18579.00,INR,BANK_TRANSFER,SUCCESS,VENDPAY_00005825
VPAY_005826,VINV_005826,VEND_000091,2026-07-12T04:56:00,BANK_003,104011.10,INR,BANK_TRANSFER,SUCCESS,VENDPAY_00005826
VPAY_005827,VINV_005827,VEND_000091,2026-06-29T22:03:00,BANK_003,91871.26,INR,BANK_TRANSFER,SUCCESS,VENDPAY_00005827
VPAY_005828,VINV_005828,VEND_000106,2026-07-21T01:57:00,BANK_003,93799.38,INR,BANK_TRANSFER,SUCCESS,VENDPAY_00005828
VPAY_005829,VINV_005829,VEND_000107,2026-07-07T21:12:00,BANK_003,66477.66,INR,BANK_TRANSFER,SUCCESS,VENDPAY_00005829
VPAY_005830,VINV_005830,VEND_000106,2026-07-15T21:46:00,BANK_003,99183.72,INR,BANK_TRANSFER,SUCCESS,VENDPAY_00005830
VPAY_005831,VINV_005831,VEND_000092,2026-07-20T01:32:00,BANK_003,22572.22,INR,BANK_TRANSFER,SUCCESS,VENDPAY_00005831
VPAY_005832,VINV_005832,VEND_000092,2026-07-25T04:50:00,BANK_003,43133.72,INR,BANK_TRANSFER,SUCCESS,VENDPAY_00005832
VPAY_005833,VINV_005833,VEND_000100,2026-07-18T23:49:00,BANK_003,66133.10,INR,BANK_TRANSFER,SUCCESS,VENDPAY_00005833
VPAY_005834,VINV_005834,VEND_000106,2026-07-22T01:34:00,BANK_003,90379.74,INR,BANK_TRANSFER,SUCCESS,VENDPAY_00005834
VPAY_005835,VINV_005835,VEND_000109,2026-07-11T22:33:00,BANK_003,111341.26,INR,BANK_TRANSFER,SUCCESS,VENDPAY_00005835
VPAY_005836,VINV_005836,VEND_000110,2026-06-30T01:23:00,BANK_003,88442.18,INR,BANK_TRANSFER,SUCCESS,VENDPAY_00005836
VPAY_005837,VINV_005837,VEND_000105,2026-06-24T01:32:00,BANK_003,84144.62,INR,BANK_TRANSFER,SUCCESS,VENDPAY_00005837
VPAY_005838,VINV_005838,VEND_000098,2026-07-12T23:42:00,BANK_003,43529.00,INR,BANK_TRANSFER,SUCCESS,VENDPAY_00005838
VPAY_005839,VINV_005839,VEND_000110,2026-06-17T21:29:00,BANK_003,77946.08,INR,BANK_TRANSFER,SUCCESS,VENDPAY_00005839
VPAY_005840,VINV_005840,VEND_000103,2026-06-24T22:37:00,BANK_003,77619.22,INR,BANK_TRANSFER,SUCCESS,VENDPAY_00005840
VPAY_005841,VINV_005841,VEND_000096,2026-06-25T22:36:00,BANK_003,40910.60,INR,BANK_TRANSFER,SUCCESS,VENDPAY_00005841
VPAY_005842,VINV_005842,VEND_000098,2026-07-14T00:51:00,BANK_003,19741.00,INR,BANK_TRANSFER,SUCCESS,VENDPAY_00005842
VPAY_005843,VINV_005843,VEND_000106,2026-07-12T22:32:00,BANK_003,58860.76,INR,BANK_TRANSFER,SUCCESS,VENDPAY_00005843
VPAY_005844,VINV_005844,VEND_000109,2026-06-21T03:35:00,BANK_003,38916.40,INR,BANK_TRANSFER,SUCCESS,VENDPAY_00005844
VPAY_005845,VINV_005845,VEND_000094,2026-06-29T04:07:00,BANK_003,28022.64,INR,BANK_TRANSFER,SUCCESS,VENDPAY_00005845
VPAY_005846,VINV_005846,VEND_000091,2026-06-25T00:10:00,BANK_003,99177.82,INR,BANK_TRANSFER,SUCCESS,VENDPAY_00005846
VPAY_005847,VINV_005847,VEND_000109,2026-07-10T00:01:00,BANK_003,53554.30,INR,BANK_TRANSFER,SUCCESS,VENDPAY_00005847
VPAY_005848,VINV_005848,VEND_000110,2026-07-05T03:05:00,BANK_003,91722.58,INR,BANK_TRANSFER,SUCCESS,VENDPAY_00005848
VPAY_005849,VINV_005849,VEND_000100,2026-07-19T21:16:00,BANK_003,99747.76,INR,BANK_TRANSFER,SUCCESS,VENDPAY_00005849
VPAY_005850,VINV_005850,VEND_000093,2026-06-26T23:29:00,BANK_003,42496.00,INR,BANK_TRANSFER,SUCCESS,VENDPAY_00005850
VPAY_005851,VINV_005851,VEND_000093,2026-07-05T23:36:00,BANK_003,51049.00,INR,BANK_TRANSFER,SUCCESS,VENDPAY_00005851
VPAY_005852,VINV_005852,VEND_000103,2026-07-10T01:59:00,BANK_003,65107.68,INR,BANK_TRANSFER,SUCCESS,VENDPAY_00005852
VPAY_005853,VINV_005853,VEND_000091,2026-06-26T04:08:00,BANK_003,53358.42,INR,BANK_TRANSFER,SUCCESS,VENDPAY_00005853
VPAY_005854,VINV_005854,VEND_000104,2026-07-15T02:20:00,BANK_003,73480.00,INR,BANK_TRANSFER,SUCCESS,VENDPAY_00005854
VPAY_005855,VINV_005855,VEND_000108,2026-06-26T21:50:00,BANK_003,72754.08,INR,BANK_TRANSFER,SUCCESS,VENDPAY_00005855
VPAY_005856,VINV_005856,VEND_000106,2026-07-13T02:44:00,BANK_003,41119.46,INR,BANK_TRANSFER,SUCCESS,VENDPAY_00005856
VPAY_005857,VINV_005857,VEND_000095,2026-07-11T02:49:00,BANK_003,24455.50,INR,BANK_TRANSFER,SUCCESS,VENDPAY_00005857
VPAY_005858,VINV_005858,VEND_000103,2026-06-29T01:04:00,BANK_003,23941.02,INR,BANK_TRANSFER,SUCCESS,VENDPAY_00005858
VPAY_005859,VINV_005859,VEND_000101,2026-06-29T21:09:00,BANK_003,64515.32,INR,BANK_TRANSFER,SUCCESS,VENDPAY_00005859
VPAY_005860,VINV_005860,VEND_000094,2026-07-14T00:21:00,BANK_003,83205.34,INR,BANK_TRANSFER,SUCCESS,VENDPAY_00005860
VPAY_005861,VINV_005861,VEND_000097,2026-07-12T23:32:00,BANK_003,57503.76,INR,BANK_TRANSFER,SUCCESS,VENDPAY_00005861
VPAY_005862,VINV_005862,VEND_000097,2026-07-23T02:54:00,BANK_003,80227.02,INR,BANK_TRANSFER,SUCCESS,VENDPAY_00005862
VPAY_005863,VINV_005863,VEND_000093,2026-06-22T00:38:00,BANK_003,25630.00,INR,BANK_TRANSFER,SUCCESS,VENDPAY_00005863
VPAY_005864,VINV_005864,VEND_000107,2026-07-06T01:09:00,BANK_003,57554.50,INR,BANK_TRANSFER,SUCCESS,VENDPAY_00005864
VPAY_005865,VINV_005865,VEND_000091,2026-07-10T20:34:00,BANK_003,69142.10,INR,BANK_TRANSFER,SUCCESS,VENDPAY_00005865
VPAY_005866,VINV_005866,VEND_000098,2026-07-27T00:51:00,BANK_003,62030.00,INR,BANK_TRANSFER,SUCCESS,VENDPAY_00005866
VPAY_005867,VINV_005867,VEND_000110,2026-07-08T00:22:00,BANK_003,49034.90,INR,BANK_TRANSFER,SUCCESS,VENDPAY_00005867
VPAY_005868,VINV_005868,VEND_000098,2026-07-07T23:01:00,BANK_003,24470.00,INR,BANK_TRANSFER,SUCCESS,VENDPAY_00005868
VPAY_005869,VINV_005869,VEND_000104,2026-07-05T23:03:00,BANK_003,73665.00,INR,BANK_TRANSFER,SUCCESS,VENDPAY_00005869
VPAY_005870,VINV_005870,VEND_000108,2026-07-04T22:17:00,BANK_003,25064.38,INR,BANK_TRANSFER,SUCCESS,VENDPAY_00005870
VPAY_005871,VINV_005871,VEND_000095,2026-07-08T21:23:00,BANK_003,87604.38,INR,BANK_TRANSFER,SUCCESS,VENDPAY_00005871
VPAY_005872,VINV_005872,VEND_000109,2026-07-02T00:19:00,BANK_003,68117.86,INR,BANK_TRANSFER,SUCCESS,VENDPAY_00005872
VPAY_005873,VINV_005873,VEND_000091,2026-07-15T23:06:00,BANK_003,74983.10,INR,BANK_TRANSFER,SUCCESS,VENDPAY_00005873
VPAY_005874,VINV_005874,VEND_000093,2026-07-05T02:49:00,BANK_003,22762.00,INR,BANK_TRANSFER,SUCCESS,VENDPAY_00005874
VPAY_005875,VINV_005875,VEND_000098,2026-07-23T04:13:00,BANK_003,19096.00,INR,BANK_TRANSFER,SUCCESS,VENDPAY_00005875
VPAY_005876,VINV_005876,VEND_000110,2026-07-07T20:53:00,BANK_003,90508.36,INR,BANK_TRANSFER,SUCCESS,VENDPAY_00005876
VPAY_005877,VINV_005877,VEND_000094,2026-07-09T21:05:00,BANK_003,107495.64,INR,BANK_TRANSFER,SUCCESS,VENDPAY_00005877
VPAY_005878,VINV_005878,VEND_000104,2026-07-18T21:51:00,BANK_003,48511.00,INR,BANK_TRANSFER,SUCCESS,VENDPAY_00005878
VPAY_005879,VINV_005879,VEND_000094,2026-07-08T21:25:00,BANK_003,83961.72,INR,BANK_TRANSFER,SUCCESS,VENDPAY_00005879
VPAY_005880,VINV_005880,VEND_000094,2026-07-06T01:01:00,BANK_003,99977.86,INR,BANK_TRANSFER,SUCCESS,VENDPAY_00005880
VPAY_005881,VINV_005881,VEND_000095,2026-07-09T22:18:00,BANK_003,103331.42,INR,BANK_TRANSFER,SUCCESS,VENDPAY_00005881
VPAY_005882,VINV_005882,VEND_000098,2026-07-20T21:28:00,BANK_003,74681.00,INR,BANK_TRANSFER,SUCCESS,VENDPAY_00005882
VPAY_005883,VINV_005883,VEND_000103,2026-06-30T01:00:00,BANK_003,46212.34,INR,BANK_TRANSFER,SUCCESS,VENDPAY_00005883
VPAY_005884,VINV_005884,VEND_000096,2026-07-07T02:52:00,BANK_003,49709.86,INR,BANK_TRANSFER,SUCCESS,VENDPAY_00005884
VPAY_005885,VINV_005885,VEND_000107,2026-07-22T04:32:00,BANK_003,22971.06,INR,BANK_TRANSFER,SUCCESS,VENDPAY_00005885
VPAY_005886,VINV_005886,VEND_000103,2026-06-30T22:41:00,BANK_003,34483.14,INR,BANK_TRANSFER,SUCCESS,VENDPAY_00005886
VPAY_005887,VINV_005887,VEND_000108,2026-07-08T00:38:00,BANK_003,104414.66,INR,BANK_TRANSFER,SUCCESS,VENDPAY_00005887
VPAY_005888,VINV_005888,VEND_000109,2026-06-28T21:10:00,BANK_003,58643.64,INR,BANK_TRANSFER,SUCCESS,VENDPAY_00005888
VPAY_005889,VINV_005889,VEND_000101,2026-07-08T21:24:00,BANK_003,94955.78,INR,BANK_TRANSFER,SUCCESS,VENDPAY_00005889
VPAY_005890,VINV_005890,VEND_000110,2026-06-30T22:24:00,BANK_003,97954.16,INR,BANK_TRANSFER,SUCCESS,VENDPAY_00005890
VPAY_005891,VINV_005891,VEND_000097,2026-07-15T04:04:00,BANK_003,107394.16,INR,BANK_TRANSFER,SUCCESS,VENDPAY_00005891
VPAY_005892,VINV_005892,VEND_000093,2026-06-26T22:39:00,BANK_003,56129.00,INR,BANK_TRANSFER,SUCCESS,VENDPAY_00005892
VPAY_005893,VINV_005893,VEND_000103,2026-07-04T02:14:00,BANK_003,72226.62,INR,BANK_TRANSFER,SUCCESS,VENDPAY_00005893
VPAY_005894,VINV_005894,VEND_000095,2026-07-02T02:38:00,BANK_003,75756.00,INR,BANK_TRANSFER,SUCCESS,VENDPAY_00005894
VPAY_005895,VINV_005895,VEND_000105,2026-07-08T23:51:00,BANK_003,33655.96,INR,BANK_TRANSFER,SUCCESS,VENDPAY_00005895
VPAY_005896,VINV_005896,VEND_000092,2026-07-26T03:42:00,BANK_003,29913.00,INR,BANK_TRANSFER,SUCCESS,VENDPAY_00005896
VPAY_005897,VINV_005897,VEND_000110,2026-06-29T01:01:00,BANK_003,49641.42,INR,BANK_TRANSFER,SUCCESS,VENDPAY_00005897
VPAY_005898,VINV_005898,VEND_000105,2026-07-03T21:42:00,BANK_003,108033.72,INR,BANK_TRANSFER,SUCCESS,VENDPAY_00005898
VPAY_005899,VINV_005899,VEND_000098,2026-07-08T00:57:00,BANK_003,20183.00,INR,BANK_TRANSFER,SUCCESS,VENDPAY_00005899
VPAY_005900,VINV_005900,VEND_000094,2026-07-03T20:47:00,BANK_003,44428.18,INR,BANK_TRANSFER,SUCCESS,VENDPAY_00005900
VPAY_005901,VINV_005901,VEND_000107,2026-07-21T22:05:00,BANK_003,81778.72,INR,BANK_TRANSFER,SUCCESS,VENDPAY_00005901
VPAY_005902,VINV_005902,VEND_000109,2026-07-01T04:05:00,BANK_003,24790.62,INR,BANK_TRANSFER,SUCCESS,VENDPAY_00005902
VPAY_005903,VINV_005903,VEND_000096,2026-07-01T03:50:00,BANK_003,46303.20,INR,BANK_TRANSFER,SUCCESS,VENDPAY_00005903
VPAY_005904,VINV_005904,VEND_000097,2026-07-24T01:42:00,BANK_003,39655.08,INR,BANK_TRANSFER,SUCCESS,VENDPAY_00005904
VPAY_005905,VINV_005905,VEND_000092,2026-07-18T03:23:00,BANK_003,23348.66,INR,BANK_TRANSFER,SUCCESS,VENDPAY_00005905
VPAY_005906,VINV_005906,VEND_000095,2026-06-29T00:50:00,BANK_003,61711.64,INR,BANK_TRANSFER,SUCCESS,VENDPAY_00005906
VPAY_005907,VINV_005907,VEND_000104,2026-07-12T02:57:00,BANK_003,36204.00,INR,BANK_TRANSFER,SUCCESS,VENDPAY_00005907
VPAY_005908,VINV_005908,VEND_000106,2026-07-04T00:10:00,BANK_003,65826.30,INR,BANK_TRANSFER,SUCCESS,VENDPAY_00005908
VPAY_005909,VINV_005909,VEND_000093,2026-07-05T22:31:00,BANK_003,54318.00,INR,BANK_TRANSFER,SUCCESS,VENDPAY_00005909
VPAY_005910,VINV_005910,VEND_000106,2026-07-05T01:06:00,BANK_003,60788.88,INR,BANK_TRANSFER,SUCCESS,VENDPAY_00005910
VPAY_005911,VINV_005911,VEND_000106,2026-07-14T21:05:00,BANK_003,53452.82,INR,BANK_TRANSFER,SUCCESS,VENDPAY_00005911
VPAY_005912,VINV_005912,VEND_000102,2026-07-01T20:22:00,BANK_003,55090.66,INR,BANK_TRANSFER,SUCCESS,VENDPAY_00005912
VPAY_005913,VINV_005913,VEND_000104,2026-07-21T01:33:00,BANK_003,89954.00,INR,BANK_TRANSFER,SUCCESS,VENDPAY_00005913
VPAY_005914,VINV_005914,VEND_000107,2026-07-20T00:58:00,BANK_003,51960.12,INR,BANK_TRANSFER,SUCCESS,VENDPAY_00005914
VPAY_005915,VINV_005915,VEND_000100,2026-07-23T03:37:00,BANK_003,108093.90,INR,BANK_TRANSFER,SUCCESS,VENDPAY_00005915
VPAY_005916,VINV_005916,VEND_000102,2026-07-07T03:07:00,BANK_003,105846.00,INR,BANK_TRANSFER,SUCCESS,VENDPAY_00005916
VPAY_005917,VINV_005917,VEND_000106,2026-07-16T20:45:00,BANK_003,54621.02,INR,BANK_TRANSFER,SUCCESS,VENDPAY_00005917
VPAY_005918,VINV_005918,VEND_000098,2026-07-04T01:05:00,BANK_003,38218.00,INR,BANK_TRANSFER,SUCCESS,VENDPAY_00005918
VPAY_005919,VINV_005919,VEND_000107,2026-07-01T02:26:00,BANK_003,94086.12,INR,BANK_TRANSFER,SUCCESS,VENDPAY_00005919
VPAY_005920,VINV_005920,VEND_000104,2026-07-10T04:30:00,BANK_003,91512.00,INR,BANK_TRANSFER,SUCCESS,VENDPAY_00005920
VPAY_005921,VINV_005921,VEND_000104,2026-07-20T20:38:00,BANK_003,62199.00,INR,BANK_TRANSFER,SUCCESS,VENDPAY_00005921
VPAY_005922,VINV_005922,VEND_000100,2026-07-05T01:12:00,BANK_003,70597.04,INR,BANK_TRANSFER,SUCCESS,VENDPAY_00005922
VPAY_005923,VINV_005923,VEND_000108,2026-06-30T23:41:00,BANK_003,62865.68,INR,BANK_TRANSFER,SUCCESS,VENDPAY_00005923
VPAY_005924,VINV_005924,VEND_000091,2026-07-07T20:39:00,BANK_003,29148.36,INR,BANK_TRANSFER,SUCCESS,VENDPAY_00005924
VPAY_005925,VINV_005925,VEND_000110,2026-07-04T00:53:00,BANK_003,51576.62,INR,BANK_TRANSFER,SUCCESS,VENDPAY_00005925
VPAY_005926,VINV_005926,VEND_000106,2026-07-22T03:10:00,BANK_003,43183.28,INR,BANK_TRANSFER,SUCCESS,VENDPAY_00005926
VPAY_005927,VINV_005927,VEND_000102,2026-06-29T02:56:00,BANK_003,21979.86,INR,BANK_TRANSFER,SUCCESS,VENDPAY_00005927
VPAY_005928,VINV_005928,VEND_000095,2026-07-10T20:28:00,BANK_003,73064.42,INR,BANK_TRANSFER,SUCCESS,VENDPAY_00005928
VPAY_005929,VINV_005929,VEND_000095,2026-07-03T01:59:00,BANK_003,21991.66,INR,BANK_TRANSFER,SUCCESS,VENDPAY_00005929
VPAY_005930,VINV_005930,VEND_000108,2026-06-28T00:12:00,BANK_003,35810.64,INR,BANK_TRANSFER,SUCCESS,VENDPAY_00005930
VPAY_005931,VINV_005931,VEND_000093,2026-07-03T23:32:00,BANK_003,36254.00,INR,BANK_TRANSFER,SUCCESS,VENDPAY_00005931
VPAY_005932,VINV_005932,VEND_000098,2026-07-16T22:57:00,BANK_003,47333.00,INR,BANK_TRANSFER,SUCCESS,VENDPAY_00005932
VPAY_005933,VINV_005933,VEND_000094,2026-06-24T03:11:00,BANK_003,38511.66,INR,BANK_TRANSFER,SUCCESS,VENDPAY_00005933
VPAY_005934,VINV_005934,VEND_000099,2026-07-16T03:41:00,BANK_003,47047.78,INR,BANK_TRANSFER,SUCCESS,VENDPAY_00005934
VPAY_005935,VINV_005935,VEND_000099,2026-07-21T02:06:00,BANK_003,44283.04,INR,BANK_TRANSFER,SUCCESS,VENDPAY_00005935
VPAY_005936,VINV_005936,VEND_000102,2026-07-14T21:08:00,BANK_003,38409.00,INR,BANK_TRANSFER,SUCCESS,VENDPAY_00005936
VPAY_005937,VINV_005937,VEND_000107,2026-07-19T22:08:00,BANK_003,51003.14,INR,BANK_TRANSFER,SUCCESS,VENDPAY_00005937
VPAY_005938,VINV_005938,VEND_000101,2026-07-05T01:14:00,BANK_003,33651.24,INR,BANK_TRANSFER,SUCCESS,VENDPAY_00005938
VPAY_005939,VINV_005939,VEND_000110,2026-07-07T02:17:00,BANK_003,33739.74,INR,BANK_TRANSFER,SUCCESS,VENDPAY_00005939
VPAY_005940,VINV_005940,VEND_000106,2026-07-09T20:59:00,BANK_003,68325.54,INR,BANK_TRANSFER,SUCCESS,VENDPAY_00005940
VPAY_005941,VINV_005941,VEND_000098,2026-07-26T02:32:00,BANK_003,77474.00,INR,BANK_TRANSFER,SUCCESS,VENDPAY_00005941
VPAY_005942,VINV_005942,VEND_000096,2026-06-26T22:38:00,BANK_003,105349.22,INR,BANK_TRANSFER,SUCCESS,VENDPAY_00005942
VPAY_005943,VINV_005943,VEND_000105,2026-06-30T22:42:00,BANK_003,59933.38,INR,BANK_TRANSFER,SUCCESS,VENDPAY_00005943
VPAY_005944,VINV_005944,VEND_000101,2026-07-05T01:55:00,BANK_003,94802.38,INR,BANK_TRANSFER,SUCCESS,VENDPAY_00005944
VPAY_005945,VINV_005945,VEND_000099,2026-07-10T01:16:00,BANK_003,36938.72,INR,BANK_TRANSFER,SUCCESS,VENDPAY_00005945
VPAY_005946,VINV_005946,VEND_000099,2026-07-03T01:26:00,BANK_003,102550.26,INR,BANK_TRANSFER,SUCCESS,VENDPAY_00005946
VPAY_005947,VINV_005947,VEND_000091,2026-07-02T21:45:00,BANK_003,30396.80,INR,BANK_TRANSFER,SUCCESS,VENDPAY_00005947
VPAY_005948,VINV_005948,VEND_000104,2026-07-03T22:53:00,BANK_003,49522.00,INR,BANK_TRANSFER,SUCCESS,VENDPAY_00005948
VPAY_005949,VINV_005949,VEND_000110,2026-06-21T00:41:00,BANK_003,73210.74,INR,BANK_TRANSFER,SUCCESS,VENDPAY_00005949
VPAY_005950,VINV_005950,VEND_000100,2026-07-05T04:06:00,BANK_003,73143.48,INR,BANK_TRANSFER,SUCCESS,VENDPAY_00005950
VPAY_005951,VINV_005951,VEND_000109,2026-06-23T02:42:00,BANK_003,104735.62,INR,BANK_TRANSFER,SUCCESS,VENDPAY_00005951
VPAY_005952,VINV_005952,VEND_000104,2026-07-11T03:38:00,BANK_003,75765.00,INR,BANK_TRANSFER,SUCCESS,VENDPAY_00005952
VPAY_005953,VINV_005953,VEND_000097,2026-07-10T21:21:00,BANK_003,64607.36,INR,BANK_TRANSFER,SUCCESS,VENDPAY_00005953
VPAY_005954,VINV_005954,VEND_000102,2026-07-14T22:41:00,BANK_003,35228.90,INR,BANK_TRANSFER,SUCCESS,VENDPAY_00005954
VPAY_005955,VINV_005955,VEND_000102,2026-07-08T22:38:00,BANK_003,58713.26,INR,BANK_TRANSFER,SUCCESS,VENDPAY_00005955
VPAY_005956,VINV_005956,VEND_000095,2026-06-24T00:22:00,BANK_003,106765.22,INR,BANK_TRANSFER,SUCCESS,VENDPAY_00005956
VPAY_005957,VINV_005957,VEND_000099,2026-07-19T00:46:00,BANK_003,41734.24,INR,BANK_TRANSFER,SUCCESS,VENDPAY_00005957
VPAY_005958,VINV_005958,VEND_000105,2026-07-08T00:42:00,BANK_003,49821.96,INR,BANK_TRANSFER,SUCCESS,VENDPAY_00005958
VPAY_005959,VINV_005959,VEND_000101,2026-07-08T00:20:00,BANK_003,66526.04,INR,BANK_TRANSFER,SUCCESS,VENDPAY_00005959
VPAY_005960,VINV_005960,VEND_000097,2026-07-20T01:35:00,BANK_003,34398.18,INR,BANK_TRANSFER,SUCCESS,VENDPAY_00005960
VPAY_005961,VINV_005961,VEND_000098,2026-07-22T23:18:00,BANK_003,75131.00,INR,BANK_TRANSFER,SUCCESS,VENDPAY_00005961
VPAY_005962,VINV_005962,VEND_000093,2026-07-13T21:49:00,BANK_003,22998.00,INR,BANK_TRANSFER,SUCCESS,VENDPAY_00005962
VPAY_005963,VINV_005963,VEND_000109,2026-07-05T03:25:00,BANK_003,96067.34,INR,BANK_TRANSFER,SUCCESS,VENDPAY_00005963
VPAY_005964,VINV_005964,VEND_000104,2026-07-25T04:20:00,BANK_003,37277.00,INR,BANK_TRANSFER,SUCCESS,VENDPAY_00005964
VPAY_005965,VINV_005965,VEND_000105,2026-07-03T22:25:00,BANK_003,40805.58,INR,BANK_TRANSFER,SUCCESS,VENDPAY_00005965
VPAY_005966,VINV_005966,VEND_000105,2026-06-24T03:20:00,BANK_003,54280.00,INR,BANK_TRANSFER,SUCCESS,VENDPAY_00005966
VPAY_005967,VINV_005967,VEND_000095,2026-07-17T00:44:00,BANK_003,34135.04,INR,BANK_TRANSFER,SUCCESS,VENDPAY_00005967
VPAY_005968,VINV_005968,VEND_000110,2026-06-23T22:37:00,BANK_003,45308.46,INR,BANK_TRANSFER,SUCCESS,VENDPAY_00005968
VPAY_005969,VINV_005969,VEND_000093,2026-07-06T02:56:00,BANK_003,60239.00,INR,BANK_TRANSFER,SUCCESS,VENDPAY_00005969
VPAY_005970,VINV_005970,VEND_000106,2026-07-03T03:44:00,BANK_003,38857.40,INR,BANK_TRANSFER,SUCCESS,VENDPAY_00005970
VPAY_005971,VINV_005971,VEND_000105,2026-06-18T21:19:00,BANK_003,96611.32,INR,BANK_TRANSFER,SUCCESS,VENDPAY_00005971
VPAY_005972,VINV_005972,VEND_000110,2026-06-30T03:10:00,BANK_003,33763.34,INR,BANK_TRANSFER,SUCCESS,VENDPAY_00005972
VPAY_005973,VINV_005973,VEND_000099,2026-07-05T00:21:00,BANK_003,70391.72,INR,BANK_TRANSFER,SUCCESS,VENDPAY_00005973
VPAY_005974,VINV_005974,VEND_000103,2026-06-25T23:37:00,BANK_003,101779.72,INR,BANK_TRANSFER,SUCCESS,VENDPAY_00005974
VPAY_005975,VINV_005975,VEND_000092,2026-07-26T23:39:00,BANK_003,54190.32,INR,BANK_TRANSFER,SUCCESS,VENDPAY_00005975
VPAY_005976,VINV_005976,VEND_000096,2026-07-09T22:42:00,BANK_003,70146.28,INR,BANK_TRANSFER,SUCCESS,VENDPAY_00005976
VPAY_005977,VINV_005977,VEND_000092,2026-07-24T00:10:00,BANK_003,58009.98,INR,BANK_TRANSFER,SUCCESS,VENDPAY_00005977
VPAY_005978,VINV_005978,VEND_000110,2026-06-27T00:26:00,BANK_003,53056.34,INR,BANK_TRANSFER,SUCCESS,VENDPAY_00005978
VPAY_005979,VINV_005979,VEND_000100,2026-07-19T22:30:00,BANK_003,31881.24,INR,BANK_TRANSFER,SUCCESS,VENDPAY_00005979
VPAY_005980,VINV_005980,VEND_000104,2026-07-20T03:36:00,BANK_003,89002.00,INR,BANK_TRANSFER,SUCCESS,VENDPAY_00005980
VPAY_005981,VINV_005981,VEND_000098,2026-07-24T22:01:00,BANK_003,90018.00,INR,BANK_TRANSFER,SUCCESS,VENDPAY_00005981
VPAY_005982,VINV_005982,VEND_000122,2026-06-21T00:12:00,BANK_003,40584.92,INR,BANK_TRANSFER,SUCCESS,VENDPAY_00005982
VPAY_005983,VINV_005983,VEND_000117,2026-07-11T02:33:00,BANK_003,67189.20,INR,BANK_TRANSFER,SUCCESS,VENDPAY_00005983
VPAY_005984,VINV_005984,VEND_000114,2026-06-25T22:11:00,BANK_003,45051.22,INR,BANK_TRANSFER,SUCCESS,VENDPAY_00005984
VPAY_005985,VINV_005985,VEND_000020,2026-08-20T00:59:00,BANK_003,54002.70,INR,BANK_TRANSFER,SUCCESS,VENDPAY_00005985
VPAY_005986,VINV_005986,VEND_000047,2026-08-16T22:30:00,BANK_003,126116.04,INR,BANK_TRANSFER,SUCCESS,VENDPAY_00005986
VPAY_005987,VINV_005987,VEND_000088,2026-08-22T20:24:00,BANK_003,76854.58,INR,BANK_TRANSFER,SUCCESS,VENDPAY_00005987
VPAY_005988,VINV_005988,VEND_000082,2026-08-24T00:41:00,BANK_003,180256.80,INR,BANK_TRANSFER,SUCCESS,VENDPAY_00005988
VPAY_005989,VINV_005989,VEND_000031,2026-08-19T20:52:00,BANK_003,219354.92,INR,BANK_TRANSFER,SUCCESS,VENDPAY_00005989
VPAY_005990,VINV_005990,VEND_000084,2026-08-24T00:42:00,BANK_003,201232.48,INR,BANK_TRANSFER,SUCCESS,VENDPAY_00005990
VPAY_005991,VINV_005991,VEND_000077,2026-08-16T02:38:00,BANK_003,57005.80,INR,BANK_TRANSFER,SUCCESS,VENDPAY_00005991
VPAY_005992,VINV_005992,VEND_000083,2026-08-15T02:07:00,BANK_003,203462.68,INR,BANK_TRANSFER,SUCCESS,VENDPAY_00005992
VPAY_005993,VINV_005993,VEND_000006,2026-08-01T22:18:00,BANK_003,66320.72,INR,BANK_TRANSFER,SUCCESS,VENDPAY_00005993
VPAY_005994,VINV_005994,VEND_000011,2026-09-07T20:04:00,BANK_003,132590.70,INR,BANK_TRANSFER,SUCCESS,VENDPAY_00005994
VPAY_005995,VINV_005995,VEND_000007,2026-08-19T03:06:00,BANK_003,169227.00,INR,BANK_TRANSFER,SUCCESS,VENDPAY_00005995
VPAY_005996,VINV_005996,VEND_000056,2026-08-25T02:41:00,BANK_003,127785.74,INR,BANK_TRANSFER,SUCCESS,VENDPAY_00005996
VPAY_005997,VINV_005997,VEND_000004,2026-08-23T03:17:00,BANK_003,255466.46,INR,BANK_TRANSFER,SUCCESS,VENDPAY_00005997
VPAY_005998,VINV_005998,VEND_000014,2026-08-18T22:31:00,BANK_003,108872.70,INR,BANK_TRANSFER,SUCCESS,VENDPAY_00005998
VPAY_005999,VINV_005999,VEND_000068,2026-08-04T02:33:00,BANK_003,167957.66,INR,BANK_TRANSFER,SUCCESS,VENDPAY_00005999
VPAY_006000,VINV_006000,VEND_000075,2026-09-04T23:24:00,BANK_003,78001.54,INR,BANK_TRANSFER,SUCCESS,VENDPAY_00006000
VPAY_006001,VINV_006001,VEND_000047,2026-08-30T23:03:00,BANK_003,133383.66,INR,BANK_TRANSFER,SUCCESS,VENDPAY_00006001
VPAY_006002,VINV_006002,VEND_000019,2026-08-28T22:37:00,BANK_003,243904.82,INR,BANK_TRANSFER,SUCCESS,VENDPAY_00006002
VPAY_006003,VINV_006003,VEND_000050,2026-08-20T20:20:00,BANK_003,88636.88,INR,BANK_TRANSFER,SUCCESS,VENDPAY_00006003
VPAY_006004,VINV_006004,VEND_000055,2026-08-07T02:16:00,BANK_003,207305.94,INR,BANK_TRANSFER,SUCCESS,VENDPAY_00006004
VPAY_006005,VINV_006005,VEND_000058,2026-08-23T22:44:00,BANK_003,89082.92,INR,BANK_TRANSFER,SUCCESS,VENDPAY_00006005
VPAY_006006,VINV_006006,VEND_000019,2026-08-23T22:10:00,BANK_003,184767.94,INR,BANK_TRANSFER,SUCCESS,VENDPAY_00006006
VPAY_006007,VINV_006007,VEND_000052,2026-08-05T20:32:00,BANK_003,86058.58,INR,BANK_TRANSFER,SUCCESS,VENDPAY_00006007
VPAY_006008,VINV_006008,VEND_000049,2026-08-18T22:24:00,BANK_003,189395.90,INR,BANK_TRANSFER,SUCCESS,VENDPAY_00006008
VPAY_006009,VINV_006009,VEND_000048,2026-08-15T20:13:00,BANK_003,165526.86,INR,BANK_TRANSFER,SUCCESS,VENDPAY_00006009
VPAY_006010,VINV_006010,VEND_000013,2026-08-31T19:55:00,BANK_003,113603.32,INR,BANK_TRANSFER,SUCCESS,VENDPAY_00006010
VPAY_006011,VINV_006011,VEND_000037,2026-08-17T02:15:00,BANK_003,67494.82,INR,BANK_TRANSFER,SUCCESS,VENDPAY_00006011
VPAY_006012,VINV_006012,VEND_000028,2026-08-23T20:50:00,BANK_003,255795.68,INR,BANK_TRANSFER,SUCCESS,VENDPAY_00006012
VPAY_006013,VINV_006013,VEND_000086,2026-08-07T03:04:00,BANK_003,144819.00,INR,BANK_TRANSFER,SUCCESS,VENDPAY_00006013
VPAY_006014,VINV_006014,VEND_000051,2026-08-21T20:06:00,BANK_003,171035.10,INR,BANK_TRANSFER,SUCCESS,VENDPAY_00006014
VPAY_006015,VINV_006015,VEND_000027,2026-08-13T22:41:00,BANK_003,120660.90,INR,BANK_TRANSFER,SUCCESS,VENDPAY_00006015
VPAY_006016,VINV_006016,VEND_000010,2026-08-14T21:07:00,BANK_003,194487.60,INR,BANK_TRANSFER,SUCCESS,VENDPAY_00006016
VPAY_006017,VINV_006017,VEND_000088,2026-08-05T00:39:00,BANK_003,145338.24,INR,BANK_TRANSFER,SUCCESS,VENDPAY_00006017
VPAY_006018,VINV_006018,VEND_000048,2026-08-10T23:13:00,BANK_003,110501.10,INR,BANK_TRANSFER,SUCCESS,VENDPAY_00006018
VPAY_006019,VINV_006019,VEND_000015,2026-08-31T20:24:00,BANK_003,238996.02,INR,BANK_TRANSFER,SUCCESS,VENDPAY_00006019
VPAY_006020,VINV_006020,VEND_000027,2026-08-25T02:20:00,BANK_003,181675.16,INR,BANK_TRANSFER,SUCCESS,VENDPAY_00006020
VPAY_006021,VINV_006021,VEND_000033,2026-08-11T21:36:00,BANK_003,173212.20,INR,BANK_TRANSFER,SUCCESS,VENDPAY_00006021
VPAY_006022,VINV_006022,VEND_000076,2026-08-17T02:54:00,BANK_003,211017.04,INR,BANK_TRANSFER,SUCCESS,VENDPAY_00006022
VPAY_006023,VINV_006023,VEND_000028,2026-08-20T20:37:00,BANK_003,169842.12,INR,BANK_TRANSFER,SUCCESS,VENDPAY_00006023
VPAY_006024,VINV_006024,VEND_000001,2026-08-09T03:27:00,BANK_003,61855.60,INR,BANK_TRANSFER,SUCCESS,VENDPAY_00006024
VPAY_006025,VINV_006025,VEND_000063,2026-08-21T21:14:00,BANK_003,239733.52,INR,BANK_TRANSFER,SUCCESS,VENDPAY_00006025
VPAY_006026,VINV_006026,VEND_000030,2026-08-12T23:57:00,BANK_003,77461.10,INR,BANK_TRANSFER,SUCCESS,VENDPAY_00006026
VPAY_006027,VINV_006027,VEND_000019,2026-08-23T02:10:00,BANK_003,236797.68,INR,BANK_TRANSFER,SUCCESS,VENDPAY_00006027
VPAY_006028,VINV_006028,VEND_000062,2026-08-14T00:22:00,BANK_003,60112.00,INR,BANK_TRANSFER,SUCCESS,VENDPAY_00006028
VPAY_006029,VINV_006029,VEND_000036,2026-08-04T02:25:00,BANK_003,73024.30,INR,BANK_TRANSFER,SUCCESS,VENDPAY_00006029
VPAY_006030,VINV_006030,VEND_000007,2026-09-12T02:26:00,BANK_003,143859.00,INR,BANK_TRANSFER,SUCCESS,VENDPAY_00006030
VPAY_006031,VINV_006031,VEND_000075,2026-08-18T20:34:00,BANK_003,82234.20,INR,BANK_TRANSFER,SUCCESS,VENDPAY_00006031
VPAY_006032,VINV_006032,VEND_000022,2026-09-04T00:29:00,BANK_003,92781.04,INR,BANK_TRANSFER,SUCCESS,VENDPAY_00006032
VPAY_006033,VINV_006033,VEND_000062,2026-08-17T20:57:00,BANK_003,77526.00,INR,BANK_TRANSFER,SUCCESS,VENDPAY_00006033
VPAY_006034,VINV_006034,VEND_000012,2026-08-04T22:46:00,BANK_003,219046.94,INR,BANK_TRANSFER,SUCCESS,VENDPAY_00006034
VPAY_006035,VINV_006035,VEND_000084,2026-08-28T00:27:00,BANK_003,69625.90,INR,BANK_TRANSFER,SUCCESS,VENDPAY_00006035
VPAY_006036,VINV_006036,VEND_000068,2026-08-25T00:39:00,BANK_003,242663.46,INR,BANK_TRANSFER,SUCCESS,VENDPAY_00006036
VPAY_006037,VINV_006037,VEND_000074,2026-08-10T20:10:00,BANK_003,200669.62,INR,BANK_TRANSFER,SUCCESS,VENDPAY_00006037
VPAY_006038,VINV_006038,VEND_000080,2026-08-18T01:09:00,BANK_003,238780.08,INR,BANK_TRANSFER,SUCCESS,VENDPAY_00006038
VPAY_006039,VINV_006039,VEND_000018,2026-08-31T22:34:00,BANK_003,86029.08,INR,BANK_TRANSFER,SUCCESS,VENDPAY_00006039
VPAY_006040,VINV_006040,VEND_000036,2026-08-14T23:08:00,BANK_003,222081.90,INR,BANK_TRANSFER,SUCCESS,VENDPAY_00006040
VPAY_006041,VINV_006041,VEND_000054,2026-09-02T02:21:00,BANK_003,163204.62,INR,BANK_TRANSFER,SUCCESS,VENDPAY_00006041
VPAY_006042,VINV_006042,VEND_000071,2026-08-19T01:52:00,BANK_003,244825.22,INR,BANK_TRANSFER,SUCCESS,VENDPAY_00006042
VPAY_006043,VINV_006043,VEND_000002,2026-08-19T03:21:00,BANK_003,186936.78,INR,BANK_TRANSFER,SUCCESS,VENDPAY_00006043
VPAY_006044,VINV_006044,VEND_000081,2026-08-28T02:30:00,BANK_003,150038.18,INR,BANK_TRANSFER,SUCCESS,VENDPAY_00006044
VPAY_006045,VINV_006045,VEND_000013,2026-08-22T21:23:00,BANK_003,179285.66,INR,BANK_TRANSFER,SUCCESS,VENDPAY_00006045
VPAY_006046,VINV_006046,VEND_000022,2026-08-31T03:13:00,BANK_003,237576.48,INR,BANK_TRANSFER,SUCCESS,VENDPAY_00006046
VPAY_006047,VINV_006047,VEND_000058,2026-08-25T00:56:00,BANK_003,108162.34,INR,BANK_TRANSFER,SUCCESS,VENDPAY_00006047
VPAY_006048,VINV_006048,VEND_000014,2026-09-05T01:30:00,BANK_003,182570.78,INR,BANK_TRANSFER,SUCCESS,VENDPAY_00006048
VPAY_006049,VINV_006049,VEND_000028,2026-08-18T21:08:00,BANK_003,204053.86,INR,BANK_TRANSFER,SUCCESS,VENDPAY_00006049
VPAY_006050,VINV_006050,VEND_000012,2026-08-08T01:34:00,BANK_003,230641.62,INR,BANK_TRANSFER,SUCCESS,VENDPAY_00006050
VPAY_006051,VINV_006051,VEND_000051,2026-08-21T22:52:00,BANK_003,217168.38,INR,BANK_TRANSFER,SUCCESS,VENDPAY_00006051
VPAY_006052,VINV_006052,VEND_000015,2026-09-04T22:19:00,BANK_003,117186.98,INR,BANK_TRANSFER,SUCCESS,VENDPAY_00006052
VPAY_006053,VINV_006053,VEND_000064,2026-08-15T01:00:00,BANK_003,76874.64,INR,BANK_TRANSFER,SUCCESS,VENDPAY_00006053
VPAY_006054,VINV_006054,VEND_000025,2026-08-04T21:48:00,BANK_003,106223.60,INR,BANK_TRANSFER,SUCCESS,VENDPAY_00006054
VPAY_006055,VINV_006055,VEND_000089,2026-08-13T20:46:00,BANK_003,113255.22,INR,BANK_TRANSFER,SUCCESS,VENDPAY_00006055
VPAY_006056,VINV_006056,VEND_000031,2026-08-20T01:38:00,BANK_003,76881.72,INR,BANK_TRANSFER,SUCCESS,VENDPAY_00006056
VPAY_006057,VINV_006057,VEND_000035,2026-08-02T03:11:00,BANK_003,232013.96,INR,BANK_TRANSFER,SUCCESS,VENDPAY_00006057
VPAY_006058,VINV_006058,VEND_000040,2026-08-18T00:22:00,BANK_003,239332.32,INR,BANK_TRANSFER,SUCCESS,VENDPAY_00006058
VPAY_006059,VINV_006059,VEND_000087,2026-08-21T02:40:00,BANK_003,103626.42,INR,BANK_TRANSFER,SUCCESS,VENDPAY_00006059
VPAY_006060,VINV_006060,VEND_000048,2026-08-11T22:03:00,BANK_003,212679.66,INR,BANK_TRANSFER,SUCCESS,VENDPAY_00006060
VPAY_006061,VINV_006061,VEND_000044,2026-08-08T22:33:00,BANK_003,183357.84,INR,BANK_TRANSFER,SUCCESS,VENDPAY_00006061
VPAY_006062,VINV_006062,VEND_000020,2026-08-19T22:03:00,BANK_003,202143.44,INR,BANK_TRANSFER,SUCCESS,VENDPAY_00006062
VPAY_006063,VINV_006063,VEND_000078,2026-08-16T01:17:00,BANK_003,248631.90,INR,BANK_TRANSFER,SUCCESS,VENDPAY_00006063
VPAY_006064,VINV_006064,VEND_000044,2026-08-15T22:01:00,BANK_003,85839.10,INR,BANK_TRANSFER,SUCCESS,VENDPAY_00006064
VPAY_006065,VINV_006065,VEND_000009,2026-09-04T01:19:00,BANK_003,238758.84,INR,BANK_TRANSFER,SUCCESS,VENDPAY_00006065
VPAY_006066,VINV_006066,VEND_000042,2026-08-04T02:43:00,BANK_003,225597.12,INR,BANK_TRANSFER,SUCCESS,VENDPAY_00006066
VPAY_006067,VINV_006067,VEND_000064,2026-08-07T00:43:00,BANK_003,183318.90,INR,BANK_TRANSFER,SUCCESS,VENDPAY_00006067
VPAY_006068,VINV_006068,VEND_000024,2026-08-14T00:49:00,BANK_003,111212.64,INR,BANK_TRANSFER,SUCCESS,VENDPAY_00006068
VPAY_006069,VINV_006069,VEND_000016,2026-08-24T00:57:00,BANK_003,220756.76,INR,BANK_TRANSFER,SUCCESS,VENDPAY_00006069
VPAY_006070,VINV_006070,VEND_000046,2026-08-20T03:45:00,BANK_003,132970.66,INR,BANK_TRANSFER,SUCCESS,VENDPAY_00006070
VPAY_006071,VINV_006071,VEND_000072,2026-08-12T00:41:00,BANK_003,130954.04,INR,BANK_TRANSFER,SUCCESS,VENDPAY_00006071
VPAY_006072,VINV_006072,VEND_000041,2026-08-07T21:49:00,BANK_003,173618.12,INR,BANK_TRANSFER,SUCCESS,VENDPAY_00006072
VPAY_006073,VINV_006073,VEND_000078,2026-08-16T22:05:00,BANK_003,128068.94,INR,BANK_TRANSFER,SUCCESS,VENDPAY_00006073
VPAY_006074,VINV_006074,VEND_000077,2026-08-18T01:13:00,BANK_003,176813.56,INR,BANK_TRANSFER,SUCCESS,VENDPAY_00006074
VPAY_006075,VINV_006075,VEND_000080,2026-09-05T20:23:00,BANK_003,67372.10,INR,BANK_TRANSFER,SUCCESS,VENDPAY_00006075
VPAY_006076,VINV_006076,VEND_000090,2026-08-06T23:22:00,BANK_003,257752.12,INR,BANK_TRANSFER,SUCCESS,VENDPAY_00006076
VPAY_006077,VINV_006077,VEND_000018,2026-08-25T01:24:00,BANK_003,247864.90,INR,BANK_TRANSFER,SUCCESS,VENDPAY_00006077
VPAY_006078,VINV_006078,VEND_000072,2026-08-20T20:24:00,BANK_003,242186.74,INR,BANK_TRANSFER,SUCCESS,VENDPAY_00006078
VPAY_006079,VINV_006079,VEND_000090,2026-08-14T00:24:00,BANK_003,86386.62,INR,BANK_TRANSFER,SUCCESS,VENDPAY_00006079
VPAY_006080,VINV_006080,VEND_000043,2026-08-18T21:58:00,BANK_003,254426.88,INR,BANK_TRANSFER,SUCCESS,VENDPAY_00006080
VPAY_006081,VINV_006081,VEND_000066,2026-07-30T01:52:00,BANK_003,73011.32,INR,BANK_TRANSFER,SUCCESS,VENDPAY_00006081
VPAY_006082,VINV_006082,VEND_000028,2026-08-16T23:12:00,BANK_003,245409.32,INR,BANK_TRANSFER,SUCCESS,VENDPAY_00006082
VPAY_006083,VINV_006083,VEND_000058,2026-08-12T21:54:00,BANK_003,62003.10,INR,BANK_TRANSFER,SUCCESS,VENDPAY_00006083
VPAY_006084,VINV_006084,VEND_000016,2026-09-07T02:29:00,BANK_003,201213.60,INR,BANK_TRANSFER,SUCCESS,VENDPAY_00006084
VPAY_006085,VINV_006085,VEND_000002,2026-08-21T20:32:00,BANK_003,108858.54,INR,BANK_TRANSFER,SUCCESS,VENDPAY_00006085
VPAY_006086,VINV_006086,VEND_000083,2026-08-28T00:54:00,BANK_003,105913.26,INR,BANK_TRANSFER,SUCCESS,VENDPAY_00006086
VPAY_006087,VINV_006087,VEND_000013,2026-09-01T20:46:00,BANK_003,243871.78,INR,BANK_TRANSFER,SUCCESS,VENDPAY_00006087
VPAY_006088,VINV_006088,VEND_000008,2026-08-22T20:03:00,BANK_003,152949.00,INR,BANK_TRANSFER,SUCCESS,VENDPAY_00006088
VPAY_006089,VINV_006089,VEND_000024,2026-08-11T19:59:00,BANK_003,125695.96,INR,BANK_TRANSFER,SUCCESS,VENDPAY_00006089
VPAY_006090,VINV_006090,VEND_000002,2026-08-29T20:58:00,BANK_003,82221.22,INR,BANK_TRANSFER,SUCCESS,VENDPAY_00006090
VPAY_006091,VINV_006091,VEND_000038,2026-08-07T00:29:00,BANK_003,136140.14,INR,BANK_TRANSFER,SUCCESS,VENDPAY_00006091
VPAY_006092,VINV_006092,VEND_000020,2026-08-21T20:31:00,BANK_003,62632.04,INR,BANK_TRANSFER,SUCCESS,VENDPAY_00006092
VPAY_006093,VINV_006093,VEND_000032,2026-08-02T02:47:00,BANK_003,141431.00,INR,BANK_TRANSFER,SUCCESS,VENDPAY_00006093
VPAY_006094,VINV_006094,VEND_000057,2026-08-12T21:56:00,BANK_003,180342.94,INR,BANK_TRANSFER,SUCCESS,VENDPAY_00006094
VPAY_006095,VINV_006095,VEND_000016,2026-08-25T21:33:00,BANK_003,212328.02,INR,BANK_TRANSFER,SUCCESS,VENDPAY_00006095
VPAY_006096,VINV_006096,VEND_000044,2026-08-10T00:43:00,BANK_003,181944.20,INR,BANK_TRANSFER,SUCCESS,VENDPAY_00006096
VPAY_006097,VINV_006097,VEND_000014,2026-08-28T00:19:00,BANK_003,148659.94,INR,BANK_TRANSFER,SUCCESS,VENDPAY_00006097
VPAY_006098,VINV_006098,VEND_000080,2026-09-04T21:41:00,BANK_003,219875.30,INR,BANK_TRANSFER,SUCCESS,VENDPAY_00006098
VPAY_006099,VINV_006099,VEND_000025,2026-08-02T23:55:00,BANK_003,197698.38,INR,BANK_TRANSFER,SUCCESS,VENDPAY_00006099
VPAY_006100,VINV_006100,VEND_000082,2026-08-26T00:07:00,BANK_003,94621.84,INR,BANK_TRANSFER,SUCCESS,VENDPAY_00006100
VPAY_006101,VINV_006101,VEND_000012,2026-08-20T21:54:00,BANK_003,249040.18,INR,BANK_TRANSFER,SUCCESS,VENDPAY_00006101
VPAY_006102,VINV_006102,VEND_000050,2026-08-23T03:23:00,BANK_003,76637.46,INR,BANK_TRANSFER,SUCCESS,VENDPAY_00006102
VPAY_006103,VINV_006103,VEND_000004,2026-08-07T23:15:00,BANK_003,251999.62,INR,BANK_TRANSFER,SUCCESS,VENDPAY_00006103
VPAY_006104,VINV_006104,VEND_000041,2026-08-10T00:19:00,BANK_003,243802.16,INR,BANK_TRANSFER,SUCCESS,VENDPAY_00006104
VPAY_006105,VINV_006105,VEND_000005,2026-08-06T23:45:00,BANK_003,249267.92,INR,BANK_TRANSFER,SUCCESS,VENDPAY_00006105
VPAY_006106,VINV_006106,VEND_000049,2026-08-15T02:30:00,BANK_003,171141.30,INR,BANK_TRANSFER,SUCCESS,VENDPAY_00006106
VPAY_006107,VINV_006107,VEND_000077,2026-08-06T22:06:00,BANK_003,106696.78,INR,BANK_TRANSFER,SUCCESS,VENDPAY_00006107
VPAY_006108,VINV_006108,VEND_000030,2026-08-19T00:15:00,BANK_003,124775.56,INR,BANK_TRANSFER,SUCCESS,VENDPAY_00006108
VPAY_006109,VINV_006109,VEND_000073,2026-08-18T23:50:00,BANK_003,130446.64,INR,BANK_TRANSFER,SUCCESS,VENDPAY_00006109
VPAY_006110,VINV_006110,VEND_000081,2026-08-22T20:40:00,BANK_003,220683.60,INR,BANK_TRANSFER,SUCCESS,VENDPAY_00006110
VPAY_006111,VINV_006111,VEND_000080,2026-08-25T19:17:00,BANK_003,124397.96,INR,BANK_TRANSFER,SUCCESS,VENDPAY_00006111
VPAY_006112,VINV_006112,VEND_000084,2026-08-21T01:32:00,BANK_003,248263.74,INR,BANK_TRANSFER,SUCCESS,VENDPAY_00006112
VPAY_006113,VINV_006113,VEND_000049,2026-08-22T20:40:00,BANK_003,184452.88,INR,BANK_TRANSFER,SUCCESS,VENDPAY_00006113
VPAY_006114,VINV_006114,VEND_000035,2026-08-07T23:08:00,BANK_003,179959.44,INR,BANK_TRANSFER,SUCCESS,VENDPAY_00006114
VPAY_006115,VINV_006115,VEND_000087,2026-08-19T01:06:00,BANK_003,213144.58,INR,BANK_TRANSFER,SUCCESS,VENDPAY_00006115
VPAY_006116,VINV_006116,VEND_000031,2026-08-07T22:51:00,BANK_003,132706.34,INR,BANK_TRANSFER,SUCCESS,VENDPAY_00006116
VPAY_006117,VINV_006117,VEND_000014,2026-08-28T21:53:00,BANK_003,216058.00,INR,BANK_TRANSFER,SUCCESS,VENDPAY_00006117
VPAY_006118,VINV_006118,VEND_000005,2026-08-15T02:44:00,BANK_003,210155.64,INR,BANK_TRANSFER,SUCCESS,VENDPAY_00006118
VPAY_006119,VINV_006119,VEND_000037,2026-08-26T01:17:00,BANK_003,107457.88,INR,BANK_TRANSFER,SUCCESS,VENDPAY_00006119
VPAY_006120,VINV_006120,VEND_000050,2026-08-06T02:47:00,BANK_003,244952.66,INR,BANK_TRANSFER,SUCCESS,VENDPAY_00006120
VPAY_006121,VINV_006121,VEND_000044,2026-08-15T23:02:00,BANK_003,59540.44,INR,BANK_TRANSFER,SUCCESS,VENDPAY_00006121
VPAY_006122,VINV_006122,VEND_000044,2026-08-21T23:30:00,BANK_003,59814.20,INR,BANK_TRANSFER,SUCCESS,VENDPAY_00006122
VPAY_006123,VINV_006123,VEND_000021,2026-09-05T22:17:00,BANK_003,226151.72,INR,BANK_TRANSFER,SUCCESS,VENDPAY_00006123
VPAY_006124,VINV_006124,VEND_000078,2026-09-01T02:51:00,BANK_003,137230.46,INR,BANK_TRANSFER,SUCCESS,VENDPAY_00006124
VPAY_006125,VINV_006125,VEND_000032,2026-08-18T00:16:00,BANK_003,194243.00,INR,BANK_TRANSFER,SUCCESS,VENDPAY_00006125
VPAY_006126,VINV_006126,VEND_000037,2026-08-25T19:41:00,BANK_003,154175.26,INR,BANK_TRANSFER,SUCCESS,VENDPAY_00006126
VPAY_006127,VINV_006127,VEND_000061,2026-08-12T02:54:00,BANK_003,178333.40,INR,BANK_TRANSFER,SUCCESS,VENDPAY_00006127
VPAY_006128,VINV_006128,VEND_000059,2026-08-19T00:18:00,BANK_003,91642.34,INR,BANK_TRANSFER,SUCCESS,VENDPAY_00006128
VPAY_006129,VINV_006129,VEND_000001,2026-08-17T03:30:00,BANK_003,64740.70,INR,BANK_TRANSFER,SUCCESS,VENDPAY_00006129
VPAY_006130,VINV_006130,VEND_000036,2026-08-18T20:55:00,BANK_003,95283.82,INR,BANK_TRANSFER,SUCCESS,VENDPAY_00006130
VPAY_006131,VINV_006131,VEND_000028,2026-08-11T23:23:00,BANK_003,138094.22,INR,BANK_TRANSFER,SUCCESS,VENDPAY_00006131
VPAY_006132,VINV_006132,VEND_000086,2026-08-16T20:01:00,BANK_003,143904.00,INR,BANK_TRANSFER,SUCCESS,VENDPAY_00006132
VPAY_006133,VINV_006133,VEND_000058,2026-08-20T20:41:00,BANK_003,235308.52,INR,BANK_TRANSFER,SUCCESS,VENDPAY_00006133
VPAY_006134,VINV_006134,VEND_000059,2026-08-15T00:30:00,BANK_003,58172.82,INR,BANK_TRANSFER,SUCCESS,VENDPAY_00006134
VPAY_006135,VINV_006135,VEND_000059,2026-07-27T21:51:00,BANK_003,251836.78,INR,BANK_TRANSFER,SUCCESS,VENDPAY_00006135
VPAY_006136,VINV_006136,VEND_000075,2026-08-18T21:00:00,BANK_003,69026.46,INR,BANK_TRANSFER,SUCCESS,VENDPAY_00006136
VPAY_006137,VINV_006137,VEND_000080,2026-08-19T01:11:00,BANK_003,189301.50,INR,BANK_TRANSFER,SUCCESS,VENDPAY_00006137
VPAY_006138,VINV_006138,VEND_000028,2026-08-09T19:59:00,BANK_003,215064.44,INR,BANK_TRANSFER,SUCCESS,VENDPAY_00006138
VPAY_006139,VINV_006139,VEND_000014,2026-08-29T00:15:00,BANK_003,157257.42,INR,BANK_TRANSFER,SUCCESS,VENDPAY_00006139
VPAY_006140,VINV_006140,VEND_000054,2026-09-12T01:23:00,BANK_003,186771.58,INR,BANK_TRANSFER,SUCCESS,VENDPAY_00006140
VPAY_006141,VINV_006141,VEND_000084,2026-08-18T21:44:00,BANK_003,157871.02,INR,BANK_TRANSFER,SUCCESS,VENDPAY_00006141
VPAY_006142,VINV_006142,VEND_000003,2026-08-14T02:16:00,BANK_003,82771.10,INR,BANK_TRANSFER,SUCCESS,VENDPAY_00006142
VPAY_006143,VINV_006143,VEND_000034,2026-08-24T23:03:00,BANK_003,227244.40,INR,BANK_TRANSFER,SUCCESS,VENDPAY_00006143
VPAY_006144,VINV_006144,VEND_000027,2026-09-07T23:57:00,BANK_003,140975.78,INR,BANK_TRANSFER,SUCCESS,VENDPAY_00006144
VPAY_006145,VINV_006145,VEND_000079,2026-08-17T21:36:00,BANK_003,250965.94,INR,BANK_TRANSFER,SUCCESS,VENDPAY_00006145
VPAY_006146,VINV_006146,VEND_000003,2026-08-11T21:59:00,BANK_003,139166.84,INR,BANK_TRANSFER,SUCCESS,VENDPAY_00006146
VPAY_006147,VINV_006147,VEND_000083,2026-08-15T01:16:00,BANK_003,156763.00,INR,BANK_TRANSFER,SUCCESS,VENDPAY_00006147
VPAY_006148,VINV_006148,VEND_000063,2026-08-11T00:57:00,BANK_003,159248.08,INR,BANK_TRANSFER,SUCCESS,VENDPAY_00006148
VPAY_006149,VINV_006149,VEND_000034,2026-08-19T22:22:00,BANK_003,108143.46,INR,BANK_TRANSFER,SUCCESS,VENDPAY_00006149
VPAY_006150,VINV_006150,VEND_000061,2026-08-19T19:15:00,BANK_003,219227.48,INR,BANK_TRANSFER,SUCCESS,VENDPAY_00006150
VPAY_006151,VINV_006151,VEND_000058,2026-08-11T00:15:00,BANK_003,91571.54,INR,BANK_TRANSFER,SUCCESS,VENDPAY_00006151
VPAY_006152,VINV_006152,VEND_000043,2026-09-06T22:52:00,BANK_003,70328.00,INR,BANK_TRANSFER,SUCCESS,VENDPAY_00006152
VPAY_006153,VINV_006153,VEND_000069,2026-09-07T23:59:00,BANK_003,153237.16,INR,BANK_TRANSFER,SUCCESS,VENDPAY_00006153
VPAY_006154,VINV_006154,VEND_000023,2026-08-26T00:34:00,BANK_003,169528.24,INR,BANK_TRANSFER,SUCCESS,VENDPAY_00006154
VPAY_006155,VINV_006155,VEND_000081,2026-08-23T20:26:00,BANK_003,180318.16,INR,BANK_TRANSFER,SUCCESS,VENDPAY_00006155
VPAY_006156,VINV_006156,VEND_000074,2026-08-25T03:11:00,BANK_003,128728.56,INR,BANK_TRANSFER,SUCCESS,VENDPAY_00006156
VPAY_006157,VINV_006157,VEND_000086,2026-08-06T02:58:00,BANK_003,146020.00,INR,BANK_TRANSFER,SUCCESS,VENDPAY_00006157
VPAY_006158,VINV_006158,VEND_000029,2026-08-25T01:38:00,BANK_003,49966.00,INR,BANK_TRANSFER,SUCCESS,VENDPAY_00006158
VPAY_006159,VINV_006159,VEND_000003,2026-08-06T01:09:00,BANK_003,77680.58,INR,BANK_TRANSFER,SUCCESS,VENDPAY_00006159
VPAY_006160,VINV_006160,VEND_000077,2026-08-01T20:54:00,BANK_003,156249.70,INR,BANK_TRANSFER,SUCCESS,VENDPAY_00006160
VPAY_006161,VINV_006161,VEND_000001,2026-08-18T00:41:00,BANK_003,144026.08,INR,BANK_TRANSFER,SUCCESS,VENDPAY_00006161
VPAY_006162,VINV_006162,VEND_000019,2026-08-31T00:11:00,BANK_003,204586.04,INR,BANK_TRANSFER,SUCCESS,VENDPAY_00006162
VPAY_006163,VINV_006163,VEND_000061,2026-08-07T23:08:00,BANK_003,68186.30,INR,BANK_TRANSFER,SUCCESS,VENDPAY_00006163
VPAY_006164,VINV_006164,VEND_000054,2026-08-17T20:12:00,BANK_003,98472.18,INR,BANK_TRANSFER,SUCCESS,VENDPAY_00006164
VPAY_006165,VINV_006165,VEND_000028,2026-08-10T21:45:00,BANK_003,131585.34,INR,BANK_TRANSFER,SUCCESS,VENDPAY_00006165
VPAY_006166,VINV_006166,VEND_000028,2026-08-21T01:18:00,BANK_003,247626.54,INR,BANK_TRANSFER,SUCCESS,VENDPAY_00006166
VPAY_006167,VINV_006167,VEND_000066,2026-08-13T23:51:00,BANK_003,238001.28,INR,BANK_TRANSFER,SUCCESS,VENDPAY_00006167
VPAY_006168,VINV_006168,VEND_000030,2026-08-15T20:18:00,BANK_003,85564.16,INR,BANK_TRANSFER,SUCCESS,VENDPAY_00006168
VPAY_006169,VINV_006169,VEND_000026,2026-08-29T22:02:00,BANK_003,121878.66,INR,BANK_TRANSFER,SUCCESS,VENDPAY_00006169
VPAY_006170,VINV_006170,VEND_000012,2026-08-23T23:51:00,BANK_003,200581.12,INR,BANK_TRANSFER,SUCCESS,VENDPAY_00006170
VPAY_006171,VINV_006171,VEND_000058,2026-08-05T01:05:00,BANK_003,121102.22,INR,BANK_TRANSFER,SUCCESS,VENDPAY_00006171
VPAY_006172,VINV_006172,VEND_000039,2026-08-23T20:31:00,BANK_003,139693.12,INR,BANK_TRANSFER,SUCCESS,VENDPAY_00006172
VPAY_006173,VINV_006173,VEND_000055,2026-08-18T20:07:00,BANK_003,106631.88,INR,BANK_TRANSFER,SUCCESS,VENDPAY_00006173
VPAY_006174,VINV_006174,VEND_000050,2026-08-09T02:26:00,BANK_003,128886.68,INR,BANK_TRANSFER,SUCCESS,VENDPAY_00006174
VPAY_006175,VINV_006175,VEND_000090,2026-08-20T19:43:00,BANK_003,65825.12,INR,BANK_TRANSFER,SUCCESS,VENDPAY_00006175
VPAY_006176,VINV_006176,VEND_000064,2026-08-17T03:19:00,BANK_003,135061.62,INR,BANK_TRANSFER,SUCCESS,VENDPAY_00006176
VPAY_006177,VINV_006177,VEND_000079,2026-08-22T22:48:00,BANK_003,137427.52,INR,BANK_TRANSFER,SUCCESS,VENDPAY_00006177
VPAY_006178,VINV_006178,VEND_000037,2026-09-07T22:06:00,BANK_003,208517.80,INR,BANK_TRANSFER,SUCCESS,VENDPAY_00006178
VPAY_006179,VINV_006179,VEND_000076,2026-08-07T23:10:00,BANK_003,162646.48,INR,BANK_TRANSFER,SUCCESS,VENDPAY_00006179
VPAY_006180,VINV_006180,VEND_000033,2026-08-06T00:07:00,BANK_003,61605.44,INR,BANK_TRANSFER,SUCCESS,VENDPAY_00006180
VPAY_006181,VINV_006181,VEND_000060,2026-08-19T01:25:00,BANK_003,182984.96,INR,BANK_TRANSFER,SUCCESS,VENDPAY_00006181
VPAY_006182,VINV_006182,VEND_000004,2026-08-05T19:26:00,BANK_003,135114.72,INR,BANK_TRANSFER,SUCCESS,VENDPAY_00006182
VPAY_006183,VINV_006183,VEND_000054,2026-08-28T01:53:00,BANK_003,197632.30,INR,BANK_TRANSFER,SUCCESS,VENDPAY_00006183
VPAY_006184,VINV_006184,VEND_000077,2026-08-12T21:33:00,BANK_003,190797.74,INR,BANK_TRANSFER,SUCCESS,VENDPAY_00006184
VPAY_006185,VINV_006185,VEND_000012,2026-08-11T22:58:00,BANK_003,76618.58,INR,BANK_TRANSFER,SUCCESS,VENDPAY_00006185
VPAY_006186,VINV_006186,VEND_000027,2026-08-22T19:07:00,BANK_003,254701.82,INR,BANK_TRANSFER,SUCCESS,VENDPAY_00006186
VPAY_006187,VINV_006187,VEND_000005,2026-08-24T01:22:00,BANK_003,252107.00,INR,BANK_TRANSFER,SUCCESS,VENDPAY_00006187
VPAY_006188,VINV_006188,VEND_000005,2026-08-13T01:36:00,BANK_003,179627.86,INR,BANK_TRANSFER,SUCCESS,VENDPAY_00006188
VPAY_006189,VINV_006189,VEND_000065,2026-08-09T03:21:00,BANK_003,99503.50,INR,BANK_TRANSFER,SUCCESS,VENDPAY_00006189
VPAY_006190,VINV_006190,VEND_000034,2026-08-08T20:13:00,BANK_003,159324.78,INR,BANK_TRANSFER,SUCCESS,VENDPAY_00006190
VPAY_006191,VINV_006191,VEND_000084,2026-08-24T21:37:00,BANK_003,256398.66,INR,BANK_TRANSFER,SUCCESS,VENDPAY_00006191
VPAY_006192,VINV_006192,VEND_000044,2026-08-08T00:16:00,BANK_003,108869.16,INR,BANK_TRANSFER,SUCCESS,VENDPAY_00006192
VPAY_006193,VINV_006193,VEND_000053,2026-08-02T20:40:00,BANK_003,157679.00,INR,BANK_TRANSFER,SUCCESS,VENDPAY_00006193
VPAY_006194,VINV_006194,VEND_000005,2026-08-15T19:37:00,BANK_003,133596.06,INR,BANK_TRANSFER,SUCCESS,VENDPAY_00006194
VPAY_006195,VINV_006195,VEND_000009,2026-09-04T19:37:00,BANK_003,71637.80,INR,BANK_TRANSFER,SUCCESS,VENDPAY_00006195
VPAY_006196,VINV_006196,VEND_000075,2026-08-28T02:24:00,BANK_003,259012.36,INR,BANK_TRANSFER,SUCCESS,VENDPAY_00006196
VPAY_006197,VINV_006197,VEND_000010,2026-08-20T19:53:00,BANK_003,77432.78,INR,BANK_TRANSFER,SUCCESS,VENDPAY_00006197
VPAY_006198,VINV_006198,VEND_000041,2026-08-03T20:40:00,BANK_003,77954.34,INR,BANK_TRANSFER,SUCCESS,VENDPAY_00006198
VPAY_006199,VINV_006199,VEND_000088,2026-08-18T02:27:00,BANK_003,151553.30,INR,BANK_TRANSFER,SUCCESS,VENDPAY_00006199
VPAY_006200,VINV_006200,VEND_000036,2026-08-14T19:22:00,BANK_003,177385.86,INR,BANK_TRANSFER,SUCCESS,VENDPAY_00006200
VPAY_006201,VINV_006201,VEND_000040,2026-08-31T01:26:00,BANK_003,198603.44,INR,BANK_TRANSFER,SUCCESS,VENDPAY_00006201
VPAY_006202,VINV_006202,VEND_000066,2026-08-24T02:46:00,BANK_003,251947.70,INR,BANK_TRANSFER,SUCCESS,VENDPAY_00006202
VPAY_006203,VINV_006203,VEND_000086,2026-08-09T21:51:00,BANK_003,45015.00,INR,BANK_TRANSFER,SUCCESS,VENDPAY_00006203
VPAY_006204,VINV_006204,VEND_000075,2026-08-24T02:01:00,BANK_003,180422.00,INR,BANK_TRANSFER,SUCCESS,VENDPAY_00006204
VPAY_006205,VINV_006205,VEND_000071,2026-08-22T23:32:00,BANK_003,98651.54,INR,BANK_TRANSFER,SUCCESS,VENDPAY_00006205
VPAY_006206,VINV_006206,VEND_000048,2026-08-12T22:16:00,BANK_003,94291.44,INR,BANK_TRANSFER,SUCCESS,VENDPAY_00006206
VPAY_006207,VINV_006207,VEND_000077,2026-08-11T02:24:00,BANK_003,234418.80,INR,BANK_TRANSFER,SUCCESS,VENDPAY_00006207
VPAY_006208,VINV_006208,VEND_000036,2026-08-23T21:18:00,BANK_003,103851.80,INR,BANK_TRANSFER,SUCCESS,VENDPAY_00006208
VPAY_006209,VINV_006209,VEND_000001,2026-08-20T03:41:00,BANK_003,108926.98,INR,BANK_TRANSFER,SUCCESS,VENDPAY_00006209
VPAY_006210,VINV_006210,VEND_000064,2026-08-05T21:54:00,BANK_003,183887.66,INR,BANK_TRANSFER,SUCCESS,VENDPAY_00006210
VPAY_006211,VINV_006211,VEND_000041,2026-08-17T21:34:00,BANK_003,139166.84,INR,BANK_TRANSFER,SUCCESS,VENDPAY_00006211
VPAY_006212,VINV_006212,VEND_000080,2026-08-29T21:25:00,BANK_003,218599.72,INR,BANK_TRANSFER,SUCCESS,VENDPAY_00006212
VPAY_006213,VINV_006213,VEND_000009,2026-08-17T19:33:00,BANK_003,131476.78,INR,BANK_TRANSFER,SUCCESS,VENDPAY_00006213
VPAY_006214,VINV_006214,VEND_000028,2026-08-16T21:05:00,BANK_003,80394.58,INR,BANK_TRANSFER,SUCCESS,VENDPAY_00006214
VPAY_006215,VINV_006215,VEND_000005,2026-08-16T21:23:00,BANK_003,148474.68,INR,BANK_TRANSFER,SUCCESS,VENDPAY_00006215
VPAY_006216,VINV_006216,VEND_000032,2026-08-18T21:10:00,BANK_003,100892.00,INR,BANK_TRANSFER,SUCCESS,VENDPAY_00006216
VPAY_006217,VINV_006217,VEND_000033,2026-08-25T03:33:00,BANK_003,193468.08,INR,BANK_TRANSFER,SUCCESS,VENDPAY_00006217
VPAY_006218,VINV_006218,VEND_000022,2026-08-27T20:46:00,BANK_003,133880.44,INR,BANK_TRANSFER,SUCCESS,VENDPAY_00006218
VPAY_006219,VINV_006219,VEND_000017,2026-08-22T01:33:00,BANK_003,45698.00,INR,BANK_TRANSFER,SUCCESS,VENDPAY_00006219
VPAY_006220,VINV_006220,VEND_000037,2026-08-17T01:34:00,BANK_003,84995.40,INR,BANK_TRANSFER,SUCCESS,VENDPAY_00006220
VPAY_006221,VINV_006221,VEND_000029,2026-08-17T01:17:00,BANK_003,177264.00,INR,BANK_TRANSFER,SUCCESS,VENDPAY_00006221
VPAY_006222,VINV_006222,VEND_000046,2026-09-03T03:08:00,BANK_003,78491.24,INR,BANK_TRANSFER,SUCCESS,VENDPAY_00006222
VPAY_006223,VINV_006223,VEND_000053,2026-08-16T20:54:00,BANK_003,126289.00,INR,BANK_TRANSFER,SUCCESS,VENDPAY_00006223
VPAY_006224,VINV_006224,VEND_000013,2026-08-18T19:58:00,BANK_003,116136.78,INR,BANK_TRANSFER,SUCCESS,VENDPAY_00006224
VPAY_006225,VINV_006225,VEND_000010,2026-08-19T22:42:00,BANK_003,209460.62,INR,BANK_TRANSFER,SUCCESS,VENDPAY_00006225
VPAY_006226,VINV_006226,VEND_000019,2026-09-01T22:27:00,BANK_003,163017.00,INR,BANK_TRANSFER,SUCCESS,VENDPAY_00006226
VPAY_006227,VINV_006227,VEND_000035,2026-08-12T02:12:00,BANK_003,182525.94,INR,BANK_TRANSFER,SUCCESS,VENDPAY_00006227
VPAY_006228,VINV_006228,VEND_000045,2026-08-24T03:56:00,BANK_003,118070.80,INR,BANK_TRANSFER,SUCCESS,VENDPAY_00006228
VPAY_006229,VINV_006229,VEND_000082,2026-09-02T23:28:00,BANK_003,105001.12,INR,BANK_TRANSFER,SUCCESS,VENDPAY_00006229
VPAY_006230,VINV_006230,VEND_000071,2026-08-13T20:03:00,BANK_003,239413.74,INR,BANK_TRANSFER,SUCCESS,VENDPAY_00006230
VPAY_006231,VINV_006231,VEND_000074,2026-08-05T21:55:00,BANK_003,214729.32,INR,BANK_TRANSFER,SUCCESS,VENDPAY_00006231
VPAY_006232,VINV_006232,VEND_000022,2026-08-29T02:31:00,BANK_003,224467.86,INR,BANK_TRANSFER,SUCCESS,VENDPAY_00006232
VPAY_006233,VINV_006233,VEND_000067,2026-08-11T23:08:00,BANK_003,87311.74,INR,BANK_TRANSFER,SUCCESS,VENDPAY_00006233
VPAY_006234,VINV_006234,VEND_000080,2026-08-22T22:14:00,BANK_003,108103.34,INR,BANK_TRANSFER,SUCCESS,VENDPAY_00006234
VPAY_006235,VINV_006235,VEND_000013,2026-08-24T22:01:00,BANK_003,234860.12,INR,BANK_TRANSFER,SUCCESS,VENDPAY_00006235
VPAY_006236,VINV_006236,VEND_000071,2026-08-25T23:08:00,BANK_003,65797.98,INR,BANK_TRANSFER,SUCCESS,VENDPAY_00006236
VPAY_006237,VINV_006237,VEND_000069,2026-08-25T03:12:00,BANK_003,73215.46,INR,BANK_TRANSFER,SUCCESS,VENDPAY_00006237
VPAY_006238,VINV_006238,VEND_000025,2026-08-05T22:44:00,BANK_003,133251.50,INR,BANK_TRANSFER,SUCCESS,VENDPAY_00006238
VPAY_006239,VINV_006239,VEND_000040,2026-08-19T20:48:00,BANK_003,101659.36,INR,BANK_TRANSFER,SUCCESS,VENDPAY_00006239
VPAY_006240,VINV_006240,VEND_000074,2026-08-25T01:29:00,BANK_003,196415.72,INR,BANK_TRANSFER,SUCCESS,VENDPAY_00006240
VPAY_006241,VINV_006241,VEND_000007,2026-09-08T23:43:00,BANK_003,199043.00,INR,BANK_TRANSFER,SUCCESS,VENDPAY_00006241
VPAY_006242,VINV_006242,VEND_000023,2026-08-30T19:28:00,BANK_003,72684.46,INR,BANK_TRANSFER,SUCCESS,VENDPAY_00006242
VPAY_006243,VINV_006243,VEND_000061,2026-08-08T19:22:00,BANK_003,112859.92,INR,BANK_TRANSFER,SUCCESS,VENDPAY_00006243
VPAY_006244,VINV_006244,VEND_000038,2026-08-06T21:26:00,BANK_003,177319.78,INR,BANK_TRANSFER,SUCCESS,VENDPAY_00006244
VPAY_006245,VINV_006245,VEND_000011,2026-09-05T22:07:00,BANK_003,155901.60,INR,BANK_TRANSFER,SUCCESS,VENDPAY_00006245
VPAY_006246,VINV_006246,VEND_000026,2026-08-19T01:14:00,BANK_003,69794.64,INR,BANK_TRANSFER,SUCCESS,VENDPAY_00006246
VPAY_006247,VINV_006247,VEND_000005,2026-08-05T21:06:00,BANK_003,111813.26,INR,BANK_TRANSFER,SUCCESS,VENDPAY_00006247
VPAY_006248,VINV_006248,VEND_000038,2026-08-15T22:30:00,BANK_003,56274.20,INR,BANK_TRANSFER,SUCCESS,VENDPAY_00006248
VPAY_006249,VINV_006249,VEND_000086,2026-08-02T22:11:00,BANK_003,71164.00,INR,BANK_TRANSFER,SUCCESS,VENDPAY_00006249
VPAY_006250,VINV_006250,VEND_000047,2026-08-30T19:45:00,BANK_003,243000.94,INR,BANK_TRANSFER,SUCCESS,VENDPAY_00006250
VPAY_006251,VINV_006251,VEND_000041,2026-08-14T22:47:00,BANK_003,194344.82,INR,BANK_TRANSFER,SUCCESS,VENDPAY_00006251
VPAY_006252,VINV_006252,VEND_000031,2026-08-11T20:18:00,BANK_003,147576.70,INR,BANK_TRANSFER,SUCCESS,VENDPAY_00006252
VPAY_006253,VINV_006253,VEND_000016,2026-09-08T23:10:00,BANK_003,225817.78,INR,BANK_TRANSFER,SUCCESS,VENDPAY_00006253
VPAY_006254,VINV_006254,VEND_000019,2026-09-05T03:23:00,BANK_003,178876.20,INR,BANK_TRANSFER,SUCCESS,VENDPAY_00006254
VPAY_006255,VINV_006255,VEND_000044,2026-08-02T21:05:00,BANK_003,100334.22,INR,BANK_TRANSFER,SUCCESS,VENDPAY_00006255
VPAY_006256,VINV_006256,VEND_000088,2026-08-20T22:47:00,BANK_003,78474.72,INR,BANK_TRANSFER,SUCCESS,VENDPAY_00006256
VPAY_006257,VINV_006257,VEND_000003,2026-08-03T22:36:00,BANK_003,182817.40,INR,BANK_TRANSFER,SUCCESS,VENDPAY_00006257
VPAY_006258,VINV_006258,VEND_000083,2026-08-23T02:58:00,BANK_003,170810.90,INR,BANK_TRANSFER,SUCCESS,VENDPAY_00006258
VPAY_006259,VINV_006259,VEND_000003,2026-08-23T20:41:00,BANK_003,71310.94,INR,BANK_TRANSFER,SUCCESS,VENDPAY_00006259
VPAY_006260,VINV_006260,VEND_000021,2026-08-27T22:15:00,BANK_003,258541.54,INR,BANK_TRANSFER,SUCCESS,VENDPAY_00006260
VPAY_006261,VINV_006261,VEND_000052,2026-08-06T23:41:00,BANK_003,218760.20,INR,BANK_TRANSFER,SUCCESS,VENDPAY_00006261
VPAY_006262,VINV_006262,VEND_000020,2026-09-05T23:55:00,BANK_003,78996.28,INR,BANK_TRANSFER,SUCCESS,VENDPAY_00006262
VPAY_006263,VINV_006263,VEND_000046,2026-08-29T01:20:00,BANK_003,250463.26,INR,BANK_TRANSFER,SUCCESS,VENDPAY_00006263
VPAY_006264,VINV_006264,VEND_000080,2026-08-27T22:16:00,BANK_003,228947.14,INR,BANK_TRANSFER,SUCCESS,VENDPAY_00006264
VPAY_006265,VINV_006265,VEND_000068,2026-08-21T19:49:00,BANK_003,112970.84,INR,BANK_TRANSFER,SUCCESS,VENDPAY_00006265
VPAY_006266,VINV_006266,VEND_000074,2026-08-21T00:53:00,BANK_003,79810.48,INR,BANK_TRANSFER,SUCCESS,VENDPAY_00006266
VPAY_006267,VINV_006267,VEND_000045,2026-08-09T01:37:00,BANK_003,229016.76,INR,BANK_TRANSFER,SUCCESS,VENDPAY_00006267
VPAY_006268,VINV_006268,VEND_000064,2026-08-07T01:49:00,BANK_003,93159.82,INR,BANK_TRANSFER,SUCCESS,VENDPAY_00006268
VPAY_006269,VINV_006269,VEND_000007,2026-08-21T21:14:00,BANK_003,97753.00,INR,BANK_TRANSFER,SUCCESS,VENDPAY_00006269
VPAY_006270,VINV_006270,VEND_000006,2026-08-23T01:52:00,BANK_003,252737.12,INR,BANK_TRANSFER,SUCCESS,VENDPAY_00006270
VPAY_006271,VINV_006271,VEND_000072,2026-08-21T00:08:00,BANK_003,158148.32,INR,BANK_TRANSFER,SUCCESS,VENDPAY_00006271
VPAY_006272,VINV_006272,VEND_000033,2026-08-18T23:48:00,BANK_003,112297.06,INR,BANK_TRANSFER,SUCCESS,VENDPAY_00006272
VPAY_006273,VINV_006273,VEND_000019,2026-08-28T02:32:00,BANK_003,241809.14,INR,BANK_TRANSFER,SUCCESS,VENDPAY_00006273
VPAY_006274,VINV_006274,VEND_000043,2026-09-07T23:34:00,BANK_003,110717.04,INR,BANK_TRANSFER,SUCCESS,VENDPAY_00006274
VPAY_006275,VINV_006275,VEND_000043,2026-09-05T22:46:00,BANK_003,211389.92,INR,BANK_TRANSFER,SUCCESS,VENDPAY_00006275
VPAY_006276,VINV_006276,VEND_000081,2026-08-29T01:23:00,BANK_003,212716.24,INR,BANK_TRANSFER,SUCCESS,VENDPAY_00006276
VPAY_006277,VINV_006277,VEND_000006,2026-08-14T01:11:00,BANK_003,142197.08,INR,BANK_TRANSFER,SUCCESS,VENDPAY_00006277
VPAY_006278,VINV_006278,VEND_000024,2026-08-01T22:20:00,BANK_003,134189.60,INR,BANK_TRANSFER,SUCCESS,VENDPAY_00006278
VPAY_006279,VINV_006279,VEND_000039,2026-08-23T02:24:00,BANK_003,200682.60,INR,BANK_TRANSFER,SUCCESS,VENDPAY_00006279
VPAY_006280,VINV_006280,VEND_000089,2026-08-11T20:20:00,BANK_003,240859.24,INR,BANK_TRANSFER,SUCCESS,VENDPAY_00006280
VPAY_006281,VINV_006281,VEND_000033,2026-08-23T23:22:00,BANK_003,78907.78,INR,BANK_TRANSFER,SUCCESS,VENDPAY_00006281
VPAY_006282,VINV_006282,VEND_000056,2026-09-07T22:14:00,BANK_003,174400.46,INR,BANK_TRANSFER,SUCCESS,VENDPAY_00006282
VPAY_006283,VINV_006283,VEND_000005,2026-08-14T01:02:00,BANK_003,82104.40,INR,BANK_TRANSFER,SUCCESS,VENDPAY_00006283
VPAY_006284,VINV_006284,VEND_000056,2026-08-24T00:49:00,BANK_003,94716.24,INR,BANK_TRANSFER,SUCCESS,VENDPAY_00006284
VPAY_006285,VINV_006285,VEND_000068,2026-08-17T21:11:00,BANK_003,210442.38,INR,BANK_TRANSFER,SUCCESS,VENDPAY_00006285
VPAY_006286,VINV_006286,VEND_000045,2026-08-23T20:32:00,BANK_003,184740.80,INR,BANK_TRANSFER,SUCCESS,VENDPAY_00006286
VPAY_006287,VINV_006287,VEND_000010,2026-08-13T21:29:00,BANK_003,116822.36,INR,BANK_TRANSFER,SUCCESS,VENDPAY_00006287
VPAY_006288,VINV_006288,VEND_000054,2026-08-21T02:05:00,BANK_003,253283.46,INR,BANK_TRANSFER,SUCCESS,VENDPAY_00006288
VPAY_006289,VINV_006289,VEND_000076,2026-08-04T00:04:00,BANK_003,60223.66,INR,BANK_TRANSFER,SUCCESS,VENDPAY_00006289
VPAY_006290,VINV_006290,VEND_000072,2026-08-01T21:41:00,BANK_003,171321.84,INR,BANK_TRANSFER,SUCCESS,VENDPAY_00006290
VPAY_006291,VINV_006291,VEND_000062,2026-08-10T01:58:00,BANK_003,199434.00,INR,BANK_TRANSFER,SUCCESS,VENDPAY_00006291
VPAY_006292,VINV_006292,VEND_000011,2026-09-05T00:51:00,BANK_003,231711.88,INR,BANK_TRANSFER,SUCCESS,VENDPAY_00006292
VPAY_006293,VINV_006293,VEND_000066,2026-08-07T22:07:00,BANK_003,58257.78,INR,BANK_TRANSFER,SUCCESS,VENDPAY_00006293
VPAY_006294,VINV_006294,VEND_000033,2026-08-22T03:02:00,BANK_003,214277.38,INR,BANK_TRANSFER,SUCCESS,VENDPAY_00006294
VPAY_006295,VINV_006295,VEND_000032,2026-08-06T20:08:00,BANK_003,191831.00,INR,BANK_TRANSFER,SUCCESS,VENDPAY_00006295
VPAY_006296,VINV_006296,VEND_000040,2026-09-03T23:00:00,BANK_003,75810.28,INR,BANK_TRANSFER,SUCCESS,VENDPAY_00006296
VPAY_006297,VINV_006297,VEND_000034,2026-08-19T23:38:00,BANK_003,195267.58,INR,BANK_TRANSFER,SUCCESS,VENDPAY_00006297
VPAY_006298,VINV_006298,VEND_000047,2026-08-23T20:33:00,BANK_003,125284.14,INR,BANK_TRANSFER,SUCCESS,VENDPAY_00006298
VPAY_006299,VINV_006299,VEND_000072,2026-08-20T01:16:00,BANK_003,127143.82,INR,BANK_TRANSFER,SUCCESS,VENDPAY_00006299
VPAY_006300,VINV_006300,VEND_000053,2026-08-08T03:05:00,BANK_003,169317.00,INR,BANK_TRANSFER,SUCCESS,VENDPAY_00006300
VPAY_006301,VINV_006301,VEND_000073,2026-09-06T01:09:00,BANK_003,155605.42,INR,BANK_TRANSFER,SUCCESS,VENDPAY_00006301
VPAY_006302,VINV_006302,VEND_000085,2026-09-01T01:58:00,BANK_003,174926.74,INR,BANK_TRANSFER,SUCCESS,VENDPAY_00006302
VPAY_006303,VINV_006303,VEND_000066,2026-08-14T00:23:00,BANK_003,213044.28,INR,BANK_TRANSFER,SUCCESS,VENDPAY_00006303
VPAY_006304,VINV_006304,VEND_000043,2026-09-08T03:07:00,BANK_003,170644.52,INR,BANK_TRANSFER,SUCCESS,VENDPAY_00006304
VPAY_006305,VINV_006305,VEND_000076,2026-08-13T00:35:00,BANK_003,104695.50,INR,BANK_TRANSFER,SUCCESS,VENDPAY_00006305
VPAY_006306,VINV_006306,VEND_000021,2026-08-22T00:57:00,BANK_003,215663.88,INR,BANK_TRANSFER,SUCCESS,VENDPAY_00006306
VPAY_006307,VINV_006307,VEND_000015,2026-08-22T22:36:00,BANK_003,216098.12,INR,BANK_TRANSFER,SUCCESS,VENDPAY_00006307
VPAY_006308,VINV_006308,VEND_000048,2026-08-03T03:21:00,BANK_003,117956.34,INR,BANK_TRANSFER,SUCCESS,VENDPAY_00006308
VPAY_006309,VINV_006309,VEND_000055,2026-08-25T02:18:00,BANK_003,218645.74,INR,BANK_TRANSFER,SUCCESS,VENDPAY_00006309
VPAY_006310,VINV_006310,VEND_000063,2026-08-22T02:22:00,BANK_003,179771.82,INR,BANK_TRANSFER,SUCCESS,VENDPAY_00006310
VPAY_006311,VINV_006311,VEND_000079,2026-08-07T23:28:00,BANK_003,176591.72,INR,BANK_TRANSFER,SUCCESS,VENDPAY_00006311
VPAY_006312,VINV_006312,VEND_000062,2026-08-21T23:40:00,BANK_003,115464.00,INR,BANK_TRANSFER,SUCCESS,VENDPAY_00006312
VPAY_006313,VINV_006313,VEND_000074,2026-08-11T01:08:00,BANK_003,200013.54,INR,BANK_TRANSFER,SUCCESS,VENDPAY_00006313
VPAY_006314,VINV_006314,VEND_000030,2026-08-21T23:44:00,BANK_003,163657.74,INR,BANK_TRANSFER,SUCCESS,VENDPAY_00006314
VPAY_006315,VINV_006315,VEND_000062,2026-08-09T22:31:00,BANK_003,129509.00,INR,BANK_TRANSFER,SUCCESS,VENDPAY_00006315
VPAY_006316,VINV_006316,VEND_000077,2026-08-06T22:19:00,BANK_003,247515.62,INR,BANK_TRANSFER,SUCCESS,VENDPAY_00006316
VPAY_006317,VINV_006317,VEND_000036,2026-08-24T01:05:00,BANK_003,219349.02,INR,BANK_TRANSFER,SUCCESS,VENDPAY_00006317
VPAY_006318,VINV_006318,VEND_000012,2026-08-24T00:34:00,BANK_003,73011.32,INR,BANK_TRANSFER,SUCCESS,VENDPAY_00006318
VPAY_006319,VINV_006319,VEND_000068,2026-08-22T21:50:00,BANK_003,172429.86,INR,BANK_TRANSFER,SUCCESS,VENDPAY_00006319
VPAY_006320,VINV_006320,VEND_000055,2026-08-13T03:43:00,BANK_003,190368.22,INR,BANK_TRANSFER,SUCCESS,VENDPAY_00006320
VPAY_006321,VINV_006321,VEND_000084,2026-09-05T23:02:00,BANK_003,89543.12,INR,BANK_TRANSFER,SUCCESS,VENDPAY_00006321
VPAY_006322,VINV_006322,VEND_000055,2026-08-11T20:31:00,BANK_003,132650.88,INR,BANK_TRANSFER,SUCCESS,VENDPAY_00006322
VPAY_006323,VINV_006323,VEND_000079,2026-08-11T23:53:00,BANK_003,178767.64,INR,BANK_TRANSFER,SUCCESS,VENDPAY_00006323
VPAY_006324,VINV_006324,VEND_000010,2026-08-23T22:42:00,BANK_003,163898.46,INR,BANK_TRANSFER,SUCCESS,VENDPAY_00006324
VPAY_006325,VINV_006325,VEND_000015,2026-08-28T21:54:00,BANK_003,242216.24,INR,BANK_TRANSFER,SUCCESS,VENDPAY_00006325
VPAY_006326,VINV_006326,VEND_000031,2026-08-03T00:25:00,BANK_003,55554.40,INR,BANK_TRANSFER,SUCCESS,VENDPAY_00006326
VPAY_006327,VINV_006327,VEND_000045,2026-08-06T23:16:00,BANK_003,209099.54,INR,BANK_TRANSFER,SUCCESS,VENDPAY_00006327
VPAY_006328,VINV_006328,VEND_000051,2026-08-17T19:33:00,BANK_003,112389.10,INR,BANK_TRANSFER,SUCCESS,VENDPAY_00006328
VPAY_006329,VINV_006329,VEND_000074,2026-08-21T23:22:00,BANK_003,200155.14,INR,BANK_TRANSFER,SUCCESS,VENDPAY_00006329
VPAY_006330,VINV_006330,VEND_000023,2026-08-20T22:14:00,BANK_003,139953.90,INR,BANK_TRANSFER,SUCCESS,VENDPAY_00006330
VPAY_006331,VINV_006331,VEND_000070,2026-08-28T19:50:00,BANK_003,119595.36,INR,BANK_TRANSFER,SUCCESS,VENDPAY_00006331
VPAY_006332,VINV_006332,VEND_000062,2026-08-14T21:06:00,BANK_003,145026.00,INR,BANK_TRANSFER,SUCCESS,VENDPAY_00006332
VPAY_006333,VINV_006333,VEND_000073,2026-09-03T21:58:00,BANK_003,247492.02,INR,BANK_TRANSFER,SUCCESS,VENDPAY_00006333
VPAY_006334,VINV_006334,VEND_000056,2026-09-09T00:49:00,BANK_003,255681.22,INR,BANK_TRANSFER,SUCCESS,VENDPAY_00006334
VPAY_006335,VINV_006335,VEND_000082,2026-08-17T21:15:00,BANK_003,209667.12,INR,BANK_TRANSFER,SUCCESS,VENDPAY_00006335
VPAY_006336,VINV_006336,VEND_000027,2026-08-28T00:45:00,BANK_003,113893.60,INR,BANK_TRANSFER,SUCCESS,VENDPAY_00006336
VPAY_006337,VINV_006337,VEND_000010,2026-08-09T00:15:00,BANK_003,156305.16,INR,BANK_TRANSFER,SUCCESS,VENDPAY_00006337
VPAY_006338,VINV_006338,VEND_000048,2026-08-14T02:21:00,BANK_003,216111.10,INR,BANK_TRANSFER,SUCCESS,VENDPAY_00006338
VPAY_006339,VINV_006339,VEND_000014,2026-08-28T23:33:00,BANK_003,160102.40,INR,BANK_TRANSFER,SUCCESS,VENDPAY_00006339
VPAY_006340,VINV_006340,VEND_000054,2026-08-28T02:18:00,BANK_003,57978.12,INR,BANK_TRANSFER,SUCCESS,VENDPAY_00006340
VPAY_006341,VINV_006341,VEND_000051,2026-09-02T22:51:00,BANK_003,65751.96,INR,BANK_TRANSFER,SUCCESS,VENDPAY_00006341
VPAY_006342,VINV_006342,VEND_000063,2026-08-24T20:36:00,BANK_003,135790.86,INR,BANK_TRANSFER,SUCCESS,VENDPAY_00006342
VPAY_006343,VINV_006343,VEND_000082,2026-09-01T01:04:00,BANK_003,95720.42,INR,BANK_TRANSFER,SUCCESS,VENDPAY_00006343
VPAY_006344,VINV_006344,VEND_000081,2026-09-08T21:27:00,BANK_003,156031.40,INR,BANK_TRANSFER,SUCCESS,VENDPAY_00006344
VPAY_006345,VINV_006345,VEND_000090,2026-08-23T02:44:00,BANK_003,145562.44,INR,BANK_TRANSFER,SUCCESS,VENDPAY_00006345
VPAY_006346,VINV_006346,VEND_000014,2026-09-08T01:52:00,BANK_003,238481.54,INR,BANK_TRANSFER,SUCCESS,VENDPAY_00006346
VPAY_006347,VINV_006347,VEND_000053,2026-08-24T22:52:00,BANK_003,161509.00,INR,BANK_TRANSFER,SUCCESS,VENDPAY_00006347
VPAY_006348,VINV_006348,VEND_000065,2026-08-24T20:19:00,BANK_003,165828.94,INR,BANK_TRANSFER,SUCCESS,VENDPAY_00006348
VPAY_006349,VINV_006349,VEND_000011,2026-08-29T20:45:00,BANK_003,163658.92,INR,BANK_TRANSFER,SUCCESS,VENDPAY_00006349
VPAY_006350,VINV_006350,VEND_000072,2026-08-02T01:35:00,BANK_003,129163.98,INR,BANK_TRANSFER,SUCCESS,VENDPAY_00006350
VPAY_006351,VINV_006351,VEND_000059,2026-08-07T20:36:00,BANK_003,158328.86,INR,BANK_TRANSFER,SUCCESS,VENDPAY_00006351
VPAY_006352,VINV_006352,VEND_000012,2026-08-16T00:52:00,BANK_003,102195.08,INR,BANK_TRANSFER,SUCCESS,VENDPAY_00006352
VPAY_006353,VINV_006353,VEND_000034,2026-08-20T19:25:00,BANK_003,120391.86,INR,BANK_TRANSFER,SUCCESS,VENDPAY_00006353
VPAY_006354,VINV_006354,VEND_000062,2026-08-16T03:11:00,BANK_003,213125.00,INR,BANK_TRANSFER,SUCCESS,VENDPAY_00006354
VPAY_006355,VINV_006355,VEND_000051,2026-08-30T21:39:00,BANK_003,53881.16,INR,BANK_TRANSFER,SUCCESS,VENDPAY_00006355
VPAY_006356,VINV_006356,VEND_000062,2026-08-04T01:11:00,BANK_003,135018.00,INR,BANK_TRANSFER,SUCCESS,VENDPAY_00006356
VPAY_006357,VINV_006357,VEND_000078,2026-08-18T22:36:00,BANK_003,209271.82,INR,BANK_TRANSFER,SUCCESS,VENDPAY_00006357
VPAY_006358,VINV_006358,VEND_000048,2026-08-03T23:23:00,BANK_003,167652.04,INR,BANK_TRANSFER,SUCCESS,VENDPAY_00006358
VPAY_006359,VINV_006359,VEND_000039,2026-08-28T21:27:00,BANK_003,82787.62,INR,BANK_TRANSFER,SUCCESS,VENDPAY_00006359
VPAY_006360,VINV_006360,VEND_000044,2026-08-24T20:37:00,BANK_003,116823.54,INR,BANK_TRANSFER,SUCCESS,VENDPAY_00006360
VPAY_006361,VINV_006361,VEND_000036,2026-08-19T22:18:00,BANK_003,244857.08,INR,BANK_TRANSFER,SUCCESS,VENDPAY_00006361
VPAY_006362,VINV_006362,VEND_000067,2026-08-07T01:04:00,BANK_003,252337.10,INR,BANK_TRANSFER,SUCCESS,VENDPAY_00006362
VPAY_006363,VINV_006363,VEND_000035,2026-08-16T01:38:00,BANK_003,189196.48,INR,BANK_TRANSFER,SUCCESS,VENDPAY_00006363
VPAY_006364,VINV_006364,VEND_000049,2026-08-20T22:33:00,BANK_003,151849.48,INR,BANK_TRANSFER,SUCCESS,VENDPAY_00006364
VPAY_006365,VINV_006365,VEND_000062,2026-08-13T03:10:00,BANK_003,49913.00,INR,BANK_TRANSFER,SUCCESS,VENDPAY_00006365
VPAY_006366,VINV_006366,VEND_000079,2026-08-21T22:36:00,BANK_003,134553.04,INR,BANK_TRANSFER,SUCCESS,VENDPAY_00006366
VPAY_006367,VINV_006367,VEND_000082,2026-08-24T01:41:00,BANK_003,147728.92,INR,BANK_TRANSFER,SUCCESS,VENDPAY_00006367
VPAY_006368,VINV_006368,VEND_000069,2026-09-06T23:29:00,BANK_003,198716.72,INR,BANK_TRANSFER,SUCCESS,VENDPAY_00006368
VPAY_006369,VINV_006369,VEND_000044,2026-08-19T21:20:00,BANK_003,180088.06,INR,BANK_TRANSFER,SUCCESS,VENDPAY_00006369
VPAY_006370,VINV_006370,VEND_000001,2026-08-10T03:03:00,BANK_003,233210.48,INR,BANK_TRANSFER,SUCCESS,VENDPAY_00006370
VPAY_006371,VINV_006371,VEND_000063,2026-08-23T23:12:00,BANK_003,178352.28,INR,BANK_TRANSFER,SUCCESS,VENDPAY_00006371
VPAY_006372,VINV_006372,VEND_000015,2026-08-22T21:23:00,BANK_003,160057.56,INR,BANK_TRANSFER,SUCCESS,VENDPAY_00006372
VPAY_006373,VINV_006373,VEND_000060,2026-08-03T03:26:00,BANK_003,91762.70,INR,BANK_TRANSFER,SUCCESS,VENDPAY_00006373
VPAY_006374,VINV_006374,VEND_000015,2026-08-26T23:31:00,BANK_003,91167.98,INR,BANK_TRANSFER,SUCCESS,VENDPAY_00006374
VPAY_006375,VINV_006375,VEND_000060,2026-08-08T22:03:00,BANK_003,193799.66,INR,BANK_TRANSFER,SUCCESS,VENDPAY_00006375
VPAY_006376,VINV_006376,VEND_000079,2026-08-08T21:14:00,BANK_003,134400.82,INR,BANK_TRANSFER,SUCCESS,VENDPAY_00006376
VPAY_006377,VINV_006377,VEND_000085,2026-09-07T20:04:00,BANK_003,134272.20,INR,BANK_TRANSFER,SUCCESS,VENDPAY_00006377
VPAY_006378,VINV_006378,VEND_000018,2026-08-27T19:58:00,BANK_003,106597.66,INR,BANK_TRANSFER,SUCCESS,VENDPAY_00006378
VPAY_006379,VINV_006379,VEND_000065,2026-08-14T21:40:00,BANK_003,157271.58,INR,BANK_TRANSFER,SUCCESS,VENDPAY_00006379
VPAY_006380,VINV_006380,VEND_000029,2026-08-09T21:29:00,BANK_003,134812.00,INR,BANK_TRANSFER,SUCCESS,VENDPAY_00006380
VPAY_006381,VINV_006381,VEND_000040,2026-08-28T22:27:00,BANK_003,82557.52,INR,BANK_TRANSFER,SUCCESS,VENDPAY_00006381
VPAY_006382,VINV_006382,VEND_000084,2026-08-31T01:15:00,BANK_003,168817.88,INR,BANK_TRANSFER,SUCCESS,VENDPAY_00006382
VPAY_006383,VINV_006383,VEND_000020,2026-08-16T20:43:00,BANK_003,126654.12,INR,BANK_TRANSFER,SUCCESS,VENDPAY_00006383
VPAY_006384,VINV_006384,VEND_000048,2026-08-19T00:42:00,BANK_003,161216.32,INR,BANK_TRANSFER,SUCCESS,VENDPAY_00006384
VPAY_006385,VINV_006385,VEND_000110,2026-08-03T00:20:00,BANK_003,67857.08,INR,BANK_TRANSFER,SUCCESS,VENDPAY_00006385
VPAY_006386,VINV_006386,VEND_000103,2026-07-25T23:35:00,BANK_003,28092.26,INR,BANK_TRANSFER,SUCCESS,VENDPAY_00006386
VPAY_006387,VINV_006387,VEND_000094,2026-08-02T03:09:00,BANK_003,51154.18,INR,BANK_TRANSFER,SUCCESS,VENDPAY_00006387
VPAY_006388,VINV_006388,VEND_000100,2026-08-03T00:53:00,BANK_003,89917.18,INR,BANK_TRANSFER,SUCCESS,VENDPAY_00006388
VPAY_006389,VINV_006389,VEND_000099,2026-08-21T02:58:00,BANK_003,83174.66,INR,BANK_TRANSFER,SUCCESS,VENDPAY_00006389
VPAY_006390,VINV_006390,VEND_000106,2026-08-26T04:39:00,BANK_003,96892.16,INR,BANK_TRANSFER,SUCCESS,VENDPAY_00006390
VPAY_006391,VINV_006391,VEND_000094,2026-08-03T22:58:00,BANK_003,107228.96,INR,BANK_TRANSFER,SUCCESS,VENDPAY_00006391
VPAY_006392,VINV_006392,VEND_000092,2026-08-25T22:22:00,BANK_003,101386.78,INR,BANK_TRANSFER,SUCCESS,VENDPAY_00006392
VPAY_006393,VINV_006393,VEND_000102,2026-07-27T20:47:00,BANK_003,83480.28,INR,BANK_TRANSFER,SUCCESS,VENDPAY_00006393
VPAY_006394,VINV_006394,VEND_000110,2026-07-17T00:17:00,BANK_003,81296.10,INR,BANK_TRANSFER,SUCCESS,VENDPAY_00006394
VPAY_006395,VINV_006395,VEND_000110,2026-08-10T23:39:00,BANK_003,26070.92,INR,BANK_TRANSFER,SUCCESS,VENDPAY_00006395
VPAY_006396,VINV_006396,VEND_000105,2026-07-30T22:40:00,BANK_003,26693.96,INR,BANK_TRANSFER,SUCCESS,VENDPAY_00006396
VPAY_006397,VINV_006397,VEND_000106,2026-08-16T02:09:00,BANK_003,105221.78,INR,BANK_TRANSFER,SUCCESS,VENDPAY_00006397
VPAY_006398,VINV_006398,VEND_000101,2026-08-12T01:19:00,BANK_003,69775.76,INR,BANK_TRANSFER,SUCCESS,VENDPAY_00006398
VPAY_006399,VINV_006399,VEND_000095,2026-08-15T21:48:00,BANK_003,38228.46,INR,BANK_TRANSFER,SUCCESS,VENDPAY_00006399
VPAY_006400,VINV_006400,VEND_000098,2026-08-21T04:22:00,BANK_003,90047.00,INR,BANK_TRANSFER,SUCCESS,VENDPAY_00006400
VPAY_006401,VINV_006401,VEND_000098,2026-08-08T22:44:00,BANK_003,64260.00,INR,BANK_TRANSFER,SUCCESS,VENDPAY_00006401
VPAY_006402,VINV_006402,VEND_000098,2026-08-23T21:07:00,BANK_003,66236.00,INR,BANK_TRANSFER,SUCCESS,VENDPAY_00006402
VPAY_006403,VINV_006403,VEND_000110,2026-07-20T03:48:00,BANK_003,84268.52,INR,BANK_TRANSFER,SUCCESS,VENDPAY_00006403
VPAY_006404,VINV_006404,VEND_000095,2026-08-07T20:44:00,BANK_003,103827.02,INR,BANK_TRANSFER,SUCCESS,VENDPAY_00006404
VPAY_006405,VINV_006405,VEND_000097,2026-08-14T00:46:00,BANK_003,56886.62,INR,BANK_TRANSFER,SUCCESS,VENDPAY_00006405
VPAY_006406,VINV_006406,VEND_000110,2026-07-21T01:06:00,BANK_003,22369.26,INR,BANK_TRANSFER,SUCCESS,VENDPAY_00006406
VPAY_006407,VINV_006407,VEND_000105,2026-07-19T01:40:00,BANK_003,69168.06,INR,BANK_TRANSFER,SUCCESS,VENDPAY_00006407
VPAY_006408,VINV_006408,VEND_000098,2026-08-14T00:43:00,BANK_003,74651.00,INR,BANK_TRANSFER,SUCCESS,VENDPAY_00006408
VPAY_006409,VINV_006409,VEND_000109,2026-08-02T03:31:00,BANK_003,85277.42,INR,BANK_TRANSFER,SUCCESS,VENDPAY_00006409
VPAY_006410,VINV_006410,VEND_000099,2026-07-31T02:26:00,BANK_003,101690.04,INR,BANK_TRANSFER,SUCCESS,VENDPAY_00006410
VPAY_006411,VINV_006411,VEND_000105,2026-07-30T04:31:00,BANK_003,56553.86,INR,BANK_TRANSFER,SUCCESS,VENDPAY_00006411
VPAY_006412,VINV_006412,VEND_000108,2026-07-30T22:12:00,BANK_003,44960.36,INR,BANK_TRANSFER,SUCCESS,VENDPAY_00006412
VPAY_006413,VINV_006413,VEND_000101,2026-08-14T03:28:00,BANK_003,49307.48,INR,BANK_TRANSFER,SUCCESS,VENDPAY_00006413
VPAY_006414,VINV_006414,VEND_000106,2026-08-25T01:25:00,BANK_003,62135.26,INR,BANK_TRANSFER,SUCCESS,VENDPAY_00006414
VPAY_006415,VINV_006415,VEND_000107,2026-08-12T21:50:00,BANK_003,102143.16,INR,BANK_TRANSFER,SUCCESS,VENDPAY_00006415
VPAY_006416,VINV_006416,VEND_000095,2026-07-26T21:54:00,BANK_003,41101.76,INR,BANK_TRANSFER,SUCCESS,VENDPAY_00006416
VPAY_006417,VINV_006417,VEND_000096,2026-07-29T02:12:00,BANK_003,71083.20,INR,BANK_TRANSFER,SUCCESS,VENDPAY_00006417
VPAY_006418,VINV_006418,VEND_000094,2026-08-07T21:26:00,BANK_003,111808.54,INR,BANK_TRANSFER,SUCCESS,VENDPAY_00006418
VPAY_006419,VINV_006419,VEND_000110,2026-08-01T03:25:00,BANK_003,68587.50,INR,BANK_TRANSFER,SUCCESS,VENDPAY_00006419
VPAY_006420,VINV_006420,VEND_000099,2026-08-18T02:26:00,BANK_003,63439.16,INR,BANK_TRANSFER,SUCCESS,VENDPAY_00006420
VPAY_006421,VINV_006421,VEND_000096,2026-08-14T02:43:00,BANK_003,79205.14,INR,BANK_TRANSFER,SUCCESS,VENDPAY_00006421
VPAY_006422,VINV_006422,VEND_000093,2026-08-04T20:57:00,BANK_003,32336.00,INR,BANK_TRANSFER,SUCCESS,VENDPAY_00006422
VPAY_006423,VINV_006423,VEND_000103,2026-07-21T22:59:00,BANK_003,90861.18,INR,BANK_TRANSFER,SUCCESS,VENDPAY_00006423
VPAY_006424,VINV_006424,VEND_000095,2026-08-01T20:39:00,BANK_003,30200.92,INR,BANK_TRANSFER,SUCCESS,VENDPAY_00006424
VPAY_006425,VINV_006425,VEND_000097,2026-08-26T03:33:00,BANK_003,89997.42,INR,BANK_TRANSFER,SUCCESS,VENDPAY_00006425
VPAY_006426,VINV_006426,VEND_000108,2026-08-01T22:24:00,BANK_003,64462.22,INR,BANK_TRANSFER,SUCCESS,VENDPAY_00006426
VPAY_006427,VINV_006427,VEND_000095,2026-07-21T23:52:00,BANK_003,46884.94,INR,BANK_TRANSFER,SUCCESS,VENDPAY_00006427
VPAY_006428,VINV_006428,VEND_000098,2026-08-10T02:49:00,BANK_003,43995.00,INR,BANK_TRANSFER,SUCCESS,VENDPAY_00006428
VPAY_006429,VINV_006429,VEND_000094,2026-07-29T03:53:00,BANK_003,38452.66,INR,BANK_TRANSFER,SUCCESS,VENDPAY_00006429
VPAY_006430,VINV_006430,VEND_000103,2026-07-20T03:13:00,BANK_003,23005.28,INR,BANK_TRANSFER,SUCCESS,VENDPAY_00006430
VPAY_006431,VINV_006431,VEND_000103,2026-07-29T04:55:00,BANK_003,66259.36,INR,BANK_TRANSFER,SUCCESS,VENDPAY_00006431
VPAY_006432,VINV_006432,VEND_000109,2026-07-31T22:33:00,BANK_003,22874.30,INR,BANK_TRANSFER,SUCCESS,VENDPAY_00006432
VPAY_006433,VINV_006433,VEND_000108,2026-08-01T22:32:00,BANK_003,57932.10,INR,BANK_TRANSFER,SUCCESS,VENDPAY_00006433
VPAY_006434,VINV_006434,VEND_000102,2026-08-08T03:09:00,BANK_003,21638.84,INR,BANK_TRANSFER,SUCCESS,VENDPAY_00006434
VPAY_006435,VINV_006435,VEND_000093,2026-07-29T03:27:00,BANK_003,72530.00,INR,BANK_TRANSFER,SUCCESS,VENDPAY_00006435
VPAY_006436,VINV_006436,VEND_000100,2026-08-19T04:35:00,BANK_003,105624.16,INR,BANK_TRANSFER,SUCCESS,VENDPAY_00006436
VPAY_006437,VINV_006437,VEND_000100,2026-08-19T01:39:00,BANK_003,37166.46,INR,BANK_TRANSFER,SUCCESS,VENDPAY_00006437
VPAY_006438,VINV_006438,VEND_000096,2026-08-02T00:21:00,BANK_003,81113.20,INR,BANK_TRANSFER,SUCCESS,VENDPAY_00006438
VPAY_006439,VINV_006439,VEND_000099,2026-08-17T00:31:00,BANK_003,87652.76,INR,BANK_TRANSFER,SUCCESS,VENDPAY_00006439
VPAY_006440,VINV_006440,VEND_000093,2026-07-24T02:41:00,BANK_003,70596.00,INR,BANK_TRANSFER,SUCCESS,VENDPAY_00006440
VPAY_006441,VINV_006441,VEND_000091,2026-07-31T21:22:00,BANK_003,81080.16,INR,BANK_TRANSFER,SUCCESS,VENDPAY_00006441
VPAY_006442,VINV_006442,VEND_000106,2026-08-10T01:30:00,BANK_003,23631.86,INR,BANK_TRANSFER,SUCCESS,VENDPAY_00006442
VPAY_006443,VINV_006443,VEND_000094,2026-08-13T22:05:00,BANK_003,90935.52,INR,BANK_TRANSFER,SUCCESS,VENDPAY_00006443
VPAY_006444,VINV_006444,VEND_000102,2026-08-05T21:28:00,BANK_003,107643.14,INR,BANK_TRANSFER,SUCCESS,VENDPAY_00006444
VPAY_006445,VINV_006445,VEND_000108,2026-08-06T01:56:00,BANK_003,43232.84,INR,BANK_TRANSFER,SUCCESS,VENDPAY_00006445
VPAY_006446,VINV_006446,VEND_000105,2026-07-24T00:25:00,BANK_003,64123.56,INR,BANK_TRANSFER,SUCCESS,VENDPAY_00006446
VPAY_006447,VINV_006447,VEND_000093,2026-08-13T04:48:00,BANK_003,50632.00,INR,BANK_TRANSFER,SUCCESS,VENDPAY_00006447
VPAY_006448,VINV_006448,VEND_000101,2026-08-06T21:35:00,BANK_003,47821.86,INR,BANK_TRANSFER,SUCCESS,VENDPAY_00006448
VPAY_006449,VINV_006449,VEND_000094,2026-08-09T03:22:00,BANK_003,86731.18,INR,BANK_TRANSFER,SUCCESS,VENDPAY_00006449
VPAY_006450,VINV_006450,VEND_000107,2026-08-14T01:09:00,BANK_003,91688.36,INR,BANK_TRANSFER,SUCCESS,VENDPAY_00006450
VPAY_006451,VINV_006451,VEND_000095,2026-07-30T03:20:00,BANK_003,57107.28,INR,BANK_TRANSFER,SUCCESS,VENDPAY_00006451
VPAY_006452,VINV_006452,VEND_000107,2026-08-09T04:20:00,BANK_003,67336.70,INR,BANK_TRANSFER,SUCCESS,VENDPAY_00006452
VPAY_006453,VINV_006453,VEND_000102,2026-07-31T01:52:00,BANK_003,90627.54,INR,BANK_TRANSFER,SUCCESS,VENDPAY_00006453
VPAY_006454,VINV_006454,VEND_000106,2026-08-15T00:22:00,BANK_003,69417.04,INR,BANK_TRANSFER,SUCCESS,VENDPAY_00006454
VPAY_006455,VINV_006455,VEND_000097,2026-08-06T02:45:00,BANK_003,74623.20,INR,BANK_TRANSFER,SUCCESS,VENDPAY_00006455
VPAY_006456,VINV_006456,VEND_000100,2026-08-07T01:11:00,BANK_003,28521.78,INR,BANK_TRANSFER,SUCCESS,VENDPAY_00006456
VPAY_006457,VINV_006457,VEND_000109,2026-07-28T01:52:00,BANK_003,72343.44,INR,BANK_TRANSFER,SUCCESS,VENDPAY_00006457
VPAY_006458,VINV_006458,VEND_000091,2026-08-03T04:03:00,BANK_003,55350.26,INR,BANK_TRANSFER,SUCCESS,VENDPAY_00006458
VPAY_006459,VINV_006459,VEND_000106,2026-08-14T01:20:00,BANK_003,33836.50,INR,BANK_TRANSFER,SUCCESS,VENDPAY_00006459
VPAY_006460,VINV_006460,VEND_000102,2026-08-08T22:57:00,BANK_003,84777.10,INR,BANK_TRANSFER,SUCCESS,VENDPAY_00006460
VPAY_006461,VINV_006461,VEND_000100,2026-08-06T22:12:00,BANK_003,32639.98,INR,BANK_TRANSFER,SUCCESS,VENDPAY_00006461
VPAY_006462,VINV_006462,VEND_000093,2026-08-01T01:42:00,BANK_003,69401.00,INR,BANK_TRANSFER,SUCCESS,VENDPAY_00006462
VPAY_006463,VINV_006463,VEND_000108,2026-07-25T02:29:00,BANK_003,70849.56,INR,BANK_TRANSFER,SUCCESS,VENDPAY_00006463
VPAY_006464,VINV_006464,VEND_000099,2026-08-19T21:13:00,BANK_003,39073.34,INR,BANK_TRANSFER,SUCCESS,VENDPAY_00006464
VPAY_006465,VINV_006465,VEND_000104,2026-08-03T04:10:00,BANK_003,25948.00,INR,BANK_TRANSFER,SUCCESS,VENDPAY_00006465
VPAY_006466,VINV_006466,VEND_000101,2026-08-12T01:36:00,BANK_003,112046.90,INR,BANK_TRANSFER,SUCCESS,VENDPAY_00006466
VPAY_006467,VINV_006467,VEND_000106,2026-08-02T03:40:00,BANK_003,57791.68,INR,BANK_TRANSFER,SUCCESS,VENDPAY_00006467
VPAY_006468,VINV_006468,VEND_000109,2026-08-11T03:12:00,BANK_003,86229.68,INR,BANK_TRANSFER,SUCCESS,VENDPAY_00006468
VPAY_006469,VINV_006469,VEND_000106,2026-08-12T22:01:00,BANK_003,62075.08,INR,BANK_TRANSFER,SUCCESS,VENDPAY_00006469
VPAY_006470,VINV_006470,VEND_000099,2026-08-04T01:35:00,BANK_003,103726.72,INR,BANK_TRANSFER,SUCCESS,VENDPAY_00006470
VPAY_006471,VINV_006471,VEND_000105,2026-07-22T02:13:00,BANK_003,54835.78,INR,BANK_TRANSFER,SUCCESS,VENDPAY_00006471
VPAY_006472,VINV_006472,VEND_000103,2026-07-29T01:20:00,BANK_003,24260.80,INR,BANK_TRANSFER,SUCCESS,VENDPAY_00006472
VPAY_006473,VINV_006473,VEND_000092,2026-08-22T00:08:00,BANK_003,91614.02,INR,BANK_TRANSFER,SUCCESS,VENDPAY_00006473
VPAY_006474,VINV_006474,VEND_000100,2026-08-18T01:40:00,BANK_003,95064.34,INR,BANK_TRANSFER,SUCCESS,VENDPAY_00006474
VPAY_006475,VINV_006475,VEND_000092,2026-08-21T01:20:00,BANK_003,96115.72,INR,BANK_TRANSFER,SUCCESS,VENDPAY_00006475
VPAY_006476,VINV_006476,VEND_000105,2026-07-24T22:08:00,BANK_003,77236.90,INR,BANK_TRANSFER,SUCCESS,VENDPAY_00006476
VPAY_006477,VINV_006477,VEND_000105,2026-08-04T00:24:00,BANK_003,44417.56,INR,BANK_TRANSFER,SUCCESS,VENDPAY_00006477
VPAY_006478,VINV_006478,VEND_000103,2026-07-25T00:35:00,BANK_003,110422.04,INR,BANK_TRANSFER,SUCCESS,VENDPAY_00006478
VPAY_006479,VINV_006479,VEND_000091,2026-08-11T00:14:00,BANK_003,52670.48,INR,BANK_TRANSFER,SUCCESS,VENDPAY_00006479
VPAY_006480,VINV_006480,VEND_000103,2026-07-30T01:43:00,BANK_003,102967.98,INR,BANK_TRANSFER,SUCCESS,VENDPAY_00006480
VPAY_006481,VINV_006481,VEND_000104,2026-08-25T21:10:00,BANK_003,67670.00,INR,BANK_TRANSFER,SUCCESS,VENDPAY_00006481
VPAY_006482,VINV_006482,VEND_000104,2026-08-08T22:42:00,BANK_003,26870.00,INR,BANK_TRANSFER,SUCCESS,VENDPAY_00006482
VPAY_006483,VINV_006483,VEND_000108,2026-07-20T02:11:00,BANK_003,94915.66,INR,BANK_TRANSFER,SUCCESS,VENDPAY_00006483
VPAY_006484,VINV_006484,VEND_000105,2026-08-07T04:09:00,BANK_003,89141.92,INR,BANK_TRANSFER,SUCCESS,VENDPAY_00006484
VPAY_006485,VINV_006485,VEND_000097,2026-08-24T01:03:00,BANK_003,109321.10,INR,BANK_TRANSFER,SUCCESS,VENDPAY_00006485
VPAY_006486,VINV_006486,VEND_000098,2026-08-16T21:37:00,BANK_003,83143.00,INR,BANK_TRANSFER,SUCCESS,VENDPAY_00006486
VPAY_006487,VINV_006487,VEND_000105,2026-08-12T03:58:00,BANK_003,32028.74,INR,BANK_TRANSFER,SUCCESS,VENDPAY_00006487
VPAY_006488,VINV_006488,VEND_000105,2026-07-27T22:02:00,BANK_003,58105.56,INR,BANK_TRANSFER,SUCCESS,VENDPAY_00006488
VPAY_006489,VINV_006489,VEND_000104,2026-08-07T21:12:00,BANK_003,40595.00,INR,BANK_TRANSFER,SUCCESS,VENDPAY_00006489
VPAY_006490,VINV_006490,VEND_000096,2026-07-30T01:22:00,BANK_003,65692.96,INR,BANK_TRANSFER,SUCCESS,VENDPAY_00006490
VPAY_006491,VINV_006491,VEND_000098,2026-08-07T02:36:00,BANK_003,24800.00,INR,BANK_TRANSFER,SUCCESS,VENDPAY_00006491
VPAY_006492,VINV_006492,VEND_000103,2026-07-30T23:46:00,BANK_003,24728.08,INR,BANK_TRANSFER,SUCCESS,VENDPAY_00006492
VPAY_006493,VINV_006493,VEND_000103,2026-07-26T21:00:00,BANK_003,108779.48,INR,BANK_TRANSFER,SUCCESS,VENDPAY_00006493
VPAY_006494,VINV_006494,VEND_000091,2026-08-09T00:58:00,BANK_003,82924.50,INR,BANK_TRANSFER,SUCCESS,VENDPAY_00006494
VPAY_006495,VINV_006495,VEND_000105,2026-07-31T00:44:00,BANK_003,104400.50,INR,BANK_TRANSFER,SUCCESS,VENDPAY_00006495
VPAY_006496,VINV_006496,VEND_000093,2026-08-09T23:57:00,BANK_003,35896.00,INR,BANK_TRANSFER,SUCCESS,VENDPAY_00006496
VPAY_006497,VINV_006497,VEND_000092,2026-08-13T23:52:00,BANK_003,26344.68,INR,BANK_TRANSFER,SUCCESS,VENDPAY_00006497
VPAY_006498,VINV_006498,VEND_000108,2026-07-28T01:40:00,BANK_003,73257.94,INR,BANK_TRANSFER,SUCCESS,VENDPAY_00006498
VPAY_006499,VINV_006499,VEND_000101,2026-07-25T23:53:00,BANK_003,59195.88,INR,BANK_TRANSFER,SUCCESS,VENDPAY_00006499
VPAY_006500,VINV_006500,VEND_000102,2026-08-02T02:51:00,BANK_003,75381.94,INR,BANK_TRANSFER,SUCCESS,VENDPAY_00006500
VPAY_006501,VINV_006501,VEND_000091,2026-07-31T02:01:00,BANK_003,71348.70,INR,BANK_TRANSFER,SUCCESS,VENDPAY_00006501
VPAY_006502,VINV_006502,VEND_000100,2026-08-14T02:33:00,BANK_003,41657.54,INR,BANK_TRANSFER,SUCCESS,VENDPAY_00006502
VPAY_006503,VINV_006503,VEND_000104,2026-08-19T02:20:00,BANK_003,90174.00,INR,BANK_TRANSFER,SUCCESS,VENDPAY_00006503
VPAY_006504,VINV_006504,VEND_000091,2026-07-25T03:14:00,BANK_003,49144.64,INR,BANK_TRANSFER,SUCCESS,VENDPAY_00006504
VPAY_006505,VINV_006505,VEND_000098,2026-08-18T02:53:00,BANK_003,27851.00,INR,BANK_TRANSFER,SUCCESS,VENDPAY_00006505
VPAY_006506,VINV_006506,VEND_000101,2026-07-30T23:30:00,BANK_003,107880.32,INR,BANK_TRANSFER,SUCCESS,VENDPAY_00006506
VPAY_006507,VINV_006507,VEND_000109,2026-08-05T02:26:00,BANK_003,41611.52,INR,BANK_TRANSFER,SUCCESS,VENDPAY_00006507
VPAY_006508,VINV_006508,VEND_000106,2026-08-19T01:15:00,BANK_003,45905.54,INR,BANK_TRANSFER,SUCCESS,VENDPAY_00006508
VPAY_006509,VINV_006509,VEND_000093,2026-07-29T03:05:00,BANK_003,50977.00,INR,BANK_TRANSFER,SUCCESS,VENDPAY_00006509
VPAY_006510,VINV_006510,VEND_000104,2026-08-19T01:55:00,BANK_003,40764.00,INR,BANK_TRANSFER,SUCCESS,VENDPAY_00006510
VPAY_006511,VINV_006511,VEND_000109,2026-07-28T01:15:00,BANK_003,81914.42,INR,BANK_TRANSFER,SUCCESS,VENDPAY_00006511
VPAY_006512,VINV_006512,VEND_000098,2026-08-03T23:33:00,BANK_003,43519.00,INR,BANK_TRANSFER,SUCCESS,VENDPAY_00006512
VPAY_006513,VINV_006513,VEND_000091,2026-07-25T22:46:00,BANK_003,71379.38,INR,BANK_TRANSFER,SUCCESS,VENDPAY_00006513
VPAY_006514,VINV_006514,VEND_000106,2026-08-13T00:02:00,BANK_003,69529.14,INR,BANK_TRANSFER,SUCCESS,VENDPAY_00006514
VPAY_006515,VINV_006515,VEND_000091,2026-08-13T22:26:00,BANK_003,43996.30,INR,BANK_TRANSFER,SUCCESS,VENDPAY_00006515
VPAY_006516,VINV_006516,VEND_000106,2026-08-11T21:24:00,BANK_003,77050.46,INR,BANK_TRANSFER,SUCCESS,VENDPAY_00006516
VPAY_006517,VINV_006517,VEND_000099,2026-08-18T04:24:00,BANK_003,103185.10,INR,BANK_TRANSFER,SUCCESS,VENDPAY_00006517
VPAY_006518,VINV_006518,VEND_000093,2026-08-01T03:15:00,BANK_003,25281.00,INR,BANK_TRANSFER,SUCCESS,VENDPAY_00006518
VPAY_006519,VINV_006519,VEND_000105,2026-08-07T20:49:00,BANK_003,70660.76,INR,BANK_TRANSFER,SUCCESS,VENDPAY_00006519
VPAY_006520,VINV_006520,VEND_000102,2026-08-05T02:28:00,BANK_003,47705.04,INR,BANK_TRANSFER,SUCCESS,VENDPAY_00006520
VPAY_006521,VINV_006521,VEND_000096,2026-07-30T23:31:00,BANK_003,29096.44,INR,BANK_TRANSFER,SUCCESS,VENDPAY_00006521
VPAY_006522,VINV_006522,VEND_000108,2026-07-28T03:35:00,BANK_003,74081.58,INR,BANK_TRANSFER,SUCCESS,VENDPAY_00006522
VPAY_006523,VINV_006523,VEND_000109,2026-08-03T20:40:00,BANK_003,78846.42,INR,BANK_TRANSFER,SUCCESS,VENDPAY_00006523
VPAY_006524,VINV_006524,VEND_000108,2026-07-30T22:15:00,BANK_003,54672.94,INR,BANK_TRANSFER,SUCCESS,VENDPAY_00006524
VPAY_006525,VINV_006525,VEND_000093,2026-08-03T03:56:00,BANK_003,52028.00,INR,BANK_TRANSFER,SUCCESS,VENDPAY_00006525
VPAY_006526,VINV_006526,VEND_000103,2026-07-20T21:46:00,BANK_003,96317.50,INR,BANK_TRANSFER,SUCCESS,VENDPAY_00006526
VPAY_006527,VINV_006527,VEND_000094,2026-07-23T20:25:00,BANK_003,92431.76,INR,BANK_TRANSFER,SUCCESS,VENDPAY_00006527
VPAY_006528,VINV_006528,VEND_000094,2026-08-06T01:34:00,BANK_003,108701.60,INR,BANK_TRANSFER,SUCCESS,VENDPAY_00006528
VPAY_006529,VINV_006529,VEND_000091,2026-07-30T01:07:00,BANK_003,41210.32,INR,BANK_TRANSFER,SUCCESS,VENDPAY_00006529
VPAY_006530,VINV_006530,VEND_000108,2026-07-31T01:13:00,BANK_003,45171.58,INR,BANK_TRANSFER,SUCCESS,VENDPAY_00006530
VPAY_006531,VINV_006531,VEND_000098,2026-08-20T22:56:00,BANK_003,37581.00,INR,BANK_TRANSFER,SUCCESS,VENDPAY_00006531
VPAY_006532,VINV_006532,VEND_000109,2026-08-02T22:49:00,BANK_003,51817.34,INR,BANK_TRANSFER,SUCCESS,VENDPAY_00006532
VPAY_006533,VINV_006533,VEND_000109,2026-07-28T23:13:00,BANK_003,37191.24,INR,BANK_TRANSFER,SUCCESS,VENDPAY_00006533
VPAY_006534,VINV_006534,VEND_000094,2026-08-05T21:01:00,BANK_003,33199.30,INR,BANK_TRANSFER,SUCCESS,VENDPAY_00006534
VPAY_006535,VINV_006535,VEND_000105,2026-07-25T03:14:00,BANK_003,34119.70,INR,BANK_TRANSFER,SUCCESS,VENDPAY_00006535
VPAY_006536,VINV_006536,VEND_000105,2026-08-03T00:15:00,BANK_003,72935.80,INR,BANK_TRANSFER,SUCCESS,VENDPAY_00006536
VPAY_006537,VINV_006537,VEND_000100,2026-08-10T23:47:00,BANK_003,49623.72,INR,BANK_TRANSFER,SUCCESS,VENDPAY_00006537
VPAY_006538,VINV_006538,VEND_000109,2026-07-24T03:52:00,BANK_003,84968.26,INR,BANK_TRANSFER,SUCCESS,VENDPAY_00006538
VPAY_006539,VINV_006539,VEND_000093,2026-08-09T03:05:00,BANK_003,85781.00,INR,BANK_TRANSFER,SUCCESS,VENDPAY_00006539
VPAY_006540,VINV_006540,VEND_000109,2026-08-10T20:56:00,BANK_003,93905.58,INR,BANK_TRANSFER,SUCCESS,VENDPAY_00006540
VPAY_006541,VINV_006541,VEND_000104,2026-08-17T22:59:00,BANK_003,78435.00,INR,BANK_TRANSFER,SUCCESS,VENDPAY_00006541
VPAY_006542,VINV_006542,VEND_000100,2026-08-23T02:44:00,BANK_003,51793.74,INR,BANK_TRANSFER,SUCCESS,VENDPAY_00006542
VPAY_006543,VINV_006543,VEND_000110,2026-08-04T00:28:00,BANK_003,92762.16,INR,BANK_TRANSFER,SUCCESS,VENDPAY_00006543
VPAY_006544,VINV_006544,VEND_000103,2026-08-02T22:24:00,BANK_003,77213.30,INR,BANK_TRANSFER,SUCCESS,VENDPAY_00006544
VPAY_006545,VINV_006545,VEND_000100,2026-08-18T23:58:00,BANK_003,55698.36,INR,BANK_TRANSFER,SUCCESS,VENDPAY_00006545
VPAY_006546,VINV_006546,VEND_000110,2026-07-18T00:35:00,BANK_003,109607.84,INR,BANK_TRANSFER,SUCCESS,VENDPAY_00006546
VPAY_006547,VINV_006547,VEND_000108,2026-08-08T01:10:00,BANK_003,24141.62,INR,BANK_TRANSFER,SUCCESS,VENDPAY_00006547
VPAY_006548,VINV_006548,VEND_000109,2026-07-19T23:41:00,BANK_003,86006.66,INR,BANK_TRANSFER,SUCCESS,VENDPAY_00006548
VPAY_006549,VINV_006549,VEND_000109,2026-07-18T22:40:00,BANK_003,65641.04,INR,BANK_TRANSFER,SUCCESS,VENDPAY_00006549
VPAY_006550,VINV_006550,VEND_000102,2026-07-28T03:34:00,BANK_003,95931.64,INR,BANK_TRANSFER,SUCCESS,VENDPAY_00006550
VPAY_006551,VINV_006551,VEND_000096,2026-08-07T20:49:00,BANK_003,83958.18,INR,BANK_TRANSFER,SUCCESS,VENDPAY_00006551
VPAY_006552,VINV_006552,VEND_000099,2026-08-03T22:24:00,BANK_003,45025.26,INR,BANK_TRANSFER,SUCCESS,VENDPAY_00006552
VPAY_006553,VINV_006553,VEND_000098,2026-08-21T23:06:00,BANK_003,24953.00,INR,BANK_TRANSFER,SUCCESS,VENDPAY_00006553
VPAY_006554,VINV_006554,VEND_000099,2026-08-02T21:11:00,BANK_003,30310.66,INR,BANK_TRANSFER,SUCCESS,VENDPAY_00006554
VPAY_006555,VINV_006555,VEND_000098,2026-08-25T03:05:00,BANK_003,32251.00,INR,BANK_TRANSFER,SUCCESS,VENDPAY_00006555
VPAY_006556,VINV_006556,VEND_000096,2026-08-02T04:44:00,BANK_003,82486.72,INR,BANK_TRANSFER,SUCCESS,VENDPAY_00006556
VPAY_006557,VINV_006557,VEND_000101,2026-08-10T22:43:00,BANK_003,86368.92,INR,BANK_TRANSFER,SUCCESS,VENDPAY_00006557
VPAY_006558,VINV_006558,VEND_000093,2026-08-04T03:28:00,BANK_003,86380.00,INR,BANK_TRANSFER,SUCCESS,VENDPAY_00006558
VPAY_006559,VINV_006559,VEND_000101,2026-08-16T02:23:00,BANK_003,102822.84,INR,BANK_TRANSFER,SUCCESS,VENDPAY_00006559
VPAY_006560,VINV_006560,VEND_000096,2026-08-10T23:33:00,BANK_003,45663.64,INR,BANK_TRANSFER,SUCCESS,VENDPAY_00006560
VPAY_006561,VINV_006561,VEND_000101,2026-08-14T02:49:00,BANK_003,85774.20,INR,BANK_TRANSFER,SUCCESS,VENDPAY_00006561
VPAY_006562,VINV_006562,VEND_000093,2026-07-31T00:29:00,BANK_003,64256.00,INR,BANK_TRANSFER,SUCCESS,VENDPAY_00006562
VPAY_006563,VINV_006563,VEND_000096,2026-07-29T03:56:00,BANK_003,87943.04,INR,BANK_TRANSFER,SUCCESS,VENDPAY_00006563
VPAY_006564,VINV_006564,VEND_000098,2026-08-13T03:40:00,BANK_003,70780.00,INR,BANK_TRANSFER,SUCCESS,VENDPAY_00006564
VPAY_006565,VINV_006565,VEND_000095,2026-07-18T21:47:00,BANK_003,108280.34,INR,BANK_TRANSFER,SUCCESS,VENDPAY_00006565
VPAY_006566,VINV_006566,VEND_000092,2026-08-06T21:44:00,BANK_003,88104.70,INR,BANK_TRANSFER,SUCCESS,VENDPAY_00006566
VPAY_006567,VINV_006567,VEND_000100,2026-08-10T01:52:00,BANK_003,67809.88,INR,BANK_TRANSFER,SUCCESS,VENDPAY_00006567
VPAY_006568,VINV_006568,VEND_000101,2026-08-01T01:27:00,BANK_003,70437.74,INR,BANK_TRANSFER,SUCCESS,VENDPAY_00006568
VPAY_006569,VINV_006569,VEND_000100,2026-08-22T22:30:00,BANK_003,48466.14,INR,BANK_TRANSFER,SUCCESS,VENDPAY_00006569
VPAY_006570,VINV_006570,VEND_000106,2026-08-26T00:13:00,BANK_003,43451.14,INR,BANK_TRANSFER,SUCCESS,VENDPAY_00006570
VPAY_006571,VINV_006571,VEND_000105,2026-07-26T22:26:00,BANK_003,77488.24,INR,BANK_TRANSFER,SUCCESS,VENDPAY_00006571
VPAY_006572,VINV_006572,VEND_000100,2026-08-21T21:41:00,BANK_003,56997.54,INR,BANK_TRANSFER,SUCCESS,VENDPAY_00006572
VPAY_006573,VINV_006573,VEND_000099,2026-08-10T04:19:00,BANK_003,70648.96,INR,BANK_TRANSFER,SUCCESS,VENDPAY_00006573
VPAY_006574,VINV_006574,VEND_000102,2026-08-06T03:21:00,BANK_003,48231.32,INR,BANK_TRANSFER,SUCCESS,VENDPAY_00006574
VPAY_006575,VINV_006575,VEND_000097,2026-08-21T20:48:00,BANK_003,59614.78,INR,BANK_TRANSFER,SUCCESS,VENDPAY_00006575
VPAY_006576,VINV_006576,VEND_000106,2026-08-12T04:15:00,BANK_003,57189.88,INR,BANK_TRANSFER,SUCCESS,VENDPAY_00006576
VPAY_006577,VINV_006577,VEND_000097,2026-08-04T00:58:00,BANK_003,29045.70,INR,BANK_TRANSFER,SUCCESS,VENDPAY_00006577
VPAY_006578,VINV_006578,VEND_000096,2026-07-30T23:10:00,BANK_003,44830.56,INR,BANK_TRANSFER,SUCCESS,VENDPAY_00006578
VPAY_006579,VINV_006579,VEND_000091,2026-08-05T01:07:00,BANK_003,109407.24,INR,BANK_TRANSFER,SUCCESS,VENDPAY_00006579
VPAY_006580,VINV_006580,VEND_000105,2026-07-20T02:02:00,BANK_003,45565.70,INR,BANK_TRANSFER,SUCCESS,VENDPAY_00006580
VPAY_006581,VINV_006581,VEND_000101,2026-08-04T21:34:00,BANK_003,32471.24,INR,BANK_TRANSFER,SUCCESS,VENDPAY_00006581
VPAY_006582,VINV_006582,VEND_000095,2026-07-24T23:49:00,BANK_003,71761.70,INR,BANK_TRANSFER,SUCCESS,VENDPAY_00006582
VPAY_006583,VINV_006583,VEND_000093,2026-08-04T03:07:00,BANK_003,65924.00,INR,BANK_TRANSFER,SUCCESS,VENDPAY_00006583
VPAY_006584,VINV_006584,VEND_000109,2026-08-08T00:19:00,BANK_003,62499.88,INR,BANK_TRANSFER,SUCCESS,VENDPAY_00006584
VPAY_006585,VINV_006585,VEND_000128,2026-07-25T23:58:00,BANK_003,52990.26,INR,BANK_TRANSFER,SUCCESS,VENDPAY_00006585
VPAY_006586,VINV_006586,VEND_000132,2026-07-31T01:13:00,BANK_003,90324.28,INR,BANK_TRANSFER,SUCCESS,VENDPAY_00006586
VPAY_006587,VINV_006587,VEND_000148,2026-07-21T23:47:00,BANK_003,106349.00,INR,BANK_TRANSFER,SUCCESS,VENDPAY_00006587
VPAY_006588,VINV_006588,VEND_000012,2026-09-11T23:51:00,BANK_003,93806.46,INR,BANK_TRANSFER,SUCCESS,VENDPAY_00006588
VPAY_006589,VINV_006589,VEND_000063,2026-09-04T02:31:00,BANK_003,212984.10,INR,BANK_TRANSFER,SUCCESS,VENDPAY_00006589
VPAY_006590,VINV_006590,VEND_000032,2026-09-02T20:06:00,BANK_003,135507.00,INR,BANK_TRANSFER,SUCCESS,VENDPAY_00006590
VPAY_006591,VINV_006591,VEND_000089,2026-09-20T22:28:00,BANK_003,149010.40,INR,BANK_TRANSFER,SUCCESS,VENDPAY_00006591
VPAY_006592,VINV_006592,VEND_000079,2026-09-06T23:49:00,BANK_003,198622.32,INR,BANK_TRANSFER,SUCCESS,VENDPAY_00006592
VPAY_006593,VINV_006593,VEND_000041,2026-09-16T19:26:00,BANK_003,163821.76,INR,BANK_TRANSFER,SUCCESS,VENDPAY_00006593
VPAY_006594,VINV_006594,VEND_000056,2026-09-22T03:04:00,BANK_003,124435.72,INR,BANK_TRANSFER,SUCCESS,VENDPAY_00006594
VPAY_006595,VINV_006595,VEND_000036,2026-09-09T00:01:00,BANK_003,179794.24,INR,BANK_TRANSFER,SUCCESS,VENDPAY_00006595
VPAY_006596,VINV_006596,VEND_000016,2026-09-20T20:45:00,BANK_003,180084.52,INR,BANK_TRANSFER,SUCCESS,VENDPAY_00006596
VPAY_006597,VINV_006597,VEND_000086,2026-09-20T02:12:00,BANK_003,185626.00,INR,BANK_TRANSFER,SUCCESS,VENDPAY_00006597
VPAY_006598,VINV_006598,VEND_000031,2026-09-06T00:04:00,BANK_003,150829.96,INR,BANK_TRANSFER,SUCCESS,VENDPAY_00006598
VPAY_006599,VINV_006599,VEND_000059,2026-09-04T00:32:00,BANK_003,187911.46,INR,BANK_TRANSFER,SUCCESS,VENDPAY_00006599
VPAY_006600,VINV_006600,VEND_000038,2026-09-03T02:51:00,BANK_003,100687.04,INR,BANK_TRANSFER,SUCCESS,VENDPAY_00006600
VPAY_006601,VINV_006601,VEND_000065,2026-09-22T22:06:00,BANK_003,163994.04,INR,BANK_TRANSFER,SUCCESS,VENDPAY_00006601
VPAY_006602,VINV_006602,VEND_000077,2026-09-15T23:06:00,BANK_003,190872.08,INR,BANK_TRANSFER,SUCCESS,VENDPAY_00006602
VPAY_006603,VINV_006603,VEND_000040,2026-10-11T00:39:00,BANK_003,111825.06,INR,BANK_TRANSFER,SUCCESS,VENDPAY_00006603
VPAY_006604,VINV_006604,VEND_000004,2026-09-02T22:15:00,BANK_003,209368.58,INR,BANK_TRANSFER,SUCCESS,VENDPAY_00006604
VPAY_006605,VINV_006605,VEND_000014,2026-09-21T01:48:00,BANK_003,66750.24,INR,BANK_TRANSFER,SUCCESS,VENDPAY_00006605
VPAY_006606,VINV_006606,VEND_000054,2026-09-14T21:47:00,BANK_003,82810.04,INR,BANK_TRANSFER,SUCCESS,VENDPAY_00006606
VPAY_006607,VINV_006607,VEND_000077,2026-09-17T02:15:00,BANK_003,99127.08,INR,BANK_TRANSFER,SUCCESS,VENDPAY_00006607
VPAY_006608,VINV_006608,VEND_000069,2026-09-22T21:53:00,BANK_003,236809.48,INR,BANK_TRANSFER,SUCCESS,VENDPAY_00006608
VPAY_006609,VINV_006609,VEND_000051,2026-09-19T20:05:00,BANK_003,256156.76,INR,BANK_TRANSFER,SUCCESS,VENDPAY_00006609
VPAY_006610,VINV_006610,VEND_000072,2026-09-04T21:35:00,BANK_003,214880.36,INR,BANK_TRANSFER,SUCCESS,VENDPAY_00006610
VPAY_006611,VINV_006611,VEND_000069,2026-09-18T20:37:00,BANK_003,162081.26,INR,BANK_TRANSFER,SUCCESS,VENDPAY_00006611
VPAY_006612,VINV_006612,VEND_000054,2026-09-18T01:35:00,BANK_003,237424.26,INR,BANK_TRANSFER,SUCCESS,VENDPAY_00006612
VPAY_006613,VINV_006613,VEND_000085,2026-09-24T00:41:00,BANK_003,235978.76,INR,BANK_TRANSFER,SUCCESS,VENDPAY_00006613
VPAY_006614,VINV_006614,VEND_000072,2026-09-07T01:38:00,BANK_003,218993.84,INR,BANK_TRANSFER,SUCCESS,VENDPAY_00006614
VPAY_006615,VINV_006615,VEND_000023,2026-09-18T02:42:00,BANK_003,215189.52,INR,BANK_TRANSFER,SUCCESS,VENDPAY_00006615
VPAY_006616,VINV_006616,VEND_000020,2026-09-21T22:33:00,BANK_003,204137.64,INR,BANK_TRANSFER,SUCCESS,VENDPAY_00006616
VPAY_006617,VINV_006617,VEND_000082,2026-09-20T00:25:00,BANK_003,224460.78,INR,BANK_TRANSFER,SUCCESS,VENDPAY_00006617
VPAY_006618,VINV_006618,VEND_000058,2026-09-21T21:14:00,BANK_003,100840.44,INR,BANK_TRANSFER,SUCCESS,VENDPAY_00006618
VPAY_006619,VINV_006619,VEND_000027,2026-09-29T20:39:00,BANK_003,161892.46,INR,BANK_TRANSFER,SUCCESS,VENDPAY_00006619
VPAY_006620,VINV_006620,VEND_000060,2026-09-08T20:27:00,BANK_003,212640.72,INR,BANK_TRANSFER,SUCCESS,VENDPAY_00006620
VPAY_006621,VINV_006621,VEND_000069,2026-09-18T00:55:00,BANK_003,121753.58,INR,BANK_TRANSFER,SUCCESS,VENDPAY_00006621
VPAY_006622,VINV_006622,VEND_000078,2026-10-01T23:29:00,BANK_003,190270.28,INR,BANK_TRANSFER,SUCCESS,VENDPAY_00006622
VPAY_006623,VINV_006623,VEND_000014,2026-09-24T19:24:00,BANK_003,251547.68,INR,BANK_TRANSFER,SUCCESS,VENDPAY_00006623
VPAY_006624,VINV_006624,VEND_000078,2026-09-22T23:11:00,BANK_003,222805.24,INR,BANK_TRANSFER,SUCCESS,VENDPAY_00006624
VPAY_006625,VINV_006625,VEND_000011,2026-09-28T21:22:00,BANK_003,133591.34,INR,BANK_TRANSFER,SUCCESS,VENDPAY_00006625
VPAY_006626,VINV_006626,VEND_000073,2026-09-29T22:18:00,BANK_003,64024.44,INR,BANK_TRANSFER,SUCCESS,VENDPAY_00006626
VPAY_006627,VINV_006627,VEND_000058,2026-09-01T21:18:00,BANK_003,168348.24,INR,BANK_TRANSFER,SUCCESS,VENDPAY_00006627
VPAY_006628,VINV_006628,VEND_000063,2026-09-03T21:12:00,BANK_003,84334.60,INR,BANK_TRANSFER,SUCCESS,VENDPAY_00006628
VPAY_006629,VINV_006629,VEND_000046,2026-09-17T22:17:00,BANK_003,186454.16,INR,BANK_TRANSFER,SUCCESS,VENDPAY_00006629
VPAY_006630,VINV_006630,VEND_000052,2026-09-11T01:49:00,BANK_003,117201.14,INR,BANK_TRANSFER,SUCCESS,VENDPAY_00006630
VPAY_006631,VINV_006631,VEND_000065,2026-09-22T02:00:00,BANK_003,68199.28,INR,BANK_TRANSFER,SUCCESS,VENDPAY_00006631
VPAY_006632,VINV_006632,VEND_000027,2026-09-20T20:49:00,BANK_003,235162.20,INR,BANK_TRANSFER,SUCCESS,VENDPAY_00006632
VPAY_006633,VINV_006633,VEND_000018,2026-10-03T01:09:00,BANK_003,161206.88,INR,BANK_TRANSFER,SUCCESS,VENDPAY_00006633
VPAY_006634,VINV_006634,VEND_000055,2026-09-07T19:39:00,BANK_003,155573.56,INR,BANK_TRANSFER,SUCCESS,VENDPAY_00006634
VPAY_006635,VINV_006635,VEND_000062,2026-09-08T23:49:00,BANK_003,171382.00,INR,BANK_TRANSFER,SUCCESS,VENDPAY_00006635
VPAY_006636,VINV_006636,VEND_000013,2026-09-30T20:34:00,BANK_003,170189.04,INR,BANK_TRANSFER,SUCCESS,VENDPAY_00006636
VPAY_006637,VINV_006637,VEND_000014,2026-09-22T03:21:00,BANK_003,236192.34,INR,BANK_TRANSFER,SUCCESS,VENDPAY_00006637
VPAY_006638,VINV_006638,VEND_000014,2026-09-26T02:50:00,BANK_003,167915.18,INR,BANK_TRANSFER,SUCCESS,VENDPAY_00006638
VPAY_006639,VINV_006639,VEND_000087,2026-09-02T01:43:00,BANK_003,100643.38,INR,BANK_TRANSFER,SUCCESS,VENDPAY_00006639
VPAY_006640,VINV_006640,VEND_000019,2026-10-08T01:43:00,BANK_003,134335.92,INR,BANK_TRANSFER,SUCCESS,VENDPAY_00006640
VPAY_006641,VINV_006641,VEND_000048,2026-09-12T02:07:00,BANK_003,142827.20,INR,BANK_TRANSFER,SUCCESS,VENDPAY_00006641
VPAY_006642,VINV_006642,VEND_000085,2026-09-26T20:56:00,BANK_003,70979.36,INR,BANK_TRANSFER,SUCCESS,VENDPAY_00006642
VPAY_006643,VINV_006643,VEND_000065,2026-09-22T21:49:00,BANK_003,64383.16,INR,BANK_TRANSFER,SUCCESS,VENDPAY_00006643
VPAY_006644,VINV_006644,VEND_000073,2026-09-28T21:47:00,BANK_003,206518.88,INR,BANK_TRANSFER,SUCCESS,VENDPAY_00006644
VPAY_006645,VINV_006645,VEND_000031,2026-09-18T02:21:00,BANK_003,214083.86,INR,BANK_TRANSFER,SUCCESS,VENDPAY_00006645
VPAY_006646,VINV_006646,VEND_000040,2026-09-18T22:36:00,BANK_003,169873.98,INR,BANK_TRANSFER,SUCCESS,VENDPAY_00006646
VPAY_006647,VINV_006647,VEND_000002,2026-09-24T19:33:00,BANK_003,115644.72,INR,BANK_TRANSFER,SUCCESS,VENDPAY_00006647
VPAY_006648,VINV_006648,VEND_000086,2026-08-29T22:51:00,BANK_003,60581.00,INR,BANK_TRANSFER,SUCCESS,VENDPAY_00006648
VPAY_006649,VINV_006649,VEND_000038,2026-09-14T02:42:00,BANK_003,122204.34,INR,BANK_TRANSFER,SUCCESS,VENDPAY_00006649
VPAY_006650,VINV_006650,VEND_000080,2026-09-19T20:36:00,BANK_003,123016.18,INR,BANK_TRANSFER,SUCCESS,VENDPAY_00006650
VPAY_006651,VINV_006651,VEND_000014,2026-10-05T02:45:00,BANK_003,188487.30,INR,BANK_TRANSFER,SUCCESS,VENDPAY_00006651
VPAY_006652,VINV_006652,VEND_000041,2026-09-15T02:25:00,BANK_003,137073.52,INR,BANK_TRANSFER,SUCCESS,VENDPAY_00006652
VPAY_006653,VINV_006653,VEND_000020,2026-10-06T00:07:00,BANK_003,211471.34,INR,BANK_TRANSFER,SUCCESS,VENDPAY_00006653
VPAY_006654,VINV_006654,VEND_000046,2026-10-02T21:19:00,BANK_003,83962.90,INR,BANK_TRANSFER,SUCCESS,VENDPAY_00006654
VPAY_006655,VINV_006655,VEND_000021,2026-09-24T20:56:00,BANK_003,98036.76,INR,BANK_TRANSFER,SUCCESS,VENDPAY_00006655
VPAY_006656,VINV_006656,VEND_000042,2026-09-13T19:17:00,BANK_003,248545.76,INR,BANK_TRANSFER,SUCCESS,VENDPAY_00006656
VPAY_006657,VINV_006657,VEND_000022,2026-09-24T01:28:00,BANK_003,92506.10,INR,BANK_TRANSFER,SUCCESS,VENDPAY_00006657
VPAY_006658,VINV_006658,VEND_000029,2026-08-31T19:26:00,BANK_003,120227.00,INR,BANK_TRANSFER,SUCCESS,VENDPAY_00006658
VPAY_006659,VINV_006659,VEND_000060,2026-09-02T21:45:00,BANK_003,192795.48,INR,BANK_TRANSFER,SUCCESS,VENDPAY_00006659
VPAY_006660,VINV_006660,VEND_000011,2026-09-28T01:45:00,BANK_003,257039.40,INR,BANK_TRANSFER,SUCCESS,VENDPAY_00006660
VPAY_006661,VINV_006661,VEND_000034,2026-09-17T20:14:00,BANK_003,84740.52,INR,BANK_TRANSFER,SUCCESS,VENDPAY_00006661
VPAY_006662,VINV_006662,VEND_000065,2026-09-12T00:55:00,BANK_003,56802.84,INR,BANK_TRANSFER,SUCCESS,VENDPAY_00006662
VPAY_006663,VINV_006663,VEND_000052,2026-08-31T23:20:00,BANK_003,186530.86,INR,BANK_TRANSFER,SUCCESS,VENDPAY_00006663
VPAY_006664,VINV_006664,VEND_000024,2026-09-20T00:43:00,BANK_003,120381.24,INR,BANK_TRANSFER,SUCCESS,VENDPAY_00006664
VPAY_006665,VINV_006665,VEND_000068,2026-09-11T02:42:00,BANK_003,224259.00,INR,BANK_TRANSFER,SUCCESS,VENDPAY_00006665
VPAY_006666,VINV_006666,VEND_000063,2026-09-20T21:44:00,BANK_003,249488.58,INR,BANK_TRANSFER,SUCCESS,VENDPAY_00006666
VPAY_006667,VINV_006667,VEND_000025,2026-09-03T19:23:00,BANK_003,181868.68,INR,BANK_TRANSFER,SUCCESS,VENDPAY_00006667
VPAY_006668,VINV_006668,VEND_000061,2026-09-21T01:30:00,BANK_003,174019.32,INR,BANK_TRANSFER,SUCCESS,VENDPAY_00006668
VPAY_006669,VINV_006669,VEND_000039,2026-09-21T01:59:00,BANK_003,146804.98,INR,BANK_TRANSFER,SUCCESS,VENDPAY_00006669
VPAY_006670,VINV_006670,VEND_000021,2026-10-08T22:46:00,BANK_003,133377.76,INR,BANK_TRANSFER,SUCCESS,VENDPAY_00006670
VPAY_006671,VINV_006671,VEND_000033,2026-09-18T23:49:00,BANK_003,219114.20,INR,BANK_TRANSFER,SUCCESS,VENDPAY_00006671
VPAY_006672,VINV_006672,VEND_000025,2026-09-09T02:38:00,BANK_003,74906.40,INR,BANK_TRANSFER,SUCCESS,VENDPAY_00006672
VPAY_006673,VINV_006673,VEND_000031,2026-09-03T22:32:00,BANK_003,196016.88,INR,BANK_TRANSFER,SUCCESS,VENDPAY_00006673
VPAY_006674,VINV_006674,VEND_000006,2026-09-04T02:50:00,BANK_003,123120.02,INR,BANK_TRANSFER,SUCCESS,VENDPAY_00006674
VPAY_006675,VINV_006675,VEND_000069,2026-10-09T00:49:00,BANK_003,62863.32,INR,BANK_TRANSFER,SUCCESS,VENDPAY_00006675
VPAY_006676,VINV_006676,VEND_000087,2026-09-17T01:48:00,BANK_003,170845.12,INR,BANK_TRANSFER,SUCCESS,VENDPAY_00006676
VPAY_006677,VINV_006677,VEND_000034,2026-09-20T21:03:00,BANK_003,90690.08,INR,BANK_TRANSFER,SUCCESS,VENDPAY_00006677
VPAY_006678,VINV_006678,VEND_000086,2026-09-14T23:49:00,BANK_003,195405.00,INR,BANK_TRANSFER,SUCCESS,VENDPAY_00006678
VPAY_006679,VINV_006679,VEND_000011,2026-09-23T22:38:00,BANK_003,60680.32,INR,BANK_TRANSFER,SUCCESS,VENDPAY_00006679
VPAY_006680,VINV_006680,VEND_000065,2026-09-24T21:19:00,BANK_003,228755.98,INR,BANK_TRANSFER,SUCCESS,VENDPAY_00006680
VPAY_006681,VINV_006681,VEND_000075,2026-09-23T21:52:00,BANK_003,243534.30,INR,BANK_TRANSFER,SUCCESS,VENDPAY_00006681
VPAY_006682,VINV_006682,VEND_000049,2026-09-22T23:00:00,BANK_003,256569.76,INR,BANK_TRANSFER,SUCCESS,VENDPAY_00006682
VPAY_006683,VINV_006683,VEND_000039,2026-09-30T03:22:00,BANK_003,203495.72,INR,BANK_TRANSFER,SUCCESS,VENDPAY_00006683
VPAY_006684,VINV_006684,VEND_000038,2026-09-02T20:47:00,BANK_003,72708.06,INR,BANK_TRANSFER,SUCCESS,VENDPAY_00006684
VPAY_006685,VINV_006685,VEND_000011,2026-09-18T19:37:00,BANK_003,139991.66,INR,BANK_TRANSFER,SUCCESS,VENDPAY_00006685
VPAY_006686,VINV_006686,VEND_000067,2026-09-07T03:18:00,BANK_003,85159.42,INR,BANK_TRANSFER,SUCCESS,VENDPAY_00006686
VPAY_006687,VINV_006687,VEND_000040,2026-09-26T02:46:00,BANK_003,56101.92,INR,BANK_TRANSFER,SUCCESS,VENDPAY_00006687
VPAY_006688,VINV_006688,VEND_000090,2026-09-07T01:12:00,BANK_003,124695.32,INR,BANK_TRANSFER,SUCCESS,VENDPAY_00006688
VPAY_006689,VINV_006689,VEND_000057,2026-09-22T19:40:00,BANK_003,234752.74,INR,BANK_TRANSFER,SUCCESS,VENDPAY_00006689
VPAY_006690,VINV_006690,VEND_000040,2026-09-17T21:26:00,BANK_003,192433.22,INR,BANK_TRANSFER,SUCCESS,VENDPAY_00006690
VPAY_006691,VINV_006691,VEND_000054,2026-10-05T00:02:00,BANK_003,53521.26,INR,BANK_TRANSFER,SUCCESS,VENDPAY_00006691
VPAY_006692,VINV_006692,VEND_000007,2026-09-30T21:35:00,BANK_003,146290.00,INR,BANK_TRANSFER,SUCCESS,VENDPAY_00006692
VPAY_006693,VINV_006693,VEND_000085,2026-10-01T01:40:00,BANK_003,208793.92,INR,BANK_TRANSFER,SUCCESS,VENDPAY_00006693
VPAY_006694,VINV_006694,VEND_000009,2026-09-22T20:28:00,BANK_003,59836.62,INR,BANK_TRANSFER,SUCCESS,VENDPAY_00006694
VPAY_006695,VINV_006695,VEND_000046,2026-09-26T22:54:00,BANK_003,173653.52,INR,BANK_TRANSFER,SUCCESS,VENDPAY_00006695
VPAY_006696,VINV_006696,VEND_000017,2026-10-01T01:02:00,BANK_003,84968.00,INR,BANK_TRANSFER,SUCCESS,VENDPAY_00006696
VPAY_006697,VINV_006697,VEND_000077,2026-09-02T20:14:00,BANK_003,136245.16,INR,BANK_TRANSFER,SUCCESS,VENDPAY_00006697
VPAY_006698,VINV_006698,VEND_000004,2026-09-07T22:38:00,BANK_003,121919.96,INR,BANK_TRANSFER,SUCCESS,VENDPAY_00006698
VPAY_006699,VINV_006699,VEND_000034,2026-09-21T01:24:00,BANK_003,132990.72,INR,BANK_TRANSFER,SUCCESS,VENDPAY_00006699
VPAY_006700,VINV_006700,VEND_000001,2026-09-11T02:03:00,BANK_003,240017.90,INR,BANK_TRANSFER,SUCCESS,VENDPAY_00006700
VPAY_006701,VINV_006701,VEND_000030,2026-09-21T20:47:00,BANK_003,174722.60,INR,BANK_TRANSFER,SUCCESS,VENDPAY_00006701
VPAY_006702,VINV_006702,VEND_000012,2026-09-21T22:44:00,BANK_003,110580.16,INR,BANK_TRANSFER,SUCCESS,VENDPAY_00006702
VPAY_006703,VINV_006703,VEND_000010,2026-09-13T21:22:00,BANK_003,54432.22,INR,BANK_TRANSFER,SUCCESS,VENDPAY_00006703
VPAY_006704,VINV_006704,VEND_000022,2026-10-01T00:04:00,BANK_003,185067.66,INR,BANK_TRANSFER,SUCCESS,VENDPAY_00006704
VPAY_006705,VINV_006705,VEND_000009,2026-10-03T19:50:00,BANK_003,252896.42,INR,BANK_TRANSFER,SUCCESS,VENDPAY_00006705
VPAY_006706,VINV_006706,VEND_000063,2026-09-09T00:01:00,BANK_003,175772.80,INR,BANK_TRANSFER,SUCCESS,VENDPAY_00006706
VPAY_006707,VINV_006707,VEND_000011,2026-09-28T20:06:00,BANK_003,61377.70,INR,BANK_TRANSFER,SUCCESS,VENDPAY_00006707
VPAY_006708,VINV_006708,VEND_000083,2026-09-11T02:35:00,BANK_003,155886.26,INR,BANK_TRANSFER,SUCCESS,VENDPAY_00006708
VPAY_006709,VINV_006709,VEND_000022,2026-09-24T01:52:00,BANK_003,152740.38,INR,BANK_TRANSFER,SUCCESS,VENDPAY_00006709
VPAY_006710,VINV_006710,VEND_000050,2026-09-01T23:07:00,BANK_003,142378.80,INR,BANK_TRANSFER,SUCCESS,VENDPAY_00006710
VPAY_006711,VINV_006711,VEND_000057,2026-09-18T01:56:00,BANK_003,142988.86,INR,BANK_TRANSFER,SUCCESS,VENDPAY_00006711
VPAY_006712,VINV_006712,VEND_000077,2026-09-18T02:43:00,BANK_003,145995.50,INR,BANK_TRANSFER,SUCCESS,VENDPAY_00006712
VPAY_006713,VINV_006713,VEND_000066,2026-09-18T02:20:00,BANK_003,131151.10,INR,BANK_TRANSFER,SUCCESS,VENDPAY_00006713
VPAY_006714,VINV_006714,VEND_000002,2026-09-23T23:50:00,BANK_003,254049.28,INR,BANK_TRANSFER,SUCCESS,VENDPAY_00006714
VPAY_006715,VINV_006715,VEND_000004,2026-09-15T23:42:00,BANK_003,69666.02,INR,BANK_TRANSFER,SUCCESS,VENDPAY_00006715
VPAY_006716,VINV_006716,VEND_000001,2026-09-15T23:38:00,BANK_003,75314.68,INR,BANK_TRANSFER,SUCCESS,VENDPAY_00006716
VPAY_006717,VINV_006717,VEND_000084,2026-09-26T22:54:00,BANK_003,201723.36,INR,BANK_TRANSFER,SUCCESS,VENDPAY_00006717
VPAY_006718,VINV_006718,VEND_000077,2026-09-08T01:05:00,BANK_003,114121.34,INR,BANK_TRANSFER,SUCCESS,VENDPAY_00006718
VPAY_006719,VINV_006719,VEND_000057,2026-09-04T20:31:00,BANK_003,216364.80,INR,BANK_TRANSFER,SUCCESS,VENDPAY_00006719
VPAY_006720,VINV_006720,VEND_000057,2026-09-19T20:01:00,BANK_003,86079.82,INR,BANK_TRANSFER,SUCCESS,VENDPAY_00006720
VPAY_006721,VINV_006721,VEND_000007,2026-09-24T20:29:00,BANK_003,54571.00,INR,BANK_TRANSFER,SUCCESS,VENDPAY_00006721
VPAY_006722,VINV_006722,VEND_000022,2026-09-25T02:14:00,BANK_003,81812.94,INR,BANK_TRANSFER,SUCCESS,VENDPAY_00006722
VPAY_006723,VINV_006723,VEND_000012,2026-09-09T21:47:00,BANK_003,163428.82,INR,BANK_TRANSFER,SUCCESS,VENDPAY_00006723
VPAY_006724,VINV_006724,VEND_000058,2026-09-08T19:24:00,BANK_003,139500.78,INR,BANK_TRANSFER,SUCCESS,VENDPAY_00006724
VPAY_006725,VINV_006725,VEND_000086,2026-09-18T02:21:00,BANK_003,218533.00,INR,BANK_TRANSFER,SUCCESS,VENDPAY_00006725
VPAY_006726,VINV_006726,VEND_000090,2026-09-12T23:45:00,BANK_003,159027.42,INR,BANK_TRANSFER,SUCCESS,VENDPAY_00006726
VPAY_006727,VINV_006727,VEND_000073,2026-10-01T19:50:00,BANK_003,86784.28,INR,BANK_TRANSFER,SUCCESS,VENDPAY_00006727
VPAY_006728,VINV_006728,VEND_000028,2026-09-12T21:32:00,BANK_003,125524.86,INR,BANK_TRANSFER,SUCCESS,VENDPAY_00006728
VPAY_006729,VINV_006729,VEND_000008,2026-09-21T00:06:00,BANK_003,126557.00,INR,BANK_TRANSFER,SUCCESS,VENDPAY_00006729
VPAY_006730,VINV_006730,VEND_000050,2026-09-13T22:22:00,BANK_003,246897.30,INR,BANK_TRANSFER,SUCCESS,VENDPAY_00006730
VPAY_006731,VINV_006731,VEND_000050,2026-09-24T23:34:00,BANK_003,87642.14,INR,BANK_TRANSFER,SUCCESS,VENDPAY_00006731
VPAY_006732,VINV_006732,VEND_000083,2026-09-08T19:27:00,BANK_003,194265.76,INR,BANK_TRANSFER,SUCCESS,VENDPAY_00006732
VPAY_006733,VINV_006733,VEND_000028,2026-09-10T23:27:00,BANK_003,228776.04,INR,BANK_TRANSFER,SUCCESS,VENDPAY_00006733
VPAY_006734,VINV_006734,VEND_000089,2026-09-10T02:48:00,BANK_003,100974.96,INR,BANK_TRANSFER,SUCCESS,VENDPAY_00006734
VPAY_006735,VINV_006735,VEND_000020,2026-10-09T21:26:00,BANK_003,113752.00,INR,BANK_TRANSFER,SUCCESS,VENDPAY_00006735
VPAY_006736,VINV_006736,VEND_000068,2026-09-11T22:42:00,BANK_003,169443.28,INR,BANK_TRANSFER,SUCCESS,VENDPAY_00006736
VPAY_006737,VINV_006737,VEND_000080,2026-09-28T01:40:00,BANK_003,100560.78,INR,BANK_TRANSFER,SUCCESS,VENDPAY_00006737
VPAY_006738,VINV_006738,VEND_000071,2026-09-21T22:07:00,BANK_003,193298.16,INR,BANK_TRANSFER,SUCCESS,VENDPAY_00006738
VPAY_006739,VINV_006739,VEND_000090,2026-09-09T02:05:00,BANK_003,77301.80,INR,BANK_TRANSFER,SUCCESS,VENDPAY_00006739
VPAY_006740,VINV_006740,VEND_000016,2026-10-05T21:01:00,BANK_003,202073.82,INR,BANK_TRANSFER,SUCCESS,VENDPAY_00006740
VPAY_006741,VINV_006741,VEND_000005,2026-09-02T01:04:00,BANK_003,186241.76,INR,BANK_TRANSFER,SUCCESS,VENDPAY_00006741
VPAY_006742,VINV_006742,VEND_000072,2026-09-05T00:54:00,BANK_003,251406.08,INR,BANK_TRANSFER,SUCCESS,VENDPAY_00006742
VPAY_006743,VINV_006743,VEND_000041,2026-09-20T23:57:00,BANK_003,196166.74,INR,BANK_TRANSFER,SUCCESS,VENDPAY_00006743
VPAY_006744,VINV_006744,VEND_000016,2026-09-21T02:55:00,BANK_003,173299.52,INR,BANK_TRANSFER,SUCCESS,VENDPAY_00006744
VPAY_006745,VINV_006745,VEND_000051,2026-10-04T00:06:00,BANK_003,234814.10,INR,BANK_TRANSFER,SUCCESS,VENDPAY_00006745
VPAY_006746,VINV_006746,VEND_000048,2026-09-13T19:51:00,BANK_003,134444.48,INR,BANK_TRANSFER,SUCCESS,VENDPAY_00006746
VPAY_006747,VINV_006747,VEND_000027,2026-10-03T20:25:00,BANK_003,236387.04,INR,BANK_TRANSFER,SUCCESS,VENDPAY_00006747
VPAY_006748,VINV_006748,VEND_000002,2026-09-21T22:08:00,BANK_003,84535.20,INR,BANK_TRANSFER,SUCCESS,VENDPAY_00006748
VPAY_006749,VINV_006749,VEND_000047,2026-09-16T19:55:00,BANK_003,203433.18,INR,BANK_TRANSFER,SUCCESS,VENDPAY_00006749
VPAY_006750,VINV_006750,VEND_000077,2026-09-08T02:05:00,BANK_003,126514.88,INR,BANK_TRANSFER,SUCCESS,VENDPAY_00006750
VPAY_006751,VINV_006751,VEND_000061,2026-09-24T20:37:00,BANK_003,83741.06,INR,BANK_TRANSFER,SUCCESS,VENDPAY_00006751
VPAY_006752,VINV_006752,VEND_000051,2026-09-20T23:42:00,BANK_003,233498.40,INR,BANK_TRANSFER,SUCCESS,VENDPAY_00006752
VPAY_006753,VINV_006753,VEND_000017,2026-10-08T21:41:00,BANK_003,203423.00,INR,BANK_TRANSFER,SUCCESS,VENDPAY_00006753
VPAY_006754,VINV_006754,VEND_000004,2026-09-06T19:49:00,BANK_003,245235.86,INR,BANK_TRANSFER,SUCCESS,VENDPAY_00006754
VPAY_006755,VINV_006755,VEND_000001,2026-09-23T00:32:00,BANK_003,67919.62,INR,BANK_TRANSFER,SUCCESS,VENDPAY_00006755
VPAY_006756,VINV_006756,VEND_000086,2026-09-04T02:44:00,BANK_003,59518.00,INR,BANK_TRANSFER,SUCCESS,VENDPAY_00006756
VPAY_006757,VINV_006757,VEND_000055,2026-09-15T23:06:00,BANK_003,75928.28,INR,BANK_TRANSFER,SUCCESS,VENDPAY_00006757
VPAY_006758,VINV_006758,VEND_000025,2026-09-09T21:57:00,BANK_003,226896.30,INR,BANK_TRANSFER,SUCCESS,VENDPAY_00006758
VPAY_006759,VINV_006759,VEND_000080,2026-10-03T00:44:00,BANK_003,246986.98,INR,BANK_TRANSFER,SUCCESS,VENDPAY_00006759
VPAY_006760,VINV_006760,VEND_000012,2026-09-02T02:11:00,BANK_003,124551.36,INR,BANK_TRANSFER,SUCCESS,VENDPAY_00006760
VPAY_006761,VINV_006761,VEND_000084,2026-10-03T02:43:00,BANK_003,112867.00,INR,BANK_TRANSFER,SUCCESS,VENDPAY_00006761
VPAY_006762,VINV_006762,VEND_000086,2026-09-17T21:17:00,BANK_003,143426.00,INR,BANK_TRANSFER,SUCCESS,VENDPAY_00006762
VPAY_006763,VINV_006763,VEND_000088,2026-09-11T23:29:00,BANK_003,226535.22,INR,BANK_TRANSFER,SUCCESS,VENDPAY_00006763
VPAY_006764,VINV_006764,VEND_000026,2026-09-18T23:31:00,BANK_003,120548.80,INR,BANK_TRANSFER,SUCCESS,VENDPAY_00006764
VPAY_006765,VINV_006765,VEND_000086,2026-09-17T23:38:00,BANK_003,113786.00,INR,BANK_TRANSFER,SUCCESS,VENDPAY_00006765
VPAY_006766,VINV_006766,VEND_000087,2026-09-22T01:34:00,BANK_003,197310.16,INR,BANK_TRANSFER,SUCCESS,VENDPAY_00006766
VPAY_006767,VINV_006767,VEND_000047,2026-10-10T00:49:00,BANK_003,151160.36,INR,BANK_TRANSFER,SUCCESS,VENDPAY_00006767
VPAY_006768,VINV_006768,VEND_000078,2026-09-21T01:24:00,BANK_003,95942.26,INR,BANK_TRANSFER,SUCCESS,VENDPAY_00006768
VPAY_006769,VINV_006769,VEND_000018,2026-09-27T22:33:00,BANK_003,59592.36,INR,BANK_TRANSFER,SUCCESS,VENDPAY_00006769
VPAY_006770,VINV_006770,VEND_000068,2026-09-09T21:25:00,BANK_003,176099.66,INR,BANK_TRANSFER,SUCCESS,VENDPAY_00006770
VPAY_006771,VINV_006771,VEND_000050,2026-09-22T00:53:00,BANK_003,72627.82,INR,BANK_TRANSFER,SUCCESS,VENDPAY_00006771
VPAY_006772,VINV_006772,VEND_000004,2026-09-02T19:26:00,BANK_003,101213.32,INR,BANK_TRANSFER,SUCCESS,VENDPAY_00006772
VPAY_006773,VINV_006773,VEND_000015,2026-09-30T01:46:00,BANK_003,247293.78,INR,BANK_TRANSFER,SUCCESS,VENDPAY_00006773
VPAY_006774,VINV_006774,VEND_000055,2026-09-07T21:19:00,BANK_003,209850.02,INR,BANK_TRANSFER,SUCCESS,VENDPAY_00006774
VPAY_006775,VINV_006775,VEND_000053,2026-09-15T02:32:00,BANK_003,166226.00,INR,BANK_TRANSFER,SUCCESS,VENDPAY_00006775
VPAY_006776,VINV_006776,VEND_000032,2026-09-11T22:30:00,BANK_003,83624.00,INR,BANK_TRANSFER,SUCCESS,VENDPAY_00006776
VPAY_006777,VINV_006777,VEND_000074,2026-09-24T21:38:00,BANK_003,123662.82,INR,BANK_TRANSFER,SUCCESS,VENDPAY_00006777
VPAY_006778,VINV_006778,VEND_000018,2026-09-20T23:35:00,BANK_003,218176.10,INR,BANK_TRANSFER,SUCCESS,VENDPAY_00006778
VPAY_006779,VINV_006779,VEND_000059,2026-09-07T01:09:00,BANK_003,84557.62,INR,BANK_TRANSFER,SUCCESS,VENDPAY_00006779
VPAY_006780,VINV_006780,VEND_000060,2026-09-10T00:48:00,BANK_003,233492.50,INR,BANK_TRANSFER,SUCCESS,VENDPAY_00006780
VPAY_006781,VINV_006781,VEND_000022,2026-09-23T21:54:00,BANK_003,110789.02,INR,BANK_TRANSFER,SUCCESS,VENDPAY_00006781
VPAY_006782,VINV_006782,VEND_000033,2026-09-10T22:28:00,BANK_003,132949.42,INR,BANK_TRANSFER,SUCCESS,VENDPAY_00006782
VPAY_006783,VINV_006783,VEND_000032,2026-09-14T21:14:00,BANK_003,210096.00,INR,BANK_TRANSFER,SUCCESS,VENDPAY_00006783
VPAY_006784,VINV_006784,VEND_000065,2026-08-31T00:35:00,BANK_003,88043.34,INR,BANK_TRANSFER,SUCCESS,VENDPAY_00006784
VPAY_006785,VINV_006785,VEND_000029,2026-09-02T20:55:00,BANK_003,102877.00,INR,BANK_TRANSFER,SUCCESS,VENDPAY_00006785
VPAY_006786,VINV_006786,VEND_000004,2026-09-20T20:06:00,BANK_003,240244.46,INR,BANK_TRANSFER,SUCCESS,VENDPAY_00006786
VPAY_006787,VINV_006787,VEND_000042,2026-09-16T19:53:00,BANK_003,226921.08,INR,BANK_TRANSFER,SUCCESS,VENDPAY_00006787
VPAY_006788,VINV_006788,VEND_000043,2026-10-08T20:38:00,BANK_003,151238.24,INR,BANK_TRANSFER,SUCCESS,VENDPAY_00006788
VPAY_006789,VINV_006789,VEND_000082,2026-10-09T00:13:00,BANK_003,173321.94,INR,BANK_TRANSFER,SUCCESS,VENDPAY_00006789
VPAY_006790,VINV_006790,VEND_000062,2026-09-17T01:39:00,BANK_003,184105.00,INR,BANK_TRANSFER,SUCCESS,VENDPAY_00006790
VPAY_006791,VINV_006791,VEND_000022,2026-10-04T21:25:00,BANK_003,163322.62,INR,BANK_TRANSFER,SUCCESS,VENDPAY_00006791
VPAY_006792,VINV_006792,VEND_000003,2026-09-13T23:22:00,BANK_003,135519.46,INR,BANK_TRANSFER,SUCCESS,VENDPAY_00006792
VPAY_006793,VINV_006793,VEND_000022,2026-09-30T02:18:00,BANK_003,89052.24,INR,BANK_TRANSFER,SUCCESS,VENDPAY_00006793
VPAY_006794,VINV_006794,VEND_000051,2026-09-22T23:53:00,BANK_003,60054.92,INR,BANK_TRANSFER,SUCCESS,VENDPAY_00006794
VPAY_006795,VINV_006795,VEND_000042,2026-09-11T02:16:00,BANK_003,210461.26,INR,BANK_TRANSFER,SUCCESS,VENDPAY_00006795
VPAY_006796,VINV_006796,VEND_000023,2026-09-26T22:24:00,BANK_003,245653.58,INR,BANK_TRANSFER,SUCCESS,VENDPAY_00006796
VPAY_006797,VINV_006797,VEND_000060,2026-09-25T03:01:00,BANK_003,123433.90,INR,BANK_TRANSFER,SUCCESS,VENDPAY_00006797
VPAY_006798,VINV_006798,VEND_000078,2026-10-01T23:06:00,BANK_003,164149.80,INR,BANK_TRANSFER,SUCCESS,VENDPAY_00006798
VPAY_006799,VINV_006799,VEND_000045,2026-09-18T01:46:00,BANK_003,73963.58,INR,BANK_TRANSFER,SUCCESS,VENDPAY_00006799
VPAY_006800,VINV_006800,VEND_000033,2026-09-09T21:27:00,BANK_003,192743.56,INR,BANK_TRANSFER,SUCCESS,VENDPAY_00006800
VPAY_006801,VINV_006801,VEND_000010,2026-09-16T22:10:00,BANK_003,73017.22,INR,BANK_TRANSFER,SUCCESS,VENDPAY_00006801
VPAY_006802,VINV_006802,VEND_000051,2026-09-20T02:45:00,BANK_003,194169.00,INR,BANK_TRANSFER,SUCCESS,VENDPAY_00006802
VPAY_006803,VINV_006803,VEND_000019,2026-09-28T22:32:00,BANK_003,162956.82,INR,BANK_TRANSFER,SUCCESS,VENDPAY_00006803
VPAY_006804,VINV_006804,VEND_000056,2026-09-21T01:00:00,BANK_003,85292.76,INR,BANK_TRANSFER,SUCCESS,VENDPAY_00006804
VPAY_006805,VINV_006805,VEND_000072,2026-09-20T03:06:00,BANK_003,143319.26,INR,BANK_TRANSFER,SUCCESS,VENDPAY_00006805
VPAY_006806,VINV_006806,VEND_000027,2026-09-12T02:01:00,BANK_003,117438.32,INR,BANK_TRANSFER,SUCCESS,VENDPAY_00006806
VPAY_006807,VINV_006807,VEND_000070,2026-09-27T20:45:00,BANK_003,66389.16,INR,BANK_TRANSFER,SUCCESS,VENDPAY_00006807
VPAY_006808,VINV_006808,VEND_000005,2026-09-19T23:35:00,BANK_003,210290.16,INR,BANK_TRANSFER,SUCCESS,VENDPAY_00006808
VPAY_006809,VINV_006809,VEND_000081,2026-10-06T23:34:00,BANK_003,131280.90,INR,BANK_TRANSFER,SUCCESS,VENDPAY_00006809
VPAY_006810,VINV_006810,VEND_000066,2026-09-08T23:28:00,BANK_003,197351.46,INR,BANK_TRANSFER,SUCCESS,VENDPAY_00006810
VPAY_006811,VINV_006811,VEND_000015,2026-10-01T19:49:00,BANK_003,65261.08,INR,BANK_TRANSFER,SUCCESS,VENDPAY_00006811
VPAY_006812,VINV_006812,VEND_000011,2026-10-06T20:50:00,BANK_003,106231.86,INR,BANK_TRANSFER,SUCCESS,VENDPAY_00006812
VPAY_006813,VINV_006813,VEND_000055,2026-09-11T02:46:00,BANK_003,162337.32,INR,BANK_TRANSFER,SUCCESS,VENDPAY_00006813
VPAY_006814,VINV_006814,VEND_000020,2026-09-17T02:01:00,BANK_003,109983.08,INR,BANK_TRANSFER,SUCCESS,VENDPAY_00006814
VPAY_006815,VINV_006815,VEND_000001,2026-09-17T03:15:00,BANK_003,72913.38,INR,BANK_TRANSFER,SUCCESS,VENDPAY_00006815
VPAY_006816,VINV_006816,VEND_000071,2026-09-05T22:11:00,BANK_003,144329.34,INR,BANK_TRANSFER,SUCCESS,VENDPAY_00006816
VPAY_006817,VINV_006817,VEND_000033,2026-09-14T21:02:00,BANK_003,74552.40,INR,BANK_TRANSFER,SUCCESS,VENDPAY_00006817
VPAY_006818,VINV_006818,VEND_000063,2026-09-24T01:35:00,BANK_003,242741.34,INR,BANK_TRANSFER,SUCCESS,VENDPAY_00006818
VPAY_006819,VINV_006819,VEND_000081,2026-09-27T00:00:00,BANK_003,175457.74,INR,BANK_TRANSFER,SUCCESS,VENDPAY_00006819
VPAY_006820,VINV_006820,VEND_000080,2026-09-28T01:37:00,BANK_003,154323.94,INR,BANK_TRANSFER,SUCCESS,VENDPAY_00006820
VPAY_006821,VINV_006821,VEND_000088,2026-09-03T20:02:00,BANK_003,59126.26,INR,BANK_TRANSFER,SUCCESS,VENDPAY_00006821
VPAY_006822,VINV_006822,VEND_000005,2026-09-04T20:23:00,BANK_003,211869.00,INR,BANK_TRANSFER,SUCCESS,VENDPAY_00006822
VPAY_006823,VINV_006823,VEND_000089,2026-09-09T01:15:00,BANK_003,219446.96,INR,BANK_TRANSFER,SUCCESS,VENDPAY_00006823
VPAY_006824,VINV_006824,VEND_000017,2026-09-21T19:47:00,BANK_003,157531.00,INR,BANK_TRANSFER,SUCCESS,VENDPAY_00006824
VPAY_006825,VINV_006825,VEND_000002,2026-10-03T00:10:00,BANK_003,117997.64,INR,BANK_TRANSFER,SUCCESS,VENDPAY_00006825
VPAY_006826,VINV_006826,VEND_000018,2026-09-23T02:02:00,BANK_003,93004.06,INR,BANK_TRANSFER,SUCCESS,VENDPAY_00006826
VPAY_006827,VINV_006827,VEND_000020,2026-10-02T23:24:00,BANK_003,255460.56,INR,BANK_TRANSFER,SUCCESS,VENDPAY_00006827
VPAY_006828,VINV_006828,VEND_000025,2026-09-23T01:26:00,BANK_003,137149.04,INR,BANK_TRANSFER,SUCCESS,VENDPAY_00006828
VPAY_006829,VINV_006829,VEND_000026,2026-09-27T00:30:00,BANK_003,194430.96,INR,BANK_TRANSFER,SUCCESS,VENDPAY_00006829
VPAY_006830,VINV_006830,VEND_000074,2026-09-15T03:26:00,BANK_003,88588.50,INR,BANK_TRANSFER,SUCCESS,VENDPAY_00006830
VPAY_006831,VINV_006831,VEND_000072,2026-09-20T21:42:00,BANK_003,62420.82,INR,BANK_TRANSFER,SUCCESS,VENDPAY_00006831
VPAY_006832,VINV_006832,VEND_000051,2026-09-22T02:48:00,BANK_003,121496.34,INR,BANK_TRANSFER,SUCCESS,VENDPAY_00006832
VPAY_006833,VINV_006833,VEND_000079,2026-09-19T01:18:00,BANK_003,172348.44,INR,BANK_TRANSFER,SUCCESS,VENDPAY_00006833
VPAY_006834,VINV_006834,VEND_000002,2026-09-22T21:47:00,BANK_003,130038.36,INR,BANK_TRANSFER,SUCCESS,VENDPAY_00006834
VPAY_006835,VINV_006835,VEND_000033,2026-09-09T22:07:00,BANK_003,168731.74,INR,BANK_TRANSFER,SUCCESS,VENDPAY_00006835
VPAY_006836,VINV_006836,VEND_000009,2026-09-24T02:52:00,BANK_003,58933.92,INR,BANK_TRANSFER,SUCCESS,VENDPAY_00006836
VPAY_006837,VINV_006837,VEND_000051,2026-10-04T21:21:00,BANK_003,134732.40,INR,BANK_TRANSFER,SUCCESS,VENDPAY_00006837
VPAY_006838,VINV_006838,VEND_000004,2026-09-05T22:58:00,BANK_003,222177.48,INR,BANK_TRANSFER,SUCCESS,VENDPAY_00006838
VPAY_006839,VINV_006839,VEND_000071,2026-09-05T03:18:00,BANK_003,61596.00,INR,BANK_TRANSFER,SUCCESS,VENDPAY_00006839
VPAY_006840,VINV_006840,VEND_000063,2026-09-10T00:57:00,BANK_003,179063.82,INR,BANK_TRANSFER,SUCCESS,VENDPAY_00006840
VPAY_006841,VINV_006841,VEND_000089,2026-09-17T23:58:00,BANK_003,105672.54,INR,BANK_TRANSFER,SUCCESS,VENDPAY_00006841
VPAY_006842,VINV_006842,VEND_000038,2026-09-06T21:12:00,BANK_003,82761.66,INR,BANK_TRANSFER,SUCCESS,VENDPAY_00006842
VPAY_006843,VINV_006843,VEND_000041,2026-09-21T23:06:00,BANK_003,58716.80,INR,BANK_TRANSFER,SUCCESS,VENDPAY_00006843
VPAY_006844,VINV_006844,VEND_000079,2026-09-23T21:59:00,BANK_003,230390.28,INR,BANK_TRANSFER,SUCCESS,VENDPAY_00006844
VPAY_006845,VINV_006845,VEND_000025,2026-09-14T20:58:00,BANK_003,90889.50,INR,BANK_TRANSFER,SUCCESS,VENDPAY_00006845
VPAY_006846,VINV_006846,VEND_000043,2026-09-19T19:57:00,BANK_003,168317.56,INR,BANK_TRANSFER,SUCCESS,VENDPAY_00006846
VPAY_006847,VINV_006847,VEND_000090,2026-09-06T01:30:00,BANK_003,103410.48,INR,BANK_TRANSFER,SUCCESS,VENDPAY_00006847
VPAY_006848,VINV_006848,VEND_000042,2026-09-18T21:01:00,BANK_003,208758.52,INR,BANK_TRANSFER,SUCCESS,VENDPAY_00006848
VPAY_006849,VINV_006849,VEND_000083,2026-09-20T03:12:00,BANK_003,190768.24,INR,BANK_TRANSFER,SUCCESS,VENDPAY_00006849
VPAY_006850,VINV_006850,VEND_000045,2026-09-25T00:01:00,BANK_003,136931.92,INR,BANK_TRANSFER,SUCCESS,VENDPAY_00006850
VPAY_006851,VINV_006851,VEND_000064,2026-09-06T20:17:00,BANK_003,178251.98,INR,BANK_TRANSFER,SUCCESS,VENDPAY_00006851
VPAY_006852,VINV_006852,VEND_000077,2026-09-02T22:42:00,BANK_003,165736.90,INR,BANK_TRANSFER,SUCCESS,VENDPAY_00006852
VPAY_006853,VINV_006853,VEND_000012,2026-09-07T20:12:00,BANK_003,88923.62,INR,BANK_TRANSFER,SUCCESS,VENDPAY_00006853
VPAY_006854,VINV_006854,VEND_000042,2026-09-18T02:42:00,BANK_003,151881.34,INR,BANK_TRANSFER,SUCCESS,VENDPAY_00006854
VPAY_006855,VINV_006855,VEND_000024,2026-09-15T22:59:00,BANK_003,196321.32,INR,BANK_TRANSFER,SUCCESS,VENDPAY_00006855
VPAY_006856,VINV_006856,VEND_000052,2026-09-09T00:10:00,BANK_003,65589.12,INR,BANK_TRANSFER,SUCCESS,VENDPAY_00006856
VPAY_006857,VINV_006857,VEND_000036,2026-09-20T00:48:00,BANK_003,217515.30,INR,BANK_TRANSFER,SUCCESS,VENDPAY_00006857
VPAY_006858,VINV_006858,VEND_000003,2026-09-12T20:39:00,BANK_003,131894.50,INR,BANK_TRANSFER,SUCCESS,VENDPAY_00006858
VPAY_006859,VINV_006859,VEND_000076,2026-09-04T20:42:00,BANK_003,198759.20,INR,BANK_TRANSFER,SUCCESS,VENDPAY_00006859
VPAY_006860,VINV_006860,VEND_000009,2026-09-21T00:23:00,BANK_003,148836.94,INR,BANK_TRANSFER,SUCCESS,VENDPAY_00006860
VPAY_006861,VINV_006861,VEND_000048,2026-09-19T20:36:00,BANK_003,154707.44,INR,BANK_TRANSFER,SUCCESS,VENDPAY_00006861
VPAY_006862,VINV_006862,VEND_000085,2026-10-05T21:32:00,BANK_003,165839.56,INR,BANK_TRANSFER,SUCCESS,VENDPAY_00006862
VPAY_006863,VINV_006863,VEND_000006,2026-09-24T20:50:00,BANK_003,153936.90,INR,BANK_TRANSFER,SUCCESS,VENDPAY_00006863
VPAY_006864,VINV_006864,VEND_000073,2026-09-30T22:14:00,BANK_003,178924.58,INR,BANK_TRANSFER,SUCCESS,VENDPAY_00006864
VPAY_006865,VINV_006865,VEND_000064,2026-09-21T03:13:00,BANK_003,238568.86,INR,BANK_TRANSFER,SUCCESS,VENDPAY_00006865
VPAY_006866,VINV_006866,VEND_000014,2026-09-28T00:44:00,BANK_003,111367.22,INR,BANK_TRANSFER,SUCCESS,VENDPAY_00006866
VPAY_006867,VINV_006867,VEND_000003,2026-09-12T01:31:00,BANK_003,147583.78,INR,BANK_TRANSFER,SUCCESS,VENDPAY_00006867
VPAY_006868,VINV_006868,VEND_000019,2026-09-25T01:12:00,BANK_003,189870.26,INR,BANK_TRANSFER,SUCCESS,VENDPAY_00006868
VPAY_006869,VINV_006869,VEND_000012,2026-09-01T21:29:00,BANK_003,173445.84,INR,BANK_TRANSFER,SUCCESS,VENDPAY_00006869
VPAY_006870,VINV_006870,VEND_000068,2026-09-15T21:00:00,BANK_003,229553.66,INR,BANK_TRANSFER,SUCCESS,VENDPAY_00006870
VPAY_006871,VINV_006871,VEND_000014,2026-10-07T20:55:00,BANK_003,160941.38,INR,BANK_TRANSFER,SUCCESS,VENDPAY_00006871
VPAY_006872,VINV_006872,VEND_000024,2026-09-06T02:25:00,BANK_003,89069.94,INR,BANK_TRANSFER,SUCCESS,VENDPAY_00006872
VPAY_006873,VINV_006873,VEND_000067,2026-09-14T01:02:00,BANK_003,237185.90,INR,BANK_TRANSFER,SUCCESS,VENDPAY_00006873
VPAY_006874,VINV_006874,VEND_000066,2026-09-10T02:42:00,BANK_003,113652.88,INR,BANK_TRANSFER,SUCCESS,VENDPAY_00006874
VPAY_006875,VINV_006875,VEND_000088,2026-09-06T01:50:00,BANK_003,74860.38,INR,BANK_TRANSFER,SUCCESS,VENDPAY_00006875
VPAY_006876,VINV_006876,VEND_000001,2026-09-10T23:08:00,BANK_003,206478.76,INR,BANK_TRANSFER,SUCCESS,VENDPAY_00006876
VPAY_006877,VINV_006877,VEND_000015,2026-10-10T02:29:00,BANK_003,129323.28,INR,BANK_TRANSFER,SUCCESS,VENDPAY_00006877
VPAY_006878,VINV_006878,VEND_000074,2026-09-06T00:44:00,BANK_003,236962.88,INR,BANK_TRANSFER,SUCCESS,VENDPAY_00006878
VPAY_006879,VINV_006879,VEND_000082,2026-10-08T20:10:00,BANK_003,154670.86,INR,BANK_TRANSFER,SUCCESS,VENDPAY_00006879
VPAY_006880,VINV_006880,VEND_000029,2026-09-15T01:38:00,BANK_003,100376.00,INR,BANK_TRANSFER,SUCCESS,VENDPAY_00006880
VPAY_006881,VINV_006881,VEND_000070,2026-10-09T20:45:00,BANK_003,213656.70,INR,BANK_TRANSFER,SUCCESS,VENDPAY_00006881
VPAY_006882,VINV_006882,VEND_000066,2026-09-25T00:09:00,BANK_003,166158.16,INR,BANK_TRANSFER,SUCCESS,VENDPAY_00006882
VPAY_006883,VINV_006883,VEND_000066,2026-09-04T21:15:00,BANK_003,254770.26,INR,BANK_TRANSFER,SUCCESS,VENDPAY_00006883
VPAY_006884,VINV_006884,VEND_000031,2026-09-16T02:17:00,BANK_003,231081.76,INR,BANK_TRANSFER,SUCCESS,VENDPAY_00006884
VPAY_006885,VINV_006885,VEND_000007,2026-09-17T03:17:00,BANK_003,194021.00,INR,BANK_TRANSFER,SUCCESS,VENDPAY_00006885
VPAY_006886,VINV_006886,VEND_000061,2026-09-13T20:43:00,BANK_003,126475.94,INR,BANK_TRANSFER,SUCCESS,VENDPAY_00006886
VPAY_006887,VINV_006887,VEND_000079,2026-09-20T23:19:00,BANK_003,233250.60,INR,BANK_TRANSFER,SUCCESS,VENDPAY_00006887
VPAY_006888,VINV_006888,VEND_000036,2026-09-18T20:25:00,BANK_003,149805.72,INR,BANK_TRANSFER,SUCCESS,VENDPAY_00006888
VPAY_006889,VINV_006889,VEND_000040,2026-09-14T23:24:00,BANK_003,138816.38,INR,BANK_TRANSFER,SUCCESS,VENDPAY_00006889
VPAY_006890,VINV_006890,VEND_000058,2026-09-20T02:58:00,BANK_003,177756.38,INR,BANK_TRANSFER,SUCCESS,VENDPAY_00006890
VPAY_006891,VINV_006891,VEND_000055,2026-09-14T02:29:00,BANK_003,94994.72,INR,BANK_TRANSFER,SUCCESS,VENDPAY_00006891
VPAY_006892,VINV_006892,VEND_000037,2026-09-24T01:19:00,BANK_003,255460.56,INR,BANK_TRANSFER,SUCCESS,VENDPAY_00006892
VPAY_006893,VINV_006893,VEND_000046,2026-09-19T23:02:00,BANK_003,228812.62,INR,BANK_TRANSFER,SUCCESS,VENDPAY_00006893
VPAY_006894,VINV_006894,VEND_000004,2026-09-08T02:12:00,BANK_003,133251.50,INR,BANK_TRANSFER,SUCCESS,VENDPAY_00006894
VPAY_006895,VINV_006895,VEND_000079,2026-09-11T21:32:00,BANK_003,212628.92,INR,BANK_TRANSFER,SUCCESS,VENDPAY_00006895
VPAY_006896,VINV_006896,VEND_000060,2026-09-24T01:54:00,BANK_003,240544.18,INR,BANK_TRANSFER,SUCCESS,VENDPAY_00006896
VPAY_006897,VINV_006897,VEND_000047,2026-09-26T02:48:00,BANK_003,209707.24,INR,BANK_TRANSFER,SUCCESS,VENDPAY_00006897
VPAY_006898,VINV_006898,VEND_000087,2026-09-11T22:47:00,BANK_003,206798.54,INR,BANK_TRANSFER,SUCCESS,VENDPAY_00006898
VPAY_006899,VINV_006899,VEND_000049,2026-09-17T23:45:00,BANK_003,200634.22,INR,BANK_TRANSFER,SUCCESS,VENDPAY_00006899
VPAY_006900,VINV_006900,VEND_000040,2026-10-01T20:16:00,BANK_003,65145.44,INR,BANK_TRANSFER,SUCCESS,VENDPAY_00006900
VPAY_006901,VINV_006901,VEND_000008,2026-09-22T23:24:00,BANK_003,161092.00,INR,BANK_TRANSFER,SUCCESS,VENDPAY_00006901
VPAY_006902,VINV_006902,VEND_000088,2026-09-15T19:32:00,BANK_003,197238.18,INR,BANK_TRANSFER,SUCCESS,VENDPAY_00006902
VPAY_006903,VINV_006903,VEND_000088,2026-09-07T22:20:00,BANK_003,250086.84,INR,BANK_TRANSFER,SUCCESS,VENDPAY_00006903
VPAY_006904,VINV_006904,VEND_000083,2026-09-02T02:57:00,BANK_003,246868.98,INR,BANK_TRANSFER,SUCCESS,VENDPAY_00006904
VPAY_006905,VINV_006905,VEND_000050,2026-09-06T22:08:00,BANK_003,233707.26,INR,BANK_TRANSFER,SUCCESS,VENDPAY_00006905
VPAY_006906,VINV_006906,VEND_000026,2026-09-26T20:34:00,BANK_003,208089.46,INR,BANK_TRANSFER,SUCCESS,VENDPAY_00006906
VPAY_006907,VINV_006907,VEND_000031,2026-09-15T00:06:00,BANK_003,111590.24,INR,BANK_TRANSFER,SUCCESS,VENDPAY_00006907
VPAY_006908,VINV_006908,VEND_000017,2026-09-21T23:20:00,BANK_003,190313.00,INR,BANK_TRANSFER,SUCCESS,VENDPAY_00006908
VPAY_006909,VINV_006909,VEND_000024,2026-09-03T23:47:00,BANK_003,122453.32,INR,BANK_TRANSFER,SUCCESS,VENDPAY_00006909
VPAY_006910,VINV_006910,VEND_000088,2026-09-07T19:38:00,BANK_003,174538.52,INR,BANK_TRANSFER,SUCCESS,VENDPAY_00006910
VPAY_006911,VINV_006911,VEND_000059,2026-09-12T00:28:00,BANK_003,126687.16,INR,BANK_TRANSFER,SUCCESS,VENDPAY_00006911
VPAY_006912,VINV_006912,VEND_000016,2026-10-05T20:04:00,BANK_003,141178.74,INR,BANK_TRANSFER,SUCCESS,VENDPAY_00006912
VPAY_006913,VINV_006913,VEND_000034,2026-09-18T23:42:00,BANK_003,236914.50,INR,BANK_TRANSFER,SUCCESS,VENDPAY_00006913
VPAY_006914,VINV_006914,VEND_000018,2026-09-24T00:12:00,BANK_003,92680.74,INR,BANK_TRANSFER,SUCCESS,VENDPAY_00006914
VPAY_006915,VINV_006915,VEND_000063,2026-09-11T00:34:00,BANK_003,76248.06,INR,BANK_TRANSFER,SUCCESS,VENDPAY_00006915
VPAY_006916,VINV_006916,VEND_000005,2026-09-08T23:38:00,BANK_003,234107.28,INR,BANK_TRANSFER,SUCCESS,VENDPAY_00006916
VPAY_006917,VINV_006917,VEND_000041,2026-09-13T01:18:00,BANK_003,166977.08,INR,BANK_TRANSFER,SUCCESS,VENDPAY_00006917
VPAY_006918,VINV_006918,VEND_000006,2026-09-03T02:10:00,BANK_003,99127.08,INR,BANK_TRANSFER,SUCCESS,VENDPAY_00006918
VPAY_006919,VINV_006919,VEND_000015,2026-09-24T20:33:00,BANK_003,198565.68,INR,BANK_TRANSFER,SUCCESS,VENDPAY_00006919
VPAY_006920,VINV_006920,VEND_000054,2026-09-24T23:00:00,BANK_003,148734.28,INR,BANK_TRANSFER,SUCCESS,VENDPAY_00006920
VPAY_006921,VINV_006921,VEND_000073,2026-10-02T02:42:00,BANK_003,137885.36,INR,BANK_TRANSFER,SUCCESS,VENDPAY_00006921
VPAY_006922,VINV_006922,VEND_000015,2026-09-19T21:25:00,BANK_003,102628.14,INR,BANK_TRANSFER,SUCCESS,VENDPAY_00006922
VPAY_006923,VINV_006923,VEND_000085,2026-09-15T00:29:00,BANK_003,237790.06,INR,BANK_TRANSFER,SUCCESS,VENDPAY_00006923
VPAY_006924,VINV_006924,VEND_000062,2026-09-14T19:32:00,BANK_003,48740.00,INR,BANK_TRANSFER,SUCCESS,VENDPAY_00006924
VPAY_006925,VINV_006925,VEND_000057,2026-09-04T23:34:00,BANK_003,178446.68,INR,BANK_TRANSFER,SUCCESS,VENDPAY_00006925
VPAY_006926,VINV_006926,VEND_000022,2026-10-03T21:13:00,BANK_003,99321.78,INR,BANK_TRANSFER,SUCCESS,VENDPAY_00006926
VPAY_006927,VINV_006927,VEND_000084,2026-09-17T02:51:00,BANK_003,248695.62,INR,BANK_TRANSFER,SUCCESS,VENDPAY_00006927
VPAY_006928,VINV_006928,VEND_000038,2026-09-15T01:07:00,BANK_003,140727.98,INR,BANK_TRANSFER,SUCCESS,VENDPAY_00006928
VPAY_006929,VINV_006929,VEND_000032,2026-09-09T22:36:00,BANK_003,46145.00,INR,BANK_TRANSFER,SUCCESS,VENDPAY_00006929
VPAY_006930,VINV_006930,VEND_000042,2026-09-20T02:49:00,BANK_003,158305.26,INR,BANK_TRANSFER,SUCCESS,VENDPAY_00006930
VPAY_006931,VINV_006931,VEND_000017,2026-09-19T20:59:00,BANK_003,151925.00,INR,BANK_TRANSFER,SUCCESS,VENDPAY_00006931
VPAY_006932,VINV_006932,VEND_000055,2026-09-16T20:10:00,BANK_003,55146.12,INR,BANK_TRANSFER,SUCCESS,VENDPAY_00006932
VPAY_006933,VINV_006933,VEND_000069,2026-10-09T22:51:00,BANK_003,240465.12,INR,BANK_TRANSFER,SUCCESS,VENDPAY_00006933
VPAY_006934,VINV_006934,VEND_000030,2026-09-06T01:32:00,BANK_003,252977.84,INR,BANK_TRANSFER,SUCCESS,VENDPAY_00006934
VPAY_006935,VINV_006935,VEND_000025,2026-09-23T01:46:00,BANK_003,231446.38,INR,BANK_TRANSFER,SUCCESS,VENDPAY_00006935
VPAY_006936,VINV_006936,VEND_000034,2026-09-02T21:03:00,BANK_003,180252.08,INR,BANK_TRANSFER,SUCCESS,VENDPAY_00006936
VPAY_006937,VINV_006937,VEND_000089,2026-09-14T22:31:00,BANK_003,128636.52,INR,BANK_TRANSFER,SUCCESS,VENDPAY_00006937
VPAY_006938,VINV_006938,VEND_000085,2026-09-29T21:35:00,BANK_003,97060.90,INR,BANK_TRANSFER,SUCCESS,VENDPAY_00006938
VPAY_006939,VINV_006939,VEND_000024,2026-09-03T02:32:00,BANK_003,109941.78,INR,BANK_TRANSFER,SUCCESS,VENDPAY_00006939
VPAY_006940,VINV_006940,VEND_000048,2026-09-19T23:05:00,BANK_003,157393.12,INR,BANK_TRANSFER,SUCCESS,VENDPAY_00006940
VPAY_006941,VINV_006941,VEND_000014,2026-10-01T23:08:00,BANK_003,194744.84,INR,BANK_TRANSFER,SUCCESS,VENDPAY_00006941
VPAY_006942,VINV_006942,VEND_000083,2026-09-01T22:15:00,BANK_003,196080.60,INR,BANK_TRANSFER,SUCCESS,VENDPAY_00006942
VPAY_006943,VINV_006943,VEND_000094,2026-08-24T23:56:00,BANK_003,47941.04,INR,BANK_TRANSFER,SUCCESS,VENDPAY_00006943
VPAY_006944,VINV_006944,VEND_000097,2026-09-11T21:42:00,BANK_003,60346.38,INR,BANK_TRANSFER,SUCCESS,VENDPAY_00006944
VPAY_006945,VINV_006945,VEND_000110,2026-08-24T01:04:00,BANK_003,94801.20,INR,BANK_TRANSFER,SUCCESS,VENDPAY_00006945
VPAY_006946,VINV_006946,VEND_000093,2026-09-13T23:00:00,BANK_003,90251.00,INR,BANK_TRANSFER,SUCCESS,VENDPAY_00006946
VPAY_006947,VINV_006947,VEND_000098,2026-09-26T03:39:00,BANK_003,27511.00,INR,BANK_TRANSFER,SUCCESS,VENDPAY_00006947
VPAY_006948,VINV_006948,VEND_000103,2026-08-22T03:09:00,BANK_003,43930.22,INR,BANK_TRANSFER,SUCCESS,VENDPAY_00006948
VPAY_006949,VINV_006949,VEND_000106,2026-09-08T01:06:00,BANK_003,34392.28,INR,BANK_TRANSFER,SUCCESS,VENDPAY_00006949
VPAY_006950,VINV_006950,VEND_000092,2026-09-09T00:07:00,BANK_003,107731.64,INR,BANK_TRANSFER,SUCCESS,VENDPAY_00006950
VPAY_006951,VINV_006951,VEND_000105,2026-09-10T04:10:00,BANK_003,89983.26,INR,BANK_TRANSFER,SUCCESS,VENDPAY_00006951
VPAY_006952,VINV_006952,VEND_000092,2026-09-11T22:50:00,BANK_003,70044.80,INR,BANK_TRANSFER,SUCCESS,VENDPAY_00006952
VPAY_006953,VINV_006953,VEND_000108,2026-09-02T01:43:00,BANK_003,104054.76,INR,BANK_TRANSFER,SUCCESS,VENDPAY_00006953
VPAY_006954,VINV_006954,VEND_000095,2026-09-04T23:23:00,BANK_003,30849.92,INR,BANK_TRANSFER,SUCCESS,VENDPAY_00006954
VPAY_006955,VINV_006955,VEND_000107,2026-09-04T21:44:00,BANK_003,25228.40,INR,BANK_TRANSFER,SUCCESS,VENDPAY_00006955
VPAY_006956,VINV_006956,VEND_000108,2026-08-27T20:18:00,BANK_003,29438.64,INR,BANK_TRANSFER,SUCCESS,VENDPAY_00006956
VPAY_006957,VINV_006957,VEND_000102,2026-09-07T02:26:00,BANK_003,99077.52,INR,BANK_TRANSFER,SUCCESS,VENDPAY_00006957
VPAY_006958,VINV_006958,VEND_000099,2026-09-15T23:03:00,BANK_003,97190.70,INR,BANK_TRANSFER,SUCCESS,VENDPAY_00006958
VPAY_006959,VINV_006959,VEND_000091,2026-08-31T23:02:00,BANK_003,87217.34,INR,BANK_TRANSFER,SUCCESS,VENDPAY_00006959
VPAY_006960,VINV_006960,VEND_000099,2026-09-07T22:26:00,BANK_003,74233.80,INR,BANK_TRANSFER,SUCCESS,VENDPAY_00006960
VPAY_006961,VINV_006961,VEND_000108,2026-09-10T20:18:00,BANK_003,93279.00,INR,BANK_TRANSFER,SUCCESS,VENDPAY_00006961
VPAY_006962,VINV_006962,VEND_000108,2026-08-18T23:53:00,BANK_003,61586.56,INR,BANK_TRANSFER,SUCCESS,VENDPAY_00006962
VPAY_006963,VINV_006963,VEND_000110,2026-09-01T03:06:00,BANK_003,63399.04,INR,BANK_TRANSFER,SUCCESS,VENDPAY_00006963
VPAY_006964,VINV_006964,VEND_000092,2026-08-31T01:21:00,BANK_003,88360.76,INR,BANK_TRANSFER,SUCCESS,VENDPAY_00006964
VPAY_006965,VINV_006965,VEND_000095,2026-09-01T20:09:00,BANK_003,105648.94,INR,BANK_TRANSFER,SUCCESS,VENDPAY_00006965
VPAY_006966,VINV_006966,VEND_000110,2026-09-04T04:28:00,BANK_003,42325.42,INR,BANK_TRANSFER,SUCCESS,VENDPAY_00006966
VPAY_006967,VINV_006967,VEND_000093,2026-08-31T20:13:00,BANK_003,67500.00,INR,BANK_TRANSFER,SUCCESS,VENDPAY_00006967
VPAY_006968,VINV_006968,VEND_000101,2026-09-07T22:25:00,BANK_003,51534.14,INR,BANK_TRANSFER,SUCCESS,VENDPAY_00006968
VPAY_006969,VINV_006969,VEND_000103,2026-09-07T20:33:00,BANK_003,82767.56,INR,BANK_TRANSFER,SUCCESS,VENDPAY_00006969
VPAY_006970,VINV_006970,VEND_000093,2026-09-04T23:58:00,BANK_003,70614.00,INR,BANK_TRANSFER,SUCCESS,VENDPAY_00006970
VPAY_006971,VINV_006971,VEND_000109,2026-09-07T23:52:00,BANK_003,78106.56,INR,BANK_TRANSFER,SUCCESS,VENDPAY_00006971
VPAY_006972,VINV_006972,VEND_000107,2026-09-06T04:06:00,BANK_003,50765.96,INR,BANK_TRANSFER,SUCCESS,VENDPAY_00006972
VPAY_006973,VINV_006973,VEND_000099,2026-09-19T00:17:00,BANK_003,41892.36,INR,BANK_TRANSFER,SUCCESS,VENDPAY_00006973
VPAY_006974,VINV_006974,VEND_000102,2026-08-25T21:40:00,BANK_003,63007.28,INR,BANK_TRANSFER,SUCCESS,VENDPAY_00006974
VPAY_006975,VINV_006975,VEND_000093,2026-09-11T21:46:00,BANK_003,93602.00,INR,BANK_TRANSFER,SUCCESS,VENDPAY_00006975
VPAY_006976,VINV_006976,VEND_000107,2026-09-02T23:10:00,BANK_003,89290.60,INR,BANK_TRANSFER,SUCCESS,VENDPAY_00006976
VPAY_006977,VINV_006977,VEND_000107,2026-09-15T02:50:00,BANK_003,83165.22,INR,BANK_TRANSFER,SUCCESS,VENDPAY_00006977
VPAY_006978,VINV_006978,VEND_000092,2026-09-19T03:31:00,BANK_003,95407.72,INR,BANK_TRANSFER,SUCCESS,VENDPAY_00006978
VPAY_006979,VINV_006979,VEND_000092,2026-09-07T21:39:00,BANK_003,94132.14,INR,BANK_TRANSFER,SUCCESS,VENDPAY_00006979
VPAY_006980,VINV_006980,VEND_000104,2026-09-20T04:16:00,BANK_003,89823.00,INR,BANK_TRANSFER,SUCCESS,VENDPAY_00006980
VPAY_006981,VINV_006981,VEND_000105,2026-09-05T01:13:00,BANK_003,44697.22,INR,BANK_TRANSFER,SUCCESS,VENDPAY_00006981
VPAY_006982,VINV_006982,VEND_000092,2026-09-04T22:57:00,BANK_003,71896.22,INR,BANK_TRANSFER,SUCCESS,VENDPAY_00006982
VPAY_006983,VINV_006983,VEND_000109,2026-08-20T01:01:00,BANK_003,21317.88,INR,BANK_TRANSFER,SUCCESS,VENDPAY_00006983
VPAY_006984,VINV_006984,VEND_000094,2026-09-09T22:58:00,BANK_003,98009.62,INR,BANK_TRANSFER,SUCCESS,VENDPAY_00006984
VPAY_006985,VINV_006985,VEND_000096,2026-09-03T21:44:00,BANK_003,23067.82,INR,BANK_TRANSFER,SUCCESS,VENDPAY_00006985
VPAY_006986,VINV_006986,VEND_000100,2026-09-17T22:31:00,BANK_003,108679.18,INR,BANK_TRANSFER,SUCCESS,VENDPAY_00006986
VPAY_006987,VINV_006987,VEND_000110,2026-08-15T00:53:00,BANK_003,48402.42,INR,BANK_TRANSFER,SUCCESS,VENDPAY_00006987
VPAY_006988,VINV_006988,VEND_000096,2026-09-03T01:16:00,BANK_003,94035.38,INR,BANK_TRANSFER,SUCCESS,VENDPAY_00006988
VPAY_006989,VINV_006989,VEND_000105,2026-09-08T04:05:00,BANK_003,72860.28,INR,BANK_TRANSFER,SUCCESS,VENDPAY_00006989
VPAY_006990,VINV_006990,VEND_000105,2026-08-26T23:17:00,BANK_003,69066.58,INR,BANK_TRANSFER,SUCCESS,VENDPAY_00006990
VPAY_006991,VINV_006991,VEND_000103,2026-09-09T00:24:00,BANK_003,61129.90,INR,BANK_TRANSFER,SUCCESS,VENDPAY_00006991
VPAY_006992,VINV_006992,VEND_000093,2026-08-30T01:13:00,BANK_003,71013.00,INR,BANK_TRANSFER,SUCCESS,VENDPAY_00006992
VPAY_006993,VINV_006993,VEND_000097,2026-09-11T22:32:00,BANK_003,89416.86,INR,BANK_TRANSFER,SUCCESS,VENDPAY_00006993
VPAY_006994,VINV_006994,VEND_000097,2026-09-17T04:37:00,BANK_003,58104.38,INR,BANK_TRANSFER,SUCCESS,VENDPAY_00006994
VPAY_006995,VINV_006995,VEND_000104,2026-09-25T21:19:00,BANK_003,69835.00,INR,BANK_TRANSFER,SUCCESS,VENDPAY_00006995
VPAY_006996,VINV_006996,VEND_000094,2026-08-21T02:30:00,BANK_003,79504.86,INR,BANK_TRANSFER,SUCCESS,VENDPAY_00006996
VPAY_006997,VINV_006997,VEND_000093,2026-09-01T22:02:00,BANK_003,78005.00,INR,BANK_TRANSFER,SUCCESS,VENDPAY_00006997
VPAY_006998,VINV_006998,VEND_000107,2026-09-20T22:22:00,BANK_003,67372.10,INR,BANK_TRANSFER,SUCCESS,VENDPAY_00006998
VPAY_006999,VINV_006999,VEND_000093,2026-09-01T02:36:00,BANK_003,54049.00,INR,BANK_TRANSFER,SUCCESS,VENDPAY_00006999
VPAY_007000,VINV_007000,VEND_000097,2026-09-18T21:35:00,BANK_003,73424.32,INR,BANK_TRANSFER,SUCCESS,VENDPAY_00007000
VPAY_007001,VINV_007001,VEND_000092,2026-09-17T03:04:00,BANK_003,76220.92,INR,BANK_TRANSFER,SUCCESS,VENDPAY_00007001
VPAY_007002,VINV_007002,VEND_000109,2026-09-05T02:43:00,BANK_003,110567.18,INR,BANK_TRANSFER,SUCCESS,VENDPAY_00007002
VPAY_007003,VINV_007003,VEND_000102,2026-09-03T02:59:00,BANK_003,58898.52,INR,BANK_TRANSFER,SUCCESS,VENDPAY_00007003
VPAY_007004,VINV_007004,VEND_000094,2026-08-27T02:13:00,BANK_003,36268.48,INR,BANK_TRANSFER,SUCCESS,VENDPAY_00007004
VPAY_007005,VINV_007005,VEND_000107,2026-09-25T02:58:00,BANK_003,78766.18,INR,BANK_TRANSFER,SUCCESS,VENDPAY_00007005
VPAY_007006,VINV_007006,VEND_000099,2026-09-27T00:46:00,BANK_003,84707.48,INR,BANK_TRANSFER,SUCCESS,VENDPAY_00007006
VPAY_007007,VINV_007007,VEND_000096,2026-08-30T20:54:00,BANK_003,33051.80,INR,BANK_TRANSFER,SUCCESS,VENDPAY_00007007
VPAY_007008,VINV_007008,VEND_000097,2026-09-24T04:21:00,BANK_003,29331.26,INR,BANK_TRANSFER,SUCCESS,VENDPAY_00007008
VPAY_007009,VINV_007009,VEND_000108,2026-08-19T22:32:00,BANK_003,22525.02,INR,BANK_TRANSFER,SUCCESS,VENDPAY_00007009
VPAY_007010,VINV_007010,VEND_000104,2026-09-06T03:40:00,BANK_003,52694.00,INR,BANK_TRANSFER,SUCCESS,VENDPAY_00007010
VPAY_007011,VINV_007011,VEND_000095,2026-09-02T22:59:00,BANK_003,22578.12,INR,BANK_TRANSFER,SUCCESS,VENDPAY_00007011
VPAY_007012,VINV_007012,VEND_000096,2026-09-08T20:58:00,BANK_003,110085.74,INR,BANK_TRANSFER,SUCCESS,VENDPAY_00007012
VPAY_007013,VINV_007013,VEND_000108,2026-09-10T00:04:00,BANK_003,37011.88,INR,BANK_TRANSFER,SUCCESS,VENDPAY_00007013
VPAY_007014,VINV_007014,VEND_000100,2026-09-23T23:09:00,BANK_003,94005.88,INR,BANK_TRANSFER,SUCCESS,VENDPAY_00007014
VPAY_007015,VINV_007015,VEND_000103,2026-08-24T23:28:00,BANK_003,21999.92,INR,BANK_TRANSFER,SUCCESS,VENDPAY_00007015
VPAY_007016,VINV_007016,VEND_000094,2026-09-16T02:52:00,BANK_003,95753.46,INR,BANK_TRANSFER,SUCCESS,VENDPAY_00007016
VPAY_007017,VINV_007017,VEND_000096,2026-08-31T20:59:00,BANK_003,33705.52,INR,BANK_TRANSFER,SUCCESS,VENDPAY_00007017
VPAY_007018,VINV_007018,VEND_000106,2026-09-18T02:23:00,BANK_003,73198.94,INR,BANK_TRANSFER,SUCCESS,VENDPAY_00007018
VPAY_007019,VINV_007019,VEND_000095,2026-09-05T22:37:00,BANK_003,49222.52,INR,BANK_TRANSFER,SUCCESS,VENDPAY_00007019
VPAY_007020,VINV_007020,VEND_000107,2026-09-22T20:49:00,BANK_003,101428.08,INR,BANK_TRANSFER,SUCCESS,VENDPAY_00007020
VPAY_007021,VINV_007021,VEND_000108,2026-08-31T00:17:00,BANK_003,102398.04,INR,BANK_TRANSFER,SUCCESS,VENDPAY_00007021
VPAY_007022,VINV_007022,VEND_000101,2026-08-31T23:51:00,BANK_003,100539.54,INR,BANK_TRANSFER,SUCCESS,VENDPAY_00007022
VPAY_007023,VINV_007023,VEND_000093,2026-08-28T20:56:00,BANK_003,48880.00,INR,BANK_TRANSFER,SUCCESS,VENDPAY_00007023
VPAY_007024,VINV_007024,VEND_000095,2026-09-14T23:13:00,BANK_003,111137.12,INR,BANK_TRANSFER,SUCCESS,VENDPAY_00007024
VPAY_007025,VINV_007025,VEND_000091,2026-09-11T02:42:00,BANK_003,72015.40,INR,BANK_TRANSFER,SUCCESS,VENDPAY_00007025
VPAY_007026,VINV_007026,VEND_000101,2026-09-15T03:06:00,BANK_003,31137.84,INR,BANK_TRANSFER,SUCCESS,VENDPAY_00007026
VPAY_007027,VINV_007027,VEND_000098,2026-09-21T21:40:00,BANK_003,85624.00,INR,BANK_TRANSFER,SUCCESS,VENDPAY_00007027
VPAY_007028,VINV_007028,VEND_000099,2026-09-06T21:57:00,BANK_003,102900.72,INR,BANK_TRANSFER,SUCCESS,VENDPAY_00007028
VPAY_007029,VINV_007029,VEND_000098,2026-09-26T03:41:00,BANK_003,73303.00,INR,BANK_TRANSFER,SUCCESS,VENDPAY_00007029
VPAY_007030,VINV_007030,VEND_000093,2026-08-31T21:59:00,BANK_003,65204.00,INR,BANK_TRANSFER,SUCCESS,VENDPAY_00007030
VPAY_007031,VINV_007031,VEND_000095,2026-08-24T23:43:00,BANK_003,58358.08,INR,BANK_TRANSFER,SUCCESS,VENDPAY_00007031
VPAY_007032,VINV_007032,VEND_000104,2026-09-22T03:28:00,BANK_003,61946.00,INR,BANK_TRANSFER,SUCCESS,VENDPAY_00007032
VPAY_007033,VINV_007033,VEND_000098,2026-09-18T03:49:00,BANK_003,31387.00,INR,BANK_TRANSFER,SUCCESS,VENDPAY_00007033
VPAY_007034,VINV_007034,VEND_000105,2026-08-25T20:39:00,BANK_003,67563.26,INR,BANK_TRANSFER,SUCCESS,VENDPAY_00007034
VPAY_007035,VINV_007035,VEND_000105,2026-09-05T01:19:00,BANK_003,48500.36,INR,BANK_TRANSFER,SUCCESS,VENDPAY_00007035
VPAY_007036,VINV_007036,VEND_000104,2026-09-13T02:49:00,BANK_003,39227.00,INR,BANK_TRANSFER,SUCCESS,VENDPAY_00007036
VPAY_007037,VINV_007037,VEND_000102,2026-08-31T23:57:00,BANK_003,85946.48,INR,BANK_TRANSFER,SUCCESS,VENDPAY_00007037
VPAY_007038,VINV_007038,VEND_000094,2026-09-08T00:47:00,BANK_003,41355.46,INR,BANK_TRANSFER,SUCCESS,VENDPAY_00007038
VPAY_007039,VINV_007039,VEND_000091,2026-09-10T03:01:00,BANK_003,97263.86,INR,BANK_TRANSFER,SUCCESS,VENDPAY_00007039
VPAY_007040,VINV_007040,VEND_000106,2026-09-04T00:25:00,BANK_003,104694.32,INR,BANK_TRANSFER,SUCCESS,VENDPAY_00007040
VPAY_007041,VINV_007041,VEND_000101,2026-09-02T21:59:00,BANK_003,67454.70,INR,BANK_TRANSFER,SUCCESS,VENDPAY_00007041
VPAY_007042,VINV_007042,VEND_000103,2026-08-25T02:11:00,BANK_003,57067.16,INR,BANK_TRANSFER,SUCCESS,VENDPAY_00007042
VPAY_007043,VINV_007043,VEND_000100,2026-09-18T23:47:00,BANK_003,33598.14,INR,BANK_TRANSFER,SUCCESS,VENDPAY_00007043
VPAY_007044,VINV_007044,VEND_000108,2026-08-24T00:30:00,BANK_003,102013.36,INR,BANK_TRANSFER,SUCCESS,VENDPAY_00007044
VPAY_007045,VINV_007045,VEND_000096,2026-09-16T01:25:00,BANK_003,102177.38,INR,BANK_TRANSFER,SUCCESS,VENDPAY_00007045
VPAY_007046,VINV_007046,VEND_000092,2026-09-21T20:21:00,BANK_003,70128.58,INR,BANK_TRANSFER,SUCCESS,VENDPAY_00007046
VPAY_007047,VINV_007047,VEND_000110,2026-08-28T01:59:00,BANK_003,102589.20,INR,BANK_TRANSFER,SUCCESS,VENDPAY_00007047
VPAY_007048,VINV_007048,VEND_000108,2026-09-02T03:22:00,BANK_003,65559.62,INR,BANK_TRANSFER,SUCCESS,VENDPAY_00007048
VPAY_007049,VINV_007049,VEND_000092,2026-09-02T03:18:00,BANK_003,58752.20,INR,BANK_TRANSFER,SUCCESS,VENDPAY_00007049
VPAY_007050,VINV_007050,VEND_000096,2026-09-10T01:13:00,BANK_003,104819.40,INR,BANK_TRANSFER,SUCCESS,VENDPAY_00007050
VPAY_007051,VINV_007051,VEND_000096,2026-09-16T01:05:00,BANK_003,53658.14,INR,BANK_TRANSFER,SUCCESS,VENDPAY_00007051
VPAY_007052,VINV_007052,VEND_000104,2026-09-19T03:36:00,BANK_003,68021.00,INR,BANK_TRANSFER,SUCCESS,VENDPAY_00007052
VPAY_007053,VINV_007053,VEND_000105,2026-09-04T21:27:00,BANK_003,95561.12,INR,BANK_TRANSFER,SUCCESS,VENDPAY_00007053
VPAY_007054,VINV_007054,VEND_000108,2026-08-24T01:26:00,BANK_003,73504.56,INR,BANK_TRANSFER,SUCCESS,VENDPAY_00007054
VPAY_007055,VINV_007055,VEND_000103,2026-09-10T21:06:00,BANK_003,25733.44,INR,BANK_TRANSFER,SUCCESS,VENDPAY_00007055
VPAY_007056,VINV_007056,VEND_000106,2026-09-14T21:58:00,BANK_003,90658.22,INR,BANK_TRANSFER,SUCCESS,VENDPAY_00007056
VPAY_007057,VINV_007057,VEND_000093,2026-09-05T22:52:00,BANK_003,18950.00,INR,BANK_TRANSFER,SUCCESS,VENDPAY_00007057
VPAY_007058,VINV_007058,VEND_000099,2026-09-23T04:23:00,BANK_003,74901.68,INR,BANK_TRANSFER,SUCCESS,VENDPAY_00007058
VPAY_007059,VINV_007059,VEND_000101,2026-08-30T20:21:00,BANK_003,87015.56,INR,BANK_TRANSFER,SUCCESS,VENDPAY_00007059
VPAY_007060,VINV_007060,VEND_000105,2026-09-09T22:47:00,BANK_003,98526.46,INR,BANK_TRANSFER,SUCCESS,VENDPAY_00007060
VPAY_007061,VINV_007061,VEND_000101,2026-09-02T22:04:00,BANK_003,54177.34,INR,BANK_TRANSFER,SUCCESS,VENDPAY_00007061
VPAY_007062,VINV_007062,VEND_000106,2026-09-04T02:05:00,BANK_003,55006.88,INR,BANK_TRANSFER,SUCCESS,VENDPAY_00007062
VPAY_007063,VINV_007063,VEND_000095,2026-09-08T02:02:00,BANK_003,47565.80,INR,BANK_TRANSFER,SUCCESS,VENDPAY_00007063
VPAY_007064,VINV_007064,VEND_000091,2026-09-17T00:20:00,BANK_003,69522.06,INR,BANK_TRANSFER,SUCCESS,VENDPAY_00007064
VPAY_007065,VINV_007065,VEND_000095,2026-09-04T01:50:00,BANK_003,72443.74,INR,BANK_TRANSFER,SUCCESS,VENDPAY_00007065
VPAY_007066,VINV_007066,VEND_000107,2026-09-17T22:00:00,BANK_003,55719.60,INR,BANK_TRANSFER,SUCCESS,VENDPAY_00007066
VPAY_007067,VINV_007067,VEND_000105,2026-08-27T22:41:00,BANK_003,27221.42,INR,BANK_TRANSFER,SUCCESS,VENDPAY_00007067
VPAY_007068,VINV_007068,VEND_000108,2026-08-20T21:58:00,BANK_003,104361.56,INR,BANK_TRANSFER,SUCCESS,VENDPAY_00007068
VPAY_007069,VINV_007069,VEND_000100,2026-09-18T22:09:00,BANK_003,83063.74,INR,BANK_TRANSFER,SUCCESS,VENDPAY_00007069
VPAY_007070,VINV_007070,VEND_000101,2026-09-09T01:36:00,BANK_003,80029.96,INR,BANK_TRANSFER,SUCCESS,VENDPAY_00007070
VPAY_007071,VINV_007071,VEND_000099,2026-09-19T22:55:00,BANK_003,100875.84,INR,BANK_TRANSFER,SUCCESS,VENDPAY_00007071
VPAY_007072,VINV_007072,VEND_000104,2026-09-21T22:28:00,BANK_003,83465.00,INR,BANK_TRANSFER,SUCCESS,VENDPAY_00007072
VPAY_007073,VINV_007073,VEND_000096,2026-09-11T02:11:00,BANK_003,32151.46,INR,BANK_TRANSFER,SUCCESS,VENDPAY_00007073
VPAY_007074,VINV_007074,VEND_000101,2026-09-08T00:02:00,BANK_003,75720.60,INR,BANK_TRANSFER,SUCCESS,VENDPAY_00007074
VPAY_007075,VINV_007075,VEND_000104,2026-09-08T20:48:00,BANK_003,39191.00,INR,BANK_TRANSFER,SUCCESS,VENDPAY_00007075
VPAY_007076,VINV_007076,VEND_000109,2026-08-23T22:38:00,BANK_003,64398.50,INR,BANK_TRANSFER,SUCCESS,VENDPAY_00007076
VPAY_007077,VINV_007077,VEND_000104,2026-09-24T02:39:00,BANK_003,21149.00,INR,BANK_TRANSFER,SUCCESS,VENDPAY_00007077
VPAY_007078,VINV_007078,VEND_000093,2026-09-14T22:04:00,BANK_003,34878.00,INR,BANK_TRANSFER,SUCCESS,VENDPAY_00007078
VPAY_007079,VINV_007079,VEND_000098,2026-09-19T00:35:00,BANK_003,93487.00,INR,BANK_TRANSFER,SUCCESS,VENDPAY_00007079
VPAY_007080,VINV_007080,VEND_000107,2026-09-04T21:26:00,BANK_003,98386.04,INR,BANK_TRANSFER,SUCCESS,VENDPAY_00007080
VPAY_007081,VINV_007081,VEND_000098,2026-09-14T03:15:00,BANK_003,50473.00,INR,BANK_TRANSFER,SUCCESS,VENDPAY_00007081
VPAY_007082,VINV_007082,VEND_000108,2026-08-20T00:53:00,BANK_003,32946.78,INR,BANK_TRANSFER,SUCCESS,VENDPAY_00007082
VPAY_007083,VINV_007083,VEND_000102,2026-08-29T21:25:00,BANK_003,55026.94,INR,BANK_TRANSFER,SUCCESS,VENDPAY_00007083
VPAY_007084,VINV_007084,VEND_000097,2026-09-14T23:26:00,BANK_003,71672.02,INR,BANK_TRANSFER,SUCCESS,VENDPAY_00007084
VPAY_007085,VINV_007085,VEND_000105,2026-08-20T02:46:00,BANK_003,97180.08,INR,BANK_TRANSFER,SUCCESS,VENDPAY_00007085
VPAY_007086,VINV_007086,VEND_000101,2026-09-04T01:02:00,BANK_003,80162.12,INR,BANK_TRANSFER,SUCCESS,VENDPAY_00007086
VPAY_007087,VINV_007087,VEND_000102,2026-09-14T21:04:00,BANK_003,92799.92,INR,BANK_TRANSFER,SUCCESS,VENDPAY_00007087
VPAY_007088,VINV_007088,VEND_000106,2026-09-21T01:36:00,BANK_003,73922.28,INR,BANK_TRANSFER,SUCCESS,VENDPAY_00007088
VPAY_007089,VINV_007089,VEND_000091,2026-08-30T00:43:00,BANK_003,74227.90,INR,BANK_TRANSFER,SUCCESS,VENDPAY_00007089
VPAY_007090,VINV_007090,VEND_000103,2026-09-05T23:01:00,BANK_003,41965.52,INR,BANK_TRANSFER,SUCCESS,VENDPAY_00007090
VPAY_007091,VINV_007091,VEND_000100,2026-09-14T03:01:00,BANK_003,100728.34,INR,BANK_TRANSFER,SUCCESS,VENDPAY_00007091
VPAY_007092,VINV_007092,VEND_000108,2026-09-07T02:56:00,BANK_003,55923.74,INR,BANK_TRANSFER,SUCCESS,VENDPAY_00007092
VPAY_007093,VINV_007093,VEND_000095,2026-08-24T22:38:00,BANK_003,77996.82,INR,BANK_TRANSFER,SUCCESS,VENDPAY_00007093
VPAY_007094,VINV_007094,VEND_000107,2026-09-08T04:31:00,BANK_003,98668.06,INR,BANK_TRANSFER,SUCCESS,VENDPAY_00007094
VPAY_007095,VINV_007095,VEND_000101,2026-08-28T03:39:00,BANK_003,36130.42,INR,BANK_TRANSFER,SUCCESS,VENDPAY_00007095
VPAY_007096,VINV_007096,VEND_000102,2026-09-02T03:30:00,BANK_003,97246.16,INR,BANK_TRANSFER,SUCCESS,VENDPAY_00007096
VPAY_007097,VINV_007097,VEND_000092,2026-09-04T02:49:00,BANK_003,52869.90,INR,BANK_TRANSFER,SUCCESS,VENDPAY_00007097
VPAY_007098,VINV_007098,VEND_000103,2026-09-02T02:21:00,BANK_003,61773.00,INR,BANK_TRANSFER,SUCCESS,VENDPAY_00007098
VPAY_007099,VINV_007099,VEND_000108,2026-08-28T00:07:00,BANK_003,43124.28,INR,BANK_TRANSFER,SUCCESS,VENDPAY_00007099
VPAY_007100,VINV_007100,VEND_000102,2026-09-01T04:42:00,BANK_003,58663.70,INR,BANK_TRANSFER,SUCCESS,VENDPAY_00007100
VPAY_007101,VINV_007101,VEND_000100,2026-09-06T04:19:00,BANK_003,65432.18,INR,BANK_TRANSFER,SUCCESS,VENDPAY_00007101
VPAY_007102,VINV_007102,VEND_000104,2026-09-12T01:31:00,BANK_003,48612.00,INR,BANK_TRANSFER,SUCCESS,VENDPAY_00007102
VPAY_007103,VINV_007103,VEND_000093,2026-09-15T03:34:00,BANK_003,41072.00,INR,BANK_TRANSFER,SUCCESS,VENDPAY_00007103
VPAY_007104,VINV_007104,VEND_000096,2026-09-07T23:13:00,BANK_003,75925.92,INR,BANK_TRANSFER,SUCCESS,VENDPAY_00007104
VPAY_007105,VINV_007105,VEND_000092,2026-09-10T01:59:00,BANK_003,25401.86,INR,BANK_TRANSFER,SUCCESS,VENDPAY_00007105
VPAY_007106,VINV_007106,VEND_000099,2026-09-06T01:23:00,BANK_003,34933.90,INR,BANK_TRANSFER,SUCCESS,VENDPAY_00007106
VPAY_007107,VINV_007107,VEND_000101,2026-09-06T00:09:00,BANK_003,68023.46,INR,BANK_TRANSFER,SUCCESS,VENDPAY_00007107
VPAY_007108,VINV_007108,VEND_000110,2026-08-19T01:04:00,BANK_003,34689.64,INR,BANK_TRANSFER,SUCCESS,VENDPAY_00007108
VPAY_007109,VINV_007109,VEND_000098,2026-09-18T21:04:00,BANK_003,52339.00,INR,BANK_TRANSFER,SUCCESS,VENDPAY_00007109
VPAY_007110,VINV_007110,VEND_000097,2026-09-22T03:24:00,BANK_003,54389.74,INR,BANK_TRANSFER,SUCCESS,VENDPAY_00007110
VPAY_007111,VINV_007111,VEND_000105,2026-09-03T22:31:00,BANK_003,87361.30,INR,BANK_TRANSFER,SUCCESS,VENDPAY_00007111
VPAY_007112,VINV_007112,VEND_000098,2026-09-07T03:00:00,BANK_003,56057.00,INR,BANK_TRANSFER,SUCCESS,VENDPAY_00007112
VPAY_007113,VINV_007113,VEND_000096,2026-09-15T01:55:00,BANK_003,34589.34,INR,BANK_TRANSFER,SUCCESS,VENDPAY_00007113
VPAY_007114,VINV_007114,VEND_000098,2026-09-04T22:19:00,BANK_003,23168.00,INR,BANK_TRANSFER,SUCCESS,VENDPAY_00007114
VPAY_007115,VINV_007115,VEND_000096,2026-09-15T00:54:00,BANK_003,102538.46,INR,BANK_TRANSFER,SUCCESS,VENDPAY_00007115
VPAY_007116,VINV_007116,VEND_000104,2026-09-13T21:59:00,BANK_003,57586.00,INR,BANK_TRANSFER,SUCCESS,VENDPAY_00007116
VPAY_007117,VINV_007117,VEND_000109,2026-09-04T04:25:00,BANK_003,37895.70,INR,BANK_TRANSFER,SUCCESS,VENDPAY_00007117
VPAY_007118,VINV_007118,VEND_000093,2026-08-24T21:53:00,BANK_003,46437.00,INR,BANK_TRANSFER,SUCCESS,VENDPAY_00007118
VPAY_007119,VINV_007119,VEND_000097,2026-09-14T21:03:00,BANK_003,35792.94,INR,BANK_TRANSFER,SUCCESS,VENDPAY_00007119
VPAY_007120,VINV_007120,VEND_000138,2026-09-20T00:50:00,BANK_003,126324.90,INR,BANK_TRANSFER,SUCCESS,VENDPAY_00007120
VPAY_007121,VINV_007121,VEND_000130,2026-08-21T02:30:00,BANK_003,139546.80,INR,BANK_TRANSFER,SUCCESS,VENDPAY_00007121
VPAY_007122,VINV_007122,VEND_000116,2026-08-26T00:30:00,BANK_003,31254.66,INR,BANK_TRANSFER,SUCCESS,VENDPAY_00007122
