settlement_id,settlement_date,gateway,currency,payment_count,gross_amount,refund_deductions,net_settlement_amount,destination_account_id,gateway_settlement_reference,first_payment_id,last_payment_id
SET_000001,2025-09-05T22:04:10,PayFlow,INR,36,35148.41,340.31,34808.10,BANK_002,PFSET_00000001,PAY_004303,PAY_009474
SET_000002,2025-09-05T19:24:28,PayFlow,INR,34,49916.07,0.00,49916.07,BANK_002,PFSET_00000002,PAY_002034,PAY_002120
SET_000003,2025-09-02T19:03:11,PayFlow,INR,42,48538.62,0.00,48538.62,BANK_002,PFSET_00000003,PAY_000601,PAY_000873
SET_000004,2025-09-05T23:49:18,PayFlow,INR,35,54815.56,0.00,54815.56,BANK_002,PFSET_00000004,PAY_008124,PAY_004642
SET_000005,2025-09-04T22:10:31,PayFlow,INR,35,41559.86,2050.84,39509.02,BANK_002,PFSET_00000005,PAY_008106,PAY_005262
SET_000006,2025-09-05T00:51:42,PayFlow,INR,26,38715.64,2597.18,36118.46,BANK_002,PFSET_00000006,PAY_002216,PAY_007284
SET_000007,2025-09-05T21:23:13,PayFlow,INR,41,43007.23,0.00,43007.23,BANK_002,PFSET_00000007,PAY_002561,PAY_006018
SET_000008,2025-09-06T02:17:54,PayFlow,INR,37,46032.20,3015.25,43016.95,BANK_002,PFSET_00000008,PAY_008319,PAY_005045
SET_000009,2025-09-05T23:21:15,PayFlow,INR,31,29313.72,1230.98,28082.74,BANK_002,PFSET_00000009,PAY_003688,PAY_009671
SET_000010,2025-09-03T04:34:28,PayFlow,INR,35,48514.34,0.00,48514.34,BANK_002,PFSET_00000010,PAY_007561,PAY_005512
SET_000011,2025-09-04T19:43:05,PayFlow,INR,33,38768.64,0.00,38768.64,BANK_002,PFSET_00000011,PAY_001883,PAY_002254
SET_000012,2025-09-04T20:25:25,PayFlow,INR,25,32029.57,0.00,32029.57,BANK_002,PFSET_00000012,PAY_004776,PAY_005978
SET_000013,2025-09-05T00:45:08,PayFlow,INR,32,36585.01,0.00,36585.01,BANK_002,PFSET_00000013,PAY_004459,PAY_008178
SET_000014,2025-09-05T00:35:39,PayFlow,INR,37,43732.93,0.00,43732.93,BANK_002,PFSET_00000014,PAY_003666,PAY_005013
SET_000015,2025-09-04T18:13:55,PayFlow,INR,35,32708.20,0.00,32708.20,BANK_002,PFSET_00000015,PAY_006305,PAY_004136
SET_000016,2025-09-05T18:55:50,PayFlow,INR,31,31995.73,0.00,31995.73,BANK_002,PFSET_00000016,PAY_003647,PAY_003499
SET_000017,2025-09-07T00:47:43,PayFlow,INR,32,41585.58,0.00,41585.58,BANK_002,PFSET_00000017,PAY_003678,PAY_007046
SET_000018,2025-09-04T03:39:03,PayFlow,INR,39,50762.95,0.00,50762.95,BANK_002,PFSET_00000018,PAY_008983,PAY_009713
SET_000019,2025-09-04T02:16:15,PayFlow,INR,35,36128.21,0.00,36128.21,BANK_002,PFSET_00000019,PAY_004430,PAY_005220
SET_000020,2025-09-04T05:52:49,PayFlow,INR,29,28488.11,0.00,28488.11,BANK_002,PFSET_00000020,PAY_007139,PAY_006953
SET_000021,2025-09-06T09:56:49,PayFlow,INR,45,60793.34,0.00,60793.34,BANK_002,PFSET_00000021,PAY_003276,PAY_008015
SET_000022,2025-09-04T20:40:13,PayFlow,INR,34,37987.56,921.58,37065.98,BANK_002,PFSET_00000022,PAY_005861,PAY_008134
SET_000023,2025-09-06T19:58:45,PayFlow,INR,34,41635.04,0.00,41635.04,BANK_002,PFSET_00000023,PAY_000617,PAY_008138
SET_000024,2025-09-07T01:54:57,PayFlow,INR,28,34336.06,0.00,34336.06,BANK_002,PFSET_00000024,PAY_005151,PAY_002327
SET_000025,2025-09-05T02:02:50,PayFlow,INR,35,36376.66,0.00,36376.66,BANK_002,PFSET_00000025,PAY_000899,PAY_002740
SET_000026,2025-09-05T01:41:57,PayFlow,INR,29,40917.54,0.00,40917.54,BANK_002,PFSET_00000026,PAY_009275,PAY_002045
SET_000027,2025-09-07T03:41:46,PayFlow,INR,37,52973.65,0.00,52973.65,BANK_002,PFSET_00000027,PAY_008447,PAY_002128
SET_000028,2025-09-07T05:14:08,PayFlow,INR,25,35022.94,826.00,34196.94,BANK_002,PFSET_00000028,PAY_007237,PAY_008496
SET_000029,2025-09-07T02:30:17,PayFlow,INR,42,52871.16,0.00,52871.16,BANK_002,PFSET_00000029,PAY_001438,PAY_002135
SET_000030,2025-09-06T05:56:29,PayFlow,INR,30,47768.84,0.00,47768.84,BANK_002,PFSET_00000030,PAY_001063,PAY_009887
SET_000031,2025-09-08T01:38:57,PayFlow,INR,30,40282.41,0.00,40282.41,BANK_002,PFSET_00000031,PAY_005851,PAY_001580
SET_000032,2025-09-05T00:19:16,PayFlow,INR,31,30369.11,0.00,30369.11,BANK_002,PFSET_00000032,PAY_002976,PAY_002412
SET_000033,2025-09-08T16:53:01,PayFlow,INR,31,37306.21,1175.59,36130.62,BANK_002,PFSET_00000033,PAY_004703,PAY_008906
SET_000034,2025-09-07T20:14:44,PayFlow,INR,39,37093.16,0.00,37093.16,BANK_002,PFSET_00000034,PAY_000178,PAY_004800
SET_000035,2025-09-06T16:54:26,PayFlow,INR,33,45442.76,0.00,45442.76,BANK_002,PFSET_00000035,PAY_003040,PAY_007266
SET_000036,2025-09-08T01:52:05,PayFlow,INR,28,22020.08,0.00,22020.08,BANK_002,PFSET_00000036,PAY_004999,PAY_006423
SET_000037,2025-09-05T21:53:00,PayFlow,INR,33,39557.20,799.98,38757.22,BANK_002,PFSET_00000037,PAY_005910,PAY_005992
SET_000038,2025-09-07T20:42:55,PayFlow,INR,29,41165.76,0.00,41165.76,BANK_002,PFSET_00000038,PAY_007375,PAY_003605
SET_000039,2025-09-05T23:55:48,PayFlow,INR,37,51499.83,0.00,51499.83,BANK_002,PFSET_00000039,PAY_002434,PAY_004829
SET_000040,2025-09-08T21:52:45,PayFlow,INR,37,46357.08,0.00,46357.08,BANK_002,PFSET_00000040,PAY_007190,PAY_008181
SET_000041,2025-09-09T04:20:04,PayFlow,INR,31,32105.18,1355.11,30750.07,BANK_002,PFSET_00000041,PAY_000158,PAY_006232
SET_000042,2025-09-06T06:54:53,PayFlow,INR,35,39290.68,0.00,39290.68,BANK_002,PFSET_00000042,PAY_006756,PAY_003540
SET_000043,2025-09-09T02:25:58,PayFlow,INR,29,28991.95,0.00,28991.95,BANK_002,PFSET_00000043,PAY_001503,PAY_009261
SET_000044,2025-09-07T17:12:30,PayFlow,INR,31,26801.49,415.42,26386.07,BANK_002,PFSET_00000044,PAY_007211,PAY_003845
SET_000045,2025-09-07T19:34:37,PayFlow,INR,32,43819.80,0.00,43819.80,BANK_002,PFSET_00000045,PAY_008820,PAY_002452
SET_000046,2025-09-08T18:03:13,PayFlow,INR,33,41973.61,0.00,41973.61,BANK_002,PFSET_00000046,PAY_006733,PAY_003675
SET_000047,2025-09-08T18:09:49,PayFlow,INR,36,35931.58,0.00,35931.58,BANK_002,PFSET_00000047,PAY_008279,PAY_001023
SET_000048,2025-09-09T23:33:15,PayFlow,INR,34,38430.53,0.00,38430.53,BANK_002,PFSET_00000048,PAY_002990,PAY_002484
SET_000049,2025-09-09T20:38:49,PayFlow,INR,30,42035.58,0.00,42035.58,BANK_002,PFSET_00000049,PAY_007982,PAY_007179
SET_000050,2025-09-10T00:02:17,PayFlow,INR,31,40719.35,0.00,40719.35,BANK_002,PFSET_00000050,PAY_009257,PAY_002297
SET_000051,2025-09-08T02:35:28,PayFlow,INR,40,44290.69,0.00,44290.69,BANK_002,PFSET_00000051,PAY_006432,PAY_009509
SET_000052,2025-09-08T23:10:06,PayFlow,INR,29,32735.37,0.00,32735.37,BANK_002,PFSET_00000052,PAY_001761,PAY_005712
SET_000053,2025-09-08T23:24:23,PayFlow,INR,37,42062.87,2974.81,39088.06,BANK_002,PFSET_00000053,PAY_003887,PAY_002967
SET_000054,2025-09-07T06:18:58,PayFlow,INR,30,35783.79,0.00,35783.79,BANK_002,PFSET_00000054,PAY_004661,PAY_005296
SET_000055,2025-09-10T20:40:33,PayFlow,INR,28,32049.39,0.00,32049.39,BANK_002,PFSET_00000055,PAY_003509,PAY_004744
SET_000056,2025-09-11T00:54:41,PayFlow,INR,32,39904.44,339.19,39565.25,BANK_002,PFSET_00000056,PAY_002938,PAY_002288
SET_000057,2025-09-10T22:41:49,PayFlow,INR,30,37925.73,0.00,37925.73,BANK_002,PFSET_00000057,PAY_007533,PAY_002583
SET_000058,2025-09-10T22:00:06,PayFlow,INR,34,45603.00,731.60,44871.40,BANK_002,PFSET_00000058,PAY_007704,PAY_002983
SET_000059,2025-09-09T21:48:19,PayFlow,INR,33,29568.95,0.00,29568.95,BANK_002,PFSET_00000059,PAY_001262,PAY_001281
SET_000060,2025-09-09T03:55:22,PayFlow,INR,29,32942.83,0.00,32942.83,BANK_002,PFSET_00000060,PAY_000865,PAY_007499
SET_000061,2025-09-10T04:03:57,PayFlow,INR,33,31099.94,0.00,31099.94,BANK_002,PFSET_00000061,PAY_007259,PAY_005549
SET_000062,2025-09-10T04:14:04,PayFlow,INR,32,30574.52,0.00,30574.52,BANK_002,PFSET_00000062,PAY_006536,PAY_000240
SET_000063,2025-09-11T01:09:37,PayFlow,INR,33,32628.39,649.07,31979.32,BANK_002,PFSET_00000063,PAY_001889,PAY_003844
SET_000064,2025-09-11T14:23:50,PayFlow,INR,33,46322.59,0.00,46322.59,BANK_002,PFSET_00000064,PAY_003074,PAY_003204
SET_000065,2025-09-11T23:05:33,PayFlow,INR,43,54908.49,501.74,54406.75,BANK_002,PFSET_00000065,PAY_001242,PAY_001525
SET_000066,2025-09-08T22:29:11,PayFlow,INR,33,38880.96,0.00,38880.96,BANK_002,PFSET_00000066,PAY_008816,PAY_007275
SET_000067,2025-09-12T02:27:47,PayFlow,INR,30,38406.18,0.00,38406.18,BANK_002,PFSET_00000067,PAY_005819,PAY_007257
SET_000068,2025-09-11T21:31:00,PayFlow,INR,29,30623.93,0.00,30623.93,BANK_002,PFSET_00000068,PAY_004068,PAY_008806
SET_000069,2025-09-09T20:12:44,PayFlow,INR,28,27030.19,0.00,27030.19,BANK_002,PFSET_00000069,PAY_007011,PAY_008201
SET_000070,2025-09-09T05:43:12,PayFlow,INR,37,52046.15,0.00,52046.15,BANK_002,PFSET_00000070,PAY_000528,PAY_009461
SET_000071,2025-09-08T23:51:13,PayFlow,INR,39,44338.68,0.00,44338.68,BANK_002,PFSET_00000071,PAY_006968,PAY_003387
SET_000072,2025-09-10T07:38:35,PayFlow,INR,32,47966.89,0.00,47966.89,BANK_002,PFSET_00000072,PAY_002616,PAY_005847
SET_000073,2025-09-12T17:17:32,PayFlow,INR,34,37882.35,0.00,37882.35,BANK_002,PFSET_00000073,PAY_001820,PAY_007462
SET_000074,2025-09-11T21:52:10,PayFlow,INR,38,44258.39,1895.67,42362.72,BANK_002,PFSET_00000074,PAY_007634,PAY_007449
SET_000075,2025-09-10T20:24:09,PayFlow,INR,36,47661.57,0.00,47661.57,BANK_002,PFSET_00000075,PAY_006800,PAY_004208
SET_000076,2025-09-12T03:19:58,PayFlow,INR,36,37971.94,0.00,37971.94,BANK_002,PFSET_00000076,PAY_001478,PAY_000808
SET_000077,2025-09-12T20:39:30,PayFlow,INR,35,39434.18,546.34,38887.84,BANK_002,PFSET_00000077,PAY_004996,PAY_004664
SET_000078,2025-09-10T22:24:22,PayFlow,INR,36,47473.59,0.00,47473.59,BANK_002,PFSET_00000078,PAY_000042,PAY_009115
SET_000079,2025-09-11T01:58:08,PayFlow,INR,32,43057.85,234.98,42822.87,BANK_002,PFSET_00000079,PAY_007121,PAY_000474
SET_000080,2025-09-12T04:44:23,PayFlow,INR,30,31060.15,0.00,31060.15,BANK_002,PFSET_00000080,PAY_000991,PAY_009613
SET_000081,2025-09-12T00:41:05,PayFlow,INR,29,31688.27,0.00,31688.27,BANK_002,PFSET_00000081,PAY_004893,PAY_006943
SET_000082,2025-09-13T10:12:53,PayFlow,INR,27,38678.84,0.00,38678.84,BANK_002,PFSET_00000082,PAY_008264,PAY_003414
SET_000083,2025-09-13T20:20:11,PayFlow,INR,30,31570.55,0.00,31570.55,BANK_002,PFSET_00000083,PAY_004755,PAY_010023
SET_000084,2025-09-12T21:21:53,PayFlow,INR,36,42710.42,168.12,42542.30,BANK_002,PFSET_00000084,PAY_001972,PAY_007890
SET_000085,2025-09-13T01:00:49,PayFlow,INR,44,51178.15,1202.20,49975.95,BANK_002,PFSET_00000085,PAY_003235,PAY_004373
SET_000086,2025-09-11T01:06:13,PayFlow,INR,35,40554.59,0.00,40554.59,BANK_002,PFSET_00000086,PAY_008890,PAY_001527
SET_000087,2025-09-10T22:15:21,PayFlow,INR,30,39296.47,0.00,39296.47,BANK_002,PFSET_00000087,PAY_008229,PAY_001082
SET_000088,2025-09-11T00:06:39,PayFlow,INR,33,42282.90,0.00,42282.90,BANK_002,PFSET_00000088,PAY_007016,PAY_000907
SET_000089,2025-09-13T00:45:52,PayFlow,INR,37,55177.45,0.00,55177.45,BANK_002,PFSET_00000089,PAY_006101,PAY_000300
SET_000090,2025-09-11T23:05:03,PayFlow,INR,26,24718.01,0.00,24718.01,BANK_002,PFSET_00000090,PAY_006735,PAY_007288
SET_000091,2025-09-14T01:36:59,PayFlow,INR,38,36366.79,379.55,35987.24,BANK_002,PFSET_00000091,PAY_002027,PAY_001178
SET_000092,2025-09-13T05:27:14,PayFlow,INR,30,30972.66,857.40,30115.26,BANK_002,PFSET_00000092,PAY_001309,PAY_006589
SET_000093,2025-09-12T05:11:28,PayFlow,INR,33,39035.59,0.00,39035.59,BANK_002,PFSET_00000093,PAY_006916,PAY_001661
SET_000094,2025-09-11T16:08:35,PayFlow,INR,33,36724.90,0.00,36724.90,BANK_002,PFSET_00000094,PAY_001542,PAY_009376
SET_000095,2025-09-12T20:15:37,PayFlow,INR,35,43455.91,5384.34,38071.57,BANK_002,PFSET_00000095,PAY_009808,PAY_006004
SET_000096,2025-09-13T00:24:06,PayFlow,INR,28,31182.21,0.00,31182.21,BANK_002,PFSET_00000096,PAY_008038,PAY_009854
SET_000097,2025-09-12T18:34:53,PayFlow,INR,32,36962.99,0.00,36962.99,BANK_002,PFSET_00000097,PAY_007047,PAY_004070
SET_000098,2025-09-14T20:56:31,PayFlow,INR,37,50435.38,0.00,50435.38,BANK_002,PFSET_00000098,PAY_006520,PAY_003331
SET_000099,2025-09-12T22:38:19,PayFlow,INR,26,40635.79,0.00,40635.79,BANK_002,PFSET_00000099,PAY_006559,PAY_006473
SET_000100,2025-09-15T00:57:30,PayFlow,INR,39,47995.69,584.22,47411.47,BANK_002,PFSET_00000100,PAY_005769,PAY_005876
SET_000101,2025-09-15T00:03:13,PayFlow,INR,37,49582.85,0.00,49582.85,BANK_002,PFSET_00000101,PAY_004060,PAY_003110
SET_000102,2025-09-15T05:50:04,PayFlow,INR,28,35693.05,0.00,35693.05,BANK_002,PFSET_00000102,PAY_008876,PAY_001275
SET_000103,2025-09-12T03:34:29,PayFlow,INR,39,39283.87,0.00,39283.87,BANK_002,PFSET_00000103,PAY_004797,PAY_009513
SET_000104,2025-09-12T00:02:18,PayFlow,INR,33,44421.95,0.00,44421.95,BANK_002,PFSET_00000104,PAY_001915,PAY_003836
SET_000105,2025-09-13T13:23:55,PayFlow,INR,39,38187.39,344.23,37843.16,BANK_002,PFSET_00000105,PAY_002823,PAY_002584
SET_000106,2025-09-14T21:48:37,PayFlow,INR,37,52856.64,0.00,52856.64,BANK_002,PFSET_00000106,PAY_006069,PAY_002845
SET_000107,2025-09-15T18:57:51,PayFlow,INR,37,37868.11,0.00,37868.11,BANK_002,PFSET_00000107,PAY_005969,PAY_008587
SET_000108,2025-09-14T01:42:53,PayFlow,INR,32,33143.98,0.00,33143.98,BANK_002,PFSET_00000108,PAY_004487,PAY_002964
SET_000109,2025-09-13T19:43:32,PayFlow,INR,33,31692.15,0.00,31692.15,BANK_002,PFSET_00000109,PAY_002481,PAY_007490
SET_000110,2025-09-15T01:58:57,PayFlow,INR,34,35773.95,0.00,35773.95,BANK_002,PFSET_00000110,PAY_008185,PAY_005020
SET_000111,2025-09-16T02:56:27,PayFlow,INR,36,39789.50,0.00,39789.50,BANK_002,PFSET_00000111,PAY_009313,PAY_006724
SET_000112,2025-09-16T04:16:23,PayFlow,INR,28,35612.90,1044.67,34568.23,BANK_002,PFSET_00000112,PAY_004673,PAY_007245
SET_000113,2025-09-14T04:58:08,PayFlow,INR,42,39427.56,0.00,39427.56,BANK_002,PFSET_00000113,PAY_002643,PAY_003491
SET_000114,2025-09-12T23:00:06,PayFlow,INR,36,31551.53,0.00,31551.53,BANK_002,PFSET_00000114,PAY_008473,PAY_000945
SET_000115,2025-09-15T03:27:05,PayFlow,INR,37,34949.25,0.00,34949.25,BANK_002,PFSET_00000115,PAY_005563,PAY_001110
SET_000116,2025-09-15T22:32:17,PayFlow,INR,37,33689.48,750.36,32939.12,BANK_002,PFSET_00000116,PAY_008298,PAY_001538
SET_000117,2025-09-13T21:56:46,PayFlow,INR,31,43459.85,0.00,43459.85,BANK_002,PFSET_00000117,PAY_003366,PAY_002637
SET_000118,2025-09-17T02:06:22,PayFlow,INR,29,32242.56,0.00,32242.56,BANK_002,PFSET_00000118,PAY_002644,PAY_007565
SET_000119,2025-09-13T22:04:38,PayFlow,INR,33,36260.82,0.00,36260.82,BANK_002,PFSET_00000119,PAY_007692,PAY_003457
SET_000120,2025-09-14T21:38:18,PayFlow,INR,40,46575.42,0.00,46575.42,BANK_002,PFSET_00000120,PAY_001197,PAY_001450
SET_000121,2025-09-13T22:01:04,PayFlow,INR,33,44483.06,0.00,44483.06,BANK_002,PFSET_00000121,PAY_006529,PAY_008801
SET_000122,2025-09-16T00:37:08,PayFlow,INR,27,37103.78,0.00,37103.78,BANK_002,PFSET_00000122,PAY_005286,PAY_006096
SET_000123,2025-09-14T21:35:14,PayFlow,INR,33,40841.90,413.00,40428.90,BANK_002,PFSET_00000123,PAY_000595,PAY_000656
SET_000124,2025-09-15T03:54:42,PayFlow,INR,36,42627.79,0.00,42627.79,BANK_002,PFSET_00000124,PAY_004978,PAY_006544
SET_000125,2025-09-17T12:54:35,PayFlow,INR,35,41723.20,551.85,41171.35,BANK_002,PFSET_00000125,PAY_001546,PAY_004054
SET_000126,2025-09-16T18:44:09,PayFlow,INR,32,41895.53,0.00,41895.53,BANK_002,PFSET_00000126,PAY_008572,PAY_005358
SET_000127,2025-09-14T21:30:46,PayFlow,INR,25,34164.52,0.00,34164.52,BANK_002,PFSET_00000127,PAY_006446,PAY_001643
SET_000128,2025-09-17T02:19:34,PayFlow,INR,39,39843.51,0.00,39843.51,BANK_002,PFSET_00000128,PAY_001959,PAY_000075
SET_000129,2025-09-16T21:05:34,PayFlow,INR,26,27088.55,0.00,27088.55,BANK_002,PFSET_00000129,PAY_002426,PAY_005457
SET_000130,2025-09-18T04:15:21,PayFlow,INR,33,40595.01,0.00,40595.01,BANK_002,PFSET_00000130,PAY_007258,PAY_001864
SET_000131,2025-09-16T00:31:34,PayFlow,INR,39,50265.35,366.39,49898.96,BANK_002,PFSET_00000131,PAY_009386,PAY_007064
SET_000132,2025-09-17T04:10:49,PayFlow,INR,37,40423.38,0.00,40423.38,BANK_002,PFSET_00000132,PAY_009514,PAY_008717
SET_000133,2025-09-16T23:13:04,PayFlow,INR,30,27512.39,0.00,27512.39,BANK_002,PFSET_00000133,PAY_007944,PAY_001762
SET_000134,2025-09-18T13:14:24,PayFlow,INR,39,52727.68,0.00,52727.68,BANK_002,PFSET_00000134,PAY_006242,PAY_005883
SET_000135,2025-09-16T22:29:29,PayFlow,INR,31,41161.85,0.00,41161.85,BANK_002,PFSET_00000135,PAY_009400,PAY_005390
SET_000136,2025-09-16T18:44:52,PayFlow,INR,28,22866.15,0.00,22866.15,BANK_002,PFSET_00000136,PAY_006919,PAY_004583
SET_000137,2025-09-19T01:14:20,PayFlow,INR,34,34498.34,295.00,34203.34,BANK_002,PFSET_00000137,PAY_004806,PAY_005249
SET_000138,2025-09-19T00:20:35,PayFlow,INR,36,45861.97,0.00,45861.97,BANK_002,PFSET_00000138,PAY_001156,PAY_000011
SET_000139,2025-09-16T00:16:17,PayFlow,INR,31,31239.44,0.00,31239.44,BANK_002,PFSET_00000139,PAY_000196,PAY_001990
SET_000140,2025-09-18T21:40:55,PayFlow,INR,37,45786.35,385.38,45400.97,BANK_002,PFSET_00000140,PAY_007658,PAY_007863
SET_000141,2025-09-19T04:06:24,PayFlow,INR,34,38754.74,0.00,38754.74,BANK_002,PFSET_00000141,PAY_002424,PAY_004394
SET_000142,2025-09-19T02:07:12,PayFlow,INR,32,32330.86,0.00,32330.86,BANK_002,PFSET_00000142,PAY_002606,PAY_008024
SET_000143,2025-09-19T01:44:52,PayFlow,INR,32,30596.65,0.00,30596.65,BANK_002,PFSET_00000143,PAY_009314,PAY_000511
SET_000144,2025-09-16T14:33:30,PayFlow,INR,34,47608.21,0.00,47608.21,BANK_002,PFSET_00000144,PAY_002292,PAY_006106
SET_000145,2025-09-19T20:41:27,PayFlow,INR,28,33865.68,0.00,33865.68,BANK_002,PFSET_00000145,PAY_004696,PAY_000136
SET_000146,2025-09-18T20:47:00,PayFlow,INR,25,25917.69,3231.67,22686.02,BANK_002,PFSET_00000146,PAY_007015,PAY_000119
SET_000147,2025-09-20T00:46:41,PayFlow,INR,35,41060.55,75.66,40984.89,BANK_002,PFSET_00000147,PAY_005707,PAY_003474
SET_000148,2025-09-18T23:26:36,PayFlow,INR,34,43685.75,0.00,43685.75,BANK_002,PFSET_00000148,PAY_006644,PAY_008932
SET_000149,2025-09-17T00:14:28,PayFlow,INR,31,33391.92,0.00,33391.92,BANK_002,PFSET_00000149,PAY_009382,PAY_000456
SET_000150,2025-09-20T03:15:05,PayFlow,INR,43,43030.85,168.86,42861.99,BANK_002,PFSET_00000150,PAY_006793,PAY_004161
SET_000151,2025-09-18T03:15:07,PayFlow,INR,42,48046.05,0.00,48046.05,BANK_002,PFSET_00000151,PAY_005435,PAY_006225
SET_000152,2025-09-19T05:26:35,PayFlow,INR,29,41628.88,0.00,41628.88,BANK_002,PFSET_00000152,PAY_006378,PAY_008259
SET_000153,2025-09-20T04:58:52,PayFlow,INR,30,38166.17,0.00,38166.17,BANK_002,PFSET_00000153,PAY_005915,PAY_000830
SET_000154,2025-09-20T15:26:36,PayFlow,INR,28,38313.32,0.00,38313.32,BANK_002,PFSET_00000154,PAY_006397,PAY_003448
SET_000155,2025-09-20T22:43:42,PayFlow,INR,34,44108.28,0.00,44108.28,BANK_002,PFSET_00000155,PAY_005035,PAY_007420
SET_000156,2025-09-17T17:45:20,PayFlow,INR,26,21821.65,0.00,21821.65,BANK_002,PFSET_00000156,PAY_001627,PAY_009709
SET_000157,2025-09-17T17:07:16,PayFlow,INR,32,31986.33,0.00,31986.33,BANK_002,PFSET_00000157,PAY_004162,PAY_009205
SET_000158,2025-09-20T19:02:36,PayFlow,INR,28,24745.77,0.00,24745.77,BANK_002,PFSET_00000158,PAY_004282,PAY_000495
SET_000159,2025-09-21T02:24:04,PayFlow,INR,35,37229.76,383.50,36846.26,BANK_002,PFSET_00000159,PAY_006372,PAY_006752
SET_000160,2025-09-18T00:10:13,PayFlow,INR,25,40214.75,0.00,40214.75,BANK_002,PFSET_00000160,PAY_006406,PAY_004908
SET_000161,2025-09-20T03:52:20,PayFlow,INR,29,33587.42,64.43,33522.99,BANK_002,PFSET_00000161,PAY_004669,PAY_003943
SET_000162,2025-09-21T03:50:30,PayFlow,INR,26,48609.89,391.35,48218.54,BANK_002,PFSET_00000162,PAY_004897,PAY_004842
SET_000163,2025-09-18T23:32:50,PayFlow,INR,34,41805.65,0.00,41805.65,BANK_002,PFSET_00000163,PAY_005381,PAY_000930
SET_000164,2025-09-21T00:48:34,PayFlow,INR,39,63835.57,0.00,63835.57,BANK_002,PFSET_00000164,PAY_001954,PAY_002984
SET_000165,2025-09-21T00:22:11,PayFlow,INR,32,37264.87,126.56,37138.31,BANK_002,PFSET_00000165,PAY_009330,PAY_004618
SET_000166,2025-09-20T01:37:22,PayFlow,INR,39,45876.03,0.00,45876.03,BANK_002,PFSET_00000166,PAY_003437,PAY_002808
SET_000167,2025-09-18T17:01:53,PayFlow,INR,29,28179.11,0.00,28179.11,BANK_002,PFSET_00000167,PAY_004561,PAY_005058
SET_000168,2025-09-19T17:23:47,PayFlow,INR,36,38252.65,0.00,38252.65,BANK_002,PFSET_00000168,PAY_000965,PAY_007941
SET_000169,2025-09-22T00:27:23,PayFlow,INR,32,52165.89,0.00,52165.89,BANK_002,PFSET_00000169,PAY_006769,PAY_002937
SET_000170,2025-09-19T23:54:49,PayFlow,INR,40,46010.01,0.00,46010.01,BANK_002,PFSET_00000170,PAY_005484,PAY_001697
SET_000171,2025-09-19T03:10:33,PayFlow,INR,36,35299.74,0.00,35299.74,BANK_002,PFSET_00000171,PAY_007004,PAY_000523
SET_000172,2025-09-21T03:42:29,PayFlow,INR,32,41041.09,1236.64,39804.45,BANK_002,PFSET_00000172,PAY_000307,PAY_002819
SET_000173,2025-09-20T23:11:13,PayFlow,INR,42,53391.56,0.00,53391.56,BANK_002,PFSET_00000173,PAY_008533,PAY_000403
SET_000174,2025-09-21T22:54:18,PayFlow,INR,25,29267.72,0.00,29267.72,BANK_002,PFSET_00000174,PAY_003093,PAY_003761
SET_000175,2025-09-21T23:29:08,PayFlow,INR,43,39933.07,0.00,39933.07,BANK_002,PFSET_00000175,PAY_003402,PAY_002652
SET_000176,2025-09-21T18:20:34,PayFlow,INR,36,35700.24,0.00,35700.24,BANK_002,PFSET_00000176,PAY_003294,PAY_006084
SET_000177,2025-09-22T21:10:02,PayFlow,INR,38,40487.87,0.00,40487.87,BANK_002,PFSET_00000177,PAY_004405,PAY_007473
SET_000178,2025-09-19T21:18:01,PayFlow,INR,33,34987.77,0.00,34987.77,BANK_002,PFSET_00000178,PAY_001878,PAY_008630
SET_000179,2025-09-22T00:56:32,PayFlow,INR,29,26022.39,596.02,25426.37,BANK_002,PFSET_00000179,PAY_005164,PAY_008857
SET_000180,2025-09-22T00:32:34,PayFlow,INR,30,30002.13,0.00,30002.13,BANK_002,PFSET_00000180,PAY_009322,PAY_006272
SET_000181,2025-09-21T02:01:29,PayFlow,INR,27,40265.17,0.00,40265.17,BANK_002,PFSET_00000181,PAY_008059,PAY_003103
SET_000182,2025-09-23T02:29:42,PayFlow,INR,31,38807.08,0.00,38807.08,BANK_002,PFSET_00000182,PAY_002743,PAY_000291
SET_000183,2025-09-21T22:01:22,PayFlow,INR,25,28088.18,0.00,28088.18,BANK_002,PFSET_00000183,PAY_003859,PAY_008814
SET_000184,2025-09-22T04:18:39,PayFlow,INR,28,35096.44,0.00,35096.44,BANK_002,PFSET_00000184,PAY_002625,PAY_000036
SET_000185,2025-09-19T23:35:17,PayFlow,INR,36,40195.21,0.00,40195.21,BANK_002,PFSET_00000185,PAY_000632,PAY_009863
SET_000186,2025-09-23T17:42:25,PayFlow,INR,34,41623.66,0.00,41623.66,BANK_002,PFSET_00000186,PAY_005246,PAY_002877
SET_000187,2025-09-22T20:20:18,PayFlow,INR,37,47077.85,4532.38,42545.47,BANK_002,PFSET_00000187,PAY_008254,PAY_000724
SET_000188,2025-09-20T23:24:14,PayFlow,INR,28,38385.88,0.00,38385.88,BANK_002,PFSET_00000188,PAY_008682,PAY_006935
SET_000189,2025-09-22T02:02:15,PayFlow,INR,39,51027.15,0.00,51027.15,BANK_002,PFSET_00000189,PAY_009359,PAY_007698
SET_000190,2025-09-21T03:24:11,PayFlow,INR,36,39996.56,0.00,39996.56,BANK_002,PFSET_00000190,PAY_007593,PAY_007171
SET_000191,2025-09-21T00:10:02,PayFlow,INR,32,40467.74,0.00,40467.74,BANK_002,PFSET_00000191,PAY_002063,PAY_008749
SET_000192,2025-09-20T20:48:17,PayFlow,INR,31,33215.83,0.00,33215.83,BANK_002,PFSET_00000192,PAY_009143,PAY_009874
SET_000193,2025-09-23T03:37:04,PayFlow,INR,31,33637.07,0.00,33637.07,BANK_002,PFSET_00000193,PAY_002798,PAY_004456
SET_000194,2025-09-22T02:40:33,PayFlow,INR,30,38175.74,0.00,38175.74,BANK_002,PFSET_00000194,PAY_007631,PAY_008904
SET_000195,2025-09-23T04:22:56,PayFlow,INR,40,45796.78,0.00,45796.78,BANK_002,PFSET_00000195,PAY_005804,PAY_002205
SET_000196,2025-09-22T17:09:24,PayFlow,INR,39,51438.47,0.00,51438.47,BANK_002,PFSET_00000196,PAY_000767,PAY_006647
SET_000197,2025-09-22T00:32:15,PayFlow,INR,33,33214.20,3038.50,30175.70,BANK_002,PFSET_00000197,PAY_000549,PAY_009712
SET_000198,2025-09-23T19:04:51,PayFlow,INR,33,48925.39,0.00,48925.39,BANK_002,PFSET_00000198,PAY_006387,PAY_003251
SET_000199,2025-09-22T01:25:48,PayFlow,INR,43,51826.75,0.00,51826.75,BANK_002,PFSET_00000199,PAY_004753,PAY_008041
SET_000200,2025-09-22T03:25:35,PayFlow,INR,25,34923.40,0.00,34923.40,BANK_002,PFSET_00000200,PAY_008385,PAY_003856
SET_000201,2025-09-24T03:30:23,PayFlow,INR,36,43461.34,0.00,43461.34,BANK_002,PFSET_00000201,PAY_005047,PAY_001848
SET_000202,2025-09-22T23:18:22,PayFlow,INR,30,39059.59,0.00,39059.59,BANK_002,PFSET_00000202,PAY_007069,PAY_001765
SET_000203,2025-09-23T05:56:12,PayFlow,INR,39,43164.05,0.00,43164.05,BANK_002,PFSET_00000203,PAY_005529,PAY_003580
SET_000204,2025-09-24T16:20:43,PayFlow,INR,30,32398.24,0.00,32398.24,BANK_002,PFSET_00000204,PAY_000858,PAY_006003
SET_000205,2025-09-25T17:31:34,PayFlow,INR,37,44203.20,0.00,44203.20,BANK_002,PFSET_00000205,PAY_007843,PAY_002289
SET_000206,2025-09-25T23:19:18,PayFlow,INR,38,35600.11,0.00,35600.11,BANK_002,PFSET_00000206,PAY_000205,PAY_002418
SET_000207,2025-09-22T21:48:32,PayFlow,INR,34,43506.04,0.00,43506.04,BANK_002,PFSET_00000207,PAY_004466,PAY_003629
SET_000208,2025-09-23T21:49:12,PayFlow,INR,34,41480.84,0.00,41480.84,BANK_002,PFSET_00000208,PAY_003170,PAY_005645
SET_000209,2025-09-24T03:45:28,PayFlow,INR,32,43733.59,0.00,43733.59,BANK_002,PFSET_00000209,PAY_009350,PAY_009939
SET_000210,2025-09-24T22:14:08,PayFlow,INR,30,38877.34,0.00,38877.34,BANK_002,PFSET_00000210,PAY_007667,PAY_004110
SET_000211,2025-09-23T23:53:13,PayFlow,INR,34,38143.59,1227.20,36916.39,BANK_002,PFSET_00000211,PAY_002197,PAY_005439
SET_000212,2025-09-25T04:48:30,PayFlow,INR,28,37911.82,0.00,37911.82,BANK_002,PFSET_00000212,PAY_001232,PAY_005344
SET_000213,2025-09-26T20:41:22,PayFlow,INR,32,28852.93,732.14,28120.79,BANK_002,PFSET_00000213,PAY_004880,PAY_006561
SET_000214,2025-09-26T23:28:47,PayFlow,INR,27,29576.37,0.00,29576.37,BANK_002,PFSET_00000214,PAY_000634,PAY_009487
SET_000215,2025-09-26T21:33:31,PayFlow,INR,28,29898.66,0.00,29898.66,BANK_002,PFSET_00000215,PAY_001431,PAY_009835
SET_000216,2025-09-24T17:56:41,PayFlow,INR,41,46515.01,0.00,46515.01,BANK_002,PFSET_00000216,PAY_002300,PAY_003393
SET_000217,2025-09-26T20:10:29,PayFlow,INR,29,34935.91,3845.44,31090.47,BANK_002,PFSET_00000217,PAY_002377,PAY_006882
SET_000218,2025-09-27T01:39:14,PayFlow,INR,34,31581.88,0.00,31581.88,BANK_002,PFSET_00000218,PAY_004814,PAY_001479
SET_000219,2025-09-25T22:56:56,PayFlow,INR,32,40212.29,0.00,40212.29,BANK_002,PFSET_00000219,PAY_009877,PAY_002387
SET_000220,2025-09-24T03:49:26,PayFlow,INR,29,28045.36,0.00,28045.36,BANK_002,PFSET_00000220,PAY_007554,PAY_000968
SET_000221,2025-09-23T21:42:19,PayFlow,INR,32,49330.92,0.00,49330.92,BANK_002,PFSET_00000221,PAY_003962,PAY_004301
SET_000222,2025-09-26T06:46:43,PayFlow,INR,38,46154.08,0.00,46154.08,BANK_002,PFSET_00000222,PAY_003440,PAY_008412
SET_000223,2025-09-26T19:43:25,PayFlow,INR,37,39845.19,0.00,39845.19,BANK_002,PFSET_00000223,PAY_000485,PAY_009557
SET_000224,2025-09-27T17:14:59,PayFlow,INR,32,34629.45,0.00,34629.45,BANK_002,PFSET_00000224,PAY_001016,PAY_002581
SET_000225,2025-09-25T00:31:01,PayFlow,INR,33,38513.45,0.00,38513.45,BANK_002,PFSET_00000225,PAY_003561,PAY_009936
SET_000226,2025-09-27T21:13:03,PayFlow,INR,40,36464.43,0.00,36464.43,BANK_002,PFSET_00000226,PAY_007838,PAY_000756
SET_000227,2025-09-27T18:14:53,PayFlow,INR,29,33371.87,0.00,33371.87,BANK_002,PFSET_00000227,PAY_007990,PAY_000432
SET_000228,2025-09-25T01:17:49,PayFlow,INR,38,53131.81,0.00,53131.81,BANK_002,PFSET_00000228,PAY_003763,PAY_000183
SET_000229,2025-09-28T04:23:15,PayFlow,INR,31,34958.36,0.00,34958.36,BANK_002,PFSET_00000229,PAY_001893,PAY_006995
SET_000230,2025-09-27T21:14:50,PayFlow,INR,30,44431.87,0.00,44431.87,BANK_002,PFSET_00000230,PAY_007365,PAY_004416
SET_000231,2025-09-27T01:24:15,PayFlow,INR,35,48979.86,0.00,48979.86,BANK_002,PFSET_00000231,PAY_006498,PAY_000679
SET_000232,2025-09-28T04:39:33,PayFlow,INR,32,34735.15,0.00,34735.15,BANK_002,PFSET_00000232,PAY_000671,PAY_009606
SET_000233,2025-09-28T11:14:22,PayFlow,INR,35,49885.86,790.48,49095.38,BANK_002,PFSET_00000233,PAY_007480,PAY_001677
SET_000234,2025-09-25T23:45:35,PayFlow,INR,33,35533.13,0.00,35533.13,BANK_002,PFSET_00000234,PAY_003907,PAY_005973
SET_000235,2025-09-25T22:47:50,PayFlow,INR,28,39060.58,0.00,39060.58,BANK_002,PFSET_00000235,PAY_005682,PAY_008750
SET_000236,2025-09-28T19:22:11,PayFlow,INR,30,40809.08,0.00,40809.08,BANK_002,PFSET_00000236,PAY_009932,PAY_000793
SET_000237,2025-09-27T21:39:36,PayFlow,INR,35,52750.38,0.00,52750.38,BANK_002,PFSET_00000237,PAY_002701,PAY_008721
SET_000238,2025-09-29T03:19:53,PayFlow,INR,34,32878.59,0.00,32878.59,BANK_002,PFSET_00000238,PAY_004619,PAY_004461
SET_000239,2025-09-26T01:13:42,PayFlow,INR,33,35986.69,0.00,35986.69,BANK_002,PFSET_00000239,PAY_006790,PAY_005259
SET_000240,2025-09-26T00:35:14,PayFlow,INR,41,51297.29,396.48,50900.81,BANK_002,PFSET_00000240,PAY_008002,PAY_008584
SET_000241,2025-09-26T05:50:23,PayFlow,INR,31,33532.78,0.00,33532.78,BANK_002,PFSET_00000241,PAY_004759,PAY_005339
SET_000242,2025-09-27T05:05:01,PayFlow,INR,37,39702.65,1225.25,38477.40,BANK_002,PFSET_00000242,PAY_001009,PAY_004417
SET_000243,2025-09-28T02:10:42,PayFlow,INR,32,41276.42,0.00,41276.42,BANK_002,PFSET_00000243,PAY_000458,PAY_001690
SET_000244,2025-09-28T18:26:34,PayFlow,INR,30,40726.46,0.00,40726.46,BANK_002,PFSET_00000244,PAY_000597,PAY_003572
SET_000245,2025-09-29T15:27:14,PayFlow,INR,37,41611.44,0.00,41611.44,BANK_002,PFSET_00000245,PAY_000117,PAY_001842
SET_000246,2025-09-27T19:54:29,PayFlow,INR,34,49219.77,0.00,49219.77,BANK_002,PFSET_00000246,PAY_004258,PAY_003224
SET_000247,2025-09-28T22:04:35,PayFlow,INR,29,37351.56,0.00,37351.56,BANK_002,PFSET_00000247,PAY_003123,PAY_000973
SET_000248,2025-09-26T22:54:37,PayFlow,INR,38,41282.75,0.00,41282.75,BANK_002,PFSET_00000248,PAY_009360,PAY_003680
SET_000249,2025-09-29T22:34:05,PayFlow,INR,36,43537.00,0.00,43537.00,BANK_002,PFSET_00000249,PAY_001260,PAY_004125
SET_000250,2025-09-27T01:50:39,PayFlow,INR,33,32159.07,0.00,32159.07,BANK_002,PFSET_00000250,PAY_004980,PAY_000081
SET_000251,2025-09-29T22:31:45,PayFlow,INR,35,42128.55,1241.36,40887.19,BANK_002,PFSET_00000251,PAY_005076,PAY_007727
SET_000252,2025-09-29T05:19:34,PayFlow,INR,31,33927.78,0.00,33927.78,BANK_002,PFSET_00000252,PAY_003410,PAY_003230
SET_000253,2025-09-28T04:12:53,PayFlow,INR,47,55210.41,0.00,55210.41,BANK_002,PFSET_00000253,PAY_003955,PAY_008836
SET_000254,2025-09-28T17:11:24,PayFlow,INR,36,45279.27,0.00,45279.27,BANK_002,PFSET_00000254,PAY_008842,PAY_000962
SET_000255,2025-09-27T21:21:20,PayFlow,INR,39,50584.07,0.00,50584.07,BANK_002,PFSET_00000255,PAY_009548,PAY_005290
SET_000256,2025-09-28T02:01:56,PayFlow,INR,36,34426.83,1599.86,32826.97,BANK_002,PFSET_00000256,PAY_000425,PAY_007862
SET_000257,2025-09-29T00:25:58,PayFlow,INR,34,41889.57,0.00,41889.57,BANK_002,PFSET_00000257,PAY_003259,PAY_000925
SET_000258,2025-09-27T22:29:25,PayFlow,INR,35,33059.12,0.00,33059.12,BANK_002,PFSET_00000258,PAY_009186,PAY_006195
SET_000259,2025-09-29T01:25:58,PayFlow,INR,35,49301.12,306.80,48994.32,BANK_002,PFSET_00000259,PAY_008646,PAY_008203
SET_000260,2025-09-30T23:49:26,PayFlow,INR,30,34862.42,0.00,34862.42,BANK_002,PFSET_00000260,PAY_007805,PAY_002748
SET_000261,2025-09-28T05:11:38,PayFlow,INR,39,42586.64,0.00,42586.64,BANK_002,PFSET_00000261,PAY_000372,PAY_000387
SET_000262,2025-09-29T16:02:28,PayFlow,INR,32,44785.31,0.00,44785.31,BANK_002,PFSET_00000262,PAY_009384,PAY_002987
SET_000263,2025-10-01T21:17:06,PayFlow,INR,31,45527.81,0.00,45527.81,BANK_002,PFSET_00000263,PAY_006528,PAY_002737
SET_000264,2025-09-30T17:44:12,PayFlow,INR,32,37681.10,0.00,37681.10,BANK_002,PFSET_00000264,PAY_000790,PAY_001845
SET_000265,2025-09-28T17:35:30,PayFlow,INR,35,37687.19,0.00,37687.19,BANK_002,PFSET_00000265,PAY_007669,PAY_008326
SET_000266,2025-09-30T02:32:42,PayFlow,INR,32,37760.10,0.00,37760.10,BANK_002,PFSET_00000266,PAY_009655,PAY_007644
SET_000267,2025-10-01T00:14:58,PayFlow,INR,34,37090.16,0.00,37090.16,BANK_002,PFSET_00000267,PAY_009725,PAY_007734
SET_000268,2025-09-29T20:36:19,PayFlow,INR,27,33507.38,810.14,32697.24,BANK_002,PFSET_00000268,PAY_000550,PAY_006839
SET_000269,2025-10-02T00:57:44,PayFlow,INR,34,38510.39,0.00,38510.39,BANK_002,PFSET_00000269,PAY_008056,PAY_004153
SET_000270,2025-09-28T22:24:39,PayFlow,INR,27,31753.41,0.00,31753.41,BANK_002,PFSET_00000270,PAY_007884,PAY_009419
SET_000271,2025-09-30T07:17:26,PayFlow,INR,38,62682.59,0.00,62682.59,BANK_002,PFSET_00000271,PAY_005318,PAY_009446
SET_000272,2025-09-29T18:43:04,PayFlow,INR,31,27075.07,0.00,27075.07,BANK_002,PFSET_00000272,PAY_004263,PAY_007893
SET_000273,2025-09-29T21:03:38,PayFlow,INR,31,42482.02,0.00,42482.02,BANK_002,PFSET_00000273,PAY_003161,PAY_000964
SET_000274,2025-10-01T00:23:55,PayFlow,INR,32,37825.08,0.00,37825.08,BANK_002,PFSET_00000274,PAY_002872,PAY_008538
SET_000275,2025-10-01T19:30:10,PayFlow,INR,35,46411.67,3628.50,42783.17,BANK_002,PFSET_00000275,PAY_000599,PAY_005930
SET_000276,2025-10-02T23:59:15,PayFlow,INR,31,28438.18,0.00,28438.18,BANK_002,PFSET_00000276,PAY_009016,PAY_004222
SET_000277,2025-10-02T00:09:52,PayFlow,INR,31,43694.62,0.00,43694.62,BANK_002,PFSET_00000277,PAY_000160,PAY_009064
SET_000278,2025-10-01T20:46:48,PayFlow,INR,25,32142.77,0.00,32142.77,BANK_002,PFSET_00000278,PAY_009243,PAY_009787
SET_000279,2025-10-02T05:20:31,PayFlow,INR,28,31897.72,0.00,31897.72,BANK_002,PFSET_00000279,PAY_001958,PAY_000020
SET_000280,2025-10-03T05:33:02,PayFlow,INR,41,49211.02,0.00,49211.02,BANK_002,PFSET_00000280,PAY_007448,PAY_003267
SET_000281,2025-10-03T08:13:10,PayFlow,INR,32,35973.33,0.00,35973.33,BANK_002,PFSET_00000281,PAY_003439,PAY_000806
SET_000282,2025-10-01T18:28:00,PayFlow,INR,44,48381.76,0.00,48381.76,BANK_002,PFSET_00000282,PAY_007988,PAY_008839
SET_000283,2025-10-03T00:33:02,PayFlow,INR,33,41398.56,0.00,41398.56,BANK_002,PFSET_00000283,PAY_006530,PAY_006245
SET_000284,2025-10-02T17:25:14,PayFlow,INR,32,38154.53,0.00,38154.53,BANK_002,PFSET_00000284,PAY_001005,PAY_009909
SET_000285,2025-09-30T19:46:50,PayFlow,INR,28,39642.55,0.00,39642.55,BANK_002,PFSET_00000285,PAY_000165,PAY_003861
SET_000286,2025-10-03T01:32:09,PayFlow,INR,34,36276.28,0.00,36276.28,BANK_002,PFSET_00000286,PAY_008320,PAY_007319
SET_000287,2025-10-02T01:01:45,PayFlow,INR,33,35857.28,221.46,35635.82,BANK_002,PFSET_00000287,PAY_000942,PAY_006331
SET_000288,2025-10-01T05:01:35,PayFlow,INR,30,29593.96,0.00,29593.96,BANK_002,PFSET_00000288,PAY_001998,PAY_003494
SET_000289,2025-10-02T00:15:31,PayFlow,INR,28,35560.87,1098.58,34462.29,BANK_002,PFSET_00000289,PAY_006111,PAY_007553
SET_000290,2025-10-01T07:42:26,PayFlow,INR,35,49684.37,0.00,49684.37,BANK_002,PFSET_00000290,PAY_000908,PAY_007052
SET_000291,2025-10-02T13:58:27,PayFlow,INR,32,34370.64,0.00,34370.64,BANK_002,PFSET_00000291,PAY_003157,PAY_005389
SET_000292,2025-10-03T18:50:22,PayFlow,INR,34,38375.71,0.00,38375.71,BANK_002,PFSET_00000292,PAY_004081,PAY_003342
SET_000293,2025-10-02T19:31:51,PayFlow,INR,31,50320.38,0.00,50320.38,BANK_002,PFSET_00000293,PAY_006097,PAY_008950
SET_000294,2025-10-04T19:37:41,PayFlow,INR,28,34079.76,0.00,34079.76,BANK_002,PFSET_00000294,PAY_008044,PAY_000284
SET_000295,2025-10-03T21:38:43,PayFlow,INR,32,43875.94,594.72,43281.22,BANK_002,PFSET_00000295,PAY_004885,PAY_002486
SET_000296,2025-10-04T20:18:44,PayFlow,INR,34,37892.53,0.00,37892.53,BANK_002,PFSET_00000296,PAY_008989,PAY_003512
SET_000297,2025-10-05T04:25:54,PayFlow,INR,31,31656.98,0.00,31656.98,BANK_002,PFSET_00000297,PAY_003536,PAY_005759
SET_000298,2025-10-03T03:58:58,PayFlow,INR,32,37964.65,0.00,37964.65,BANK_002,PFSET_00000298,PAY_000105,PAY_001727
SET_000299,2025-10-02T00:55:32,PayFlow,INR,34,54544.45,0.00,54544.45,BANK_002,PFSET_00000299,PAY_004120,PAY_004873
SET_000300,2025-10-05T01:14:28,PayFlow,INR,39,37890.31,0.00,37890.31,BANK_002,PFSET_00000300,PAY_002394,PAY_006248
SET_000301,2025-10-05T10:55:12,PayFlow,INR,40,46984.46,0.00,46984.46,BANK_002,PFSET_00000301,PAY_009916,PAY_016858
SET_000302,2025-10-02T20:20:41,PayFlow,INR,34,40951.56,0.00,40951.56,BANK_002,PFSET_00000302,PAY_021670,PAY_010857
SET_000303,2025-10-03T18:05:46,PayFlow,INR,26,49698.67,0.00,49698.67,BANK_002,PFSET_00000303,PAY_023138,PAY_024662
SET_000304,2025-10-02T20:11:19,PayFlow,INR,32,30567.24,0.00,30567.24,BANK_002,PFSET_00000304,PAY_021119,PAY_014663
SET_000305,2025-10-05T21:21:02,PayFlow,INR,46,68888.35,0.00,68888.35,BANK_002,PFSET_00000305,PAY_018774,PAY_016196
SET_000306,2025-10-05T21:41:08,PayFlow,INR,36,39374.27,383.50,38990.77,BANK_002,PFSET_00000306,PAY_018989,PAY_017135
SET_000307,2025-10-04T00:00:07,PayFlow,INR,31,41407.25,0.00,41407.25,BANK_002,PFSET_00000307,PAY_013640,PAY_019482
SET_000308,2025-10-05T21:08:39,PayFlow,INR,32,40979.37,799.76,40179.61,BANK_002,PFSET_00000308,PAY_010719,PAY_018049
SET_000309,2025-10-03T00:11:19,PayFlow,INR,32,40569.37,0.00,40569.37,BANK_002,PFSET_00000309,PAY_015452,PAY_015633
SET_000310,2025-10-04T20:23:59,PayFlow,INR,39,52482.53,0.00,52482.53,BANK_002,PFSET_00000310,PAY_015017,PAY_022908
SET_000311,2025-10-04T01:56:57,PayFlow,INR,33,39162.96,0.00,39162.96,BANK_002,PFSET_00000311,PAY_024907,PAY_012205
SET_000312,2025-10-03T23:05:13,PayFlow,INR,26,26747.55,0.00,26747.55,BANK_002,PFSET_00000312,PAY_017115,PAY_018468
SET_000313,2025-10-03T00:44:02,PayFlow,INR,33,41455.26,0.00,41455.26,BANK_002,PFSET_00000313,PAY_010949,PAY_017951
SET_000314,2025-10-03T06:18:14,PayFlow,INR,32,38815.70,0.00,38815.70,BANK_002,PFSET_00000314,PAY_014501,PAY_016950
SET_000315,2025-10-03T00:37:02,PayFlow,INR,34,46243.88,0.00,46243.88,BANK_002,PFSET_00000315,PAY_024861,PAY_014759
SET_000316,2025-10-04T04:14:27,PayFlow,INR,31,48565.43,374.41,48191.02,BANK_002,PFSET_00000316,PAY_018033,PAY_014335
SET_000317,2025-10-04T12:42:38,PayFlow,INR,33,29031.36,0.00,29031.36,BANK_002,PFSET_00000317,PAY_016050,PAY_025012
SET_000318,2025-10-05T20:44:25,PayFlow,INR,34,53196.47,0.00,53196.47,BANK_002,PFSET_00000318,PAY_015210,PAY_020701
SET_000319,2025-10-03T17:27:32,PayFlow,INR,39,48233.28,0.00,48233.28,BANK_002,PFSET_00000319,PAY_018588,PAY_023495
SET_000320,2025-10-05T23:34:38,PayFlow,INR,26,34911.31,0.00,34911.31,BANK_002,PFSET_00000320,PAY_010855,PAY_015265
SET_000321,2025-10-06T19:15:38,PayFlow,INR,29,35783.12,0.00,35783.12,BANK_002,PFSET_00000321,PAY_013828,PAY_016256
SET_000322,2025-10-05T23:41:50,PayFlow,INR,34,42993.29,0.00,42993.29,BANK_002,PFSET_00000322,PAY_012446,PAY_018780
SET_000323,2025-10-05T18:26:08,PayFlow,INR,37,46466.79,0.00,46466.79,BANK_002,PFSET_00000323,PAY_020881,PAY_022207
SET_000324,2025-10-05T02:53:06,PayFlow,INR,34,49401.82,579.38,48822.44,BANK_002,PFSET_00000324,PAY_011639,PAY_020457
SET_000325,2025-10-04T19:22:31,PayFlow,INR,30,36935.03,0.00,36935.03,BANK_002,PFSET_00000325,PAY_017875,PAY_014638
SET_000326,2025-10-05T23:15:25,PayFlow,INR,34,46668.99,0.00,46668.99,BANK_002,PFSET_00000326,PAY_013258,PAY_023970
SET_000327,2025-10-05T22:07:15,PayFlow,INR,28,29042.40,0.00,29042.40,BANK_002,PFSET_00000327,PAY_015385,PAY_024241
SET_000328,2025-10-07T01:04:54,PayFlow,INR,32,38726.83,0.00,38726.83,BANK_002,PFSET_00000328,PAY_023626,PAY_019810
SET_000329,2025-10-05T23:03:13,PayFlow,INR,32,41242.91,0.00,41242.91,BANK_002,PFSET_00000329,PAY_012999,PAY_024915
SET_000330,2025-10-04T01:19:22,PayFlow,INR,36,46008.69,0.00,46008.69,BANK_002,PFSET_00000330,PAY_013127,PAY_017730
SET_000331,2025-10-06T06:05:48,PayFlow,INR,33,45236.58,0.00,45236.58,BANK_002,PFSET_00000331,PAY_023787,PAY_015004
SET_000332,2025-10-06T02:46:01,PayFlow,INR,32,30090.60,0.00,30090.60,BANK_002,PFSET_00000332,PAY_010142,PAY_013000
SET_000333,2025-10-05T01:38:56,PayFlow,INR,29,43856.80,0.00,43856.80,BANK_002,PFSET_00000333,PAY_017406,PAY_011726
SET_000334,2025-10-06T17:33:41,PayFlow,INR,33,32216.62,0.00,32216.62,BANK_002,PFSET_00000334,PAY_013572,PAY_019862
SET_000335,2025-10-08T00:01:56,PayFlow,INR,39,51674.88,0.00,51674.88,BANK_002,PFSET_00000335,PAY_015312,PAY_014208
SET_000336,2025-10-05T22:59:04,PayFlow,INR,37,31833.82,0.00,31833.82,BANK_002,PFSET_00000336,PAY_012478,PAY_024271
SET_000337,2025-10-05T23:02:37,PayFlow,INR,30,30184.25,558.14,29626.11,BANK_002,PFSET_00000337,PAY_018045,PAY_017130
SET_000338,2025-10-06T23:19:54,PayFlow,INR,35,30973.30,0.00,30973.30,BANK_002,PFSET_00000338,PAY_020987,PAY_023752
SET_000339,2025-10-06T03:21:11,PayFlow,INR,41,48263.91,0.00,48263.91,BANK_002,PFSET_00000339,PAY_023128,PAY_021629
SET_000340,2025-10-06T21:01:19,PayFlow,INR,29,36121.27,0.00,36121.27,BANK_002,PFSET_00000340,PAY_022185,PAY_017150
SET_000341,2025-10-07T00:46:27,PayFlow,INR,29,41919.00,0.00,41919.00,BANK_002,PFSET_00000341,PAY_020834,PAY_022193
SET_000342,2025-10-07T03:39:28,PayFlow,INR,36,56542.53,0.00,56542.53,BANK_002,PFSET_00000342,PAY_023480,PAY_012884
SET_000343,2025-10-08T03:45:35,PayFlow,INR,34,48091.53,0.00,48091.53,BANK_002,PFSET_00000343,PAY_020624,PAY_024743
SET_000344,2025-10-04T23:33:02,PayFlow,INR,26,29583.45,0.00,29583.45,BANK_002,PFSET_00000344,PAY_021038,PAY_012005
SET_000345,2025-10-07T01:25:32,PayFlow,INR,37,39170.65,0.00,39170.65,BANK_002,PFSET_00000345,PAY_017488,PAY_016307
SET_000346,2025-10-05T00:00:53,PayFlow,INR,26,24906.25,0.00,24906.25,BANK_002,PFSET_00000346,PAY_020516,PAY_011464
SET_000347,2025-10-07T02:04:12,PayFlow,INR,31,37937.49,1227.20,36710.29,BANK_002,PFSET_00000347,PAY_014232,PAY_024906
SET_000348,2025-10-05T14:15:45,PayFlow,INR,44,55501.14,0.00,55501.14,BANK_002,PFSET_00000348,PAY_012118,PAY_018931
SET_000349,2025-10-07T21:54:10,PayFlow,INR,32,36905.76,993.86,35911.90,BANK_002,PFSET_00000349,PAY_010257,PAY_020959
SET_000350,2025-10-05T19:16:04,PayFlow,INR,25,27583.15,0.00,27583.15,BANK_002,PFSET_00000350,PAY_020751,PAY_024384
SET_000351,2025-10-08T18:13:12,PayFlow,INR,26,35854.05,1107.31,34746.74,BANK_002,PFSET_00000351,PAY_017840,PAY_024200
SET_000352,2025-10-09T01:29:37,PayFlow,INR,35,41158.89,0.00,41158.89,BANK_002,PFSET_00000352,PAY_018720,PAY_019777
SET_000353,2025-10-09T01:55:19,PayFlow,INR,27,23948.50,0.00,23948.50,BANK_002,PFSET_00000353,PAY_015071,PAY_018486
SET_000354,2025-10-07T19:51:45,PayFlow,INR,30,25079.59,0.00,25079.59,BANK_002,PFSET_00000354,PAY_023543,PAY_018749
SET_000355,2025-10-07T19:07:37,PayFlow,INR,30,33898.48,0.00,33898.48,BANK_002,PFSET_00000355,PAY_016467,PAY_014659
SET_000356,2025-10-09T04:12:31,PayFlow,INR,33,35520.07,383.50,35136.57,BANK_002,PFSET_00000356,PAY_016983,PAY_011487
SET_000357,2025-10-07T05:14:50,PayFlow,INR,39,45261.96,0.00,45261.96,BANK_002,PFSET_00000357,PAY_021281,PAY_022470
SET_000358,2025-10-08T21:12:41,PayFlow,INR,25,25865.27,704.96,25160.31,BANK_002,PFSET_00000358,PAY_010974,PAY_021828
SET_000359,2025-10-08T05:36:00,PayFlow,INR,36,49085.43,951.81,48133.62,BANK_002,PFSET_00000359,PAY_010808,PAY_014670
SET_000360,2025-10-07T06:11:28,PayFlow,INR,25,25692.92,0.00,25692.92,BANK_002,PFSET_00000360,PAY_016234,PAY_021567
SET_000361,2025-10-09T03:39:48,PayFlow,INR,31,37706.64,0.00,37706.64,BANK_002,PFSET_00000361,PAY_016439,PAY_010070
SET_000362,2025-10-08T01:26:22,PayFlow,INR,40,48124.19,0.00,48124.19,BANK_002,PFSET_00000362,PAY_020217,PAY_015040
SET_000363,2025-10-07T10:40:07,PayFlow,INR,39,43285.17,0.00,43285.17,BANK_002,PFSET_00000363,PAY_013619,PAY_017337
SET_000364,2025-10-09T16:14:31,PayFlow,INR,33,31543.82,0.00,31543.82,BANK_002,PFSET_00000364,PAY_019711,PAY_021611
SET_000365,2025-10-06T23:05:01,PayFlow,INR,31,32755.29,0.00,32755.29,BANK_002,PFSET_00000365,PAY_013632,PAY_021031
SET_000366,2025-10-09T18:46:39,PayFlow,INR,38,47086.89,4669.40,42417.49,BANK_002,PFSET_00000366,PAY_015512,PAY_023341
SET_000367,2025-10-08T22:53:42,PayFlow,INR,35,33644.69,0.00,33644.69,BANK_002,PFSET_00000367,PAY_019090,PAY_014947
SET_000368,2025-10-07T23:28:12,PayFlow,INR,36,48982.75,577.02,48405.73,BANK_002,PFSET_00000368,PAY_012301,PAY_021941
SET_000369,2025-10-07T22:44:21,PayFlow,INR,33,36344.93,0.00,36344.93,BANK_002,PFSET_00000369,PAY_023901,PAY_015076
SET_000370,2025-10-09T01:20:58,PayFlow,INR,32,27863.71,0.00,27863.71,BANK_002,PFSET_00000370,PAY_017673,PAY_021060
SET_000371,2025-10-08T03:08:06,PayFlow,INR,36,43846.76,0.00,43846.76,BANK_002,PFSET_00000371,PAY_013053,PAY_014818
SET_000372,2025-10-06T22:11:58,PayFlow,INR,29,39225.74,0.00,39225.74,BANK_002,PFSET_00000372,PAY_021438,PAY_023974
SET_000373,2025-10-06T23:09:38,PayFlow,INR,32,31657.82,0.00,31657.82,BANK_002,PFSET_00000373,PAY_013212,PAY_019325
SET_000374,2025-10-08T03:32:40,PayFlow,INR,34,35454.50,0.00,35454.50,BANK_002,PFSET_00000374,PAY_013707,PAY_013918
SET_000375,2025-10-06T23:41:51,PayFlow,INR,27,28087.87,0.00,28087.87,BANK_002,PFSET_00000375,PAY_023021,PAY_021238
SET_000376,2025-10-10T02:30:21,PayFlow,INR,30,32450.73,0.00,32450.73,BANK_002,PFSET_00000376,PAY_015438,PAY_019707
SET_000377,2025-10-09T14:49:42,PayFlow,INR,33,39594.65,178.10,39416.55,BANK_002,PFSET_00000377,PAY_020992,PAY_014980
SET_000378,2025-10-08T15:15:04,PayFlow,INR,34,46184.55,0.00,46184.55,BANK_002,PFSET_00000378,PAY_011097,PAY_010254
SET_000379,2025-10-08T16:38:12,PayFlow,INR,32,46275.56,433.18,45842.38,BANK_002,PFSET_00000379,PAY_014432,PAY_014535
SET_000380,2025-10-09T20:16:24,PayFlow,INR,37,47596.35,0.00,47596.35,BANK_002,PFSET_00000380,PAY_015493,PAY_013591
SET_000381,2025-10-09T01:30:52,PayFlow,INR,29,31323.02,0.00,31323.02,BANK_002,PFSET_00000381,PAY_022024,PAY_020879
SET_000382,2025-10-08T22:27:36,PayFlow,INR,40,50661.97,0.00,50661.97,BANK_002,PFSET_00000382,PAY_020604,PAY_024065
SET_000383,2025-10-11T00:00:01,PayFlow,INR,39,44371.47,4282.88,40088.59,BANK_002,PFSET_00000383,PAY_024922,PAY_010392
SET_000384,2025-10-09T22:17:10,PayFlow,INR,27,35201.75,0.00,35201.75,BANK_002,PFSET_00000384,PAY_011962,PAY_018023
SET_000385,2025-10-09T19:34:09,PayFlow,INR,28,33864.10,0.00,33864.10,BANK_002,PFSET_00000385,PAY_022646,PAY_012002
SET_000386,2025-10-11T04:48:13,PayFlow,INR,31,36020.74,0.00,36020.74,BANK_002,PFSET_00000386,PAY_024025,PAY_011691
SET_000387,2025-10-08T03:11:46,PayFlow,INR,33,36502.85,0.00,36502.85,BANK_002,PFSET_00000387,PAY_014905,PAY_013278
SET_000388,2025-10-08T21:55:01,PayFlow,INR,31,33301.30,0.00,33301.30,BANK_002,PFSET_00000388,PAY_017355,PAY_010843
SET_000389,2025-10-09T00:18:07,PayFlow,INR,29,42103.29,0.00,42103.29,BANK_002,PFSET_00000389,PAY_025193,PAY_015982
SET_000390,2025-10-10T00:00:47,PayFlow,INR,36,41569.00,0.00,41569.00,BANK_002,PFSET_00000390,PAY_012636,PAY_016815
SET_000391,2025-10-10T04:29:00,PayFlow,INR,28,37340.87,0.00,37340.87,BANK_002,PFSET_00000391,PAY_016201,PAY_012739
SET_000392,2025-10-09T10:54:44,PayFlow,INR,37,41888.23,0.00,41888.23,BANK_002,PFSET_00000392,PAY_010783,PAY_013261
SET_000393,2025-10-10T15:10:14,PayFlow,INR,26,26392.40,1231.51,25160.89,BANK_002,PFSET_00000393,PAY_025180,PAY_017652
SET_000394,2025-10-10T17:33:49,PayFlow,INR,41,50177.35,1298.12,48879.23,BANK_002,PFSET_00000394,PAY_019282,PAY_017239
SET_000395,2025-10-11T22:42:57,PayFlow,INR,34,43234.58,0.00,43234.58,BANK_002,PFSET_00000395,PAY_025350,PAY_025042
SET_000396,2025-10-11T18:26:24,PayFlow,INR,42,60820.92,2788.99,58031.93,BANK_002,PFSET_00000396,PAY_019876,PAY_015400
SET_000397,2025-10-11T22:50:46,PayFlow,INR,29,42594.78,0.00,42594.78,BANK_002,PFSET_00000397,PAY_012219,PAY_020086
SET_000398,2025-10-08T20:50:20,PayFlow,INR,35,50370.38,0.00,50370.38,BANK_002,PFSET_00000398,PAY_021354,PAY_013540
SET_000399,2025-10-11T01:55:26,PayFlow,INR,29,41934.17,0.00,41934.17,BANK_002,PFSET_00000399,PAY_017500,PAY_025402
SET_000400,2025-10-08T20:35:39,PayFlow,INR,27,25702.36,0.00,25702.36,BANK_002,PFSET_00000400,PAY_024893,PAY_013980
SET_000401,2025-10-08T22:36:44,PayFlow,INR,32,45057.78,0.00,45057.78,BANK_002,PFSET_00000401,PAY_021794,PAY_018485
SET_000402,2025-10-09T04:21:53,PayFlow,INR,31,30478.23,0.00,30478.23,BANK_002,PFSET_00000402,PAY_023126,PAY_015518
SET_000403,2025-10-10T23:26:26,PayFlow,INR,25,24108.24,0.00,24108.24,BANK_002,PFSET_00000403,PAY_019742,PAY_014810
SET_000404,2025-10-10T23:43:54,PayFlow,INR,38,37299.49,0.00,37299.49,BANK_002,PFSET_00000404,PAY_014633,PAY_014629
SET_000405,2025-10-09T00:03:09,PayFlow,INR,36,38013.03,0.00,38013.03,BANK_002,PFSET_00000405,PAY_017558,PAY_025028
SET_000406,2025-10-10T03:15:44,PayFlow,INR,29,43406.42,639.09,42767.33,BANK_002,PFSET_00000406,PAY_018015,PAY_013754
SET_000407,2025-10-11T19:04:50,PayFlow,INR,40,49851.44,1618.40,48233.04,BANK_002,PFSET_00000407,PAY_011425,PAY_022097
SET_000408,2025-10-09T18:43:45,PayFlow,INR,39,43449.19,0.00,43449.19,BANK_002,PFSET_00000408,PAY_025266,PAY_020830
SET_000409,2025-10-09T16:25:54,PayFlow,INR,33,49558.05,0.00,49558.05,BANK_002,PFSET_00000409,PAY_016741,PAY_013465
SET_000410,2025-10-10T18:40:27,PayFlow,INR,33,37309.01,3315.92,33993.09,BANK_002,PFSET_00000410,PAY_024510,PAY_016910
SET_000411,2025-10-10T02:01:42,PayFlow,INR,28,27384.36,0.00,27384.36,BANK_002,PFSET_00000411,PAY_024336,PAY_010130
SET_000412,2025-10-10T02:02:09,PayFlow,INR,31,27504.06,0.00,27504.06,BANK_002,PFSET_00000412,PAY_025084,PAY_020606
SET_000413,2025-10-11T01:25:36,PayFlow,INR,31,35903.36,0.00,35903.36,BANK_002,PFSET_00000413,PAY_016146,PAY_019464
SET_000414,2025-10-10T20:15:48,PayFlow,INR,32,38438.05,0.00,38438.05,BANK_002,PFSET_00000414,PAY_022441,PAY_018763
SET_000415,2025-10-12T03:04:25,PayFlow,INR,35,45366.09,0.00,45366.09,BANK_002,PFSET_00000415,PAY_015945,PAY_015787
SET_000416,2025-10-10T21:37:58,PayFlow,INR,30,33167.75,0.00,33167.75,BANK_002,PFSET_00000416,PAY_012244,PAY_013116
SET_000417,2025-10-09T23:53:19,PayFlow,INR,31,33034.87,0.00,33034.87,BANK_002,PFSET_00000417,PAY_013808,PAY_024482
SET_000418,2025-10-11T05:37:51,PayFlow,INR,42,54953.66,271.28,54682.38,BANK_002,PFSET_00000418,PAY_012051,PAY_018595
SET_000419,2025-10-12T22:49:11,PayFlow,INR,30,38247.67,0.00,38247.67,BANK_002,PFSET_00000419,PAY_013746,PAY_023883
SET_000420,2025-10-10T06:04:28,PayFlow,INR,29,39447.91,0.00,39447.91,BANK_002,PFSET_00000420,PAY_020351,PAY_017111
SET_000421,2025-10-12T22:43:18,PayFlow,INR,26,33080.12,0.00,33080.12,BANK_002,PFSET_00000421,PAY_017293,PAY_011545
SET_000422,2025-10-13T00:08:46,PayFlow,INR,28,34725.25,0.00,34725.25,BANK_002,PFSET_00000422,PAY_021969,PAY_021779
SET_000423,2025-10-10T06:08:22,PayFlow,INR,30,40640.07,0.00,40640.07,BANK_002,PFSET_00000423,PAY_023567,PAY_014855
SET_000424,2025-10-11T14:41:53,PayFlow,INR,36,44174.70,0.00,44174.70,BANK_002,PFSET_00000424,PAY_013134,PAY_011128
SET_000425,2025-10-10T15:21:15,PayFlow,INR,30,26655.36,0.00,26655.36,BANK_002,PFSET_00000425,PAY_021562,PAY_013560
SET_000426,2025-10-13T19:37:23,PayFlow,INR,33,34116.75,0.00,34116.75,BANK_002,PFSET_00000426,PAY_020940,PAY_014189
SET_000427,2025-10-12T21:53:22,PayFlow,INR,29,34524.73,0.00,34524.73,BANK_002,PFSET_00000427,PAY_013777,PAY_013310
SET_000428,2025-10-11T19:01:31,PayFlow,INR,32,39879.22,0.00,39879.22,BANK_002,PFSET_00000428,PAY_016399,PAY_023336
SET_000429,2025-10-10T23:45:49,PayFlow,INR,31,44307.82,0.00,44307.82,BANK_002,PFSET_00000429,PAY_011113,PAY_011935
SET_000430,2025-10-10T20:57:19,PayFlow,INR,39,34960.63,0.00,34960.63,BANK_002,PFSET_00000430,PAY_018547,PAY_013730
SET_000431,2025-10-11T01:38:56,PayFlow,INR,28,28921.87,0.00,28921.87,BANK_002,PFSET_00000431,PAY_019057,PAY_022037
SET_000432,2025-10-12T19:37:52,PayFlow,INR,30,32732.57,527.46,32205.11,BANK_002,PFSET_00000432,PAY_019271,PAY_020239
SET_000433,2025-10-13T23:41:37,PayFlow,INR,41,59436.71,0.00,59436.71,BANK_002,PFSET_00000433,PAY_022159,PAY_015995
SET_000434,2025-10-14T02:18:55,PayFlow,INR,36,44075.37,144.17,43931.20,BANK_002,PFSET_00000434,PAY_015006,PAY_016752
SET_000435,2025-10-11T05:37:29,PayFlow,INR,30,43582.21,0.00,43582.21,BANK_002,PFSET_00000435,PAY_015290,PAY_024727
SET_000436,2025-10-11T21:47:13,PayFlow,INR,31,42858.04,0.00,42858.04,BANK_002,PFSET_00000436,PAY_018493,PAY_024440
SET_000437,2025-10-10T23:42:39,PayFlow,INR,30,25938.12,0.00,25938.12,BANK_002,PFSET_00000437,PAY_017316,PAY_016612
SET_000438,2025-10-13T23:46:06,PayFlow,INR,34,44865.65,0.00,44865.65,BANK_002,PFSET_00000438,PAY_015940,PAY_014816
SET_000439,2025-10-11T00:54:14,PayFlow,INR,29,28541.66,0.00,28541.66,BANK_002,PFSET_00000439,PAY_012688,PAY_020946
SET_000440,2025-10-14T15:48:57,PayFlow,INR,35,39398.34,354.00,39044.34,BANK_002,PFSET_00000440,PAY_016129,PAY_010685
SET_000441,2025-10-13T15:18:02,PayFlow,INR,36,43453.62,0.00,43453.62,BANK_002,PFSET_00000441,PAY_020565,PAY_014595
SET_000442,2025-10-13T22:39:10,PayFlow,INR,32,40066.65,531.55,39535.10,BANK_002,PFSET_00000442,PAY_011931,PAY_019725
SET_000443,2025-10-12T21:01:20,PayFlow,INR,35,41383.80,0.00,41383.80,BANK_002,PFSET_00000443,PAY_016764,PAY_020705
SET_000444,2025-10-13T22:42:38,PayFlow,INR,40,45545.48,0.00,45545.48,BANK_002,PFSET_00000444,PAY_013883,PAY_015410
SET_000445,2025-10-11T18:44:21,PayFlow,INR,38,50074.80,0.00,50074.80,BANK_002,PFSET_00000445,PAY_011729,PAY_011607
SET_000446,2025-10-11T22:59:07,PayFlow,INR,42,45786.88,0.00,45786.88,BANK_002,PFSET_00000446,PAY_017858,PAY_022541
SET_000447,2025-10-14T01:43:47,PayFlow,INR,32,33247.37,0.00,33247.37,BANK_002,PFSET_00000447,PAY_016251,PAY_012514
SET_000448,2025-10-13T21:49:21,PayFlow,INR,27,29571.79,0.00,29571.79,BANK_002,PFSET_00000448,PAY_011721,PAY_015485
SET_000449,2025-10-13T04:19:42,PayFlow,INR,34,36122.10,0.00,36122.10,BANK_002,PFSET_00000449,PAY_011450,PAY_020270
SET_000450,2025-10-14T23:38:00,PayFlow,INR,32,37726.94,0.00,37726.94,BANK_002,PFSET_00000450,PAY_020213,PAY_013350
SET_000451,2025-10-14T02:44:53,PayFlow,INR,29,28120.16,0.00,28120.16,BANK_002,PFSET_00000451,PAY_022336,PAY_011565
SET_000452,2025-10-14T07:41:39,PayFlow,INR,35,58308.13,0.00,58308.13,BANK_002,PFSET_00000452,PAY_011431,PAY_012442
SET_000453,2025-10-12T04:00:13,PayFlow,INR,27,23225.90,0.00,23225.90,BANK_002,PFSET_00000453,PAY_022432,PAY_023664
SET_000454,2025-10-12T15:00:18,PayFlow,INR,41,46943.55,0.00,46943.55,BANK_002,PFSET_00000454,PAY_017542,PAY_025298
SET_000455,2025-10-14T20:46:44,PayFlow,INR,31,34505.12,0.00,34505.12,BANK_002,PFSET_00000455,PAY_010901,PAY_023020
SET_000456,2025-10-13T23:29:51,PayFlow,INR,29,36680.88,0.00,36680.88,BANK_002,PFSET_00000456,PAY_023530,PAY_024137
SET_000457,2025-10-15T23:21:16,PayFlow,INR,37,50115.08,2076.21,48038.87,BANK_002,PFSET_00000457,PAY_019187,PAY_011176
SET_000458,2025-10-13T00:25:12,PayFlow,INR,27,26052.60,0.00,26052.60,BANK_002,PFSET_00000458,PAY_020096,PAY_016680
SET_000459,2025-10-16T02:36:47,PayFlow,INR,34,34568.49,871.67,33696.82,BANK_002,PFSET_00000459,PAY_020683,PAY_010514
SET_000460,2025-10-15T00:58:41,PayFlow,INR,36,45753.70,2483.46,43270.24,BANK_002,PFSET_00000460,PAY_022556,PAY_022730
SET_000461,2025-10-16T01:37:45,PayFlow,INR,33,42968.84,0.00,42968.84,BANK_002,PFSET_00000461,PAY_025134,PAY_016300
SET_000462,2025-10-15T04:44:06,PayFlow,INR,34,42988.74,0.00,42988.74,BANK_002,PFSET_00000462,PAY_015622,PAY_014376
SET_000463,2025-10-13T04:08:27,PayFlow,INR,29,29855.07,0.00,29855.07,BANK_002,PFSET_00000463,PAY_012058,PAY_016976
SET_000464,2025-10-13T21:34:18,PayFlow,INR,28,33251.76,0.00,33251.76,BANK_002,PFSET_00000464,PAY_023211,PAY_025386
SET_000465,2025-10-16T02:22:53,PayFlow,INR,30,24222.22,0.00,24222.22,BANK_002,PFSET_00000465,PAY_014482,PAY_024873
SET_000466,2025-10-14T00:34:29,PayFlow,INR,28,30315.03,2861.09,27453.94,BANK_002,PFSET_00000466,PAY_010036,PAY_023632
SET_000467,2025-10-15T16:34:27,PayFlow,INR,32,34874.54,0.00,34874.54,BANK_002,PFSET_00000467,PAY_022165,PAY_024395
SET_000468,2025-10-13T21:18:12,PayFlow,INR,38,50802.91,0.00,50802.91,BANK_002,PFSET_00000468,PAY_010330,PAY_022104
SET_000469,2025-10-15T22:18:32,PayFlow,INR,33,45921.63,0.00,45921.63,BANK_002,PFSET_00000469,PAY_013355,PAY_023348
SET_000470,2025-10-14T01:21:39,PayFlow,INR,37,44051.90,0.00,44051.90,BANK_002,PFSET_00000470,PAY_010327,PAY_019426
SET_000471,2025-10-16T19:03:18,PayFlow,INR,29,33382.50,0.00,33382.50,BANK_002,PFSET_00000471,PAY_017244,PAY_022559
SET_000472,2025-10-17T02:33:08,PayFlow,INR,27,35259.92,0.00,35259.92,BANK_002,PFSET_00000472,PAY_013004,PAY_025398
SET_000473,2025-10-14T22:25:57,PayFlow,INR,31,40243.36,0.00,40243.36,BANK_002,PFSET_00000473,PAY_013157,PAY_023824
SET_000474,2025-10-15T20:29:09,PayFlow,INR,27,39480.79,0.00,39480.79,BANK_002,PFSET_00000474,PAY_020644,PAY_017578
SET_000475,2025-10-16T20:09:10,PayFlow,INR,26,22028.02,0.00,22028.02,BANK_002,PFSET_00000475,PAY_017387,PAY_015923
SET_000476,2025-10-16T04:13:46,PayFlow,INR,35,35624.52,0.00,35624.52,BANK_002,PFSET_00000476,PAY_020545,PAY_024196
SET_000477,2025-10-14T02:08:01,PayFlow,INR,26,28271.41,0.00,28271.41,BANK_002,PFSET_00000477,PAY_021182,PAY_023159
SET_000478,2025-10-14T02:10:34,PayFlow,INR,39,34485.33,0.00,34485.33,BANK_002,PFSET_00000478,PAY_018650,PAY_023104
SET_000479,2025-10-14T02:10:17,PayFlow,INR,29,33114.89,0.00,33114.89,BANK_002,PFSET_00000479,PAY_015431,PAY_020484
SET_000480,2025-10-16T23:32:11,PayFlow,INR,37,47863.77,0.00,47863.77,BANK_002,PFSET_00000480,PAY_014842,PAY_024823
SET_000481,2025-10-15T04:21:49,PayFlow,INR,26,28943.05,0.00,28943.05,BANK_002,PFSET_00000481,PAY_020300,PAY_021661
SET_000482,2025-10-16T15:04:09,PayFlow,INR,28,31228.20,1709.53,29518.67,BANK_002,PFSET_00000482,PAY_015196,PAY_010185
SET_000483,2025-10-15T21:53:15,PayFlow,INR,34,42556.64,0.00,42556.64,BANK_002,PFSET_00000483,PAY_024529,PAY_021141
SET_000484,2025-10-14T20:52:49,PayFlow,INR,33,37274.73,0.00,37274.73,BANK_002,PFSET_00000484,PAY_015524,PAY_010678
SET_000485,2025-10-16T17:39:53,PayFlow,INR,31,39785.39,0.00,39785.39,BANK_002,PFSET_00000485,PAY_016717,PAY_010507
SET_000486,2025-10-16T02:01:36,PayFlow,INR,34,44034.09,0.00,44034.09,BANK_002,PFSET_00000486,PAY_020782,PAY_016323
SET_000487,2025-10-14T18:26:37,PayFlow,INR,34,38454.31,0.00,38454.31,BANK_002,PFSET_00000487,PAY_024067,PAY_011457
SET_000488,2025-10-14T20:40:40,PayFlow,INR,35,34631.54,0.00,34631.54,BANK_002,PFSET_00000488,PAY_019995,PAY_020115
SET_000489,2025-10-15T03:14:04,PayFlow,INR,36,41911.51,0.00,41911.51,BANK_002,PFSET_00000489,PAY_020750,PAY_013778
SET_000490,2025-10-15T23:41:35,PayFlow,INR,28,24790.77,0.00,24790.77,BANK_002,PFSET_00000490,PAY_021458,PAY_021755
SET_000491,2025-10-17T22:49:48,PayFlow,INR,29,42492.46,0.00,42492.46,BANK_002,PFSET_00000491,PAY_018510,PAY_017129
SET_000492,2025-10-16T21:53:02,PayFlow,INR,29,25702.73,0.00,25702.73,BANK_002,PFSET_00000492,PAY_016457,PAY_020078
SET_000493,2025-10-16T23:02:43,PayFlow,INR,39,40153.94,0.00,40153.94,BANK_002,PFSET_00000493,PAY_010025,PAY_023231
SET_000494,2025-10-16T02:48:18,PayFlow,INR,29,43332.81,0.00,43332.81,BANK_002,PFSET_00000494,PAY_015008,PAY_024380
SET_000495,2025-10-18T11:07:55,PayFlow,INR,37,43633.46,0.00,43633.46,BANK_002,PFSET_00000495,PAY_023259,PAY_013555
SET_000496,2025-10-16T18:45:08,PayFlow,INR,26,35803.41,0.00,35803.41,BANK_002,PFSET_00000496,PAY_020873,PAY_021955
SET_000497,2025-10-15T22:25:08,PayFlow,INR,28,33571.23,0.00,33571.23,BANK_002,PFSET_00000497,PAY_016063,PAY_017266
SET_000498,2025-10-18T18:19:24,PayFlow,INR,36,42110.90,0.00,42110.90,BANK_002,PFSET_00000498,PAY_024946,PAY_018771
SET_000499,2025-10-17T01:10:24,PayFlow,INR,42,49406.05,306.80,49099.25,BANK_002,PFSET_00000499,PAY_010505,PAY_015453
SET_000500,2025-10-18T00:08:03,PayFlow,INR,37,48111.13,0.00,48111.13,BANK_002,PFSET_00000500,PAY_020424,PAY_017589
SET_000501,2025-10-18T00:15:22,PayFlow,INR,27,35170.40,0.00,35170.40,BANK_002,PFSET_00000501,PAY_022001,PAY_012659
SET_000502,2025-10-17T23:16:40,PayFlow,INR,39,55604.22,0.00,55604.22,BANK_002,PFSET_00000502,PAY_023551,PAY_023504
SET_000503,2025-10-18T21:14:00,PayFlow,INR,30,41599.70,0.00,41599.70,BANK_002,PFSET_00000503,PAY_023226,PAY_016695
SET_000504,2025-10-17T01:57:46,PayFlow,INR,39,39591.47,294.88,39296.59,BANK_002,PFSET_00000504,PAY_017980,PAY_017269
SET_000505,2025-10-19T01:47:23,PayFlow,INR,34,51343.41,0.00,51343.41,BANK_002,PFSET_00000505,PAY_016675,PAY_021695
SET_000506,2025-10-15T20:39:05,PayFlow,INR,29,33631.03,0.00,33631.03,BANK_002,PFSET_00000506,PAY_024040,PAY_016043
SET_000507,2025-10-18T05:48:10,PayFlow,INR,34,46941.11,1224.25,45716.86,BANK_002,PFSET_00000507,PAY_015767,PAY_015746
SET_000508,2025-10-16T04:21:13,PayFlow,INR,45,47549.30,0.00,47549.30,BANK_002,PFSET_00000508,PAY_021512,PAY_022173
SET_000509,2025-10-18T07:13:58,PayFlow,INR,31,36636.05,0.00,36636.05,BANK_002,PFSET_00000509,PAY_024824,PAY_019176
SET_000510,2025-10-18T00:44:47,PayFlow,INR,27,26486.92,0.00,26486.92,BANK_002,PFSET_00000510,PAY_015933,PAY_015383
SET_000511,2025-10-18T10:33:29,PayFlow,INR,30,39655.11,0.00,39655.11,BANK_002,PFSET_00000511,PAY_016244,PAY_020823
SET_000512,2025-10-19T16:28:27,PayFlow,INR,32,36246.87,2895.72,33351.15,BANK_002,PFSET_00000512,PAY_010288,PAY_011064
SET_000513,2025-10-17T15:29:18,PayFlow,INR,30,41943.83,0.00,41943.83,BANK_002,PFSET_00000513,PAY_018735,PAY_012900
SET_000514,2025-10-19T19:18:47,PayFlow,INR,32,31659.97,0.00,31659.97,BANK_002,PFSET_00000514,PAY_019141,PAY_021954
SET_000515,2025-10-17T17:09:20,PayFlow,INR,32,40041.05,0.00,40041.05,BANK_002,PFSET_00000515,PAY_016325,PAY_018852
SET_000516,2025-10-20T01:29:00,PayFlow,INR,33,39758.47,0.00,39758.47,BANK_002,PFSET_00000516,PAY_014688,PAY_011588
SET_000517,2025-10-18T00:55:27,PayFlow,INR,31,31837.83,0.00,31837.83,BANK_002,PFSET_00000517,PAY_010631,PAY_013700
SET_000518,2025-10-19T18:05:25,PayFlow,INR,25,35799.85,0.00,35799.85,BANK_002,PFSET_00000518,PAY_023704,PAY_013913
SET_000519,2025-10-18T00:02:17,PayFlow,INR,37,47560.52,0.00,47560.52,BANK_002,PFSET_00000519,PAY_020974,PAY_024919
SET_000520,2025-10-16T23:56:37,PayFlow,INR,30,29608.38,0.00,29608.38,BANK_002,PFSET_00000520,PAY_015217,PAY_011783
SET_000521,2025-10-16T22:22:56,PayFlow,INR,45,50644.62,0.00,50644.62,BANK_002,PFSET_00000521,PAY_011004,PAY_020643
SET_000522,2025-10-20T01:21:53,PayFlow,INR,40,84243.91,0.00,84243.91,BANK_002,PFSET_00000522,PAY_023313,PAY_011157
SET_000523,2025-10-19T02:00:30,PayFlow,INR,36,45480.30,629.14,44851.16,BANK_002,PFSET_00000523,PAY_025116,PAY_023429
SET_000524,2025-10-20T01:44:20,PayFlow,INR,31,29155.10,0.00,29155.10,BANK_002,PFSET_00000524,PAY_023327,PAY_019687
SET_000525,2025-10-17T01:32:26,PayFlow,INR,29,29453.70,0.00,29453.70,BANK_002,PFSET_00000525,PAY_012376,PAY_019546
SET_000526,2025-10-17T06:08:09,PayFlow,INR,29,30254.55,0.00,30254.55,BANK_002,PFSET_00000526,PAY_019026,PAY_024570
SET_000527,2025-10-18T04:53:11,PayFlow,INR,31,36233.19,0.00,36233.19,BANK_002,PFSET_00000527,PAY_025085,PAY_014779
SET_000528,2025-10-17T05:11:41,PayFlow,INR,34,44284.79,0.00,44284.79,BANK_002,PFSET_00000528,PAY_016744,PAY_020373
SET_000529,2025-10-19T13:08:28,PayFlow,INR,33,35137.78,0.00,35137.78,BANK_002,PFSET_00000529,PAY_021958,PAY_011179
SET_000530,2025-10-18T17:41:11,PayFlow,INR,30,28390.25,0.00,28390.25,BANK_002,PFSET_00000530,PAY_014468,PAY_016166
SET_000531,2025-10-18T14:59:52,PayFlow,INR,36,40846.73,0.00,40846.73,BANK_002,PFSET_00000531,PAY_018065,PAY_017317
SET_000532,2025-10-17T19:17:05,PayFlow,INR,35,44932.04,0.00,44932.04,BANK_002,PFSET_00000532,PAY_020258,PAY_013880
SET_000533,2025-10-18T16:52:25,PayFlow,INR,27,29020.99,0.00,29020.99,BANK_002,PFSET_00000533,PAY_013211,PAY_012075
SET_000534,2025-10-19T23:52:13,PayFlow,INR,38,49882.70,0.00,49882.70,BANK_002,PFSET_00000534,PAY_012562,PAY_024489
SET_000535,2025-10-19T03:09:36,PayFlow,INR,32,45513.90,0.00,45513.90,BANK_002,PFSET_00000535,PAY_015365,PAY_019034
SET_000536,2025-10-18T21:07:18,PayFlow,INR,27,32581.70,0.00,32581.70,BANK_002,PFSET_00000536,PAY_021744,PAY_021594
SET_000537,2025-10-17T21:38:21,PayFlow,INR,26,31818.63,0.00,31818.63,BANK_002,PFSET_00000537,PAY_020170,PAY_014505
SET_000538,2025-10-20T22:47:53,PayFlow,INR,32,45781.65,0.00,45781.65,BANK_002,PFSET_00000538,PAY_016886,PAY_024315
SET_000539,2025-10-19T00:05:49,PayFlow,INR,31,39468.67,0.00,39468.67,BANK_002,PFSET_00000539,PAY_019734,PAY_018980
SET_000540,2025-10-18T03:47:02,PayFlow,INR,42,46113.24,0.00,46113.24,BANK_002,PFSET_00000540,PAY_019586,PAY_013826
SET_000541,2025-10-20T22:44:32,PayFlow,INR,41,39633.00,397.54,39235.46,BANK_002,PFSET_00000541,PAY_022095,PAY_012938
SET_000542,2025-10-20T03:34:40,PayFlow,INR,37,41580.27,1838.78,39741.49,BANK_002,PFSET_00000542,PAY_017091,PAY_010904
SET_000543,2025-10-21T04:28:37,PayFlow,INR,36,44539.93,0.00,44539.93,BANK_002,PFSET_00000543,PAY_012389,PAY_024333
SET_000544,2025-10-21T03:10:39,PayFlow,INR,36,38418.02,0.00,38418.02,BANK_002,PFSET_00000544,PAY_022176,PAY_014835
SET_000545,2025-10-20T20:21:45,PayFlow,INR,38,37591.32,0.00,37591.32,BANK_002,PFSET_00000545,PAY_010368,PAY_022902
SET_000546,2025-10-19T18:16:57,PayFlow,INR,37,45438.12,0.00,45438.12,BANK_002,PFSET_00000546,PAY_020861,PAY_011797
SET_000547,2025-10-18T22:23:36,PayFlow,INR,39,37036.59,0.00,37036.59,BANK_002,PFSET_00000547,PAY_018137,PAY_023827
SET_000548,2025-10-22T01:34:35,PayFlow,INR,30,35452.93,0.00,35452.93,BANK_002,PFSET_00000548,PAY_024548,PAY_016279
SET_000549,2025-10-21T18:33:35,PayFlow,INR,32,41905.25,0.00,41905.25,BANK_002,PFSET_00000549,PAY_023447,PAY_025306
SET_000550,2025-10-20T21:52:16,PayFlow,INR,31,35935.06,0.00,35935.06,BANK_002,PFSET_00000550,PAY_016012,PAY_020468
SET_000551,2025-10-21T19:32:38,PayFlow,INR,30,33493.86,0.00,33493.86,BANK_002,PFSET_00000551,PAY_014522,PAY_012519
SET_000552,2025-10-21T23:50:38,PayFlow,INR,29,44719.51,1023.06,43696.45,BANK_002,PFSET_00000552,PAY_021693,PAY_016171
SET_000553,2025-10-19T23:02:40,PayFlow,INR,34,46984.49,0.00,46984.49,BANK_002,PFSET_00000553,PAY_012766,PAY_011600
SET_000554,2025-10-18T20:40:09,PayFlow,INR,32,35917.89,0.00,35917.89,BANK_002,PFSET_00000554,PAY_020320,PAY_020843
SET_000555,2025-10-20T21:07:23,PayFlow,INR,30,30644.85,0.00,30644.85,BANK_002,PFSET_00000555,PAY_010114,PAY_017855
SET_000556,2025-10-20T00:31:20,PayFlow,INR,29,30872.98,0.00,30872.98,BANK_002,PFSET_00000556,PAY_020829,PAY_021845
SET_000557,2025-10-21T06:55:13,PayFlow,INR,30,28304.78,55.34,28249.44,BANK_002,PFSET_00000557,PAY_013595,PAY_022152
SET_000558,2025-10-21T23:09:56,PayFlow,INR,31,44269.42,814.24,43455.18,BANK_002,PFSET_00000558,PAY_020794,PAY_015890
SET_000559,2025-10-22T10:12:16,PayFlow,INR,32,33424.21,743.87,32680.34,BANK_002,PFSET_00000559,PAY_012824,PAY_020859
SET_000560,2025-10-19T17:25:26,PayFlow,INR,34,31953.65,0.00,31953.65,BANK_002,PFSET_00000560,PAY_012360,PAY_019055
SET_000561,2025-10-20T17:55:24,PayFlow,INR,34,41878.31,0.00,41878.31,BANK_002,PFSET_00000561,PAY_013219,PAY_018199
SET_000562,2025-10-23T00:14:20,PayFlow,INR,37,41360.78,0.00,41360.78,BANK_002,PFSET_00000562,PAY_025359,PAY_019834
SET_000563,2025-10-20T16:56:53,PayFlow,INR,39,52898.53,0.00,52898.53,BANK_002,PFSET_00000563,PAY_016255,PAY_011782
SET_000564,2025-10-20T00:14:17,PayFlow,INR,29,29992.30,0.00,29992.30,BANK_002,PFSET_00000564,PAY_013306,PAY_010768
SET_000565,2025-10-20T00:27:23,PayFlow,INR,30,29262.00,0.00,29262.00,BANK_002,PFSET_00000565,PAY_023460,PAY_024524
SET_000566,2025-10-20T01:38:34,PayFlow,INR,36,36872.88,0.00,36872.88,BANK_002,PFSET_00000566,PAY_022785,PAY_017104
SET_000567,2025-10-23T04:09:16,PayFlow,INR,36,41752.73,0.00,41752.73,BANK_002,PFSET_00000567,PAY_019481,PAY_018904
SET_000568,2025-10-19T23:05:34,PayFlow,INR,29,32365.54,0.00,32365.54,BANK_002,PFSET_00000568,PAY_019115,PAY_010230
SET_000569,2025-10-23T03:24:53,PayFlow,INR,36,39930.88,0.00,39930.88,BANK_002,PFSET_00000569,PAY_020825,PAY_020470
SET_000570,2025-10-20T22:17:02,PayFlow,INR,28,33178.91,0.00,33178.91,BANK_002,PFSET_00000570,PAY_025348,PAY_022303
SET_000571,2025-10-23T00:33:15,PayFlow,INR,36,60106.51,0.00,60106.51,BANK_002,PFSET_00000571,PAY_015173,PAY_013241
SET_000572,2025-10-20T06:50:09,PayFlow,INR,34,40588.21,0.00,40588.21,BANK_002,PFSET_00000572,PAY_011727,PAY_016843
SET_000573,2025-10-20T05:24:48,PayFlow,INR,35,30788.11,0.00,30788.11,BANK_002,PFSET_00000573,PAY_023003,PAY_011053
SET_000574,2025-10-23T15:57:03,PayFlow,INR,37,51476.99,0.00,51476.99,BANK_002,PFSET_00000574,PAY_019522,PAY_011416
SET_000575,2025-10-21T19:33:28,PayFlow,INR,36,31174.41,0.00,31174.41,BANK_002,PFSET_00000575,PAY_016768,PAY_023246
SET_000576,2025-10-24T00:04:39,PayFlow,INR,27,22121.73,0.00,22121.73,BANK_002,PFSET_00000576,PAY_010673,PAY_015909
SET_000577,2025-10-22T01:07:16,PayFlow,INR,27,38143.39,0.00,38143.39,BANK_002,PFSET_00000577,PAY_011786,PAY_015227
SET_000578,2025-10-23T01:09:15,PayFlow,INR,37,53346.13,2467.32,50878.81,BANK_002,PFSET_00000578,PAY_019909,PAY_017290
SET_000579,2025-10-22T00:48:26,PayFlow,INR,35,44229.44,0.00,44229.44,BANK_002,PFSET_00000579,PAY_019715,PAY_016847
SET_000580,2025-10-22T19:01:50,PayFlow,INR,26,33616.99,117.65,33499.34,BANK_002,PFSET_00000580,PAY_025254,PAY_022632
SET_000581,2025-10-23T01:36:57,PayFlow,INR,41,50794.56,1842.61,48951.95,BANK_002,PFSET_00000581,PAY_020109,PAY_023420
SET_000582,2025-10-21T01:20:44,PayFlow,INR,30,34267.94,0.00,34267.94,BANK_002,PFSET_00000582,PAY_020965,PAY_020949
SET_000583,2025-10-21T23:10:24,PayFlow,INR,31,26566.40,982.00,25584.40,BANK_002,PFSET_00000583,PAY_016427,PAY_023084
SET_000584,2025-10-23T04:51:38,PayFlow,INR,30,32115.87,0.00,32115.87,BANK_002,PFSET_00000584,PAY_021218,PAY_021410
SET_000585,2025-10-24T03:38:28,PayFlow,INR,42,46904.92,0.00,46904.92,BANK_002,PFSET_00000585,PAY_018635,PAY_013311
SET_000586,2025-10-24T14:19:52,PayFlow,INR,35,43710.93,0.00,43710.93,BANK_002,PFSET_00000586,PAY_024637,PAY_015515
SET_000587,2025-10-24T13:37:52,PayFlow,INR,34,43826.44,0.00,43826.44,BANK_002,PFSET_00000587,PAY_014587,PAY_012606
SET_000588,2025-10-22T17:17:14,PayFlow,INR,26,33279.23,0.00,33279.23,BANK_002,PFSET_00000588,PAY_019681,PAY_017726
SET_000589,2025-10-21T18:03:32,PayFlow,INR,33,40478.55,0.00,40478.55,BANK_002,PFSET_00000589,PAY_015989,PAY_021875
SET_000590,2025-10-23T22:14:27,PayFlow,INR,30,41604.62,0.00,41604.62,BANK_002,PFSET_00000590,PAY_022472,PAY_021870
SET_000591,2025-10-21T19:57:42,PayFlow,INR,28,27196.17,0.00,27196.17,BANK_002,PFSET_00000591,PAY_016469,PAY_018125
SET_000592,2025-10-23T01:29:41,PayFlow,INR,28,26165.22,0.00,26165.22,BANK_002,PFSET_00000592,PAY_019921,PAY_021664
SET_000593,2025-10-21T21:09:02,PayFlow,INR,30,33139.37,0.00,33139.37,BANK_002,PFSET_00000593,PAY_011409,PAY_024511
SET_000594,2025-10-23T18:50:32,PayFlow,INR,31,41029.95,0.00,41029.95,BANK_002,PFSET_00000594,PAY_018831,PAY_012351
SET_000595,2025-10-23T21:12:54,PayFlow,INR,37,44831.88,1120.94,43710.94,BANK_002,PFSET_00000595,PAY_021246,PAY_020089
SET_000596,2025-10-25T04:27:44,PayFlow,INR,42,42894.96,754.02,42140.94,BANK_002,PFSET_00000596,PAY_022642,PAY_013454
SET_000597,2025-10-23T23:35:38,PayFlow,INR,37,39691.33,0.00,39691.33,BANK_002,PFSET_00000597,PAY_011895,PAY_016773
SET_000598,2025-10-25T05:58:42,PayFlow,INR,31,43827.20,0.00,43827.20,BANK_002,PFSET_00000598,PAY_015822,PAY_014824
SET_000599,2025-10-25T05:39:39,PayFlow,INR,34,43402.71,1668.00,41734.71,BANK_002,PFSET_00000599,PAY_016324,PAY_015270
SET_000600,2025-10-22T03:42:36,PayFlow,INR,32,46802.48,0.00,46802.48,BANK_002,PFSET_00000600,PAY_014170,PAY_023033
SET_000601,2025-10-22T06:16:12,PayFlow,INR,30,27842.09,0.00,27842.09,BANK_002,PFSET_00000601,PAY_021598,PAY_014085
SET_000602,2025-10-25T19:34:36,PayFlow,INR,36,42843.54,0.00,42843.54,BANK_002,PFSET_00000602,PAY_020306,PAY_024296
SET_000603,2025-10-22T14:51:51,PayFlow,INR,34,41967.47,0.00,41967.47,BANK_002,PFSET_00000603,PAY_023402,PAY_013405
SET_000604,2025-10-24T16:00:40,PayFlow,INR,35,33615.69,0.00,33615.69,BANK_002,PFSET_00000604,PAY_010512,PAY_015605
SET_000605,2025-10-22T17:21:32,PayFlow,INR,31,29613.64,0.00,29613.64,BANK_002,PFSET_00000605,PAY_018698,PAY_025343
SET_000606,2025-10-24T19:01:39,PayFlow,INR,37,54623.26,0.00,54623.26,BANK_002,PFSET_00000606,PAY_017671,PAY_019348
SET_000607,2025-10-23T23:48:14,PayFlow,INR,44,51099.31,0.00,51099.31,BANK_002,PFSET_00000607,PAY_012165,PAY_016461
SET_000608,2025-10-22T23:54:33,PayFlow,INR,35,37025.94,0.00,37025.94,BANK_002,PFSET_00000608,PAY_021126,PAY_015860
SET_000609,2025-10-23T02:12:52,PayFlow,INR,36,34515.20,0.00,34515.20,BANK_002,PFSET_00000609,PAY_020536,PAY_024171
SET_000610,2025-10-25T03:47:56,PayFlow,INR,37,55831.81,1495.05,54336.76,BANK_002,PFSET_00000610,PAY_011234,PAY_021754
SET_000611,2025-10-23T21:10:09,PayFlow,INR,28,29401.72,0.00,29401.72,BANK_002,PFSET_00000611,PAY_015957,PAY_025009
SET_000612,2025-10-23T03:27:28,PayFlow,INR,33,35281.75,0.00,35281.75,BANK_002,PFSET_00000612,PAY_012601,PAY_013982
SET_000613,2025-10-24T23:33:49,PayFlow,INR,29,27331.42,0.00,27331.42,BANK_002,PFSET_00000613,PAY_012104,PAY_020108
SET_000614,2025-10-23T02:03:54,PayFlow,INR,32,41100.62,0.00,41100.62,BANK_002,PFSET_00000614,PAY_011559,PAY_024313
SET_000615,2025-10-26T00:32:34,PayFlow,INR,31,40612.33,0.00,40612.33,BANK_002,PFSET_00000615,PAY_011107,PAY_022637
SET_000616,2025-10-23T06:26:00,PayFlow,INR,32,57058.83,0.00,57058.83,BANK_002,PFSET_00000616,PAY_016546,PAY_011642
SET_000617,2025-10-25T01:15:35,PayFlow,INR,37,51842.50,0.00,51842.50,BANK_002,PFSET_00000617,PAY_015872,PAY_021627
SET_000618,2025-10-26T17:08:52,PayFlow,INR,40,47488.18,0.00,47488.18,BANK_002,PFSET_00000618,PAY_012550,PAY_012976
SET_000619,2025-10-26T18:01:44,PayFlow,INR,34,36413.78,0.00,36413.78,BANK_002,PFSET_00000619,PAY_010721,PAY_011813
SET_000620,2025-10-23T15:29:39,PayFlow,INR,34,37232.44,0.00,37232.44,BANK_002,PFSET_00000620,PAY_012555,PAY_018901
SET_000621,2025-10-24T16:14:24,PayFlow,INR,31,33307.70,0.00,33307.70,BANK_002,PFSET_00000621,PAY_012023,PAY_023962
SET_000622,2025-10-24T19:05:42,PayFlow,INR,34,35046.03,0.00,35046.03,BANK_002,PFSET_00000622,PAY_021463,PAY_015099
SET_000623,2025-10-26T01:35:18,PayFlow,INR,45,51442.21,0.00,51442.21,BANK_002,PFSET_00000623,PAY_020274,PAY_010281
SET_000624,2025-10-25T02:19:41,PayFlow,INR,31,34114.71,0.00,34114.71,BANK_002,PFSET_00000624,PAY_023591,PAY_012456
SET_000625,2025-10-26T01:52:02,PayFlow,INR,36,45790.45,306.74,45483.71,BANK_002,PFSET_00000625,PAY_024277,PAY_024556
SET_000626,2025-10-24T20:29:44,PayFlow,INR,35,38587.77,283.08,38304.69,BANK_002,PFSET_00000626,PAY_017841,PAY_014120
SET_000627,2025-10-27T04:10:22,PayFlow,INR,30,32526.23,0.00,32526.23,BANK_002,PFSET_00000627,PAY_016799,PAY_017033
SET_000628,2025-10-25T20:56:01,PayFlow,INR,34,44097.86,0.00,44097.86,BANK_002,PFSET_00000628,PAY_019298,PAY_023311
SET_000629,2025-10-26T05:01:30,PayFlow,INR,31,48513.77,0.00,48513.77,BANK_002,PFSET_00000629,PAY_013390,PAY_016745
SET_000630,2025-10-24T01:49:33,PayFlow,INR,30,32723.45,0.00,32723.45,BANK_002,PFSET_00000630,PAY_018661,PAY_016372
SET_000631,2025-10-27T02:38:45,PayFlow,INR,27,38312.22,619.26,37692.96,BANK_002,PFSET_00000631,PAY_011263,PAY_017821
SET_000632,2025-10-26T01:07:40,PayFlow,INR,34,43460.85,0.00,43460.85,BANK_002,PFSET_00000632,PAY_023541,PAY_024930
SET_000633,2025-10-24T05:49:58,PayFlow,INR,27,28961.42,0.00,28961.42,BANK_002,PFSET_00000633,PAY_022719,PAY_012486
SET_000634,2025-10-25T01:30:44,PayFlow,INR,28,27088.07,0.00,27088.07,BANK_002,PFSET_00000634,PAY_016856,PAY_016578
SET_000635,2025-10-27T17:40:04,PayFlow,INR,26,38782.60,0.00,38782.60,BANK_002,PFSET_00000635,PAY_010702,PAY_023855
SET_000636,2025-10-27T21:05:03,PayFlow,INR,29,36637.90,1340.83,35297.07,BANK_002,PFSET_00000636,PAY_021832,PAY_024103
SET_000637,2025-10-27T21:12:45,PayFlow,INR,33,32925.35,754.86,32170.49,BANK_002,PFSET_00000637,PAY_019250,PAY_010103
SET_000638,2025-10-25T17:16:15,PayFlow,INR,35,34506.02,0.00,34506.02,BANK_002,PFSET_00000638,PAY_015019,PAY_012790
SET_000639,2025-10-24T23:21:08,PayFlow,INR,35,35959.02,1123.36,34835.66,BANK_002,PFSET_00000639,PAY_013539,PAY_014822
SET_000640,2025-10-28T01:21:54,PayFlow,INR,27,31033.78,0.00,31033.78,BANK_002,PFSET_00000640,PAY_016421,PAY_021767
SET_000641,2025-10-26T22:43:53,PayFlow,INR,38,53267.82,2502.78,50765.04,BANK_002,PFSET_00000641,PAY_022079,PAY_015708
SET_000642,2025-10-26T20:40:19,PayFlow,INR,36,52206.54,0.00,52206.54,BANK_002,PFSET_00000642,PAY_015124,PAY_022818
SET_000643,2025-10-27T19:48:27,PayFlow,INR,31,47429.07,948.72,46480.35,BANK_002,PFSET_00000643,PAY_024344,PAY_017171
SET_000644,2025-10-24T23:31:41,PayFlow,INR,31,40286.44,0.00,40286.44,BANK_002,PFSET_00000644,PAY_013003,PAY_011711
SET_000645,2025-10-28T00:24:30,PayFlow,INR,31,27272.88,0.00,27272.88,BANK_002,PFSET_00000645,PAY_010884,PAY_013361
SET_000646,2025-10-25T22:00:22,PayFlow,INR,32,42059.20,0.00,42059.20,BANK_002,PFSET_00000646,PAY_020280,PAY_021540
SET_000647,2025-10-27T06:15:35,PayFlow,INR,27,32669.58,283.65,32385.93,BANK_002,PFSET_00000647,PAY_019954,PAY_015028
SET_000648,2025-10-27T01:42:48,PayFlow,INR,28,32579.37,0.00,32579.37,BANK_002,PFSET_00000648,PAY_014173,PAY_017834
SET_000649,2025-10-24T23:28:18,PayFlow,INR,31,36995.60,0.00,36995.60,BANK_002,PFSET_00000649,PAY_010321,PAY_011937
SET_000650,2025-10-25T02:27:50,PayFlow,INR,32,37756.61,0.00,37756.61,BANK_002,PFSET_00000650,PAY_021488,PAY_020191
SET_000651,2025-10-28T04:15:51,PayFlow,INR,29,41938.18,0.00,41938.18,BANK_002,PFSET_00000651,PAY_020552,PAY_018481
SET_000652,2025-10-26T18:49:06,PayFlow,INR,29,37784.78,0.00,37784.78,BANK_002,PFSET_00000652,PAY_011987,PAY_011420
SET_000653,2025-10-26T19:52:03,PayFlow,INR,38,51130.56,0.00,51130.56,BANK_002,PFSET_00000653,PAY_010684,PAY_016525
SET_000654,2025-10-27T17:20:04,PayFlow,INR,38,44669.42,398.29,44271.13,BANK_002,PFSET_00000654,PAY_019137,PAY_012909
SET_000655,2025-10-27T01:59:23,PayFlow,INR,45,59544.46,0.00,59544.46,BANK_002,PFSET_00000655,PAY_019838,PAY_013989
SET_000656,2025-10-27T18:00:05,PayFlow,INR,33,48147.48,0.00,48147.48,BANK_002,PFSET_00000656,PAY_014127,PAY_013602
SET_000657,2025-10-25T23:22:24,PayFlow,INR,25,32664.76,0.00,32664.76,BANK_002,PFSET_00000657,PAY_013412,PAY_011899
SET_000658,2025-10-26T02:15:50,PayFlow,INR,31,41096.43,0.00,41096.43,BANK_002,PFSET_00000658,PAY_011133,PAY_017297
SET_000659,2025-10-28T04:04:54,PayFlow,INR,32,31246.38,0.00,31246.38,BANK_002,PFSET_00000659,PAY_022436,PAY_019231
SET_000660,2025-10-25T21:49:22,PayFlow,INR,35,46205.31,0.00,46205.31,BANK_002,PFSET_00000660,PAY_013228,PAY_015881
SET_000661,2025-10-27T04:05:22,PayFlow,INR,30,33194.13,0.00,33194.13,BANK_002,PFSET_00000661,PAY_024592,PAY_019710
SET_000662,2025-10-27T04:55:58,PayFlow,INR,30,32288.60,0.00,32288.60,BANK_002,PFSET_00000662,PAY_023562,PAY_019649
SET_000663,2025-10-29T01:02:59,PayFlow,INR,30,41019.27,0.00,41019.27,BANK_002,PFSET_00000663,PAY_021399,PAY_021054
SET_000664,2025-10-27T03:57:43,PayFlow,INR,36,43814.02,0.00,43814.02,BANK_002,PFSET_00000664,PAY_010998,PAY_015170
SET_000665,2025-10-28T02:15:39,PayFlow,INR,34,40077.12,0.00,40077.12,BANK_002,PFSET_00000665,PAY_012600,PAY_018857
SET_000666,2025-10-26T17:21:45,PayFlow,INR,38,39715.80,0.00,39715.80,BANK_002,PFSET_00000666,PAY_010613,PAY_010146
SET_000667,2025-10-27T16:12:23,PayFlow,INR,34,46779.15,0.00,46779.15,BANK_002,PFSET_00000667,PAY_023939,PAY_010667
SET_000668,2025-10-27T16:53:29,PayFlow,INR,28,32016.82,0.00,32016.82,BANK_002,PFSET_00000668,PAY_013042,PAY_017072
SET_000669,2025-10-26T21:39:52,PayFlow,INR,29,44821.34,0.00,44821.34,BANK_002,PFSET_00000669,PAY_021456,PAY_016121
SET_000670,2025-10-27T00:01:08,PayFlow,INR,28,31983.30,0.00,31983.30,BANK_002,PFSET_00000670,PAY_018626,PAY_020846
SET_000671,2025-10-30T02:56:42,PayFlow,INR,29,24550.97,680.86,23870.11,BANK_002,PFSET_00000671,PAY_016403,PAY_013928
SET_000672,2025-10-30T00:37:52,PayFlow,INR,31,37696.90,0.00,37696.90,BANK_002,PFSET_00000672,PAY_025068,PAY_018799
SET_000673,2025-10-28T21:04:52,PayFlow,INR,30,39944.40,594.72,39349.68,BANK_002,PFSET_00000673,PAY_021592,PAY_013088
SET_000674,2025-10-30T02:06:58,PayFlow,INR,35,35456.57,948.72,34507.85,BANK_002,PFSET_00000674,PAY_025013,PAY_022714
SET_000675,2025-10-29T22:10:23,PayFlow,INR,35,33879.95,0.00,33879.95,BANK_002,PFSET_00000675,PAY_023134,PAY_010603
SET_000676,2025-10-27T01:35:23,PayFlow,INR,35,34449.32,0.00,34449.32,BANK_002,PFSET_00000676,PAY_014442,PAY_018974
SET_000677,2025-10-29T03:23:16,PayFlow,INR,36,40955.88,0.00,40955.88,BANK_002,PFSET_00000677,PAY_022331,PAY_013569
SET_000678,2025-10-29T00:33:03,PayFlow,INR,33,49844.28,0.00,49844.28,BANK_002,PFSET_00000678,PAY_019640,PAY_011254
SET_000679,2025-10-30T12:16:03,PayFlow,INR,35,40583.10,0.00,40583.10,BANK_002,PFSET_00000679,PAY_011874,PAY_014737
SET_000680,2025-10-29T18:16:03,PayFlow,INR,31,33460.86,0.00,33460.86,BANK_002,PFSET_00000680,PAY_013147,PAY_013386
SET_000681,2025-10-30T01:02:09,PayFlow,INR,30,34267.12,0.00,34267.12,BANK_002,PFSET_00000681,PAY_014326,PAY_024460
SET_000682,2025-10-30T21:38:41,PayFlow,INR,34,31111.49,0.00,31111.49,BANK_002,PFSET_00000682,PAY_016919,PAY_021099
SET_000683,2025-10-31T00:40:54,PayFlow,INR,29,45691.58,0.00,45691.58,BANK_002,PFSET_00000683,PAY_011724,PAY_013146
SET_000684,2025-10-28T19:26:45,PayFlow,INR,36,50001.61,0.00,50001.61,BANK_002,PFSET_00000684,PAY_012212,PAY_019033
SET_000685,2025-10-31T04:03:19,PayFlow,INR,36,43888.83,1439.26,42449.57,BANK_002,PFSET_00000685,PAY_019803,PAY_023865
SET_000686,2025-10-29T01:07:14,PayFlow,INR,32,43601.80,0.00,43601.80,BANK_002,PFSET_00000686,PAY_010291,PAY_012209
SET_000687,2025-10-30T23:45:52,PayFlow,INR,35,44238.49,0.00,44238.49,BANK_002,PFSET_00000687,PAY_010621,PAY_011590
SET_000688,2025-10-31T04:58:04,PayFlow,INR,34,49372.92,0.00,49372.92,BANK_002,PFSET_00000688,PAY_023321,PAY_023823
SET_000689,2025-10-29T22:34:19,PayFlow,INR,34,35257.82,0.00,35257.82,BANK_002,PFSET_00000689,PAY_023810,PAY_015239
SET_000690,2025-10-30T22:50:32,PayFlow,INR,33,43075.98,0.00,43075.98,BANK_002,PFSET_00000690,PAY_011942,PAY_010360
SET_000691,2025-10-29T03:37:43,PayFlow,INR,33,39608.13,0.00,39608.13,BANK_002,PFSET_00000691,PAY_017568,PAY_018006
SET_000692,2025-10-31T03:04:34,PayFlow,INR,26,30329.50,0.00,30329.50,BANK_002,PFSET_00000692,PAY_010091,PAY_016433
SET_000693,2025-10-31T12:53:32,PayFlow,INR,36,38103.42,0.00,38103.42,BANK_002,PFSET_00000693,PAY_013998,PAY_015897
SET_000694,2025-10-28T17:02:12,PayFlow,INR,38,39866.69,0.00,39866.69,BANK_002,PFSET_00000694,PAY_015094,PAY_019520
SET_000695,2025-10-29T22:06:32,PayFlow,INR,32,39658.27,0.00,39658.27,BANK_002,PFSET_00000695,PAY_018020,PAY_022699
SET_000696,2025-10-31T20:21:48,PayFlow,INR,42,52494.90,0.00,52494.90,BANK_002,PFSET_00000696,PAY_022676,PAY_016714
SET_000697,2025-10-31T21:17:23,PayFlow,INR,42,56971.81,0.00,56971.81,BANK_002,PFSET_00000697,PAY_016033,PAY_019891
SET_000698,2025-10-29T22:19:07,PayFlow,INR,30,42177.06,0.00,42177.06,BANK_002,PFSET_00000698,PAY_011035,PAY_013858
SET_000699,2025-10-31T21:26:53,PayFlow,INR,29,40113.43,0.00,40113.43,BANK_002,PFSET_00000699,PAY_012767,PAY_010133
SET_000700,2025-10-29T00:04:53,PayFlow,INR,29,44636.42,0.00,44636.42,BANK_002,PFSET_00000700,PAY_010717,PAY_019404
SET_000701,2025-10-31T01:55:56,PayFlow,INR,38,53056.57,0.00,53056.57,BANK_002,PFSET_00000701,PAY_013013,PAY_021248
SET_000702,2025-11-01T04:23:00,PayFlow,INR,36,48260.62,1228.16,47032.46,BANK_002,PFSET_00000702,PAY_014935,PAY_020917
SET_000703,2025-11-01T03:22:26,PayFlow,INR,28,34650.65,0.00,34650.65,BANK_002,PFSET_00000703,PAY_014059,PAY_015505
SET_000704,2025-11-01T00:04:03,PayFlow,INR,35,45598.21,1861.74,43736.47,BANK_002,PFSET_00000704,PAY_012003,PAY_016939
SET_000705,2025-10-31T23:14:45,PayFlow,INR,38,53368.99,0.00,53368.99,BANK_002,PFSET_00000705,PAY_016793,PAY_016588
SET_000706,2025-10-29T01:34:58,PayFlow,INR,33,41956.38,0.00,41956.38,BANK_002,PFSET_00000706,PAY_015266,PAY_014205
SET_000707,2025-10-30T23:48:24,PayFlow,INR,33,32694.00,0.00,32694.00,BANK_002,PFSET_00000707,PAY_024426,PAY_022178
SET_000708,2025-10-30T13:40:02,PayFlow,INR,35,53550.01,0.00,53550.01,BANK_002,PFSET_00000708,PAY_023636,PAY_013315
SET_000709,2025-10-31T17:06:24,PayFlow,INR,30,30629.64,0.00,30629.64,BANK_002,PFSET_00000709,PAY_016103,PAY_015619
SET_000710,2025-10-30T18:46:49,PayFlow,INR,33,38381.48,0.00,38381.48,BANK_002,PFSET_00000710,PAY_018913,PAY_013645
SET_000711,2025-11-02T00:23:36,PayFlow,INR,34,51832.08,0.00,51832.08,BANK_002,PFSET_00000711,PAY_023656,PAY_021420
SET_000712,2025-10-29T20:06:27,PayFlow,INR,28,37203.52,0.00,37203.52,BANK_002,PFSET_00000712,PAY_012216,PAY_010620
SET_000713,2025-10-31T19:39:00,PayFlow,INR,32,27923.92,0.00,27923.92,BANK_002,PFSET_00000713,PAY_024577,PAY_016272
SET_000714,2025-10-30T23:32:26,PayFlow,INR,43,45502.67,0.00,45502.67,BANK_002,PFSET_00000714,PAY_015082,PAY_023203
SET_000715,2025-10-31T20:51:03,PayFlow,INR,30,33943.42,0.00,33943.42,BANK_002,PFSET_00000715,PAY_013881,PAY_024234
SET_000716,2025-11-02T03:06:51,PayFlow,INR,29,43609.12,0.00,43609.12,BANK_002,PFSET_00000716,PAY_014068,PAY_013691
SET_000717,2025-10-31T20:08:25,PayFlow,INR,41,49413.24,0.00,49413.24,BANK_002,PFSET_00000717,PAY_020299,PAY_012852
SET_000718,2025-10-31T00:10:51,PayFlow,INR,33,40090.39,0.00,40090.39,BANK_002,PFSET_00000718,PAY_025057,PAY_019735
SET_000719,2025-11-01T01:13:34,PayFlow,INR,26,32425.79,0.00,32425.79,BANK_002,PFSET_00000719,PAY_011323,PAY_025214
SET_000720,2025-11-02T03:11:52,PayFlow,INR,28,32444.07,0.00,32444.07,BANK_002,PFSET_00000720,PAY_013309,PAY_015245
SET_000721,2025-10-30T03:14:04,PayFlow,INR,30,38551.65,0.00,38551.65,BANK_002,PFSET_00000721,PAY_012628,PAY_016193
SET_000722,2025-10-31T06:14:00,PayFlow,INR,34,47158.62,0.00,47158.62,BANK_002,PFSET_00000722,PAY_012926,PAY_024886
SET_000723,2025-10-31T05:21:04,PayFlow,INR,33,36920.02,0.00,36920.02,BANK_002,PFSET_00000723,PAY_018784,PAY_016437
SET_000724,2025-11-01T13:33:48,PayFlow,INR,40,41534.18,0.00,41534.18,BANK_002,PFSET_00000724,PAY_014227,PAY_018845
SET_000725,2025-10-31T17:37:39,PayFlow,INR,29,35224.77,0.00,35224.77,BANK_002,PFSET_00000725,PAY_013038,PAY_014451
SET_000726,2025-10-30T20:47:47,PayFlow,INR,52,66831.42,0.00,66831.42,BANK_002,PFSET_00000726,PAY_019634,PAY_016235
SET_000727,2025-11-01T21:56:10,PayFlow,INR,39,46309.21,434.24,45874.97,BANK_002,PFSET_00000727,PAY_024971,PAY_021114
SET_000728,2025-10-31T19:33:44,PayFlow,INR,35,32881.32,0.00,32881.32,BANK_002,PFSET_00000728,PAY_011890,PAY_016972
SET_000729,2025-11-01T02:25:32,PayFlow,INR,31,33631.07,0.00,33631.07,BANK_002,PFSET_00000729,PAY_018723,PAY_019052
SET_000730,2025-11-01T01:17:37,PayFlow,INR,42,52934.42,0.00,52934.42,BANK_002,PFSET_00000730,PAY_014078,PAY_025369
SET_000731,2025-10-30T20:30:45,PayFlow,INR,27,34003.06,0.00,34003.06,BANK_002,PFSET_00000731,PAY_011384,PAY_011218
SET_000732,2025-11-02T04:36:56,PayFlow,INR,30,42726.80,2542.43,40184.37,BANK_002,PFSET_00000732,PAY_012885,PAY_020167
SET_000733,2025-11-02T01:36:50,PayFlow,INR,28,32953.62,0.00,32953.62,BANK_002,PFSET_00000733,PAY_018374,PAY_013029
SET_000734,2025-11-03T01:40:42,PayFlow,INR,30,53909.23,0.00,53909.23,BANK_002,PFSET_00000734,PAY_019091,PAY_019132
SET_000735,2025-11-01T05:12:10,PayFlow,INR,39,43669.16,53.10,43616.06,BANK_002,PFSET_00000735,PAY_020688,PAY_016035
SET_000736,2025-11-02T06:43:45,PayFlow,INR,32,33451.73,0.00,33451.73,BANK_002,PFSET_00000736,PAY_014134,PAY_016493
SET_000737,2025-10-30T22:46:41,PayFlow,INR,40,38425.35,0.00,38425.35,BANK_002,PFSET_00000737,PAY_015747,PAY_018957
SET_000738,2025-10-31T01:04:37,PayFlow,INR,35,39473.19,0.00,39473.19,BANK_002,PFSET_00000738,PAY_013329,PAY_024127
SET_000739,2025-10-31T14:12:40,PayFlow,INR,31,38314.38,0.00,38314.38,BANK_002,PFSET_00000739,PAY_016334,PAY_020611
SET_000740,2025-10-31T18:53:25,PayFlow,INR,41,50952.31,1015.17,49937.14,BANK_002,PFSET_00000740,PAY_024522,PAY_021374
SET_000741,2025-11-03T00:14:50,PayFlow,INR,30,29288.62,0.00,29288.62,BANK_002,PFSET_00000741,PAY_016877,PAY_012465
SET_000742,2025-11-01T16:35:57,PayFlow,INR,29,35949.27,0.00,35949.27,BANK_002,PFSET_00000742,PAY_019916,PAY_012018
SET_000743,2025-11-01T17:54:44,PayFlow,INR,34,39087.85,0.00,39087.85,BANK_002,PFSET_00000743,PAY_024667,PAY_015284
SET_000744,2025-11-03T19:14:05,PayFlow,INR,31,30553.76,0.00,30553.76,BANK_002,PFSET_00000744,PAY_014925,PAY_012873
SET_000745,2025-11-01T03:08:39,PayFlow,INR,38,46117.35,0.00,46117.35,BANK_002,PFSET_00000745,PAY_021966,PAY_012750
SET_000746,2025-11-04T02:19:22,PayFlow,INR,35,46353.38,0.00,46353.38,BANK_002,PFSET_00000746,PAY_013801,PAY_021538
SET_000747,2025-11-01T03:51:42,PayFlow,INR,27,29379.73,0.00,29379.73,BANK_002,PFSET_00000747,PAY_014558,PAY_023972
SET_000748,2025-11-03T01:08:54,PayFlow,INR,30,30695.60,0.00,30695.60,BANK_002,PFSET_00000748,PAY_022305,PAY_020793
SET_000749,2025-11-02T00:41:45,PayFlow,INR,31,42725.13,0.00,42725.13,BANK_002,PFSET_00000749,PAY_011795,PAY_022119
SET_000750,2025-11-02T03:52:05,PayFlow,INR,25,30000.23,3119.92,26880.31,BANK_002,PFSET_00000750,PAY_018607,PAY_012708
SET_000751,2025-11-01T21:41:03,PayFlow,INR,49,63992.64,0.00,63992.64,BANK_002,PFSET_00000751,PAY_019333,PAY_015487
SET_000752,2025-11-01T22:44:12,PayFlow,INR,32,35125.88,0.00,35125.88,BANK_002,PFSET_00000752,PAY_025043,PAY_023361
SET_000753,2025-11-02T03:28:18,PayFlow,INR,45,52415.68,0.00,52415.68,BANK_002,PFSET_00000753,PAY_022469,PAY_018177
SET_000754,2025-11-04T12:58:27,PayFlow,INR,28,38829.05,309.57,38519.48,BANK_002,PFSET_00000754,PAY_019819,PAY_021534
SET_000755,2025-11-01T16:58:45,PayFlow,INR,44,45827.18,0.00,45827.18,BANK_002,PFSET_00000755,PAY_021855,PAY_012680
SET_000756,2025-11-02T23:39:17,PayFlow,INR,32,49482.81,0.00,49482.81,BANK_002,PFSET_00000756,PAY_010877,PAY_013952
SET_000757,2025-11-03T19:28:21,PayFlow,INR,32,35005.38,484.94,34520.44,BANK_002,PFSET_00000757,PAY_012984,PAY_024972
SET_000758,2025-11-02T01:12:28,PayFlow,INR,36,48593.84,0.00,48593.84,BANK_002,PFSET_00000758,PAY_022838,PAY_010277
SET_000759,2025-11-03T01:54:17,PayFlow,INR,34,36771.41,0.00,36771.41,BANK_002,PFSET_00000759,PAY_022841,PAY_015949
SET_000760,2025-11-01T19:29:17,PayFlow,INR,27,33696.33,0.00,33696.33,BANK_002,PFSET_00000760,PAY_013259,PAY_016390
SET_000761,2025-11-03T20:15:06,PayFlow,INR,30,31115.70,0.00,31115.70,BANK_002,PFSET_00000761,PAY_015136,PAY_021140
SET_000762,2025-11-02T04:31:41,PayFlow,INR,26,27804.71,0.00,27804.71,BANK_002,PFSET_00000762,PAY_021677,PAY_012508
SET_000763,2025-11-02T22:21:57,PayFlow,INR,25,21907.53,0.00,21907.53,BANK_002,PFSET_00000763,PAY_021995,PAY_021590
SET_000764,2025-11-03T21:29:02,PayFlow,INR,31,40405.25,0.00,40405.25,BANK_002,PFSET_00000764,PAY_023131,PAY_016798
SET_000765,2025-11-02T00:44:29,PayFlow,INR,34,45926.41,0.00,45926.41,BANK_002,PFSET_00000765,PAY_016658,PAY_022412
SET_000766,2025-11-02T21:56:32,PayFlow,INR,27,34345.26,0.00,34345.26,BANK_002,PFSET_00000766,PAY_019972,PAY_013188
SET_000767,2025-11-03T01:29:47,PayFlow,INR,32,36701.65,0.00,36701.65,BANK_002,PFSET_00000767,PAY_022398,PAY_010890
SET_000768,2025-11-03T02:37:15,PayFlow,INR,32,43116.87,0.00,43116.87,BANK_002,PFSET_00000768,PAY_013550,PAY_016709
SET_000769,2025-11-04T05:45:46,PayFlow,INR,32,43878.33,0.00,43878.33,BANK_002,PFSET_00000769,PAY_015190,PAY_014536
SET_000770,2025-11-03T20:04:35,PayFlow,INR,39,45873.83,0.00,45873.83,BANK_002,PFSET_00000770,PAY_015677,PAY_030439
SET_000771,2025-11-04T17:47:24,PayFlow,INR,29,33450.95,0.00,33450.95,BANK_002,PFSET_00000771,PAY_028536,PAY_027814
SET_000772,2025-11-02T17:25:13,PayFlow,INR,30,37457.70,0.00,37457.70,BANK_002,PFSET_00000772,PAY_025484,PAY_028338
SET_000773,2025-11-03T01:07:14,PayFlow,INR,34,42509.65,354.00,42155.65,BANK_002,PFSET_00000773,PAY_028030,PAY_030244
SET_000774,2025-11-04T00:22:38,PayFlow,INR,35,40661.63,0.00,40661.63,BANK_002,PFSET_00000774,PAY_027326,PAY_030362
SET_000775,2025-11-03T00:08:11,PayFlow,INR,33,45905.52,0.00,45905.52,BANK_002,PFSET_00000775,PAY_026261,PAY_029161
SET_000776,2025-11-05T03:31:46,PayFlow,INR,31,33151.98,0.00,33151.98,BANK_002,PFSET_00000776,PAY_025492,PAY_026415
SET_000777,2025-11-04T00:54:00,PayFlow,INR,32,38066.47,0.00,38066.47,BANK_002,PFSET_00000777,PAY_030944,PAY_034685
SET_000778,2025-11-04T04:10:18,PayFlow,INR,33,40100.47,0.00,40100.47,BANK_002,PFSET_00000778,PAY_035624,PAY_027822
SET_000779,2025-11-03T06:01:24,PayFlow,INR,31,36326.62,3366.30,32960.32,BANK_002,PFSET_00000779,PAY_036330,PAY_031933
SET_000780,2025-11-04T08:08:23,PayFlow,INR,27,28678.66,702.10,27976.56,BANK_002,PFSET_00000780,PAY_029933,PAY_028871
SET_000781,2025-11-05T18:21:53,PayFlow,INR,26,25120.47,0.00,25120.47,BANK_002,PFSET_00000781,PAY_033518,PAY_036368
SET_000782,2025-11-05T18:12:37,PayFlow,INR,36,40492.57,0.00,40492.57,BANK_002,PFSET_00000782,PAY_034649,PAY_028310
SET_000783,2025-11-05T20:41:56,PayFlow,INR,27,29302.95,0.00,29302.95,BANK_002,PFSET_00000783,PAY_027241,PAY_034758
SET_000784,2025-11-06T01:28:06,PayFlow,INR,28,39102.95,1680.32,37422.63,BANK_002,PFSET_00000784,PAY_029581,PAY_029156
SET_000785,2025-11-06T19:45:04,PayFlow,INR,40,48474.42,306.80,48167.62,BANK_002,PFSET_00000785,PAY_028382,PAY_036609
SET_000786,2025-11-03T22:01:43,PayFlow,INR,29,38542.72,0.00,38542.72,BANK_002,PFSET_00000786,PAY_032893,PAY_025715
SET_000787,2025-11-06T03:31:53,PayFlow,INR,27,31308.76,0.00,31308.76,BANK_002,PFSET_00000787,PAY_025650,PAY_034534
SET_000788,2025-11-07T05:07:32,PayFlow,INR,29,36014.23,0.00,36014.23,BANK_002,PFSET_00000788,PAY_033185,PAY_027943
SET_000789,2025-11-07T05:17:16,PayFlow,INR,28,29402.51,3281.17,26121.34,BANK_002,PFSET_00000789,PAY_030884,PAY_032457
SET_000790,2025-11-04T04:50:38,PayFlow,INR,44,52536.29,434.24,52102.05,BANK_002,PFSET_00000790,PAY_030822,PAY_028369
SET_000791,2025-11-04T03:02:14,PayFlow,INR,27,26854.56,0.00,26854.56,BANK_002,PFSET_00000791,PAY_027738,PAY_026492
SET_000792,2025-11-06T21:07:59,PayFlow,INR,32,49460.24,0.00,49460.24,BANK_002,PFSET_00000792,PAY_035966,PAY_035169
SET_000793,2025-11-07T21:48:15,PayFlow,INR,31,27877.61,0.00,27877.61,BANK_002,PFSET_00000793,PAY_026740,PAY_025748
SET_000794,2025-11-05T23:34:09,PayFlow,INR,29,33242.43,925.90,32316.53,BANK_002,PFSET_00000794,PAY_030231,PAY_032116
SET_000795,2025-11-07T23:47:17,PayFlow,INR,28,29836.13,0.00,29836.13,BANK_002,PFSET_00000795,PAY_031961,PAY_025635
SET_000796,2025-11-05T01:18:12,PayFlow,INR,26,31284.24,0.00,31284.24,BANK_002,PFSET_00000796,PAY_026685,PAY_025905
SET_000797,2025-11-07T21:24:04,PayFlow,INR,31,43023.41,574.65,42448.76,BANK_002,PFSET_00000797,PAY_030823,PAY_033601
SET_000798,2025-11-07T03:26:58,PayFlow,INR,41,58000.66,0.00,58000.66,BANK_002,PFSET_00000798,PAY_032844,PAY_036444
SET_000799,2025-11-05T22:31:18,PayFlow,INR,37,46056.47,0.00,46056.47,BANK_002,PFSET_00000799,PAY_027108,PAY_029748
SET_000800,2025-11-05T23:24:48,PayFlow,INR,36,48667.24,0.00,48667.24,BANK_002,PFSET_00000800,PAY_029733,PAY_032430
SET_000801,2025-11-06T00:18:08,PayFlow,INR,27,32006.95,306.80,31700.15,BANK_002,PFSET_00000801,PAY_029209,PAY_031355
SET_000802,2025-11-06T03:15:46,PayFlow,INR,32,41409.19,0.00,41409.19,BANK_002,PFSET_00000802,PAY_033597,PAY_033768
SET_000803,2025-11-08T12:53:22,PayFlow,INR,28,40100.65,690.24,39410.41,BANK_002,PFSET_00000803,PAY_035952,PAY_029942
SET_000804,2025-11-06T22:21:50,PayFlow,INR,34,34900.04,0.00,34900.04,BANK_002,PFSET_00000804,PAY_035330,PAY_036129
SET_000805,2025-11-08T18:27:52,PayFlow,INR,40,46048.02,0.00,46048.02,BANK_002,PFSET_00000805,PAY_031091,PAY_026188
SET_000806,2025-11-06T19:19:41,PayFlow,INR,25,26224.94,0.00,26224.94,BANK_002,PFSET_00000806,PAY_034476,PAY_027973
SET_000807,2025-11-07T22:00:08,PayFlow,INR,26,23563.52,0.00,23563.52,BANK_002,PFSET_00000807,PAY_034714,PAY_027268
SET_000808,2025-11-07T01:05:50,PayFlow,INR,33,45826.50,0.00,45826.50,BANK_002,PFSET_00000808,PAY_032282,PAY_029124
SET_000809,2025-11-06T21:18:02,PayFlow,INR,30,50176.87,0.00,50176.87,BANK_002,PFSET_00000809,PAY_032867,PAY_035399
SET_000810,2025-11-08T21:14:46,PayFlow,INR,34,36004.41,975.98,35028.43,BANK_002,PFSET_00000810,PAY_026153,PAY_036014
SET_000811,2025-11-09T03:12:55,PayFlow,INR,28,37709.67,626.58,37083.09,BANK_002,PFSET_00000811,PAY_026003,PAY_026220
SET_000812,2025-11-09T00:03:30,PayFlow,INR,32,33529.82,174.84,33354.98,BANK_002,PFSET_00000812,PAY_029738,PAY_027463
SET_000813,2025-11-06T00:22:29,PayFlow,INR,35,39910.15,0.00,39910.15,BANK_002,PFSET_00000813,PAY_035171,PAY_032032
SET_000814,2025-11-07T23:49:11,PayFlow,INR,34,29198.37,0.00,29198.37,BANK_002,PFSET_00000814,PAY_026765,PAY_034392
SET_000815,2025-11-08T04:32:08,PayFlow,INR,29,28933.15,0.00,28933.15,BANK_002,PFSET_00000815,PAY_035084,PAY_034946
SET_000816,2025-11-09T22:14:07,PayFlow,INR,36,45146.85,294.94,44851.91,BANK_002,PFSET_00000816,PAY_027228,PAY_034839
SET_000817,2025-11-09T00:16:18,PayFlow,INR,33,38130.61,0.00,38130.61,BANK_002,PFSET_00000817,PAY_035754,PAY_031878
SET_000818,2025-11-08T23:43:44,PayFlow,INR,27,26383.27,0.00,26383.27,BANK_002,PFSET_00000818,PAY_030367,PAY_032860
SET_000819,2025-11-10T00:51:32,PayFlow,INR,37,45476.87,403.25,45073.62,BANK_002,PFSET_00000819,PAY_033586,PAY_035385
SET_000820,2025-11-09T22:49:49,PayFlow,INR,28,37962.76,0.00,37962.76,BANK_002,PFSET_00000820,PAY_028187,PAY_034348
SET_000821,2025-11-09T00:52:30,PayFlow,INR,28,29414.59,0.00,29414.59,BANK_002,PFSET_00000821,PAY_033445,PAY_036562
SET_000822,2025-11-07T19:41:30,PayFlow,INR,30,44191.60,2312.80,41878.80,BANK_002,PFSET_00000822,PAY_032244,PAY_032724
SET_000823,2025-11-07T03:54:26,PayFlow,INR,31,31520.00,0.00,31520.00,BANK_002,PFSET_00000823,PAY_026448,PAY_034168
SET_000824,2025-11-09T01:18:31,PayFlow,INR,29,28564.31,0.00,28564.31,BANK_002,PFSET_00000824,PAY_026873,PAY_030916
SET_000825,2025-11-10T01:02:36,PayFlow,INR,29,35852.19,0.00,35852.19,BANK_002,PFSET_00000825,PAY_032556,PAY_034600
SET_000826,2025-11-08T01:22:18,PayFlow,INR,27,37211.28,0.00,37211.28,BANK_002,PFSET_00000826,PAY_033037,PAY_033529
SET_000827,2025-11-09T04:56:35,PayFlow,INR,25,26280.64,0.00,26280.64,BANK_002,PFSET_00000827,PAY_032693,PAY_031350
SET_000828,2025-11-08T06:51:07,PayFlow,INR,33,35483.67,0.00,35483.67,BANK_002,PFSET_00000828,PAY_030572,PAY_032381
SET_000829,2025-11-09T12:20:28,PayFlow,INR,28,42448.21,2742.32,39705.89,BANK_002,PFSET_00000829,PAY_035991,PAY_031701
SET_000830,2025-11-09T19:50:42,PayFlow,INR,36,39829.26,566.50,39262.76,BANK_002,PFSET_00000830,PAY_035584,PAY_030023
SET_000831,2025-11-07T20:49:17,PayFlow,INR,32,37041.85,0.00,37041.85,BANK_002,PFSET_00000831,PAY_034720,PAY_034363
SET_000832,2025-11-09T23:54:53,PayFlow,INR,27,28628.53,0.00,28628.53,BANK_002,PFSET_00000832,PAY_034043,PAY_033394
SET_000833,2025-11-09T01:40:21,PayFlow,INR,35,43472.65,0.00,43472.65,BANK_002,PFSET_00000833,PAY_033614,PAY_028212
SET_000834,2025-11-10T18:55:45,PayFlow,INR,28,39770.66,0.00,39770.66,BANK_002,PFSET_00000834,PAY_036689,PAY_028210
SET_000835,2025-11-10T00:54:54,PayFlow,INR,36,41546.37,0.00,41546.37,BANK_002,PFSET_00000835,PAY_035379,PAY_036002
SET_000836,2025-11-09T21:55:10,PayFlow,INR,33,42690.49,0.00,42690.49,BANK_002,PFSET_00000836,PAY_036254,PAY_034492
SET_000837,2025-11-10T22:10:27,PayFlow,INR,35,37362.15,0.00,37362.15,BANK_002,PFSET_00000837,PAY_027297,PAY_035627
SET_000838,2025-11-11T04:19:56,PayFlow,INR,30,29313.44,0.00,29313.44,BANK_002,PFSET_00000838,PAY_030473,PAY_025924
SET_000839,2025-11-08T04:57:36,PayFlow,INR,33,41165.47,0.00,41165.47,BANK_002,PFSET_00000839,PAY_034971,PAY_026643
SET_000840,2025-11-11T01:42:30,PayFlow,INR,32,46183.03,0.00,46183.03,BANK_002,PFSET_00000840,PAY_029195,PAY_035370
SET_000841,2025-11-10T07:35:53,PayFlow,INR,30,32361.39,0.00,32361.39,BANK_002,PFSET_00000841,PAY_026412,PAY_035749
SET_000842,2025-11-09T15:26:37,PayFlow,INR,29,28879.40,0.00,28879.40,BANK_002,PFSET_00000842,PAY_031184,PAY_026414
SET_000843,2025-11-11T20:38:00,PayFlow,INR,37,46116.47,0.00,46116.47,BANK_002,PFSET_00000843,PAY_026741,PAY_027829
SET_000844,2025-11-11T16:11:03,PayFlow,INR,32,33745.36,0.00,33745.36,BANK_002,PFSET_00000844,PAY_026404,PAY_030850
SET_000845,2025-11-08T19:53:08,PayFlow,INR,34,34130.90,0.00,34130.90,BANK_002,PFSET_00000845,PAY_029890,PAY_028986
SET_000846,2025-11-09T00:41:24,PayFlow,INR,26,27562.69,0.00,27562.69,BANK_002,PFSET_00000846,PAY_036726,PAY_032372
SET_000847,2025-11-10T20:10:56,PayFlow,INR,41,49976.02,0.00,49976.02,BANK_002,PFSET_00000847,PAY_031466,PAY_030467
SET_000848,2025-11-11T22:19:03,PayFlow,INR,35,43750.55,0.00,43750.55,BANK_002,PFSET_00000848,PAY_029692,PAY_028250
SET_000849,2025-11-08T22:31:39,PayFlow,INR,35,37122.66,0.00,37122.66,BANK_002,PFSET_00000849,PAY_036497,PAY_031783
SET_000850,2025-11-08T21:24:35,PayFlow,INR,39,53898.60,0.00,53898.60,BANK_002,PFSET_00000850,PAY_029577,PAY_027978
SET_000851,2025-11-10T03:59:57,PayFlow,INR,37,44674.37,0.00,44674.37,BANK_002,PFSET_00000851,PAY_025478,PAY_036004
SET_000852,2025-11-12T02:58:07,PayFlow,INR,32,33489.98,0.00,33489.98,BANK_002,PFSET_00000852,PAY_029248,PAY_028916
SET_000853,2025-11-12T12:16:40,PayFlow,INR,27,33895.23,167.90,33727.33,BANK_002,PFSET_00000853,PAY_029672,PAY_031715
SET_000854,2025-11-11T20:23:38,PayFlow,INR,35,51901.89,295.00,51606.89,BANK_002,PFSET_00000854,PAY_030737,PAY_031944
SET_000855,2025-11-09T21:17:20,PayFlow,INR,30,36082.84,0.00,36082.84,BANK_002,PFSET_00000855,PAY_030132,PAY_027490
SET_000856,2025-11-10T22:34:05,PayFlow,INR,25,30758.38,0.00,30758.38,BANK_002,PFSET_00000856,PAY_034412,PAY_032180
SET_000857,2025-11-12T00:18:13,PayFlow,INR,35,39847.46,295.00,39552.46,BANK_002,PFSET_00000857,PAY_035766,PAY_035963
SET_000858,2025-11-12T23:34:49,PayFlow,INR,33,38152.48,0.00,38152.48,BANK_002,PFSET_00000858,PAY_028249,PAY_027032
SET_000859,2025-11-09T19:03:25,PayFlow,INR,29,34846.93,0.00,34846.93,BANK_002,PFSET_00000859,PAY_036582,PAY_033847
SET_000860,2025-11-10T02:58:31,PayFlow,INR,35,51489.58,0.00,51489.58,BANK_002,PFSET_00000860,PAY_036084,PAY_033562
SET_000861,2025-11-13T05:32:24,PayFlow,INR,30,38876.75,0.00,38876.75,BANK_002,PFSET_00000861,PAY_027113,PAY_027934
SET_000862,2025-11-10T22:23:25,PayFlow,INR,26,26713.26,0.00,26713.26,BANK_002,PFSET_00000862,PAY_032338,PAY_029576
SET_000863,2025-11-13T04:18:44,PayFlow,INR,27,25363.77,1992.11,23371.66,BANK_002,PFSET_00000863,PAY_034275,PAY_035446
SET_000864,2025-11-11T05:10:57,PayFlow,INR,43,45701.16,280.08,45421.08,BANK_002,PFSET_00000864,PAY_034483,PAY_031890
SET_000865,2025-11-13T15:36:00,PayFlow,INR,28,33922.18,0.00,33922.18,BANK_002,PFSET_00000865,PAY_027180,PAY_034844
SET_000866,2025-11-11T18:22:16,PayFlow,INR,35,58691.89,0.00,58691.89,BANK_002,PFSET_00000866,PAY_027681,PAY_026413
SET_000867,2025-11-12T15:50:57,PayFlow,INR,31,31009.75,0.00,31009.75,BANK_002,PFSET_00000867,PAY_035026,PAY_029066
SET_000868,2025-11-10T19:25:13,PayFlow,INR,34,43454.18,0.00,43454.18,BANK_002,PFSET_00000868,PAY_032351,PAY_029613
SET_000869,2025-11-13T20:21:33,PayFlow,INR,29,36150.87,0.00,36150.87,BANK_002,PFSET_00000869,PAY_031412,PAY_035508
SET_000870,2025-11-13T19:56:02,PayFlow,INR,34,35580.80,0.00,35580.80,BANK_002,PFSET_00000870,PAY_030127,PAY_033278
SET_000871,2025-11-11T22:14:55,PayFlow,INR,28,36456.40,0.00,36456.40,BANK_002,PFSET_00000871,PAY_025751,PAY_031667
SET_000872,2025-11-14T01:08:23,PayFlow,INR,27,23506.09,0.00,23506.09,BANK_002,PFSET_00000872,PAY_025820,PAY_030725
SET_000873,2025-11-12T05:27:59,PayFlow,INR,40,50482.73,0.00,50482.73,BANK_002,PFSET_00000873,PAY_031544,PAY_030290
SET_000874,2025-11-10T21:49:31,PayFlow,INR,35,34990.23,0.00,34990.23,BANK_002,PFSET_00000874,PAY_028185,PAY_032007
SET_000875,2025-11-14T05:38:48,PayFlow,INR,29,30254.24,0.00,30254.24,BANK_002,PFSET_00000875,PAY_036218,PAY_035880
SET_000876,2025-11-11T16:22:52,PayFlow,INR,27,33268.16,0.00,33268.16,BANK_002,PFSET_00000876,PAY_036618,PAY_032228
SET_000877,2025-11-13T16:20:10,PayFlow,INR,36,45444.20,0.00,45444.20,BANK_002,PFSET_00000877,PAY_035587,PAY_031626
SET_000878,2025-11-13T15:18:34,PayFlow,INR,28,29570.85,0.00,29570.85,BANK_002,PFSET_00000878,PAY_029211,PAY_031641
SET_000879,2025-11-14T00:24:08,PayFlow,INR,31,34396.83,0.00,34396.83,BANK_002,PFSET_00000879,PAY_031754,PAY_034502
SET_000880,2025-11-12T01:22:45,PayFlow,INR,36,67946.61,0.00,67946.61,BANK_002,PFSET_00000880,PAY_030938,PAY_032383
SET_000881,2025-11-12T18:10:58,PayFlow,INR,31,55317.93,0.00,55317.93,BANK_002,PFSET_00000881,PAY_030262,PAY_036517
SET_000882,2025-11-15T00:36:32,PayFlow,INR,29,33424.50,0.00,33424.50,BANK_002,PFSET_00000882,PAY_028413,PAY_031728
SET_000883,2025-11-15T03:54:52,PayFlow,INR,29,39316.88,397.45,38919.43,BANK_002,PFSET_00000883,PAY_029821,PAY_034733
SET_000884,2025-11-14T20:23:52,PayFlow,INR,34,46815.56,0.00,46815.56,BANK_002,PFSET_00000884,PAY_036757,PAY_029602
SET_000885,2025-11-12T02:12:50,PayFlow,INR,29,32209.73,0.00,32209.73,BANK_002,PFSET_00000885,PAY_028445,PAY_028560
SET_000886,2025-11-14T00:14:27,PayFlow,INR,40,44577.28,0.00,44577.28,BANK_002,PFSET_00000886,PAY_029633,PAY_025998
SET_000887,2025-11-14T01:40:12,PayFlow,INR,29,43095.87,0.00,43095.87,BANK_002,PFSET_00000887,PAY_031441,PAY_029644
SET_000888,2025-11-12T13:28:43,PayFlow,INR,40,55779.67,0.00,55779.67,BANK_002,PFSET_00000888,PAY_027776,PAY_036665
SET_000889,2025-11-15T19:44:02,PayFlow,INR,32,37504.97,3150.02,34354.95,BANK_002,PFSET_00000889,PAY_028160,PAY_032355
SET_000890,2025-11-13T17:28:13,PayFlow,INR,26,30399.38,0.00,30399.38,BANK_002,PFSET_00000890,PAY_032498,PAY_028608
SET_000891,2025-11-15T19:37:00,PayFlow,INR,44,55644.28,153.35,55490.93,BANK_002,PFSET_00000891,PAY_036642,PAY_027369
SET_000892,2025-11-15T21:30:55,PayFlow,INR,39,41221.25,0.00,41221.25,BANK_002,PFSET_00000892,PAY_036428,PAY_029149
SET_000893,2025-11-14T01:40:39,PayFlow,INR,31,48809.83,0.00,48809.83,BANK_002,PFSET_00000893,PAY_032593,PAY_035252
SET_000894,2025-11-15T22:44:15,PayFlow,INR,32,44160.76,0.00,44160.76,BANK_002,PFSET_00000894,PAY_035492,PAY_032224
SET_000895,2025-11-15T02:44:20,PayFlow,INR,39,47214.25,0.00,47214.25,BANK_002,PFSET_00000895,PAY_034595,PAY_035620
SET_000896,2025-11-15T05:23:33,PayFlow,INR,33,36616.99,0.00,36616.99,BANK_002,PFSET_00000896,PAY_033149,PAY_029885
SET_000897,2025-11-12T22:26:25,PayFlow,INR,27,29276.28,0.00,29276.28,BANK_002,PFSET_00000897,PAY_036632,PAY_033403
SET_000898,2025-11-16T03:41:00,PayFlow,INR,42,54131.06,0.00,54131.06,BANK_002,PFSET_00000898,PAY_030294,PAY_032076
SET_000899,2025-11-14T18:30:53,PayFlow,INR,40,39240.31,1351.97,37888.34,BANK_002,PFSET_00000899,PAY_025570,PAY_035651
SET_000900,2025-11-16T17:19:01,PayFlow,INR,27,31629.53,0.00,31629.53,BANK_002,PFSET_00000900,PAY_033841,PAY_032712
SET_000901,2025-11-14T01:07:34,PayFlow,INR,41,45263.71,0.00,45263.71,BANK_002,PFSET_00000901,PAY_025649,PAY_027684
SET_000902,2025-11-15T21:04:39,PayFlow,INR,27,42511.97,0.00,42511.97,BANK_002,PFSET_00000902,PAY_036328,PAY_029805
SET_000903,2025-11-14T00:39:39,PayFlow,INR,39,49179.26,0.00,49179.26,BANK_002,PFSET_00000903,PAY_033469,PAY_032477
SET_000904,2025-11-15T19:01:45,PayFlow,INR,29,32868.37,0.00,32868.37,BANK_002,PFSET_00000904,PAY_036001,PAY_034604
SET_000905,2025-11-15T00:05:30,PayFlow,INR,30,27766.89,0.00,27766.89,BANK_002,PFSET_00000905,PAY_032753,PAY_030431
SET_000906,2025-11-16T04:06:14,PayFlow,INR,31,38924.17,0.00,38924.17,BANK_002,PFSET_00000906,PAY_033370,PAY_033707
SET_000907,2025-11-17T03:11:19,PayFlow,INR,32,33867.76,367.81,33499.95,BANK_002,PFSET_00000907,PAY_027345,PAY_033787
SET_000908,2025-11-13T22:30:14,PayFlow,INR,33,34755.05,0.00,34755.05,BANK_002,PFSET_00000908,PAY_032398,PAY_031828
SET_000909,2025-11-16T23:48:29,PayFlow,INR,42,47417.66,0.00,47417.66,BANK_002,PFSET_00000909,PAY_036337,PAY_025847
SET_000910,2025-11-15T02:37:31,PayFlow,INR,31,35837.45,0.00,35837.45,BANK_002,PFSET_00000910,PAY_025452,PAY_034618
SET_000911,2025-11-15T13:45:10,PayFlow,INR,37,43301.87,0.00,43301.87,BANK_002,PFSET_00000911,PAY_026502,PAY_031058
SET_000912,2025-11-15T23:20:45,PayFlow,INR,31,49889.10,0.00,49889.10,BANK_002,PFSET_00000912,PAY_034892,PAY_036673
SET_000913,2025-11-14T19:56:14,PayFlow,INR,32,32585.03,0.00,32585.03,BANK_002,PFSET_00000913,PAY_035445,PAY_033785
SET_000914,2025-11-15T17:18:09,PayFlow,INR,40,60515.46,0.00,60515.46,BANK_002,PFSET_00000914,PAY_033781,PAY_036515
SET_000915,2025-11-17T20:51:25,PayFlow,INR,35,35829.48,0.00,35829.48,BANK_002,PFSET_00000915,PAY_030882,PAY_029159
SET_000916,2025-11-17T02:01:24,PayFlow,INR,34,39294.96,0.00,39294.96,BANK_002,PFSET_00000916,PAY_029792,PAY_031045
SET_000917,2025-11-15T21:39:46,PayFlow,INR,27,28155.13,0.00,28155.13,BANK_002,PFSET_00000917,PAY_030482,PAY_030227
SET_000918,2025-11-16T00:59:52,PayFlow,INR,26,36348.22,0.00,36348.22,BANK_002,PFSET_00000918,PAY_025656,PAY_036477
SET_000919,2025-11-17T04:46:15,PayFlow,INR,34,45137.20,0.00,45137.20,BANK_002,PFSET_00000919,PAY_035187,PAY_034605
SET_000920,2025-11-15T02:53:50,PayFlow,INR,25,26044.53,0.00,26044.53,BANK_002,PFSET_00000920,PAY_025890,PAY_030910
SET_000921,2025-11-16T00:33:58,PayFlow,INR,33,36830.80,0.00,36830.80,BANK_002,PFSET_00000921,PAY_033308,PAY_030595
SET_000922,2025-11-15T23:54:06,PayFlow,INR,33,39442.68,0.00,39442.68,BANK_002,PFSET_00000922,PAY_026645,PAY_032582
SET_000923,2025-11-15T08:53:44,PayFlow,INR,32,41451.02,0.00,41451.02,BANK_002,PFSET_00000923,PAY_030299,PAY_034837
SET_000924,2025-11-18T22:26:05,PayFlow,INR,30,38970.59,0.00,38970.59,BANK_002,PFSET_00000924,PAY_033535,PAY_027195
SET_000925,2025-11-17T18:03:06,PayFlow,INR,38,48048.58,4105.22,43943.36,BANK_002,PFSET_00000925,PAY_036097,PAY_029898
SET_000926,2025-11-17T23:15:16,PayFlow,INR,37,54500.67,0.00,54500.67,BANK_002,PFSET_00000926,PAY_035320,PAY_031990
SET_000927,2025-11-16T02:26:24,PayFlow,INR,39,44517.92,0.00,44517.92,BANK_002,PFSET_00000927,PAY_027518,PAY_029133
SET_000928,2025-11-17T19:58:29,PayFlow,INR,39,52385.67,0.00,52385.67,BANK_002,PFSET_00000928,PAY_026485,PAY_029926
SET_000929,2025-11-18T03:57:07,PayFlow,INR,34,33999.24,295.47,33703.77,BANK_002,PFSET_00000929,PAY_030532,PAY_027634
SET_000930,2025-11-19T05:20:18,PayFlow,INR,39,43158.40,0.00,43158.40,BANK_002,PFSET_00000930,PAY_031853,PAY_030507
SET_000931,2025-11-15T21:06:37,PayFlow,INR,31,34398.47,0.00,34398.47,BANK_002,PFSET_00000931,PAY_035528,PAY_025843
SET_000932,2025-11-18T04:09:15,PayFlow,INR,30,32667.39,2846.16,29821.23,BANK_002,PFSET_00000932,PAY_036141,PAY_030647
SET_000933,2025-11-16T03:08:36,PayFlow,INR,31,41431.70,0.00,41431.70,BANK_002,PFSET_00000933,PAY_027697,PAY_033802
SET_000934,2025-11-19T17:29:32,PayFlow,INR,30,40680.80,1766.81,38913.99,BANK_002,PFSET_00000934,PAY_027783,PAY_032719
SET_000935,2025-11-16T19:36:11,PayFlow,INR,32,48355.16,0.00,48355.16,BANK_002,PFSET_00000935,PAY_035485,PAY_031404
SET_000936,2025-11-17T17:11:46,PayFlow,INR,30,40200.64,0.00,40200.64,BANK_002,PFSET_00000936,PAY_034705,PAY_031761
SET_000937,2025-11-18T21:54:06,PayFlow,INR,36,44552.56,0.00,44552.56,BANK_002,PFSET_00000937,PAY_032626,PAY_026718
SET_000938,2025-11-18T00:20:23,PayFlow,INR,42,57578.18,0.00,57578.18,BANK_002,PFSET_00000938,PAY_036415,PAY_029974
SET_000939,2025-11-18T21:34:30,PayFlow,INR,32,36378.29,0.00,36378.29,BANK_002,PFSET_00000939,PAY_028508,PAY_032472
SET_000940,2025-11-16T20:31:30,PayFlow,INR,37,48372.85,0.00,48372.85,BANK_002,PFSET_00000940,PAY_032370,PAY_030406
SET_000941,2025-11-19T23:20:22,PayFlow,INR,37,56120.58,0.00,56120.58,BANK_002,PFSET_00000941,PAY_033876,PAY_032758
SET_000942,2025-11-20T05:38:23,PayFlow,INR,42,45917.21,0.00,45917.21,BANK_002,PFSET_00000942,PAY_033827,PAY_028064
SET_000943,2025-11-19T07:37:22,PayFlow,INR,32,34347.72,0.00,34347.72,BANK_002,PFSET_00000943,PAY_029844,PAY_033610
SET_000944,2025-11-18T20:37:05,PayFlow,INR,25,29384.45,0.00,29384.45,BANK_002,PFSET_00000944,PAY_027990,PAY_027135
SET_000945,2025-11-18T18:35:11,PayFlow,INR,29,30669.12,0.00,30669.12,BANK_002,PFSET_00000945,PAY_026292,PAY_028068
SET_000946,2025-11-19T22:50:44,PayFlow,INR,27,32949.68,0.00,32949.68,BANK_002,PFSET_00000946,PAY_025839,PAY_027000
SET_000947,2025-11-20T21:33:13,PayFlow,INR,35,50336.92,0.00,50336.92,BANK_002,PFSET_00000947,PAY_033139,PAY_028504
SET_000948,2025-11-18T22:47:06,PayFlow,INR,28,38227.65,0.00,38227.65,BANK_002,PFSET_00000948,PAY_032639,PAY_026605
SET_000949,2025-11-17T20:23:21,PayFlow,INR,31,32893.02,0.00,32893.02,BANK_002,PFSET_00000949,PAY_032005,PAY_031615
SET_000950,2025-11-20T01:03:39,PayFlow,INR,26,31345.85,421.19,30924.66,BANK_002,PFSET_00000950,PAY_030308,PAY_032339
SET_000951,2025-11-20T23:53:23,PayFlow,INR,33,38054.95,0.00,38054.95,BANK_002,PFSET_00000951,PAY_031360,PAY_025565
SET_000952,2025-11-20T05:03:55,PayFlow,INR,32,52468.69,0.00,52468.69,BANK_002,PFSET_00000952,PAY_035329,PAY_025694
SET_000953,2025-11-19T05:00:00,PayFlow,INR,34,45998.37,0.00,45998.37,BANK_002,PFSET_00000953,PAY_036094,PAY_031262
SET_000954,2025-11-20T23:54:39,PayFlow,INR,37,51572.74,202.30,51370.44,BANK_002,PFSET_00000954,PAY_028460,PAY_031546
SET_000955,2025-11-19T17:26:53,PayFlow,INR,27,28988.85,0.00,28988.85,BANK_002,PFSET_00000955,PAY_031131,PAY_035973
SET_000956,2025-11-18T22:48:26,PayFlow,INR,33,38475.47,0.00,38475.47,BANK_002,PFSET_00000956,PAY_029048,PAY_025974
SET_000957,2025-11-19T19:44:37,PayFlow,INR,28,42715.13,0.00,42715.13,BANK_002,PFSET_00000957,PAY_033643,PAY_030344
SET_000958,2025-11-20T01:49:18,PayFlow,INR,33,34560.61,0.00,34560.61,BANK_002,PFSET_00000958,PAY_035975,PAY_029492
SET_000959,2025-11-19T00:23:30,PayFlow,INR,26,28540.78,0.00,28540.78,BANK_002,PFSET_00000959,PAY_035875,PAY_033017
SET_000960,2025-11-21T23:38:12,PayFlow,INR,33,50387.43,313.99,50073.44,BANK_002,PFSET_00000960,PAY_028885,PAY_026682
SET_000961,2025-11-22T03:20:36,PayFlow,INR,27,38053.03,0.00,38053.03,BANK_002,PFSET_00000961,PAY_032023,PAY_026360
SET_000962,2025-11-22T01:44:47,PayFlow,INR,27,34097.97,0.00,34097.97,BANK_002,PFSET_00000962,PAY_033438,PAY_035356
SET_000963,2025-11-21T05:14:34,PayFlow,INR,31,33186.22,657.41,32528.81,BANK_002,PFSET_00000963,PAY_030921,PAY_035993
SET_000964,2025-11-19T01:02:15,PayFlow,INR,33,43040.19,0.00,43040.19,BANK_002,PFSET_00000964,PAY_026644,PAY_029223
SET_000965,2025-11-21T03:00:48,PayFlow,INR,41,57084.08,0.00,57084.08,BANK_002,PFSET_00000965,PAY_029712,PAY_030452
SET_000966,2025-11-22T05:49:42,PayFlow,INR,34,43046.03,0.00,43046.03,BANK_002,PFSET_00000966,PAY_026224,PAY_032052
SET_000967,2025-11-20T14:02:53,PayFlow,INR,29,36796.16,0.00,36796.16,BANK_002,PFSET_00000967,PAY_035032,PAY_027821
SET_000968,2025-11-22T20:57:57,PayFlow,INR,41,46677.28,0.00,46677.28,BANK_002,PFSET_00000968,PAY_036314,PAY_033376
SET_000969,2025-11-20T19:58:07,PayFlow,INR,34,45112.67,0.00,45112.67,BANK_002,PFSET_00000969,PAY_033047,PAY_025538
SET_000970,2025-11-23T01:58:47,PayFlow,INR,34,43956.63,2600.64,41355.99,BANK_002,PFSET_00000970,PAY_031799,PAY_032644
SET_000971,2025-11-22T17:43:06,PayFlow,INR,29,35312.67,0.00,35312.67,BANK_002,PFSET_00000971,PAY_033015,PAY_031968
SET_000972,2025-11-19T21:10:06,PayFlow,INR,30,31219.68,0.00,31219.68,BANK_002,PFSET_00000972,PAY_029252,PAY_033587
SET_000973,2025-11-22T01:40:17,PayFlow,INR,32,42486.35,0.00,42486.35,BANK_002,PFSET_00000973,PAY_033504,PAY_033552
SET_000974,2025-11-21T03:23:27,PayFlow,INR,37,43384.96,0.00,43384.96,BANK_002,PFSET_00000974,PAY_027191,PAY_033909
SET_000975,2025-11-23T03:52:46,PayFlow,INR,30,28013.26,0.00,28013.26,BANK_002,PFSET_00000975,PAY_035093,PAY_028347
SET_000976,2025-11-20T01:13:35,PayFlow,INR,40,44815.79,0.00,44815.79,BANK_002,PFSET_00000976,PAY_035606,PAY_028758
SET_000977,2025-11-23T00:44:03,PayFlow,INR,33,34681.97,414.18,34267.79,BANK_002,PFSET_00000977,PAY_026978,PAY_034798
SET_000978,2025-11-23T06:30:50,PayFlow,INR,38,64724.52,0.00,64724.52,BANK_002,PFSET_00000978,PAY_033314,PAY_034176
SET_000979,2025-11-22T08:56:43,PayFlow,INR,30,35379.89,0.00,35379.89,BANK_002,PFSET_00000979,PAY_033509,PAY_033812
SET_000980,2025-11-22T18:11:47,PayFlow,INR,32,38854.17,0.00,38854.17,BANK_002,PFSET_00000980,PAY_029997,PAY_027420
SET_000981,2025-11-21T00:00:22,PayFlow,INR,35,40653.17,0.00,40653.17,BANK_002,PFSET_00000981,PAY_029491,PAY_025677
SET_000982,2025-11-21T21:20:43,PayFlow,INR,32,28974.21,0.00,28974.21,BANK_002,PFSET_00000982,PAY_029631,PAY_032533
SET_000983,2025-11-22T17:28:17,PayFlow,INR,36,43050.95,0.00,43050.95,BANK_002,PFSET_00000983,PAY_031568,PAY_036146
SET_000984,2025-11-23T20:27:59,PayFlow,INR,31,42648.11,732.14,41915.97,BANK_002,PFSET_00000984,PAY_026451,PAY_029448
SET_000985,2025-11-22T23:59:45,PayFlow,INR,31,42956.12,0.00,42956.12,BANK_002,PFSET_00000985,PAY_030512,PAY_033674
SET_000986,2025-11-22T23:58:05,PayFlow,INR,37,35298.39,0.00,35298.39,BANK_002,PFSET_00000986,PAY_033081,PAY_026134
SET_000987,2025-11-22T04:48:06,PayFlow,INR,29,28773.18,0.00,28773.18,BANK_002,PFSET_00000987,PAY_029192,PAY_036228
SET_000988,2025-11-23T21:19:37,PayFlow,INR,36,42609.19,0.00,42609.19,BANK_002,PFSET_00000988,PAY_034904,PAY_034426
SET_000989,2025-11-22T03:46:32,PayFlow,INR,29,52501.61,0.00,52501.61,BANK_002,PFSET_00000989,PAY_029109,PAY_027023
SET_000990,2025-11-21T00:35:42,PayFlow,INR,31,38292.61,0.00,38292.61,BANK_002,PFSET_00000990,PAY_035613,PAY_031017
SET_000991,2025-11-21T00:45:46,PayFlow,INR,30,39684.30,0.00,39684.30,BANK_002,PFSET_00000991,PAY_036519,PAY_025752
SET_000992,2025-11-23T16:20:27,PayFlow,INR,32,38201.06,0.00,38201.06,BANK_002,PFSET_00000992,PAY_027785,PAY_026341
SET_000993,2025-11-23T17:13:53,PayFlow,INR,30,41803.96,0.00,41803.96,BANK_002,PFSET_00000993,PAY_025560,PAY_026419
SET_000994,2025-11-22T18:06:15,PayFlow,INR,30,46696.50,3696.00,43000.50,BANK_002,PFSET_00000994,PAY_030270,PAY_027715
SET_000995,2025-11-24T00:06:08,PayFlow,INR,35,30122.78,283.14,29839.64,BANK_002,PFSET_00000995,PAY_035451,PAY_032433
SET_000996,2025-11-24T23:18:00,PayFlow,INR,32,30233.26,0.00,30233.26,BANK_002,PFSET_00000996,PAY_029322,PAY_035955
SET_000997,2025-11-21T23:41:43,PayFlow,INR,34,38422.07,0.00,38422.07,BANK_002,PFSET_00000997,PAY_027709,PAY_032390
SET_000998,2025-11-23T00:38:11,PayFlow,INR,35,33127.40,0.00,33127.40,BANK_002,PFSET_00000998,PAY_032785,PAY_029742
SET_000999,2025-11-24T22:22:56,PayFlow,INR,28,34158.92,919.26,33239.66,BANK_002,PFSET_00000999,PAY_032765,PAY_033477
SET_001000,2025-11-21T20:53:40,PayFlow,INR,34,41120.60,0.00,41120.60,BANK_002,PFSET_00001000,PAY_036607,PAY_032864
SET_001001,2025-11-21T20:32:57,PayFlow,INR,27,37290.50,0.00,37290.50,BANK_002,PFSET_00001001,PAY_027977,PAY_034139
SET_001002,2025-11-21T22:01:29,PayFlow,INR,38,47875.95,0.00,47875.95,BANK_002,PFSET_00001002,PAY_036614,PAY_031670
SET_001003,2025-11-25T02:59:32,PayFlow,INR,36,42433.39,0.00,42433.39,BANK_002,PFSET_00001003,PAY_033482,PAY_035227
SET_001004,2025-11-22T01:27:07,PayFlow,INR,29,28535.53,0.00,28535.53,BANK_002,PFSET_00001004,PAY_027654,PAY_036329
SET_001005,2025-11-22T13:27:08,PayFlow,INR,39,58405.09,0.00,58405.09,BANK_002,PFSET_00001005,PAY_025994,PAY_035205
SET_001006,2025-11-22T15:15:08,PayFlow,INR,33,37478.17,0.00,37478.17,BANK_002,PFSET_00001006,PAY_025913,PAY_027396
SET_001007,2025-11-22T18:45:54,PayFlow,INR,35,34755.16,0.00,34755.16,BANK_002,PFSET_00001007,PAY_026701,PAY_027418
SET_001008,2025-11-23T00:57:03,PayFlow,INR,31,40199.60,0.00,40199.60,BANK_002,PFSET_00001008,PAY_036315,PAY_036108
SET_001009,2025-11-23T22:32:24,PayFlow,INR,27,37880.88,0.00,37880.88,BANK_002,PFSET_00001009,PAY_026582,PAY_031495
SET_001010,2025-11-25T01:36:31,PayFlow,INR,29,43581.17,0.00,43581.17,BANK_002,PFSET_00001010,PAY_033014,PAY_028672
SET_001011,2025-11-25T21:11:12,PayFlow,INR,34,42129.14,0.00,42129.14,BANK_002,PFSET_00001011,PAY_032614,PAY_033668
SET_001012,2025-11-26T01:54:54,PayFlow,INR,34,38017.57,0.00,38017.57,BANK_002,PFSET_00001012,PAY_027227,PAY_035538
SET_001013,2025-11-23T03:27:48,PayFlow,INR,25,32205.41,0.00,32205.41,BANK_002,PFSET_00001013,PAY_033174,PAY_027357
SET_001014,2025-11-24T05:21:23,PayFlow,INR,36,41323.30,0.00,41323.30,BANK_002,PFSET_00001014,PAY_032048,PAY_029725
SET_001015,2025-11-23T23:21:18,PayFlow,INR,35,46071.17,558.14,45513.03,BANK_002,PFSET_00001015,PAY_031938,PAY_025621
SET_001016,2025-11-26T01:56:28,PayFlow,INR,33,45874.64,176.38,45698.26,BANK_002,PFSET_00001016,PAY_026192,PAY_035281
SET_001017,2025-11-25T15:09:19,PayFlow,INR,40,54546.15,0.00,54546.15,BANK_002,PFSET_00001017,PAY_026954,PAY_029388
SET_001018,2025-11-25T21:55:38,PayFlow,INR,29,32497.19,0.00,32497.19,BANK_002,PFSET_00001018,PAY_029943,PAY_030530
SET_001019,2025-11-26T16:54:44,PayFlow,INR,31,32495.63,616.43,31879.20,BANK_002,PFSET_00001019,PAY_027258,PAY_025961
SET_001020,2025-11-27T01:26:08,PayFlow,INR,28,33598.72,0.00,33598.72,BANK_002,PFSET_00001020,PAY_033722,PAY_029488
SET_001021,2025-11-25T22:01:22,PayFlow,INR,28,34662.47,611.59,34050.88,BANK_002,PFSET_00001021,PAY_027635,PAY_031714
SET_001022,2025-11-26T19:59:48,PayFlow,INR,32,30813.48,95.20,30718.28,BANK_002,PFSET_00001022,PAY_028685,PAY_035601
SET_001023,2025-11-26T19:25:13,PayFlow,INR,29,41259.71,0.00,41259.71,BANK_002,PFSET_00001023,PAY_035634,PAY_036354
SET_001024,2025-11-24T03:40:03,PayFlow,INR,29,28995.37,0.00,28995.37,BANK_002,PFSET_00001024,PAY_027595,PAY_035761
SET_001025,2025-11-26T22:24:56,PayFlow,INR,27,36963.26,0.00,36963.26,BANK_002,PFSET_00001025,PAY_031186,PAY_029571
SET_001026,2025-11-26T05:45:05,PayFlow,INR,33,35147.77,0.00,35147.77,BANK_002,PFSET_00001026,PAY_034929,PAY_030969
SET_001027,2025-11-27T01:13:26,PayFlow,INR,30,41160.54,0.00,41160.54,BANK_002,PFSET_00001027,PAY_035679,PAY_033010
SET_001028,2025-11-26T05:06:24,PayFlow,INR,29,26856.02,0.00,26856.02,BANK_002,PFSET_00001028,PAY_034368,PAY_036357
SET_001029,2025-11-24T14:41:50,PayFlow,INR,28,29212.16,0.00,29212.16,BANK_002,PFSET_00001029,PAY_028451,PAY_033721
SET_001030,2025-11-25T16:15:13,PayFlow,INR,30,49796.94,0.00,49796.94,BANK_002,PFSET_00001030,PAY_027720,PAY_027323
SET_001031,2025-11-25T19:57:39,PayFlow,INR,31,34049.65,0.00,34049.65,BANK_002,PFSET_00001031,PAY_034773,PAY_031471
SET_001032,2025-11-25T22:39:22,PayFlow,INR,27,27742.21,577.72,27164.49,BANK_002,PFSET_00001032,PAY_033749,PAY_034185
SET_001033,2025-11-25T20:19:00,PayFlow,INR,33,37098.65,0.00,37098.65,BANK_002,PFSET_00001033,PAY_027746,PAY_026377
SET_001034,2025-11-24T21:41:13,PayFlow,INR,29,46029.15,0.00,46029.15,BANK_002,PFSET_00001034,PAY_026168,PAY_033784
SET_001035,2025-11-28T00:16:43,PayFlow,INR,27,28596.01,0.00,28596.01,BANK_002,PFSET_00001035,PAY_026799,PAY_031606
SET_001036,2025-11-25T22:02:24,PayFlow,INR,29,35177.98,0.00,35177.98,BANK_002,PFSET_00001036,PAY_033472,PAY_027819
SET_001037,2025-11-24T21:33:38,PayFlow,INR,30,39888.28,0.00,39888.28,BANK_002,PFSET_00001037,PAY_029946,PAY_032198
SET_001038,2025-11-24T22:56:04,PayFlow,INR,31,39716.76,0.00,39716.76,BANK_002,PFSET_00001038,PAY_031556,PAY_034696
SET_001039,2025-11-26T23:48:49,PayFlow,INR,33,50284.06,0.00,50284.06,BANK_002,PFSET_00001039,PAY_030298,PAY_028334
SET_001040,2025-11-25T18:24:26,PayFlow,INR,32,26744.63,0.00,26744.63,BANK_002,PFSET_00001040,PAY_025682,PAY_031280
SET_001041,2025-11-26T19:14:46,PayFlow,INR,29,29671.34,0.00,29671.34,BANK_002,PFSET_00001041,PAY_026592,PAY_029557
SET_001042,2025-11-27T22:23:01,PayFlow,INR,30,37962.02,0.00,37962.02,BANK_002,PFSET_00001042,PAY_027243,PAY_025833
SET_001043,2025-11-29T00:26:32,PayFlow,INR,33,42461.12,116.11,42345.01,BANK_002,PFSET_00001043,PAY_025598,PAY_026894
SET_001044,2025-11-27T20:31:20,PayFlow,INR,40,45649.27,0.00,45649.27,BANK_002,PFSET_00001044,PAY_033253,PAY_032317
SET_001045,2025-11-29T03:28:44,PayFlow,INR,34,34332.35,0.00,34332.35,BANK_002,PFSET_00001045,PAY_034415,PAY_025988
SET_001046,2025-11-26T04:13:50,PayFlow,INR,33,29459.50,0.00,29459.50,BANK_002,PFSET_00001046,PAY_029851,PAY_030911
SET_001047,2025-11-27T02:39:06,PayFlow,INR,26,27253.95,0.00,27253.95,BANK_002,PFSET_00001047,PAY_031445,PAY_036716
SET_001048,2025-11-26T01:47:16,PayFlow,INR,29,38521.33,0.00,38521.33,BANK_002,PFSET_00001048,PAY_030959,PAY_035848
SET_001049,2025-11-27T00:49:17,PayFlow,INR,29,31118.39,0.00,31118.39,BANK_002,PFSET_00001049,PAY_029386,PAY_034928
SET_001050,2025-11-26T23:39:59,PayFlow,INR,27,33153.31,0.00,33153.31,BANK_002,PFSET_00001050,PAY_033743,PAY_027162
SET_001051,2025-11-29T07:53:46,PayFlow,INR,43,62286.64,0.00,62286.64,BANK_002,PFSET_00001051,PAY_028495,PAY_034800
SET_001052,2025-11-26T15:04:41,PayFlow,INR,34,49867.10,0.00,49867.10,BANK_002,PFSET_00001052,PAY_032086,PAY_027281
SET_001053,2025-11-26T23:49:56,PayFlow,INR,39,48812.81,0.00,48812.81,BANK_002,PFSET_00001053,PAY_026071,PAY_036291
SET_001054,2025-11-27T00:15:02,PayFlow,INR,30,37807.29,0.00,37807.29,BANK_002,PFSET_00001054,PAY_035499,PAY_036148
SET_001055,2025-11-26T17:25:23,PayFlow,INR,38,41279.94,0.00,41279.94,BANK_002,PFSET_00001055,PAY_029426,PAY_034608
SET_001056,2025-11-28T20:10:20,PayFlow,INR,45,48466.71,1437.71,47029.00,BANK_002,PFSET_00001056,PAY_034994,PAY_027554
SET_001057,2025-11-30T01:56:28,PayFlow,INR,34,45830.35,0.00,45830.35,BANK_002,PFSET_00001057,PAY_027917,PAY_031786
SET_001058,2025-11-30T00:10:47,PayFlow,INR,29,22275.56,0.00,22275.56,BANK_002,PFSET_00001058,PAY_030419,PAY_028772
SET_001059,2025-11-28T23:34:29,PayFlow,INR,31,39380.88,0.00,39380.88,BANK_002,PFSET_00001059,PAY_034687,PAY_028103
SET_001060,2025-11-29T04:10:15,PayFlow,INR,25,25520.86,0.00,25520.86,BANK_002,PFSET_00001060,PAY_029705,PAY_028335
SET_001061,2025-11-27T22:56:21,PayFlow,INR,31,43941.00,0.00,43941.00,BANK_002,PFSET_00001061,PAY_032821,PAY_034906
SET_001062,2025-11-30T01:06:24,PayFlow,INR,29,35196.48,0.00,35196.48,BANK_002,PFSET_00001062,PAY_030768,PAY_027658
SET_001063,2025-11-27T02:40:54,PayFlow,INR,29,27562.77,0.00,27562.77,BANK_002,PFSET_00001063,PAY_034254,PAY_035934
SET_001064,2025-11-28T23:41:53,PayFlow,INR,36,50926.15,352.19,50573.96,BANK_002,PFSET_00001064,PAY_026052,PAY_033212
SET_001065,2025-11-30T16:26:31,PayFlow,INR,42,56920.03,1536.71,55383.32,BANK_002,PFSET_00001065,PAY_035819,PAY_027288
SET_001066,2025-11-28T15:21:08,PayFlow,INR,36,45145.40,2228.08,42917.32,BANK_002,PFSET_00001066,PAY_027129,PAY_027448
SET_001067,2025-11-29T20:55:21,PayFlow,INR,32,34377.89,0.00,34377.89,BANK_002,PFSET_00001067,PAY_031749,PAY_030615
SET_001068,2025-11-29T19:53:15,PayFlow,INR,30,40049.38,0.00,40049.38,BANK_002,PFSET_00001068,PAY_026169,PAY_033996
SET_001069,2025-11-29T23:09:45,PayFlow,INR,38,41251.31,0.00,41251.31,BANK_002,PFSET_00001069,PAY_031388,PAY_034978
SET_001070,2025-11-29T21:48:30,PayFlow,INR,40,53073.30,0.00,53073.30,BANK_002,PFSET_00001070,PAY_026258,PAY_030020
SET_001071,2025-11-28T23:39:06,PayFlow,INR,31,40343.18,0.00,40343.18,BANK_002,PFSET_00001071,PAY_028507,PAY_033797
SET_001072,2025-11-27T20:28:40,PayFlow,INR,28,28566.27,0.00,28566.27,BANK_002,PFSET_00001072,PAY_031290,PAY_034416
SET_001073,2025-11-29T02:17:54,PayFlow,INR,35,33032.60,0.00,33032.60,BANK_002,PFSET_00001073,PAY_034543,PAY_026429
SET_001074,2025-11-30T00:28:47,PayFlow,INR,27,39496.34,0.00,39496.34,BANK_002,PFSET_00001074,PAY_028069,PAY_032931
SET_001075,2025-11-28T01:59:17,PayFlow,INR,37,48090.73,0.00,48090.73,BANK_002,PFSET_00001075,PAY_029968,PAY_027156
SET_001076,2025-12-01T07:23:19,PayFlow,INR,39,50560.88,0.00,50560.88,BANK_002,PFSET_00001076,PAY_031812,PAY_028015
SET_001077,2025-12-01T17:40:47,PayFlow,INR,30,41770.66,502.68,41267.98,BANK_002,PFSET_00001077,PAY_030209,PAY_029963
SET_001078,2025-11-29T19:45:00,PayFlow,INR,37,45228.40,0.00,45228.40,BANK_002,PFSET_00001078,PAY_034652,PAY_030675
SET_001079,2025-11-28T21:16:19,PayFlow,INR,35,37641.46,0.00,37641.46,BANK_002,PFSET_00001079,PAY_036366,PAY_027157
SET_001080,2025-12-01T20:24:33,PayFlow,INR,28,37334.50,0.00,37334.50,BANK_002,PFSET_00001080,PAY_028738,PAY_026197
SET_001081,2025-11-30T01:14:54,PayFlow,INR,28,42524.27,0.00,42524.27,BANK_002,PFSET_00001081,PAY_029948,PAY_033607
SET_001082,2025-12-01T00:47:53,PayFlow,INR,41,51707.01,1339.69,50367.32,BANK_002,PFSET_00001082,PAY_033187,PAY_035696
SET_001083,2025-11-29T19:59:53,PayFlow,INR,35,37652.22,0.00,37652.22,BANK_002,PFSET_00001083,PAY_035801,PAY_036536
SET_001084,2025-11-29T03:13:22,PayFlow,INR,41,48006.65,0.00,48006.65,BANK_002,PFSET_00001084,PAY_025773,PAY_033983
SET_001085,2025-12-02T02:48:48,PayFlow,INR,32,42507.81,0.00,42507.81,BANK_002,PFSET_00001085,PAY_029914,PAY_032095
SET_001086,2025-12-01T00:29:36,PayFlow,INR,33,45566.95,0.00,45566.95,BANK_002,PFSET_00001086,PAY_035693,PAY_028541
SET_001087,2025-12-02T01:39:56,PayFlow,INR,30,36082.69,0.00,36082.69,BANK_002,PFSET_00001087,PAY_034609,PAY_028688
SET_001088,2025-11-30T17:42:24,PayFlow,INR,34,40504.23,0.00,40504.23,BANK_002,PFSET_00001088,PAY_029057,PAY_033119
SET_001089,2025-12-02T21:03:16,PayFlow,INR,28,31397.30,432.00,30965.30,BANK_002,PFSET_00001089,PAY_034743,PAY_025460
SET_001090,2025-11-29T17:09:55,PayFlow,INR,39,37132.59,0.00,37132.59,BANK_002,PFSET_00001090,PAY_034814,PAY_028449
SET_001091,2025-12-02T23:49:17,PayFlow,INR,44,60373.61,0.00,60373.61,BANK_002,PFSET_00001091,PAY_030933,PAY_025794
SET_001092,2025-12-02T18:44:35,PayFlow,INR,32,44259.14,0.00,44259.14,BANK_002,PFSET_00001092,PAY_034801,PAY_031008
SET_001093,2025-12-02T23:39:01,PayFlow,INR,40,53816.43,0.00,53816.43,BANK_002,PFSET_00001093,PAY_025532,PAY_028931
SET_001094,2025-11-30T23:54:40,PayFlow,INR,39,46670.73,0.00,46670.73,BANK_002,PFSET_00001094,PAY_036706,PAY_034429
SET_001095,2025-12-02T20:47:49,PayFlow,INR,37,48550.55,439.02,48111.53,BANK_002,PFSET_00001095,PAY_028979,PAY_032163
SET_001096,2025-12-01T22:44:35,PayFlow,INR,32,55297.36,0.00,55297.36,BANK_002,PFSET_00001096,PAY_032392,PAY_035414
SET_001097,2025-12-02T00:20:34,PayFlow,INR,32,32896.54,0.00,32896.54,BANK_002,PFSET_00001097,PAY_032181,PAY_029140
SET_001098,2025-11-30T05:54:46,PayFlow,INR,32,41619.06,0.00,41619.06,BANK_002,PFSET_00001098,PAY_031634,PAY_027530
SET_001099,2025-11-30T20:42:14,PayFlow,INR,30,30449.97,0.00,30449.97,BANK_002,PFSET_00001099,PAY_034487,PAY_031528
SET_001100,2025-12-02T23:43:18,PayFlow,INR,29,35121.39,0.00,35121.39,BANK_002,PFSET_00001100,PAY_027904,PAY_035055
SET_001101,2025-12-03T18:13:18,PayFlow,INR,28,33807.00,0.00,33807.00,BANK_002,PFSET_00001101,PAY_031332,PAY_036384
SET_001102,2025-12-01T21:25:32,PayFlow,INR,29,31131.46,0.00,31131.46,BANK_002,PFSET_00001102,PAY_030896,PAY_030912
SET_001103,2025-12-03T03:17:43,PayFlow,INR,33,39386.75,0.00,39386.75,BANK_002,PFSET_00001103,PAY_026524,PAY_029031
SET_001104,2025-12-04T01:58:46,PayFlow,INR,39,48343.34,0.00,48343.34,BANK_002,PFSET_00001104,PAY_031059,PAY_032555
SET_001105,2025-12-02T02:51:13,PayFlow,INR,30,30992.97,0.00,30992.97,BANK_002,PFSET_00001105,PAY_026812,PAY_026819
SET_001106,2025-11-30T21:56:15,PayFlow,INR,27,34532.62,0.00,34532.62,BANK_002,PFSET_00001106,PAY_028500,PAY_035243
SET_001107,2025-12-04T01:23:54,PayFlow,INR,28,25115.41,580.27,24535.14,BANK_002,PFSET_00001107,PAY_034405,PAY_027464
SET_001108,2025-12-02T02:14:44,PayFlow,INR,35,42019.93,578.21,41441.72,BANK_002,PFSET_00001108,PAY_034489,PAY_026679
SET_001109,2025-12-02T15:23:15,PayFlow,INR,28,32178.86,0.00,32178.86,BANK_002,PFSET_00001109,PAY_026664,PAY_030074
SET_001110,2025-12-04T23:25:59,PayFlow,INR,37,42055.09,373.94,41681.15,BANK_002,PFSET_00001110,PAY_031119,PAY_034538
SET_001111,2025-12-02T17:26:35,PayFlow,INR,32,52152.40,0.00,52152.40,BANK_002,PFSET_00001111,PAY_034786,PAY_035498
SET_001112,2025-12-04T17:36:55,PayFlow,INR,29,29997.25,0.00,29997.25,BANK_002,PFSET_00001112,PAY_036416,PAY_030167
SET_001113,2025-12-02T20:12:04,PayFlow,INR,40,47298.89,0.00,47298.89,BANK_002,PFSET_00001113,PAY_036177,PAY_031042
SET_001114,2025-12-05T04:03:52,PayFlow,INR,43,51660.18,0.00,51660.18,BANK_002,PFSET_00001114,PAY_026786,PAY_036413
SET_001115,2025-12-05T04:27:21,PayFlow,INR,36,51190.37,0.00,51190.37,BANK_002,PFSET_00001115,PAY_027510,PAY_026249
SET_001116,2025-12-03T00:46:28,PayFlow,INR,32,36213.00,0.00,36213.00,BANK_002,PFSET_00001116,PAY_035556,PAY_029772
SET_001117,2025-12-03T00:57:05,PayFlow,INR,26,40742.07,0.00,40742.07,BANK_002,PFSET_00001117,PAY_032665,PAY_029825
SET_001118,2025-12-05T03:29:35,PayFlow,INR,37,50449.05,788.71,49660.34,BANK_002,PFSET_00001118,PAY_031222,PAY_036540
SET_001119,2025-12-04T17:21:08,PayFlow,INR,36,44094.74,0.00,44094.74,BANK_002,PFSET_00001119,PAY_031941,PAY_041905
SET_001120,2025-12-04T16:55:04,PayFlow,INR,38,52237.79,0.00,52237.79,BANK_002,PFSET_00001120,PAY_048056,PAY_045774
SET_001121,2025-12-05T16:35:09,PayFlow,INR,28,32505.64,0.00,32505.64,BANK_002,PFSET_00001121,PAY_047703,PAY_045962
SET_001122,2025-12-02T21:15:27,PayFlow,INR,38,45313.35,0.00,45313.35,BANK_002,PFSET_00001122,PAY_038691,PAY_037074
SET_001123,2025-12-03T02:00:56,PayFlow,INR,33,43909.43,0.00,43909.43,BANK_002,PFSET_00001123,PAY_043690,PAY_040705
SET_001124,2025-12-02T23:58:08,PayFlow,INR,32,35680.26,0.00,35680.26,BANK_002,PFSET_00001124,PAY_044549,PAY_043011
SET_001125,2025-12-05T19:57:14,PayFlow,INR,31,38462.31,0.00,38462.31,BANK_002,PFSET_00001125,PAY_048387,PAY_044951
SET_001126,2025-12-03T02:13:59,PayFlow,INR,39,52077.32,0.00,52077.32,BANK_002,PFSET_00001126,PAY_044116,PAY_042659
SET_001127,2025-12-05T23:50:26,PayFlow,INR,40,48710.35,5733.56,42976.79,BANK_002,PFSET_00001127,PAY_047743,PAY_047812
SET_001128,2025-12-05T00:03:10,PayFlow,INR,28,42864.77,0.00,42864.77,BANK_002,PFSET_00001128,PAY_040639,PAY_040665
SET_001129,2025-12-03T10:12:49,PayFlow,INR,40,37511.96,339.19,37172.77,BANK_002,PFSET_00001129,PAY_037759,PAY_039124
SET_001130,2025-12-04T21:26:13,PayFlow,INR,36,48228.69,678.50,47550.19,BANK_002,PFSET_00001130,PAY_040211,PAY_043247
SET_001131,2025-12-04T16:34:52,PayFlow,INR,25,25680.38,0.00,25680.38,BANK_002,PFSET_00001131,PAY_045654,PAY_042727
SET_001132,2025-12-04T18:26:28,PayFlow,INR,28,36711.00,0.00,36711.00,BANK_002,PFSET_00001132,PAY_041780,PAY_041473
SET_001133,2025-12-03T23:22:23,PayFlow,INR,29,36277.72,0.00,36277.72,BANK_002,PFSET_00001133,PAY_048386,PAY_039021
SET_001134,2025-12-04T00:40:50,PayFlow,INR,26,32613.39,0.00,32613.39,BANK_002,PFSET_00001134,PAY_040112,PAY_045464
SET_001135,2025-12-03T23:35:05,PayFlow,INR,34,36815.65,0.00,36815.65,BANK_002,PFSET_00001135,PAY_041601,PAY_044707
SET_001136,2025-12-06T20:26:42,PayFlow,INR,33,38843.86,1345.35,37498.51,BANK_002,PFSET_00001136,PAY_043699,PAY_045532
SET_001137,2025-12-07T02:15:51,PayFlow,INR,29,33611.62,0.00,33611.62,BANK_002,PFSET_00001137,PAY_045284,PAY_037207
SET_001138,2025-12-04T23:15:59,PayFlow,INR,35,35297.00,0.00,35297.00,BANK_002,PFSET_00001138,PAY_042910,PAY_048369
SET_001139,2025-12-04T23:01:05,PayFlow,INR,37,32860.64,0.00,32860.64,BANK_002,PFSET_00001139,PAY_042428,PAY_041928
SET_001140,2025-12-05T02:26:30,PayFlow,INR,29,31800.77,0.00,31800.77,BANK_002,PFSET_00001140,PAY_037979,PAY_037633
SET_001141,2025-12-05T01:52:22,PayFlow,INR,35,45666.77,0.00,45666.77,BANK_002,PFSET_00001141,PAY_045784,PAY_037021
SET_001142,2025-12-06T11:14:28,PayFlow,INR,27,32788.83,0.00,32788.83,BANK_002,PFSET_00001142,PAY_043165,PAY_043589
SET_001143,2025-12-06T15:08:28,PayFlow,INR,32,35698.18,0.00,35698.18,BANK_002,PFSET_00001143,PAY_040312,PAY_039697
SET_001144,2025-12-06T00:03:52,PayFlow,INR,34,31408.96,0.00,31408.96,BANK_002,PFSET_00001144,PAY_045548,PAY_047387
SET_001145,2025-12-04T17:48:17,PayFlow,INR,29,39790.11,0.00,39790.11,BANK_002,PFSET_00001145,PAY_039249,PAY_044283
SET_001146,2025-12-05T21:41:24,PayFlow,INR,35,42673.99,0.00,42673.99,BANK_002,PFSET_00001146,PAY_042216,PAY_040563
SET_001147,2025-12-07T23:31:58,PayFlow,INR,33,28473.08,1578.45,26894.63,BANK_002,PFSET_00001147,PAY_044463,PAY_044739
SET_001148,2025-12-07T19:42:23,PayFlow,INR,30,28699.19,0.00,28699.19,BANK_002,PFSET_00001148,PAY_038442,PAY_042585
SET_001149,2025-12-08T01:54:50,PayFlow,INR,38,48897.81,0.00,48897.81,BANK_002,PFSET_00001149,PAY_042248,PAY_042408
SET_001150,2025-12-06T23:19:32,PayFlow,INR,35,41911.70,0.00,41911.70,BANK_002,PFSET_00001150,PAY_041955,PAY_042266
SET_001151,2025-12-05T00:24:29,PayFlow,INR,32,38882.37,0.00,38882.37,BANK_002,PFSET_00001151,PAY_046970,PAY_038215
SET_001152,2025-12-05T04:12:26,PayFlow,INR,32,28992.15,0.00,28992.15,BANK_002,PFSET_00001152,PAY_044055,PAY_045741
SET_001153,2025-12-06T05:22:01,PayFlow,INR,29,36570.00,0.00,36570.00,BANK_002,PFSET_00001153,PAY_047304,PAY_040724
SET_001154,2025-12-06T23:31:08,PayFlow,INR,28,42037.34,356.01,41681.33,BANK_002,PFSET_00001154,PAY_044508,PAY_038804
SET_001155,2025-12-05T04:05:17,PayFlow,INR,27,48044.71,0.00,48044.71,BANK_002,PFSET_00001155,PAY_042456,PAY_043092
SET_001156,2025-12-06T21:36:03,PayFlow,INR,36,54172.98,0.00,54172.98,BANK_002,PFSET_00001156,PAY_043085,PAY_036985
SET_001157,2025-12-06T17:04:43,PayFlow,INR,27,35819.23,0.00,35819.23,BANK_002,PFSET_00001157,PAY_036827,PAY_041259
SET_001158,2025-12-07T19:36:27,PayFlow,INR,30,40661.65,0.00,40661.65,BANK_002,PFSET_00001158,PAY_043371,PAY_042549
SET_001159,2025-12-05T17:49:16,PayFlow,INR,36,39330.12,0.00,39330.12,BANK_002,PFSET_00001159,PAY_043770,PAY_045507
SET_001160,2025-12-06T21:13:55,PayFlow,INR,31,37342.29,0.00,37342.29,BANK_002,PFSET_00001160,PAY_038035,PAY_045192
SET_001161,2025-12-07T20:01:49,PayFlow,INR,33,46981.55,0.00,46981.55,BANK_002,PFSET_00001161,PAY_040521,PAY_045259
SET_001162,2025-12-08T02:58:53,PayFlow,INR,28,36739.51,0.00,36739.51,BANK_002,PFSET_00001162,PAY_048378,PAY_047774
SET_001163,2025-12-07T03:22:07,PayFlow,INR,26,37567.71,1901.22,35666.49,BANK_002,PFSET_00001163,PAY_047192,PAY_037834
SET_001164,2025-12-07T01:34:21,PayFlow,INR,41,46545.55,0.00,46545.55,BANK_002,PFSET_00001164,PAY_039634,PAY_041550
SET_001165,2025-12-08T05:15:27,PayFlow,INR,44,44406.69,0.00,44406.69,BANK_002,PFSET_00001165,PAY_038719,PAY_041070
SET_001166,2025-12-07T03:18:26,PayFlow,INR,42,59700.75,0.00,59700.75,BANK_002,PFSET_00001166,PAY_045613,PAY_039304
SET_001167,2025-12-08T02:54:59,PayFlow,INR,31,41591.85,0.00,41591.85,BANK_002,PFSET_00001167,PAY_045650,PAY_036844
SET_001168,2025-12-09T20:38:00,PayFlow,INR,29,31190.00,0.00,31190.00,BANK_002,PFSET_00001168,PAY_037681,PAY_041659
SET_001169,2025-12-08T23:45:13,PayFlow,INR,36,43115.91,0.00,43115.91,BANK_002,PFSET_00001169,PAY_044527,PAY_048278
SET_001170,2025-12-07T22:12:25,PayFlow,INR,28,49729.63,0.00,49729.63,BANK_002,PFSET_00001170,PAY_037214,PAY_047733
SET_001171,2025-12-06T18:53:05,PayFlow,INR,40,54347.20,0.00,54347.20,BANK_002,PFSET_00001171,PAY_039972,PAY_045586
SET_001172,2025-12-09T21:44:02,PayFlow,INR,31,43636.25,0.00,43636.25,BANK_002,PFSET_00001172,PAY_047263,PAY_038501
SET_001173,2025-12-10T01:00:37,PayFlow,INR,26,24439.83,0.00,24439.83,BANK_002,PFSET_00001173,PAY_046527,PAY_037111
SET_001174,2025-12-09T22:23:59,PayFlow,INR,40,45999.52,0.00,45999.52,BANK_002,PFSET_00001174,PAY_048441,PAY_038273
SET_001175,2025-12-08T04:20:23,PayFlow,INR,36,43257.74,383.50,42874.24,BANK_002,PFSET_00001175,PAY_048340,PAY_038738
SET_001176,2025-12-08T01:54:26,PayFlow,INR,28,25486.99,0.00,25486.99,BANK_002,PFSET_00001176,PAY_038388,PAY_039011
SET_001177,2025-12-10T02:36:15,PayFlow,INR,36,37254.03,0.00,37254.03,BANK_002,PFSET_00001177,PAY_047576,PAY_041375
SET_001178,2025-12-07T04:44:01,PayFlow,INR,28,28475.63,0.00,28475.63,BANK_002,PFSET_00001178,PAY_041165,PAY_042311
SET_001179,2025-12-10T16:24:09,PayFlow,INR,25,20653.27,0.00,20653.27,BANK_002,PFSET_00001179,PAY_039038,PAY_038626
SET_001180,2025-12-07T22:49:55,PayFlow,INR,29,34448.46,0.00,34448.46,BANK_002,PFSET_00001180,PAY_045922,PAY_045519
SET_001181,2025-12-10T16:11:47,PayFlow,INR,31,36299.64,0.00,36299.64,BANK_002,PFSET_00001181,PAY_046683,PAY_041986
SET_001182,2025-12-10T01:16:57,PayFlow,INR,35,53966.66,0.00,53966.66,BANK_002,PFSET_00001182,PAY_045604,PAY_039008
SET_001183,2025-12-09T18:07:04,PayFlow,INR,34,44952.58,0.00,44952.58,BANK_002,PFSET_00001183,PAY_037318,PAY_043837
SET_001184,2025-12-08T02:25:31,PayFlow,INR,25,37596.98,0.00,37596.98,BANK_002,PFSET_00001184,PAY_044105,PAY_045023
SET_001185,2025-12-07T23:43:45,PayFlow,INR,40,61243.83,0.00,61243.83,BANK_002,PFSET_00001185,PAY_047290,PAY_044743
SET_001186,2025-12-11T04:04:05,PayFlow,INR,32,37907.32,0.00,37907.32,BANK_002,PFSET_00001186,PAY_048393,PAY_046800
SET_001187,2025-12-09T02:58:36,PayFlow,INR,35,38032.21,0.00,38032.21,BANK_002,PFSET_00001187,PAY_042688,PAY_039140
SET_001188,2025-12-10T02:27:47,PayFlow,INR,32,39585.62,0.00,39585.62,BANK_002,PFSET_00001188,PAY_043838,PAY_040254
SET_001189,2025-12-08T06:35:05,PayFlow,INR,28,44175.56,0.00,44175.56,BANK_002,PFSET_00001189,PAY_044400,PAY_042658
SET_001190,2025-12-08T02:52:36,PayFlow,INR,29,43433.32,0.00,43433.32,BANK_002,PFSET_00001190,PAY_045828,PAY_043843
SET_001191,2025-12-09T13:27:21,PayFlow,INR,28,26531.13,0.00,26531.13,BANK_002,PFSET_00001191,PAY_045407,PAY_046398
SET_001192,2025-12-11T22:11:35,PayFlow,INR,31,41842.47,0.00,41842.47,BANK_002,PFSET_00001192,PAY_038615,PAY_040710
SET_001193,2025-12-10T16:35:36,PayFlow,INR,34,52064.94,0.00,52064.94,BANK_002,PFSET_00001193,PAY_041522,PAY_039730
SET_001194,2025-12-09T19:30:06,PayFlow,INR,35,42791.51,0.00,42791.51,BANK_002,PFSET_00001194,PAY_042877,PAY_037224
SET_001195,2025-12-08T22:10:03,PayFlow,INR,29,40595.57,0.00,40595.57,BANK_002,PFSET_00001195,PAY_044223,PAY_040850
SET_001196,2025-12-10T01:09:15,PayFlow,INR,37,39910.35,0.00,39910.35,BANK_002,PFSET_00001196,PAY_043907,PAY_040876
SET_001197,2025-12-10T04:10:43,PayFlow,INR,36,48846.18,0.00,48846.18,BANK_002,PFSET_00001197,PAY_042908,PAY_045301
SET_001198,2025-12-12T00:50:07,PayFlow,INR,27,36780.52,0.00,36780.52,BANK_002,PFSET_00001198,PAY_038381,PAY_044618
SET_001199,2025-12-12T05:08:34,PayFlow,INR,27,46737.62,712.54,46025.08,BANK_002,PFSET_00001199,PAY_043406,PAY_041293
SET_001200,2025-12-09T00:12:14,PayFlow,INR,29,33761.86,0.00,33761.86,BANK_002,PFSET_00001200,PAY_045285,PAY_048321
SET_001201,2025-12-12T01:38:16,PayFlow,INR,28,23974.97,0.00,23974.97,BANK_002,PFSET_00001201,PAY_045039,PAY_042598
SET_001202,2025-12-10T13:16:23,PayFlow,INR,27,36930.84,565.22,36365.62,BANK_002,PFSET_00001202,PAY_047143,PAY_047078
SET_001203,2025-12-10T15:55:50,PayFlow,INR,26,29572.76,0.00,29572.76,BANK_002,PFSET_00001203,PAY_046360,PAY_037897
SET_001204,2025-12-10T21:28:01,PayFlow,INR,31,30760.44,315.80,30444.64,BANK_002,PFSET_00001204,PAY_044080,PAY_037269
SET_001205,2025-12-11T17:43:04,PayFlow,INR,39,54413.55,0.00,54413.55,BANK_002,PFSET_00001205,PAY_036764,PAY_037735
SET_001206,2025-12-11T22:39:51,PayFlow,INR,25,33010.75,0.00,33010.75,BANK_002,PFSET_00001206,PAY_039749,PAY_037464
SET_001207,2025-12-11T19:41:01,PayFlow,INR,31,33729.93,0.00,33729.93,BANK_002,PFSET_00001207,PAY_044744,PAY_036991
SET_001208,2025-12-12T22:27:26,PayFlow,INR,37,49157.81,0.00,49157.81,BANK_002,PFSET_00001208,PAY_047337,PAY_036946
SET_001209,2025-12-09T22:34:55,PayFlow,INR,51,60712.48,0.00,60712.48,BANK_002,PFSET_00001209,PAY_037325,PAY_043959
SET_001210,2025-12-09T23:46:17,PayFlow,INR,36,40849.45,0.00,40849.45,BANK_002,PFSET_00001210,PAY_040142,PAY_039092
SET_001211,2025-12-13T05:32:36,PayFlow,INR,31,36478.23,952.61,35525.62,BANK_002,PFSET_00001211,PAY_047052,PAY_038503
SET_001212,2025-12-13T12:36:32,PayFlow,INR,34,31852.29,0.00,31852.29,BANK_002,PFSET_00001212,PAY_045968,PAY_046794
SET_001213,2025-12-10T14:42:58,PayFlow,INR,35,49389.60,0.00,49389.60,BANK_002,PFSET_00001213,PAY_047781,PAY_047877
SET_001214,2025-12-11T20:13:42,PayFlow,INR,26,43433.92,0.00,43433.92,BANK_002,PFSET_00001214,PAY_040670,PAY_041469
SET_001215,2025-12-10T18:12:36,PayFlow,INR,42,50866.05,0.00,50866.05,BANK_002,PFSET_00001215,PAY_048238,PAY_046336
SET_001216,2025-12-12T00:33:09,PayFlow,INR,39,48615.89,0.00,48615.89,BANK_002,PFSET_00001216,PAY_042249,PAY_045900
SET_001217,2025-12-11T22:02:21,PayFlow,INR,31,31182.18,0.00,31182.18,BANK_002,PFSET_00001217,PAY_044108,PAY_037713
SET_001218,2025-12-13T02:58:41,PayFlow,INR,36,49845.13,0.00,49845.13,BANK_002,PFSET_00001218,PAY_043793,PAY_046837
SET_001219,2025-12-13T03:29:30,PayFlow,INR,36,45179.21,0.00,45179.21,BANK_002,PFSET_00001219,PAY_036928,PAY_037290
SET_001220,2025-12-14T04:21:08,PayFlow,INR,29,41752.03,4066.20,37685.83,BANK_002,PFSET_00001220,PAY_046455,PAY_037101
SET_001221,2025-12-13T22:42:29,PayFlow,INR,33,36670.11,0.00,36670.11,BANK_002,PFSET_00001221,PAY_039148,PAY_037975
SET_001222,2025-12-14T04:52:58,PayFlow,INR,36,44974.03,814.20,44159.83,BANK_002,PFSET_00001222,PAY_041578,PAY_040130
SET_001223,2025-12-11T04:34:18,PayFlow,INR,32,38574.20,0.00,38574.20,BANK_002,PFSET_00001223,PAY_037873,PAY_039416
SET_001224,2025-12-12T15:40:19,PayFlow,INR,32,28202.74,0.00,28202.74,BANK_002,PFSET_00001224,PAY_044290,PAY_046812
SET_001225,2025-12-11T14:48:10,PayFlow,INR,31,37372.09,0.00,37372.09,BANK_002,PFSET_00001225,PAY_044334,PAY_046740
SET_001226,2025-12-14T16:11:47,PayFlow,INR,39,44773.75,2793.06,41980.69,BANK_002,PFSET_00001226,PAY_047391,PAY_037908
SET_001227,2025-12-13T18:39:11,PayFlow,INR,31,49042.54,0.00,49042.54,BANK_002,PFSET_00001227,PAY_044599,PAY_037414
SET_001228,2025-12-11T21:21:13,PayFlow,INR,29,45449.95,0.00,45449.95,BANK_002,PFSET_00001228,PAY_041919,PAY_039917
SET_001229,2025-12-14T20:39:53,PayFlow,INR,30,46113.97,0.00,46113.97,BANK_002,PFSET_00001229,PAY_041902,PAY_044139
SET_001230,2025-12-15T02:13:14,PayFlow,INR,35,38947.57,0.00,38947.57,BANK_002,PFSET_00001230,PAY_040460,PAY_042853
SET_001231,2025-12-14T20:53:57,PayFlow,INR,33,41265.54,0.00,41265.54,BANK_002,PFSET_00001231,PAY_043503,PAY_044916
SET_001232,2025-12-12T20:42:49,PayFlow,INR,37,50746.65,0.00,50746.65,BANK_002,PFSET_00001232,PAY_041553,PAY_043685
SET_001233,2025-12-12T04:25:22,PayFlow,INR,29,28786.91,0.00,28786.91,BANK_002,PFSET_00001233,PAY_038717,PAY_043052
SET_001234,2025-12-13T23:35:55,PayFlow,INR,30,25801.94,0.00,25801.94,BANK_002,PFSET_00001234,PAY_042104,PAY_043244
SET_001235,2025-12-13T03:04:54,PayFlow,INR,33,44996.65,0.00,44996.65,BANK_002,PFSET_00001235,PAY_038420,PAY_036843
SET_001236,2025-12-15T11:23:42,PayFlow,INR,40,45399.86,1106.50,44293.36,BANK_002,PFSET_00001236,PAY_037552,PAY_048640
SET_001237,2025-12-12T14:14:32,PayFlow,INR,30,32095.33,0.00,32095.33,BANK_002,PFSET_00001237,PAY_038249,PAY_040345
SET_001238,2025-12-12T21:48:26,PayFlow,INR,32,41699.42,0.00,41699.42,BANK_002,PFSET_00001238,PAY_041017,PAY_046285
SET_001239,2025-12-12T19:37:23,PayFlow,INR,26,29923.81,0.00,29923.81,BANK_002,PFSET_00001239,PAY_036864,PAY_039487
SET_001240,2025-12-15T00:23:18,PayFlow,INR,31,40866.08,0.00,40866.08,BANK_002,PFSET_00001240,PAY_043802,PAY_041053
SET_001241,2025-12-15T18:11:23,PayFlow,INR,26,27748.78,0.00,27748.78,BANK_002,PFSET_00001241,PAY_045034,PAY_046244
SET_001242,2025-12-12T21:32:12,PayFlow,INR,42,48190.74,329.10,47861.64,BANK_002,PFSET_00001242,PAY_045110,PAY_042137
SET_001243,2025-12-15T00:43:45,PayFlow,INR,32,38450.29,0.00,38450.29,BANK_002,PFSET_00001243,PAY_040201,PAY_044873
SET_001244,2025-12-14T21:33:40,PayFlow,INR,29,29962.81,0.00,29962.81,BANK_002,PFSET_00001244,PAY_048341,PAY_048261
SET_001245,2025-12-14T21:48:29,PayFlow,INR,30,42782.66,0.00,42782.66,BANK_002,PFSET_00001245,PAY_038600,PAY_037153
SET_001246,2025-12-14T00:02:48,PayFlow,INR,35,42688.65,0.00,42688.65,BANK_002,PFSET_00001246,PAY_038751,PAY_048622
SET_001247,2025-12-14T04:35:53,PayFlow,INR,35,48309.79,1222.48,47087.31,BANK_002,PFSET_00001247,PAY_045761,PAY_039235
SET_001248,2025-12-15T00:06:41,PayFlow,INR,29,33770.89,0.00,33770.89,BANK_002,PFSET_00001248,PAY_037232,PAY_039748
SET_001249,2025-12-13T11:21:43,PayFlow,INR,25,34315.86,0.00,34315.86,BANK_002,PFSET_00001249,PAY_037638,PAY_044378
SET_001250,2025-12-13T20:21:10,PayFlow,INR,38,53285.45,379.55,52905.90,BANK_002,PFSET_00001250,PAY_043571,PAY_045231
SET_001251,2025-12-15T16:21:44,PayFlow,INR,27,28828.53,0.00,28828.53,BANK_002,PFSET_00001251,PAY_046278,PAY_038175
SET_001252,2025-12-16T00:57:08,PayFlow,INR,29,38189.65,0.00,38189.65,BANK_002,PFSET_00001252,PAY_046060,PAY_042107
SET_001253,2025-12-16T01:04:16,PayFlow,INR,36,38765.93,678.50,38087.43,BANK_002,PFSET_00001253,PAY_047424,PAY_039476
SET_001254,2025-12-15T22:23:06,PayFlow,INR,35,38541.09,0.00,38541.09,BANK_002,PFSET_00001254,PAY_044455,PAY_037380
SET_001255,2025-12-13T21:37:21,PayFlow,INR,34,46467.92,0.00,46467.92,BANK_002,PFSET_00001255,PAY_039590,PAY_045746
SET_001256,2025-12-14T01:09:31,PayFlow,INR,36,37669.81,0.00,37669.81,BANK_002,PFSET_00001256,PAY_040162,PAY_038946
SET_001257,2025-12-15T22:12:21,PayFlow,INR,31,33175.32,0.00,33175.32,BANK_002,PFSET_00001257,PAY_045704,PAY_046542
SET_001258,2025-12-15T07:03:30,PayFlow,INR,45,50715.44,0.00,50715.44,BANK_002,PFSET_00001258,PAY_047065,PAY_046651
SET_001259,2025-12-15T13:36:17,PayFlow,INR,34,39660.85,0.00,39660.85,BANK_002,PFSET_00001259,PAY_044748,PAY_043888
SET_001260,2025-12-17T23:08:11,PayFlow,INR,31,37084.62,2856.78,34227.84,BANK_002,PFSET_00001260,PAY_037291,PAY_043043
SET_001261,2025-12-17T00:53:42,PayFlow,INR,34,32075.28,690.30,31384.98,BANK_002,PFSET_00001261,PAY_037028,PAY_039669
SET_001262,2025-12-18T01:21:48,PayFlow,INR,41,53808.68,583.61,53225.07,BANK_002,PFSET_00001262,PAY_036885,PAY_047867
SET_001263,2025-12-16T22:58:02,PayFlow,INR,31,31285.35,0.00,31285.35,BANK_002,PFSET_00001263,PAY_045465,PAY_038960
SET_001264,2025-12-15T18:59:59,PayFlow,INR,31,37269.97,0.00,37269.97,BANK_002,PFSET_00001264,PAY_045844,PAY_044678
SET_001265,2025-12-18T04:15:45,PayFlow,INR,29,41041.38,674.26,40367.12,BANK_002,PFSET_00001265,PAY_037566,PAY_043096
SET_001266,2025-12-14T21:42:10,PayFlow,INR,32,37846.26,0.00,37846.26,BANK_002,PFSET_00001266,PAY_044200,PAY_036889
SET_001267,2025-12-17T02:58:32,PayFlow,INR,33,28873.22,0.00,28873.22,BANK_002,PFSET_00001267,PAY_045308,PAY_042122
SET_001268,2025-12-17T23:25:50,PayFlow,INR,34,33685.22,0.00,33685.22,BANK_002,PFSET_00001268,PAY_037289,PAY_046393
SET_001269,2025-12-16T23:57:59,PayFlow,INR,35,35963.19,477.22,35485.97,BANK_002,PFSET_00001269,PAY_037959,PAY_037712
SET_001270,2025-12-15T14:59:16,PayFlow,INR,33,33425.94,0.00,33425.94,BANK_002,PFSET_00001270,PAY_047540,PAY_041372
SET_001271,2025-12-15T19:35:13,PayFlow,INR,32,37485.43,0.00,37485.43,BANK_002,PFSET_00001271,PAY_047620,PAY_039358
SET_001272,2025-12-16T20:41:19,PayFlow,INR,30,46968.95,0.00,46968.95,BANK_002,PFSET_00001272,PAY_043751,PAY_038154
SET_001273,2025-12-19T00:39:25,PayFlow,INR,37,36089.11,0.00,36089.11,BANK_002,PFSET_00001273,PAY_045153,PAY_044831
SET_001274,2025-12-16T23:57:39,PayFlow,INR,39,43489.66,0.00,43489.66,BANK_002,PFSET_00001274,PAY_048428,PAY_040127
SET_001275,2025-12-15T23:16:00,PayFlow,INR,35,49479.99,0.00,49479.99,BANK_002,PFSET_00001275,PAY_038766,PAY_040904
SET_001276,2025-12-16T21:13:26,PayFlow,INR,34,29864.18,0.00,29864.18,BANK_002,PFSET_00001276,PAY_046058,PAY_048413
SET_001277,2025-12-18T21:16:15,PayFlow,INR,33,41595.75,133.41,41462.34,BANK_002,PFSET_00001277,PAY_042539,PAY_042096
SET_001278,2025-12-19T06:32:34,PayFlow,INR,30,27608.76,0.00,27608.76,BANK_002,PFSET_00001278,PAY_039228,PAY_044914
SET_001279,2025-12-16T07:52:55,PayFlow,INR,28,27722.20,0.00,27722.20,BANK_002,PFSET_00001279,PAY_043870,PAY_036987
SET_001280,2025-12-18T14:41:19,PayFlow,INR,34,40184.41,0.00,40184.41,BANK_002,PFSET_00001280,PAY_043931,PAY_043474
SET_001281,2025-12-17T20:54:34,PayFlow,INR,33,38121.08,0.00,38121.08,BANK_002,PFSET_00001281,PAY_038885,PAY_044468
SET_001282,2025-12-20T00:50:24,PayFlow,INR,28,29733.81,0.00,29733.81,BANK_002,PFSET_00001282,PAY_036993,PAY_044770
SET_001283,2025-12-19T00:42:47,PayFlow,INR,38,40000.43,0.00,40000.43,BANK_002,PFSET_00001283,PAY_047427,PAY_042649
SET_001284,2025-12-18T18:28:49,PayFlow,INR,26,35640.24,0.00,35640.24,BANK_002,PFSET_00001284,PAY_041627,PAY_039681
SET_001285,2025-12-19T02:06:24,PayFlow,INR,32,40220.57,606.52,39614.05,BANK_002,PFSET_00001285,PAY_046588,PAY_039548
SET_001286,2025-12-20T00:18:02,PayFlow,INR,32,31561.88,0.00,31561.88,BANK_002,PFSET_00001286,PAY_045484,PAY_047858
SET_001287,2025-12-19T01:07:31,PayFlow,INR,28,30794.42,375.64,30418.78,BANK_002,PFSET_00001287,PAY_042882,PAY_045366
SET_001288,2025-12-17T00:20:08,PayFlow,INR,26,34287.60,0.00,34287.60,BANK_002,PFSET_00001288,PAY_038708,PAY_040975
SET_001289,2025-12-20T04:45:03,PayFlow,INR,35,39670.30,306.80,39363.50,BANK_002,PFSET_00001289,PAY_042183,PAY_047044
SET_001290,2025-12-18T01:57:17,PayFlow,INR,29,28148.68,0.00,28148.68,BANK_002,PFSET_00001290,PAY_044768,PAY_040768
SET_001291,2025-12-18T16:24:04,PayFlow,INR,44,49990.50,0.00,49990.50,BANK_002,PFSET_00001291,PAY_046421,PAY_044381
SET_001292,2025-12-19T16:37:32,PayFlow,INR,30,38596.53,0.00,38596.53,BANK_002,PFSET_00001292,PAY_041566,PAY_046061
SET_001293,2025-12-18T23:17:16,PayFlow,INR,25,35251.47,0.00,35251.47,BANK_002,PFSET_00001293,PAY_039466,PAY_045625
SET_001294,2025-12-19T17:04:09,PayFlow,INR,30,37949.19,0.00,37949.19,BANK_002,PFSET_00001294,PAY_041577,PAY_046510
SET_001295,2025-12-18T01:11:51,PayFlow,INR,30,41225.35,0.00,41225.35,BANK_002,PFSET_00001295,PAY_047311,PAY_047938
SET_001296,2025-12-18T01:32:39,PayFlow,INR,36,42497.48,0.00,42497.48,BANK_002,PFSET_00001296,PAY_046619,PAY_040723
SET_001297,2025-12-20T21:46:29,PayFlow,INR,26,36417.50,0.00,36417.50,BANK_002,PFSET_00001297,PAY_043651,PAY_041866
SET_001298,2025-12-19T03:37:47,PayFlow,INR,36,50591.62,0.00,50591.62,BANK_002,PFSET_00001298,PAY_038497,PAY_040458
SET_001299,2025-12-20T21:16:53,PayFlow,INR,40,49470.17,0.00,49470.17,BANK_002,PFSET_00001299,PAY_040671,PAY_037136
SET_001300,2025-12-18T00:53:43,PayFlow,INR,27,41941.61,0.00,41941.61,BANK_002,PFSET_00001300,PAY_047069,PAY_045430
SET_001301,2025-12-17T21:22:08,PayFlow,INR,32,40090.53,0.00,40090.53,BANK_002,PFSET_00001301,PAY_040693,PAY_041516
SET_001302,2025-12-21T01:33:07,PayFlow,INR,28,31380.48,1146.96,30233.52,BANK_002,PFSET_00001302,PAY_042434,PAY_044828
SET_001303,2025-12-19T23:08:41,PayFlow,INR,33,33879.90,0.00,33879.90,BANK_002,PFSET_00001303,PAY_040066,PAY_042459
SET_001304,2025-12-21T02:24:43,PayFlow,INR,30,45335.64,0.00,45335.64,BANK_002,PFSET_00001304,PAY_040927,PAY_044718
SET_001305,2025-12-20T16:20:58,PayFlow,INR,31,36237.86,0.00,36237.86,BANK_002,PFSET_00001305,PAY_039956,PAY_042132
SET_001306,2025-12-20T16:11:09,PayFlow,INR,30,39148.07,0.00,39148.07,BANK_002,PFSET_00001306,PAY_041286,PAY_045053
SET_001307,2025-12-20T18:13:21,PayFlow,INR,36,53917.42,1439.60,52477.82,BANK_002,PFSET_00001307,PAY_047813,PAY_040379
SET_001308,2025-12-19T18:53:22,PayFlow,INR,29,36658.46,0.00,36658.46,BANK_002,PFSET_00001308,PAY_046426,PAY_044806
SET_001309,2025-12-21T22:06:26,PayFlow,INR,33,42774.71,0.00,42774.71,BANK_002,PFSET_00001309,PAY_045398,PAY_042604
SET_001310,2025-12-20T21:01:22,PayFlow,INR,37,52445.23,1776.94,50668.29,BANK_002,PFSET_00001310,PAY_045261,PAY_041440
SET_001311,2025-12-19T02:56:57,PayFlow,INR,29,24345.55,0.00,24345.55,BANK_002,PFSET_00001311,PAY_042174,PAY_039337
SET_001312,2025-12-21T19:59:43,PayFlow,INR,32,38738.05,271.28,38466.77,BANK_002,PFSET_00001312,PAY_037502,PAY_044862
SET_001313,2025-12-21T04:52:12,PayFlow,INR,31,36861.31,0.00,36861.31,BANK_002,PFSET_00001313,PAY_038811,PAY_044781
SET_001314,2025-12-19T04:41:23,PayFlow,INR,39,51469.92,0.00,51469.92,BANK_002,PFSET_00001314,PAY_036950,PAY_041115
SET_001315,2025-12-19T23:15:47,PayFlow,INR,29,28969.75,0.00,28969.75,BANK_002,PFSET_00001315,PAY_047850,PAY_046163
SET_001316,2025-12-19T04:16:15,PayFlow,INR,29,30314.95,0.00,30314.95,BANK_002,PFSET_00001316,PAY_037294,PAY_037287
SET_001317,2025-12-19T01:58:18,PayFlow,INR,34,36489.27,0.00,36489.27,BANK_002,PFSET_00001317,PAY_044056,PAY_042389
SET_001318,2025-12-19T14:44:45,PayFlow,INR,27,32824.48,352.11,32472.37,BANK_002,PFSET_00001318,PAY_045202,PAY_048388
SET_001319,2025-12-19T18:07:14,PayFlow,INR,31,34441.90,0.00,34441.90,BANK_002,PFSET_00001319,PAY_041419,PAY_046400
SET_001320,2025-12-20T00:11:29,PayFlow,INR,30,33452.87,0.00,33452.87,BANK_002,PFSET_00001320,PAY_047389,PAY_036908
SET_001321,2025-12-23T01:11:47,PayFlow,INR,29,27133.88,0.00,27133.88,BANK_002,PFSET_00001321,PAY_043100,PAY_037104
SET_001322,2025-12-22T01:36:53,PayFlow,INR,36,36784.01,352.47,36431.54,BANK_002,PFSET_00001322,PAY_040694,PAY_046379
SET_001323,2025-12-22T02:49:35,PayFlow,INR,33,38777.31,0.00,38777.31,BANK_002,PFSET_00001323,PAY_040743,PAY_041884
SET_001324,2025-12-23T00:57:25,PayFlow,INR,33,37132.53,3513.21,33619.32,BANK_002,PFSET_00001324,PAY_048173,PAY_044138
SET_001325,2025-12-21T22:38:01,PayFlow,INR,30,39368.72,0.00,39368.72,BANK_002,PFSET_00001325,PAY_038479,PAY_039181
SET_001326,2025-12-19T21:14:48,PayFlow,INR,31,42086.08,0.00,42086.08,BANK_002,PFSET_00001326,PAY_038582,PAY_039402
SET_001327,2025-12-20T23:01:49,PayFlow,INR,38,37954.63,0.00,37954.63,BANK_002,PFSET_00001327,PAY_038688,PAY_044533
SET_001328,2025-12-21T06:44:50,PayFlow,INR,37,51893.63,0.00,51893.63,BANK_002,PFSET_00001328,PAY_042287,PAY_045617
SET_001329,2025-12-23T02:24:53,PayFlow,INR,33,41642.72,0.00,41642.72,BANK_002,PFSET_00001329,PAY_038563,PAY_039653
SET_001330,2025-12-22T10:47:16,PayFlow,INR,33,38382.13,0.00,38382.13,BANK_002,PFSET_00001330,PAY_045112,PAY_038801
SET_001331,2025-12-20T17:17:33,PayFlow,INR,30,41597.55,0.00,41597.55,BANK_002,PFSET_00001331,PAY_047281,PAY_041214
SET_001332,2025-12-23T00:17:06,PayFlow,INR,29,37492.86,626.58,36866.28,BANK_002,PFSET_00001332,PAY_046013,PAY_041091
SET_001333,2025-12-23T18:54:54,PayFlow,INR,30,32240.91,0.00,32240.91,BANK_002,PFSET_00001333,PAY_047629,PAY_047728
SET_001334,2025-12-22T17:42:02,PayFlow,INR,32,37201.88,0.00,37201.88,BANK_002,PFSET_00001334,PAY_037423,PAY_047654
SET_001335,2025-12-22T19:01:57,PayFlow,INR,28,31153.40,0.00,31153.40,BANK_002,PFSET_00001335,PAY_039580,PAY_047750
SET_001336,2025-12-22T23:41:54,PayFlow,INR,37,41045.10,0.00,41045.10,BANK_002,PFSET_00001336,PAY_047496,PAY_047556
SET_001337,2025-12-23T19:48:41,PayFlow,INR,39,57458.70,1804.22,55654.48,BANK_002,PFSET_00001337,PAY_041924,PAY_039113
SET_001338,2025-12-20T21:50:51,PayFlow,INR,31,40049.18,0.00,40049.18,BANK_002,PFSET_00001338,PAY_048376,PAY_048313
SET_001339,2025-12-21T23:39:26,PayFlow,INR,33,38549.96,0.00,38549.96,BANK_002,PFSET_00001339,PAY_042994,PAY_046671
SET_001340,2025-12-20T21:52:12,PayFlow,INR,29,37344.15,0.00,37344.15,BANK_002,PFSET_00001340,PAY_048102,PAY_037152
SET_001341,2025-12-23T01:07:37,PayFlow,INR,37,40099.84,2333.85,37765.99,BANK_002,PFSET_00001341,PAY_047516,PAY_038264
SET_001342,2025-12-22T15:43:39,PayFlow,INR,29,33060.30,0.00,33060.30,BANK_002,PFSET_00001342,PAY_036910,PAY_043122
SET_001343,2025-12-21T21:26:27,PayFlow,INR,32,37627.39,1170.80,36456.59,BANK_002,PFSET_00001343,PAY_043647,PAY_039522
SET_001344,2025-12-22T16:48:04,PayFlow,INR,29,31384.51,0.00,31384.51,BANK_002,PFSET_00001344,PAY_038335,PAY_046156
SET_001345,2025-12-23T23:11:39,PayFlow,INR,26,27593.84,306.80,27287.04,BANK_002,PFSET_00001345,PAY_037494,PAY_041013
SET_001346,2025-12-24T18:27:31,PayFlow,INR,29,27772.46,0.00,27772.46,BANK_002,PFSET_00001346,PAY_040932,PAY_037270
SET_001347,2025-12-22T18:11:55,PayFlow,INR,26,34848.71,0.00,34848.71,BANK_002,PFSET_00001347,PAY_046104,PAY_039932
SET_001348,2025-12-22T19:45:05,PayFlow,INR,27,47561.64,0.00,47561.64,BANK_002,PFSET_00001348,PAY_037994,PAY_039877
SET_001349,2025-12-21T21:26:12,PayFlow,INR,33,36026.40,0.00,36026.40,BANK_002,PFSET_00001349,PAY_040156,PAY_041721
SET_001350,2025-12-23T00:37:56,PayFlow,INR,33,36702.89,0.00,36702.89,BANK_002,PFSET_00001350,PAY_040402,PAY_041038
SET_001351,2025-12-22T22:41:12,PayFlow,INR,31,30204.37,0.00,30204.37,BANK_002,PFSET_00001351,PAY_041744,PAY_038477
SET_001352,2025-12-24T23:20:28,PayFlow,INR,29,39843.63,0.00,39843.63,BANK_002,PFSET_00001352,PAY_042812,PAY_048165
SET_001353,2025-12-22T03:56:44,PayFlow,INR,32,31579.34,0.00,31579.34,BANK_002,PFSET_00001353,PAY_041415,PAY_039276
SET_001354,2025-12-23T15:23:20,PayFlow,INR,35,35440.22,0.00,35440.22,BANK_002,PFSET_00001354,PAY_043631,PAY_039599
SET_001355,2025-12-23T23:55:57,PayFlow,INR,28,22106.83,0.00,22106.83,BANK_002,PFSET_00001355,PAY_040910,PAY_044944
SET_001356,2025-12-24T18:33:04,PayFlow,INR,37,38587.58,0.00,38587.58,BANK_002,PFSET_00001356,PAY_046900,PAY_041828
SET_001357,2025-12-24T20:23:35,PayFlow,INR,41,37365.66,0.00,37365.66,BANK_002,PFSET_00001357,PAY_037084,PAY_043334
SET_001358,2025-12-26T00:53:31,PayFlow,INR,30,35614.79,0.00,35614.79,BANK_002,PFSET_00001358,PAY_040081,PAY_047118
SET_001359,2025-12-24T21:47:54,PayFlow,INR,40,42318.60,546.34,41772.26,BANK_002,PFSET_00001359,PAY_047104,PAY_037378
SET_001360,2025-12-23T22:53:00,PayFlow,INR,28,24400.47,0.00,24400.47,BANK_002,PFSET_00001360,PAY_043125,PAY_041108
SET_001361,2025-12-24T23:22:23,PayFlow,INR,38,41536.67,1341.42,40195.25,BANK_002,PFSET_00001361,PAY_040953,PAY_041386
SET_001362,2025-12-25T05:32:16,PayFlow,INR,32,37610.84,0.00,37610.84,BANK_002,PFSET_00001362,PAY_037205,PAY_037505
SET_001363,2025-12-25T06:39:29,PayFlow,INR,32,35833.44,0.00,35833.44,BANK_002,PFSET_00001363,PAY_040028,PAY_041081
SET_001364,2025-12-24T15:39:06,PayFlow,INR,36,51600.41,0.00,51600.41,BANK_002,PFSET_00001364,PAY_043051,PAY_039651
SET_001365,2025-12-24T22:59:02,PayFlow,INR,28,27054.89,0.00,27054.89,BANK_002,PFSET_00001365,PAY_045642,PAY_044517
SET_001366,2025-12-26T17:30:23,PayFlow,INR,35,42590.54,0.00,42590.54,BANK_002,PFSET_00001366,PAY_037970,PAY_042806
SET_001367,2025-12-26T21:58:11,PayFlow,INR,30,39523.03,0.00,39523.03,BANK_002,PFSET_00001367,PAY_040763,PAY_037789
SET_001368,2025-12-25T02:04:26,PayFlow,INR,35,49705.18,0.00,49705.18,BANK_002,PFSET_00001368,PAY_037636,PAY_041023
SET_001369,2025-12-26T18:45:11,PayFlow,INR,26,22928.38,1778.61,21149.77,BANK_002,PFSET_00001369,PAY_040983,PAY_039981
SET_001370,2025-12-26T21:40:34,PayFlow,INR,35,45772.48,306.80,45465.68,BANK_002,PFSET_00001370,PAY_038265,PAY_043930
SET_001371,2025-12-26T04:13:46,PayFlow,INR,33,50713.69,0.00,50713.69,BANK_002,PFSET_00001371,PAY_037428,PAY_037880
SET_001372,2025-12-24T22:47:03,PayFlow,INR,28,40899.78,876.74,40023.04,BANK_002,PFSET_00001372,PAY_046598,PAY_041987
SET_001373,2025-12-24T22:31:41,PayFlow,INR,28,22674.38,0.00,22674.38,BANK_002,PFSET_00001373,PAY_038810,PAY_048383
SET_001374,2025-12-26T23:44:36,PayFlow,INR,27,31732.02,1208.44,30523.58,BANK_002,PFSET_00001374,PAY_040308,PAY_043736
SET_001375,2025-12-25T07:41:43,PayFlow,INR,41,64462.40,0.00,64462.40,BANK_002,PFSET_00001375,PAY_038556,PAY_038268
SET_001376,2025-12-26T17:14:52,PayFlow,INR,31,33627.22,0.00,33627.22,BANK_002,PFSET_00001376,PAY_039635,PAY_039212
SET_001377,2025-12-24T22:44:30,PayFlow,INR,29,25131.51,0.00,25131.51,BANK_002,PFSET_00001377,PAY_045115,PAY_045754
SET_001378,2025-12-25T18:06:45,PayFlow,INR,36,34145.71,0.00,34145.71,BANK_002,PFSET_00001378,PAY_048555,PAY_040455
SET_001379,2025-12-26T18:17:12,PayFlow,INR,35,32677.02,951.06,31725.96,BANK_002,PFSET_00001379,PAY_038879,PAY_036912
SET_001380,2025-12-26T18:39:21,PayFlow,INR,50,56296.49,0.00,56296.49,BANK_002,PFSET_00001380,PAY_046670,PAY_045193
SET_001381,2025-12-28T01:18:53,PayFlow,INR,33,53923.78,0.00,53923.78,BANK_002,PFSET_00001381,PAY_042025,PAY_038302
SET_001382,2025-12-26T21:36:24,PayFlow,INR,34,41680.60,0.00,41680.60,BANK_002,PFSET_00001382,PAY_047666,PAY_041036
SET_001383,2025-12-25T01:23:31,PayFlow,INR,34,42356.76,0.00,42356.76,BANK_002,PFSET_00001383,PAY_041791,PAY_041404
SET_001384,2025-12-27T23:12:32,PayFlow,INR,35,41457.53,274.33,41183.20,BANK_002,PFSET_00001384,PAY_044624,PAY_045680
SET_001385,2025-12-28T02:26:06,PayFlow,INR,32,37380.86,1313.34,36067.52,BANK_002,PFSET_00001385,PAY_043758,PAY_038179
SET_001386,2025-12-26T01:41:59,PayFlow,INR,38,58741.68,0.00,58741.68,BANK_002,PFSET_00001386,PAY_047166,PAY_037706
SET_001387,2025-12-27T00:51:31,PayFlow,INR,31,37381.03,0.00,37381.03,BANK_002,PFSET_00001387,PAY_041761,PAY_048528
SET_001388,2025-12-28T10:10:01,PayFlow,INR,28,37417.11,0.00,37417.11,BANK_002,PFSET_00001388,PAY_038455,PAY_037394
SET_001389,2025-12-27T14:37:58,PayFlow,INR,32,51374.46,0.00,51374.46,BANK_002,PFSET_00001389,PAY_042569,PAY_044771
SET_001390,2025-12-27T18:39:40,PayFlow,INR,28,30779.59,0.00,30779.59,BANK_002,PFSET_00001390,PAY_045302,PAY_045356
SET_001391,2025-12-27T22:49:25,PayFlow,INR,31,37056.66,0.00,37056.66,BANK_002,PFSET_00001391,PAY_037573,PAY_038116
SET_001392,2025-12-28T23:04:36,PayFlow,INR,28,30849.21,0.00,30849.21,BANK_002,PFSET_00001392,PAY_039822,PAY_039016
SET_001393,2025-12-27T02:07:54,PayFlow,INR,36,46168.53,1145.78,45022.75,BANK_002,PFSET_00001393,PAY_039438,PAY_048445
SET_001394,2025-12-28T21:50:04,PayFlow,INR,28,40896.94,0.00,40896.94,BANK_002,PFSET_00001394,PAY_043706,PAY_044531
SET_001395,2025-12-27T21:39:09,PayFlow,INR,29,26584.63,306.06,26278.57,BANK_002,PFSET_00001395,PAY_041090,PAY_039453
SET_001396,2025-12-29T01:52:26,PayFlow,INR,31,40694.47,0.00,40694.47,BANK_002,PFSET_00001396,PAY_039800,PAY_038446
SET_001397,2025-12-25T23:27:49,PayFlow,INR,29,27828.15,0.00,27828.15,BANK_002,PFSET_00001397,PAY_038743,PAY_045244
SET_001398,2025-12-29T03:55:14,PayFlow,INR,35,35732.07,0.00,35732.07,BANK_002,PFSET_00001398,PAY_036934,PAY_041160
SET_001399,2025-12-26T03:36:24,PayFlow,INR,29,37915.27,0.00,37915.27,BANK_002,PFSET_00001399,PAY_039702,PAY_038759
SET_001400,2025-12-29T04:40:54,PayFlow,INR,36,41764.47,0.00,41764.47,BANK_002,PFSET_00001400,PAY_044760,PAY_045567
SET_001401,2025-12-26T04:50:34,PayFlow,INR,29,46744.49,0.00,46744.49,BANK_002,PFSET_00001401,PAY_042976,PAY_046436
SET_001402,2025-12-29T13:28:09,PayFlow,INR,35,42712.20,542.79,42169.41,BANK_002,PFSET_00001402,PAY_042749,PAY_044899
SET_001403,2025-12-29T17:54:33,PayFlow,INR,30,45699.26,0.00,45699.26,BANK_002,PFSET_00001403,PAY_043586,PAY_046758
SET_001404,2025-12-28T16:19:39,PayFlow,INR,33,36769.72,0.00,36769.72,BANK_002,PFSET_00001404,PAY_046979,PAY_045390
SET_001405,2025-12-26T23:33:52,PayFlow,INR,34,42430.12,0.00,42430.12,BANK_002,PFSET_00001405,PAY_047507,PAY_041810
SET_001406,2025-12-29T22:47:48,PayFlow,INR,34,43624.70,1353.55,42271.15,BANK_002,PFSET_00001406,PAY_043049,PAY_044641
SET_001407,2025-12-28T22:42:44,PayFlow,INR,31,43374.48,0.00,43374.48,BANK_002,PFSET_00001407,PAY_041357,PAY_047209
SET_001408,2025-12-29T01:15:55,PayFlow,INR,27,25914.80,0.00,25914.80,BANK_002,PFSET_00001408,PAY_043757,PAY_037966
SET_001409,2025-12-27T20:44:40,PayFlow,INR,29,34991.35,0.00,34991.35,BANK_002,PFSET_00001409,PAY_045724,PAY_047787
SET_001410,2025-12-27T04:49:56,PayFlow,INR,26,34228.63,0.00,34228.63,BANK_002,PFSET_00001410,PAY_045820,PAY_045048
SET_001411,2025-12-27T23:49:59,PayFlow,INR,31,33424.73,403.15,33021.58,BANK_002,PFSET_00001411,PAY_048615,PAY_037748
SET_001412,2025-12-29T03:51:13,PayFlow,INR,30,31743.53,0.00,31743.53,BANK_002,PFSET_00001412,PAY_040786,PAY_043709
SET_001413,2025-12-26T22:34:05,PayFlow,INR,31,40885.06,0.00,40885.06,BANK_002,PFSET_00001413,PAY_042152,PAY_040720
SET_001414,2025-12-28T07:01:41,PayFlow,INR,28,33842.99,0.00,33842.99,BANK_002,PFSET_00001414,PAY_041713,PAY_039980
SET_001415,2025-12-29T13:00:41,PayFlow,INR,40,40058.16,1906.88,38151.28,BANK_002,PFSET_00001415,PAY_044349,PAY_044070
SET_001416,2025-12-30T18:18:04,PayFlow,INR,26,41231.88,0.00,41231.88,BANK_002,PFSET_00001416,PAY_043868,PAY_047428
SET_001417,2025-12-28T17:51:25,PayFlow,INR,43,46768.87,0.00,46768.87,BANK_002,PFSET_00001417,PAY_041897,PAY_044491
SET_001418,2025-12-27T19:26:13,PayFlow,INR,26,33912.86,542.68,33370.18,BANK_002,PFSET_00001418,PAY_040355,PAY_043581
SET_001419,2025-12-30T18:03:42,PayFlow,INR,29,32716.96,785.63,31931.33,BANK_002,PFSET_00001419,PAY_046725,PAY_038937
SET_001420,2025-12-28T18:40:07,PayFlow,INR,35,38529.59,0.00,38529.59,BANK_002,PFSET_00001420,PAY_039887,PAY_044711
SET_001421,2025-12-29T23:36:51,PayFlow,INR,39,38435.58,0.00,38435.58,BANK_002,PFSET_00001421,PAY_044997,PAY_043876
SET_001422,2025-12-28T23:15:39,PayFlow,INR,27,28687.22,0.00,28687.22,BANK_002,PFSET_00001422,PAY_047612,PAY_046883
SET_001423,2025-12-30T04:45:38,PayFlow,INR,32,32595.81,0.00,32595.81,BANK_002,PFSET_00001423,PAY_040352,PAY_047335
SET_001424,2025-12-29T05:03:23,PayFlow,INR,37,38180.30,0.00,38180.30,BANK_002,PFSET_00001424,PAY_045132,PAY_045736
SET_001425,2025-12-31T01:31:52,PayFlow,INR,36,45558.36,0.00,45558.36,BANK_002,PFSET_00001425,PAY_042082,PAY_045515
SET_001426,2025-12-30T04:52:55,PayFlow,INR,29,21440.65,306.80,21133.85,BANK_002,PFSET_00001426,PAY_040062,PAY_041240
SET_001427,2025-12-31T12:01:12,PayFlow,INR,41,49628.94,414.18,49214.76,BANK_002,PFSET_00001427,PAY_038320,PAY_041394
SET_001428,2025-12-31T18:44:39,PayFlow,INR,30,33490.43,1489.81,32000.62,BANK_002,PFSET_00001428,PAY_041371,PAY_038303
SET_001429,2025-12-31T23:35:39,PayFlow,INR,44,54636.78,295.00,54341.78,BANK_002,PFSET_00001429,PAY_036799,PAY_046003
SET_001430,2025-12-31T17:24:18,PayFlow,INR,32,30666.61,0.00,30666.61,BANK_002,PFSET_00001430,PAY_046642,PAY_045002
SET_001431,2025-12-28T18:37:30,PayFlow,INR,29,31947.08,0.00,31947.08,BANK_002,PFSET_00001431,PAY_047420,PAY_048519
SET_001432,2025-12-30T22:33:46,PayFlow,INR,28,38499.01,858.51,37640.50,BANK_002,PFSET_00001432,PAY_042497,PAY_046226
SET_001433,2025-12-28T21:16:12,PayFlow,INR,40,41364.86,0.00,41364.86,BANK_002,PFSET_00001433,PAY_048223,PAY_045661
SET_001434,2025-12-30T02:07:49,PayFlow,INR,34,55008.34,0.00,55008.34,BANK_002,PFSET_00001434,PAY_037895,PAY_046601
SET_001435,2026-01-01T02:17:40,PayFlow,INR,29,28597.67,0.00,28597.67,BANK_002,PFSET_00001435,PAY_041185,PAY_037628
SET_001436,2025-12-31T04:12:08,PayFlow,INR,40,45618.87,352.11,45266.76,BANK_002,PFSET_00001436,PAY_048590,PAY_046310
SET_001437,2025-12-29T01:57:32,PayFlow,INR,36,37394.04,167.44,37226.60,BANK_002,PFSET_00001437,PAY_040310,PAY_040659
SET_001438,2025-12-30T13:11:21,PayFlow,INR,29,33730.53,0.00,33730.53,BANK_002,PFSET_00001438,PAY_046596,PAY_041570
SET_001439,2026-01-01T00:12:18,PayFlow,INR,27,31634.78,0.00,31634.78,BANK_002,PFSET_00001439,PAY_038239,PAY_047589
SET_001440,2025-12-31T17:19:29,PayFlow,INR,34,58726.33,0.00,58726.33,BANK_002,PFSET_00001440,PAY_037984,PAY_039864
SET_001441,2025-12-31T22:43:11,PayFlow,INR,33,43013.28,0.00,43013.28,BANK_002,PFSET_00001441,PAY_043788,PAY_042667
SET_001442,2025-12-30T00:39:09,PayFlow,INR,36,44469.77,0.00,44469.77,BANK_002,PFSET_00001442,PAY_039005,PAY_041805
SET_001443,2025-12-31T19:36:34,PayFlow,INR,35,37268.96,363.91,36905.05,BANK_002,PFSET_00001443,PAY_038935,PAY_040844
SET_001444,2026-01-02T03:46:22,PayFlow,INR,41,49392.42,1946.53,47445.89,BANK_002,PFSET_00001444,PAY_041661,PAY_046530
SET_001445,2025-12-31T21:40:20,PayFlow,INR,28,26776.21,0.00,26776.21,BANK_002,PFSET_00001445,PAY_044327,PAY_039370
SET_001446,2026-01-01T03:00:35,PayFlow,INR,33,38729.96,0.00,38729.96,BANK_002,PFSET_00001446,PAY_042264,PAY_037431
SET_001447,2025-12-31T15:39:16,PayFlow,INR,43,50846.96,0.00,50846.96,BANK_002,PFSET_00001447,PAY_045742,PAY_038058
SET_001448,2025-12-31T14:54:26,PayFlow,INR,39,40873.87,659.27,40214.60,BANK_002,PFSET_00001448,PAY_048454,PAY_046639
SET_001449,2025-12-30T19:17:10,PayFlow,INR,31,41622.90,0.00,41622.90,BANK_002,PFSET_00001449,PAY_042330,PAY_044191
SET_001450,2026-01-01T18:40:17,PayFlow,INR,28,30131.17,0.00,30131.17,BANK_002,PFSET_00001450,PAY_041664,PAY_045346
SET_001451,2026-01-01T00:28:31,PayFlow,INR,30,33275.42,0.00,33275.42,BANK_002,PFSET_00001451,PAY_043194,PAY_042334
SET_001452,2026-01-01T18:27:23,PayFlow,INR,34,56286.79,0.00,56286.79,BANK_002,PFSET_00001452,PAY_037827,PAY_047167
SET_001453,2026-01-01T03:36:46,PayFlow,INR,28,31561.94,0.00,31561.94,BANK_002,PFSET_00001453,PAY_039052,PAY_046277
SET_001454,2026-01-03T00:37:06,PayFlow,INR,26,25573.97,636.61,24937.36,BANK_002,PFSET_00001454,PAY_037193,PAY_044106
SET_001455,2026-01-03T05:01:18,PayFlow,INR,35,34212.42,0.00,34212.42,BANK_002,PFSET_00001455,PAY_043320,PAY_043013
SET_001456,2025-12-31T03:27:05,PayFlow,INR,29,39359.05,0.00,39359.05,BANK_002,PFSET_00001456,PAY_041459,PAY_044426
SET_001457,2026-01-03T04:26:11,PayFlow,INR,35,51796.37,0.00,51796.37,BANK_002,PFSET_00001457,PAY_048617,PAY_045147
SET_001458,2026-01-02T01:39:18,PayFlow,INR,34,50966.55,837.80,50128.75,BANK_002,PFSET_00001458,PAY_040565,PAY_043445
SET_001459,2026-01-03T14:27:08,PayFlow,INR,38,37754.17,0.00,37754.17,BANK_002,PFSET_00001459,PAY_042526,PAY_046036
SET_001460,2026-01-03T18:28:32,PayFlow,INR,31,22257.26,664.60,21592.66,BANK_002,PFSET_00001460,PAY_046994,PAY_044204
SET_001461,2026-01-01T22:57:09,PayFlow,INR,25,23336.37,0.00,23336.37,BANK_002,PFSET_00001461,PAY_047064,PAY_042451
SET_001462,2026-01-03T20:25:40,PayFlow,INR,38,52171.25,815.36,51355.89,BANK_002,PFSET_00001462,PAY_041337,PAY_043187
SET_001463,2026-01-03T20:05:27,PayFlow,INR,27,27757.82,0.00,27757.82,BANK_002,PFSET_00001463,PAY_040018,PAY_042445
SET_001464,2026-01-01T02:17:40,PayFlow,INR,33,51741.02,0.00,51741.02,BANK_002,PFSET_00001464,PAY_042168,PAY_046223
SET_001465,2026-01-01T02:13:18,PayFlow,INR,31,45113.36,0.00,45113.36,BANK_002,PFSET_00001465,PAY_038328,PAY_045100
SET_001466,2026-01-03T00:26:06,PayFlow,INR,28,27958.79,0.00,27958.79,BANK_002,PFSET_00001466,PAY_037876,PAY_047513
SET_001467,2026-01-03T04:26:04,PayFlow,INR,31,37231.36,0.00,37231.36,BANK_002,PFSET_00001467,PAY_041276,PAY_045232
SET_001468,2025-12-31T21:44:53,PayFlow,INR,35,34236.81,0.00,34236.81,BANK_002,PFSET_00001468,PAY_041954,PAY_042172
SET_001469,2026-01-03T22:13:37,PayFlow,INR,30,44349.60,0.00,44349.60,BANK_002,PFSET_00001469,PAY_040818,PAY_036901
SET_001470,2026-01-02T02:19:32,PayFlow,INR,30,29587.60,0.00,29587.60,BANK_002,PFSET_00001470,PAY_041851,PAY_044722
SET_001471,2026-01-04T02:53:06,PayFlow,INR,38,43451.93,890.57,42561.36,BANK_002,PFSET_00001471,PAY_040173,PAY_041332
SET_001472,2026-01-02T01:49:58,PayFlow,INR,35,42159.73,0.00,42159.73,BANK_002,PFSET_00001472,PAY_037458,PAY_048381
SET_001473,2026-01-01T16:47:22,PayFlow,INR,36,58365.60,0.00,58365.60,BANK_002,PFSET_00001473,PAY_043614,PAY_044021
SET_001474,2026-01-01T21:03:27,PayFlow,INR,29,22909.62,0.00,22909.62,BANK_002,PFSET_00001474,PAY_040725,PAY_040369
SET_001475,2026-01-01T23:24:12,PayFlow,INR,31,39288.35,0.00,39288.35,BANK_002,PFSET_00001475,PAY_047711,PAY_037985
SET_001476,2026-01-04T19:25:37,PayFlow,INR,47,43460.38,0.00,43460.38,BANK_002,PFSET_00001476,PAY_048107,PAY_043332
SET_001477,2026-01-01T21:05:27,PayFlow,INR,29,29266.43,0.00,29266.43,BANK_002,PFSET_00001477,PAY_037093,PAY_040992
SET_001478,2026-01-01T21:50:34,PayFlow,INR,34,45874.50,0.00,45874.50,BANK_002,PFSET_00001478,PAY_044592,PAY_038729
SET_001479,2026-01-03T00:32:15,PayFlow,INR,40,40644.43,0.00,40644.43,BANK_002,PFSET_00001479,PAY_041098,PAY_043184
SET_001480,2026-01-03T01:30:35,PayFlow,INR,31,34984.98,0.00,34984.98,BANK_002,PFSET_00001480,PAY_043232,PAY_046153
SET_001481,2026-01-04T22:32:26,PayFlow,INR,32,34946.34,1083.71,33862.63,BANK_002,PFSET_00001481,PAY_041096,PAY_042751
SET_001482,2026-01-02T21:46:34,PayFlow,INR,32,47156.68,0.00,47156.68,BANK_002,PFSET_00001482,PAY_043779,PAY_043155
SET_001483,2026-01-05T01:13:43,PayFlow,INR,33,29095.01,0.00,29095.01,BANK_002,PFSET_00001483,PAY_046990,PAY_038440
SET_001484,2026-01-02T08:09:16,PayFlow,INR,28,32419.36,0.00,32419.36,BANK_002,PFSET_00001484,PAY_047744,PAY_042615
SET_001485,2026-01-03T12:24:50,PayFlow,INR,29,29191.09,1381.20,27809.89,BANK_002,PFSET_00001485,PAY_040020,PAY_050586
SET_001486,2026-01-04T14:42:02,PayFlow,INR,29,40452.16,0.00,40452.16,BANK_002,PFSET_00001486,PAY_054524,PAY_052255
SET_001487,2026-01-02T23:04:20,PayFlow,INR,28,30330.99,0.00,30330.99,BANK_002,PFSET_00001487,PAY_052197,PAY_053620
SET_001488,2026-01-03T23:07:15,PayFlow,INR,26,39573.40,0.00,39573.40,BANK_002,PFSET_00001488,PAY_050771,PAY_056421
SET_001489,2026-01-03T18:50:20,PayFlow,INR,32,34736.32,0.00,34736.32,BANK_002,PFSET_00001489,PAY_051143,PAY_050884
SET_001490,2026-01-03T21:04:49,PayFlow,INR,46,50163.21,0.00,50163.21,BANK_002,PFSET_00001490,PAY_049657,PAY_058038
SET_001491,2026-01-04T20:58:29,PayFlow,INR,31,27511.22,0.00,27511.22,BANK_002,PFSET_00001491,PAY_058723,PAY_058151
SET_001492,2026-01-02T20:06:21,PayFlow,INR,25,26219.58,0.00,26219.58,BANK_002,PFSET_00001492,PAY_058318,PAY_054108
SET_001493,2026-01-02T22:07:18,PayFlow,INR,27,27128.56,0.00,27128.56,BANK_002,PFSET_00001493,PAY_059040,PAY_050602
SET_001494,2026-01-04T22:21:39,PayFlow,INR,45,56302.17,1142.40,55159.77,BANK_002,PFSET_00001494,PAY_051964,PAY_058518
SET_001495,2026-01-04T01:26:19,PayFlow,INR,29,43747.66,0.00,43747.66,BANK_002,PFSET_00001495,PAY_051429,PAY_058751
SET_001496,2026-01-05T03:53:00,PayFlow,INR,39,50741.06,1133.98,49607.08,BANK_002,PFSET_00001496,PAY_055317,PAY_059061
SET_001497,2026-01-05T10:03:23,PayFlow,INR,36,42510.44,2128.37,40382.07,BANK_002,PFSET_00001497,PAY_055297,PAY_055907
SET_001498,2026-01-03T13:30:52,PayFlow,INR,25,28378.07,0.00,28378.07,BANK_002,PFSET_00001498,PAY_054973,PAY_057807
SET_001499,2026-01-06T00:37:38,PayFlow,INR,37,46153.97,0.00,46153.97,BANK_002,PFSET_00001499,PAY_052556,PAY_051827
SET_001500,2026-01-03T18:45:07,PayFlow,INR,38,69941.40,0.00,69941.40,BANK_002,PFSET_00001500,PAY_049588,PAY_052901
SET_001501,2026-01-04T19:00:20,PayFlow,INR,30,36407.71,0.00,36407.71,BANK_002,PFSET_00001501,PAY_058079,PAY_049219
SET_001502,2026-01-04T19:26:13,PayFlow,INR,33,40787.77,0.00,40787.77,BANK_002,PFSET_00001502,PAY_049723,PAY_058251
SET_001503,2026-01-05T22:07:52,PayFlow,INR,27,30765.83,814.20,29951.63,BANK_002,PFSET_00001503,PAY_056569,PAY_057963
SET_001504,2026-01-06T20:19:15,PayFlow,INR,40,48386.20,0.00,48386.20,BANK_002,PFSET_00001504,PAY_052798,PAY_056017
SET_001505,2026-01-06T01:52:55,PayFlow,INR,46,43523.75,0.00,43523.75,BANK_002,PFSET_00001505,PAY_057749,PAY_050073
SET_001506,2026-01-04T06:28:49,PayFlow,INR,33,48521.59,0.00,48521.59,BANK_002,PFSET_00001506,PAY_057386,PAY_058449
SET_001507,2026-01-06T04:25:55,PayFlow,INR,33,46705.11,0.00,46705.11,BANK_002,PFSET_00001507,PAY_052058,PAY_058224
SET_001508,2026-01-04T17:13:41,PayFlow,INR,40,43415.76,0.00,43415.76,BANK_002,PFSET_00001508,PAY_052488,PAY_058748
SET_001509,2026-01-04T23:56:03,PayFlow,INR,38,37781.91,0.00,37781.91,BANK_002,PFSET_00001509,PAY_050180,PAY_056333
SET_001510,2026-01-06T22:57:31,PayFlow,INR,33,34951.21,1620.14,33331.07,BANK_002,PFSET_00001510,PAY_051208,PAY_057820
SET_001511,2026-01-06T18:19:44,PayFlow,INR,35,46680.55,0.00,46680.55,BANK_002,PFSET_00001511,PAY_055653,PAY_054495
SET_001512,2026-01-07T00:29:38,PayFlow,INR,30,47274.80,0.00,47274.80,BANK_002,PFSET_00001512,PAY_058091,PAY_055069
SET_001513,2026-01-07T23:51:49,PayFlow,INR,29,31785.81,0.00,31785.81,BANK_002,PFSET_00001513,PAY_054284,PAY_049624
SET_001514,2026-01-06T22:44:28,PayFlow,INR,36,40489.68,0.00,40489.68,BANK_002,PFSET_00001514,PAY_057848,PAY_051241
SET_001515,2026-01-07T03:40:13,PayFlow,INR,34,55003.22,0.00,55003.22,BANK_002,PFSET_00001515,PAY_052537,PAY_052249
SET_001516,2026-01-05T05:56:32,PayFlow,INR,46,57997.06,0.00,57997.06,BANK_002,PFSET_00001516,PAY_056606,PAY_056695
SET_001517,2026-01-06T09:30:01,PayFlow,INR,35,37566.91,0.00,37566.91,BANK_002,PFSET_00001517,PAY_054632,PAY_055493
SET_001518,2026-01-06T19:26:38,PayFlow,INR,40,55729.91,283.14,55446.77,BANK_002,PFSET_00001518,PAY_054733,PAY_050851
SET_001519,2026-01-05T23:16:12,PayFlow,INR,33,39461.42,0.00,39461.42,BANK_002,PFSET_00001519,PAY_056373,PAY_053097
SET_001520,2026-01-07T22:57:27,PayFlow,INR,41,56418.18,0.00,56418.18,BANK_002,PFSET_00001520,PAY_052650,PAY_054168
SET_001521,2026-01-07T01:07:12,PayFlow,INR,31,39354.99,0.00,39354.99,BANK_002,PFSET_00001521,PAY_053524,PAY_050817
SET_001522,2026-01-09T01:16:49,PayFlow,INR,38,48190.20,0.00,48190.20,BANK_002,PFSET_00001522,PAY_050796,PAY_049926
SET_001523,2026-01-06T01:19:14,PayFlow,INR,30,29460.27,0.00,29460.27,BANK_002,PFSET_00001523,PAY_058511,PAY_053544
SET_001524,2026-01-06T06:03:37,PayFlow,INR,32,30218.36,0.00,30218.36,BANK_002,PFSET_00001524,PAY_049563,PAY_051104
SET_001525,2026-01-06T01:53:11,PayFlow,INR,34,35428.64,0.00,35428.64,BANK_002,PFSET_00001525,PAY_054757,PAY_052831
SET_001526,2026-01-09T12:13:03,PayFlow,INR,26,27829.27,1057.75,26771.52,BANK_002,PFSET_00001526,PAY_051839,PAY_056236
SET_001527,2026-01-07T16:48:45,PayFlow,INR,26,39882.43,0.00,39882.43,BANK_002,PFSET_00001527,PAY_056115,PAY_055226
SET_001528,2026-01-09T17:18:29,PayFlow,INR,37,40550.53,0.00,40550.53,BANK_002,PFSET_00001528,PAY_052862,PAY_056476
SET_001529,2026-01-07T16:50:20,PayFlow,INR,40,55088.26,318.60,54769.66,BANK_002,PFSET_00001529,PAY_053305,PAY_048892
SET_001530,2026-01-07T18:11:14,PayFlow,INR,35,32933.28,0.00,32933.28,BANK_002,PFSET_00001530,PAY_052104,PAY_055101
SET_001531,2026-01-07T01:12:47,PayFlow,INR,30,27449.04,0.00,27449.04,BANK_002,PFSET_00001531,PAY_057718,PAY_058280
SET_001532,2026-01-09T02:07:14,PayFlow,INR,33,36487.06,0.00,36487.06,BANK_002,PFSET_00001532,PAY_055213,PAY_049938
SET_001533,2026-01-09T03:45:38,PayFlow,INR,31,40480.73,0.00,40480.73,BANK_002,PFSET_00001533,PAY_050205,PAY_054148
SET_001534,2026-01-07T05:00:27,PayFlow,INR,30,43411.08,791.78,42619.30,BANK_002,PFSET_00001534,PAY_057069,PAY_058010
SET_001535,2026-01-07T04:06:20,PayFlow,INR,26,25009.87,0.00,25009.87,BANK_002,PFSET_00001535,PAY_051736,PAY_055270
SET_001536,2026-01-08T23:19:29,PayFlow,INR,28,41381.77,1462.02,39919.75,BANK_002,PFSET_00001536,PAY_049438,PAY_052933
SET_001537,2026-01-07T05:40:32,PayFlow,INR,36,42179.39,0.00,42179.39,BANK_002,PFSET_00001537,PAY_058503,PAY_056015
SET_001538,2026-01-10T02:37:12,PayFlow,INR,30,35827.82,0.00,35827.82,BANK_002,PFSET_00001538,PAY_054316,PAY_050556
SET_001539,2026-01-08T13:55:33,PayFlow,INR,37,49897.74,0.00,49897.74,BANK_002,PFSET_00001539,PAY_051545,PAY_056528
SET_001540,2026-01-09T21:23:50,PayFlow,INR,35,29035.43,0.00,29035.43,BANK_002,PFSET_00001540,PAY_050529,PAY_049997
SET_001541,2026-01-10T19:04:44,PayFlow,INR,32,47088.65,0.00,47088.65,BANK_002,PFSET_00001541,PAY_056009,PAY_059466
SET_001542,2026-01-08T00:48:38,PayFlow,INR,30,46653.15,0.00,46653.15,BANK_002,PFSET_00001542,PAY_054343,PAY_058040
SET_001543,2026-01-08T23:35:57,PayFlow,INR,33,41935.76,0.00,41935.76,BANK_002,PFSET_00001543,PAY_058687,PAY_058913
SET_001544,2026-01-09T21:51:10,PayFlow,INR,31,38720.00,0.00,38720.00,BANK_002,PFSET_00001544,PAY_049839,PAY_051723
SET_001545,2026-01-08T02:32:35,PayFlow,INR,28,30208.51,0.00,30208.51,BANK_002,PFSET_00001545,PAY_055276,PAY_052057
SET_001546,2026-01-09T19:53:03,PayFlow,INR,28,28826.91,0.00,28826.91,BANK_002,PFSET_00001546,PAY_056863,PAY_056211
SET_001547,2026-01-10T20:32:48,PayFlow,INR,35,52178.76,0.00,52178.76,BANK_002,PFSET_00001547,PAY_050544,PAY_054763
SET_001548,2026-01-08T00:07:54,PayFlow,INR,30,51445.23,0.00,51445.23,BANK_002,PFSET_00001548,PAY_052373,PAY_057176
SET_001549,2026-01-09T22:59:35,PayFlow,INR,27,33908.32,0.00,33908.32,BANK_002,PFSET_00001549,PAY_058989,PAY_052755
SET_001550,2026-01-11T00:33:24,PayFlow,INR,30,38637.62,0.00,38637.62,BANK_002,PFSET_00001550,PAY_058333,PAY_055095
SET_001551,2026-01-08T11:22:15,PayFlow,INR,33,42879.55,0.00,42879.55,BANK_002,PFSET_00001551,PAY_051831,PAY_051921
SET_001552,2026-01-10T19:04:28,PayFlow,INR,35,33169.08,0.00,33169.08,BANK_002,PFSET_00001552,PAY_055776,PAY_048766
SET_001553,2026-01-11T22:05:32,PayFlow,INR,33,35192.96,1209.50,33983.46,BANK_002,PFSET_00001553,PAY_056622,PAY_052169
SET_001554,2026-01-09T21:55:33,PayFlow,INR,36,36950.55,0.00,36950.55,BANK_002,PFSET_00001554,PAY_054646,PAY_052673
SET_001555,2026-01-10T00:20:19,PayFlow,INR,29,39481.84,0.00,39481.84,BANK_002,PFSET_00001555,PAY_058554,PAY_051050
SET_001556,2026-01-09T21:47:33,PayFlow,INR,31,43969.14,0.00,43969.14,BANK_002,PFSET_00001556,PAY_056627,PAY_054373
SET_001557,2026-01-09T19:31:55,PayFlow,INR,32,43541.02,0.00,43541.02,BANK_002,PFSET_00001557,PAY_053886,PAY_054178
SET_001558,2026-01-09T03:10:13,PayFlow,INR,42,38843.40,0.00,38843.40,BANK_002,PFSET_00001558,PAY_055368,PAY_048762
SET_001559,2026-01-09T23:17:38,PayFlow,INR,34,37857.11,687.71,37169.40,BANK_002,PFSET_00001559,PAY_053638,PAY_057716
SET_001560,2026-01-10T03:14:29,PayFlow,INR,33,29193.08,0.00,29193.08,BANK_002,PFSET_00001560,PAY_054722,PAY_052737
SET_001561,2026-01-08T22:50:07,PayFlow,INR,32,42505.80,0.00,42505.80,BANK_002,PFSET_00001561,PAY_056279,PAY_058718
SET_001562,2026-01-11T01:47:33,PayFlow,INR,27,31515.41,0.00,31515.41,BANK_002,PFSET_00001562,PAY_054974,PAY_055594
SET_001563,2026-01-09T17:12:46,PayFlow,INR,32,32147.74,0.00,32147.74,BANK_002,PFSET_00001563,PAY_054401,PAY_056525
SET_001564,2026-01-11T22:11:47,PayFlow,INR,27,37820.38,0.00,37820.38,BANK_002,PFSET_00001564,PAY_048834,PAY_056553
SET_001565,2026-01-12T00:06:01,PayFlow,INR,34,27077.49,1081.71,25995.78,BANK_002,PFSET_00001565,PAY_049515,PAY_057214
SET_001566,2026-01-11T17:12:32,PayFlow,INR,31,35913.87,306.80,35607.07,BANK_002,PFSET_00001566,PAY_053630,PAY_057557
SET_001567,2026-01-10T18:24:08,PayFlow,INR,32,37495.68,0.00,37495.68,BANK_002,PFSET_00001567,PAY_049689,PAY_048986
SET_001568,2026-01-11T02:58:23,PayFlow,INR,28,32627.58,0.00,32627.58,BANK_002,PFSET_00001568,PAY_051675,PAY_052175
SET_001569,2026-01-10T19:51:37,PayFlow,INR,29,33097.48,0.00,33097.48,BANK_002,PFSET_00001569,PAY_054523,PAY_055152
SET_001570,2026-01-12T22:55:52,PayFlow,INR,36,47717.10,0.00,47717.10,BANK_002,PFSET_00001570,PAY_056857,PAY_054537
SET_001571,2026-01-12T21:17:37,PayFlow,INR,34,41122.84,0.00,41122.84,BANK_002,PFSET_00001571,PAY_054927,PAY_056153
SET_001572,2026-01-10T04:02:16,PayFlow,INR,35,36258.85,0.00,36258.85,BANK_002,PFSET_00001572,PAY_054085,PAY_054077
SET_001573,2026-01-12T02:50:52,PayFlow,INR,38,42086.61,623.39,41463.22,BANK_002,PFSET_00001573,PAY_049211,PAY_055176
SET_001574,2026-01-11T08:21:23,PayFlow,INR,35,27951.13,0.00,27951.13,BANK_002,PFSET_00001574,PAY_051558,PAY_050895
SET_001575,2026-01-11T16:00:21,PayFlow,INR,26,23963.80,0.00,23963.80,BANK_002,PFSET_00001575,PAY_057491,PAY_048928
SET_001576,2026-01-13T18:37:59,PayFlow,INR,38,48097.50,0.00,48097.50,BANK_002,PFSET_00001576,PAY_057481,PAY_056928
SET_001577,2026-01-13T23:19:42,PayFlow,INR,30,32509.12,395.30,32113.82,BANK_002,PFSET_00001577,PAY_058048,PAY_052510
SET_001578,2026-01-11T00:31:32,PayFlow,INR,26,27195.81,0.00,27195.81,BANK_002,PFSET_00001578,PAY_053693,PAY_051455
SET_001579,2026-01-10T19:20:08,PayFlow,INR,28,24795.41,0.00,24795.41,BANK_002,PFSET_00001579,PAY_050357,PAY_054257
SET_001580,2026-01-10T19:54:14,PayFlow,INR,38,29188.04,0.00,29188.04,BANK_002,PFSET_00001580,PAY_054620,PAY_057264
SET_001581,2026-01-11T00:10:59,PayFlow,INR,32,29329.30,0.00,29329.30,BANK_002,PFSET_00001581,PAY_057151,PAY_051667
SET_001582,2026-01-11T01:34:00,PayFlow,INR,26,36231.80,0.00,36231.80,BANK_002,PFSET_00001582,PAY_050057,PAY_050984
SET_001583,2026-01-14T05:08:52,PayFlow,INR,30,40738.56,0.00,40738.56,BANK_002,PFSET_00001583,PAY_051985,PAY_050092
SET_001584,2026-01-14T02:51:19,PayFlow,INR,42,54282.80,295.00,53987.80,BANK_002,PFSET_00001584,PAY_055422,PAY_051315
SET_001585,2026-01-11T07:30:29,PayFlow,INR,38,54246.44,0.00,54246.44,BANK_002,PFSET_00001585,PAY_051346,PAY_049751
SET_001586,2026-01-14T15:04:54,PayFlow,INR,28,33889.28,0.00,33889.28,BANK_002,PFSET_00001586,PAY_052875,PAY_052947
SET_001587,2026-01-13T16:22:14,PayFlow,INR,42,49072.39,0.00,49072.39,BANK_002,PFSET_00001587,PAY_050458,PAY_053093
SET_001588,2026-01-12T19:49:41,PayFlow,INR,45,60560.21,888.54,59671.67,BANK_002,PFSET_00001588,PAY_051051,PAY_048863
SET_001589,2026-01-12T01:34:53,PayFlow,INR,30,41572.13,612.93,40959.20,BANK_002,PFSET_00001589,PAY_052184,PAY_051418
SET_001590,2026-01-12T23:09:18,PayFlow,INR,39,44166.52,0.00,44166.52,BANK_002,PFSET_00001590,PAY_048685,PAY_057038
SET_001591,2026-01-11T22:07:53,PayFlow,INR,36,48628.48,0.00,48628.48,BANK_002,PFSET_00001591,PAY_058496,PAY_056286
SET_001592,2026-01-15T00:34:22,PayFlow,INR,32,42651.89,0.00,42651.89,BANK_002,PFSET_00001592,PAY_049447,PAY_055603
SET_001593,2026-01-12T01:38:59,PayFlow,INR,30,42805.51,0.00,42805.51,BANK_002,PFSET_00001593,PAY_057162,PAY_057625
SET_001594,2026-01-13T03:09:28,PayFlow,INR,37,58634.42,0.00,58634.42,BANK_002,PFSET_00001594,PAY_058534,PAY_055008
SET_001595,2026-01-15T15:20:52,PayFlow,INR,38,49016.20,0.00,49016.20,BANK_002,PFSET_00001595,PAY_049147,PAY_058295
SET_001596,2026-01-12T23:00:41,PayFlow,INR,32,51222.05,0.00,51222.05,BANK_002,PFSET_00001596,PAY_052200,PAY_050415
SET_001597,2026-01-14T21:25:48,PayFlow,INR,28,28677.96,0.00,28677.96,BANK_002,PFSET_00001597,PAY_054307,PAY_048756
SET_001598,2026-01-13T23:20:19,PayFlow,INR,30,35250.25,0.00,35250.25,BANK_002,PFSET_00001598,PAY_051141,PAY_051639
SET_001599,2026-01-15T23:20:35,PayFlow,INR,30,48287.53,0.00,48287.53,BANK_002,PFSET_00001599,PAY_053575,PAY_054823
SET_001600,2026-01-15T03:46:02,PayFlow,INR,32,24687.12,0.00,24687.12,BANK_002,PFSET_00001600,PAY_054348,PAY_053702
SET_001601,2026-01-13T22:11:52,PayFlow,INR,33,41728.48,0.00,41728.48,BANK_002,PFSET_00001601,PAY_057830,PAY_055685
SET_001602,2026-01-14T02:07:58,PayFlow,INR,35,43881.51,0.00,43881.51,BANK_002,PFSET_00001602,PAY_053753,PAY_055732
SET_001603,2026-01-13T06:10:10,PayFlow,INR,30,29937.58,0.00,29937.58,BANK_002,PFSET_00001603,PAY_056815,PAY_058122
SET_001604,2026-01-15T01:59:48,PayFlow,INR,34,34005.69,0.00,34005.69,BANK_002,PFSET_00001604,PAY_057270,PAY_051106
SET_001605,2026-01-16T18:27:59,PayFlow,INR,37,51909.40,904.18,51005.22,BANK_002,PFSET_00001605,PAY_057019,PAY_054986
SET_001606,2026-01-16T15:44:36,PayFlow,INR,32,34439.72,0.00,34439.72,BANK_002,PFSET_00001606,PAY_058857,PAY_057276
SET_001607,2026-01-16T22:04:12,PayFlow,INR,41,57719.05,256.43,57462.62,BANK_002,PFSET_00001607,PAY_059465,PAY_054907
SET_001608,2026-01-13T18:27:08,PayFlow,INR,32,29205.12,0.00,29205.12,BANK_002,PFSET_00001608,PAY_048664,PAY_053942
SET_001609,2026-01-15T20:09:55,PayFlow,INR,34,46180.87,0.00,46180.87,BANK_002,PFSET_00001609,PAY_048824,PAY_051521
SET_001610,2026-01-15T02:54:22,PayFlow,INR,35,40517.99,0.00,40517.99,BANK_002,PFSET_00001610,PAY_053320,PAY_059416
SET_001611,2026-01-16T04:45:59,PayFlow,INR,37,51635.20,0.00,51635.20,BANK_002,PFSET_00001611,PAY_057670,PAY_055111
SET_001612,2026-01-15T03:36:39,PayFlow,INR,33,43546.89,0.00,43546.89,BANK_002,PFSET_00001612,PAY_055469,PAY_053349
SET_001613,2026-01-14T05:33:03,PayFlow,INR,39,42246.23,0.00,42246.23,BANK_002,PFSET_00001613,PAY_058236,PAY_048956
SET_001614,2026-01-15T10:20:54,PayFlow,INR,36,39867.73,860.07,39007.66,BANK_002,PFSET_00001614,PAY_054153,PAY_055476
SET_001615,2026-01-17T21:29:07,PayFlow,INR,34,37321.85,580.09,36741.76,BANK_002,PFSET_00001615,PAY_054113,PAY_048859
SET_001616,2026-01-17T16:49:23,PayFlow,INR,31,31868.04,0.00,31868.04,BANK_002,PFSET_00001616,PAY_055974,PAY_056271
SET_001617,2026-01-17T21:29:35,PayFlow,INR,30,34369.13,0.00,34369.13,BANK_002,PFSET_00001617,PAY_049030,PAY_049567
SET_001618,2026-01-15T23:02:27,PayFlow,INR,41,38598.35,0.00,38598.35,BANK_002,PFSET_00001618,PAY_058106,PAY_050923
SET_001619,2026-01-14T21:56:11,PayFlow,INR,30,29763.65,0.00,29763.65,BANK_002,PFSET_00001619,PAY_059357,PAY_058329
SET_001620,2026-01-16T22:53:58,PayFlow,INR,31,51746.53,0.00,51746.53,BANK_002,PFSET_00001620,PAY_050201,PAY_050295
SET_001621,2026-01-14T21:42:54,PayFlow,INR,30,38440.56,0.00,38440.56,BANK_002,PFSET_00001621,PAY_055691,PAY_057401
SET_001622,2026-01-18T01:11:42,PayFlow,INR,28,42581.97,3873.94,38708.03,BANK_002,PFSET_00001622,PAY_048699,PAY_055748
SET_001623,2026-01-17T00:04:14,PayFlow,INR,38,40225.06,765.82,39459.24,BANK_002,PFSET_00001623,PAY_054540,PAY_058450
SET_001624,2026-01-18T05:58:03,PayFlow,INR,34,41342.80,0.00,41342.80,BANK_002,PFSET_00001624,PAY_055462,PAY_054306
SET_001625,2026-01-16T03:54:57,PayFlow,INR,32,30311.06,0.00,30311.06,BANK_002,PFSET_00001625,PAY_054752,PAY_059289
SET_001626,2026-01-16T12:29:58,PayFlow,INR,34,31528.77,0.00,31528.77,BANK_002,PFSET_00001626,PAY_058161,PAY_056977
SET_001627,2026-01-18T13:18:45,PayFlow,INR,30,29531.16,383.50,29147.66,BANK_002,PFSET_00001627,PAY_054112,PAY_052185
SET_001628,2026-01-17T17:59:55,PayFlow,INR,31,39384.17,0.00,39384.17,BANK_002,PFSET_00001628,PAY_053454,PAY_056576
SET_001629,2026-01-15T17:40:45,PayFlow,INR,33,41246.03,0.00,41246.03,BANK_002,PFSET_00001629,PAY_058483,PAY_054072
SET_001630,2026-01-17T00:26:57,PayFlow,INR,29,39946.77,0.00,39946.77,BANK_002,PFSET_00001630,PAY_054761,PAY_059475
SET_001631,2026-01-18T23:31:12,PayFlow,INR,35,45528.96,1816.02,43712.94,BANK_002,PFSET_00001631,PAY_052274,PAY_049149
SET_001632,2026-01-17T04:03:10,PayFlow,INR,38,44314.09,0.00,44314.09,BANK_002,PFSET_00001632,PAY_058166,PAY_053310
SET_001633,2026-01-16T02:22:24,PayFlow,INR,32,33930.79,0.00,33930.79,BANK_002,PFSET_00001633,PAY_054583,PAY_049609
SET_001634,2026-01-16T01:07:35,PayFlow,INR,28,27890.38,0.00,27890.38,BANK_002,PFSET_00001634,PAY_058111,PAY_058027
SET_001635,2026-01-17T04:02:04,PayFlow,INR,39,43093.05,1169.38,41923.67,BANK_002,PFSET_00001635,PAY_050998,PAY_049638
SET_001636,2026-01-16T22:52:38,PayFlow,INR,36,42027.41,0.00,42027.41,BANK_002,PFSET_00001636,PAY_048947,PAY_055392
SET_001637,2026-01-18T17:48:40,PayFlow,INR,37,50543.94,0.00,50543.94,BANK_002,PFSET_00001637,PAY_051210,PAY_054605
SET_001638,2026-01-19T21:44:51,PayFlow,INR,32,37454.04,2387.73,35066.31,BANK_002,PFSET_00001638,PAY_058819,PAY_049492
SET_001639,2026-01-19T17:41:10,PayFlow,INR,33,43166.09,377.60,42788.49,BANK_002,PFSET_00001639,PAY_050637,PAY_051531
SET_001640,2026-01-19T00:11:40,PayFlow,INR,29,30303.09,0.00,30303.09,BANK_002,PFSET_00001640,PAY_055003,PAY_052100
SET_001641,2026-01-17T00:43:36,PayFlow,INR,31,38965.52,572.42,38393.10,BANK_002,PFSET_00001641,PAY_048767,PAY_049532
SET_001642,2026-01-16T19:52:01,PayFlow,INR,35,53798.80,0.00,53798.80,BANK_002,PFSET_00001642,PAY_059210,PAY_056264
SET_001643,2026-01-16T22:25:37,PayFlow,INR,30,46171.51,362.79,45808.72,BANK_002,PFSET_00001643,PAY_057759,PAY_052438
SET_001644,2026-01-16T20:43:44,PayFlow,INR,33,45624.89,0.00,45624.89,BANK_002,PFSET_00001644,PAY_056152,PAY_049759
SET_001645,2026-01-19T00:40:04,PayFlow,INR,38,40011.15,0.00,40011.15,BANK_002,PFSET_00001645,PAY_049535,PAY_058795
SET_001646,2026-01-16T22:45:23,PayFlow,INR,32,42117.34,0.00,42117.34,BANK_002,PFSET_00001646,PAY_049383,PAY_058233
SET_001647,2026-01-18T05:09:41,PayFlow,INR,26,30466.08,0.00,30466.08,BANK_002,PFSET_00001647,PAY_058458,PAY_053135
SET_001648,2026-01-18T14:41:56,PayFlow,INR,29,37560.99,0.00,37560.99,BANK_002,PFSET_00001648,PAY_050337,PAY_050608
SET_001649,2026-01-18T21:29:17,PayFlow,INR,28,34416.64,0.00,34416.64,BANK_002,PFSET_00001649,PAY_050487,PAY_051243
SET_001650,2026-01-19T23:24:15,PayFlow,INR,35,33245.57,546.34,32699.23,BANK_002,PFSET_00001650,PAY_051170,PAY_050096
SET_001651,2026-01-19T01:20:25,PayFlow,INR,26,28865.42,0.00,28865.42,BANK_002,PFSET_00001651,PAY_055184,PAY_051941
SET_001652,2026-01-20T20:43:48,PayFlow,INR,33,36150.31,0.00,36150.31,BANK_002,PFSET_00001652,PAY_057265,PAY_055590
SET_001653,2026-01-19T01:17:49,PayFlow,INR,38,44307.70,0.00,44307.70,BANK_002,PFSET_00001653,PAY_050789,PAY_056510
SET_001654,2026-01-20T02:11:20,PayFlow,INR,30,39040.32,0.00,39040.32,BANK_002,PFSET_00001654,PAY_058662,PAY_051609
SET_001655,2026-01-20T21:45:05,PayFlow,INR,37,46515.90,0.00,46515.90,BANK_002,PFSET_00001655,PAY_056934,PAY_050877
SET_001656,2026-01-21T06:06:32,PayFlow,INR,37,39914.22,1409.80,38504.42,BANK_002,PFSET_00001656,PAY_059489,PAY_059180
SET_001657,2026-01-20T05:18:06,PayFlow,INR,35,48308.15,0.00,48308.15,BANK_002,PFSET_00001657,PAY_055796,PAY_057022
SET_001658,2026-01-20T04:44:53,PayFlow,INR,38,45436.81,0.00,45436.81,BANK_002,PFSET_00001658,PAY_050735,PAY_056838
SET_001659,2026-01-19T16:52:06,PayFlow,INR,31,30469.52,0.00,30469.52,BANK_002,PFSET_00001659,PAY_049337,PAY_058403
SET_001660,2026-01-18T23:25:15,PayFlow,INR,36,32617.47,0.00,32617.47,BANK_002,PFSET_00001660,PAY_057526,PAY_056771
SET_001661,2026-01-19T20:18:04,PayFlow,INR,36,35958.40,0.00,35958.40,BANK_002,PFSET_00001661,PAY_055699,PAY_055227
SET_001662,2026-01-22T01:13:24,PayFlow,INR,29,35934.25,1053.92,34880.33,BANK_002,PFSET_00001662,PAY_056400,PAY_052630
SET_001663,2026-01-18T20:36:23,PayFlow,INR,34,36140.69,0.00,36140.69,BANK_002,PFSET_00001663,PAY_052111,PAY_056691
SET_001664,2026-01-21T23:05:34,PayFlow,INR,39,42912.20,0.00,42912.20,BANK_002,PFSET_00001664,PAY_058835,PAY_053748
SET_001665,2026-01-21T04:56:19,PayFlow,INR,29,28469.42,0.00,28469.42,BANK_002,PFSET_00001665,PAY_053076,PAY_054230
SET_001666,2026-01-22T04:58:37,PayFlow,INR,41,53622.14,790.38,52831.76,BANK_002,PFSET_00001666,PAY_050904,PAY_054820
SET_001667,2026-01-22T01:17:36,PayFlow,INR,31,47746.67,0.00,47746.67,BANK_002,PFSET_00001667,PAY_049143,PAY_057432
SET_001668,2026-01-22T03:49:06,PayFlow,INR,34,45159.51,1183.78,43975.73,BANK_002,PFSET_00001668,PAY_053823,PAY_050935
SET_001669,2026-01-22T18:10:22,PayFlow,INR,30,42180.11,0.00,42180.11,BANK_002,PFSET_00001669,PAY_055133,PAY_048961
SET_001670,2026-01-22T19:18:30,PayFlow,INR,30,37685.48,2112.67,35572.81,BANK_002,PFSET_00001670,PAY_052538,PAY_048731
SET_001671,2026-01-21T17:13:46,PayFlow,INR,33,38795.27,0.00,38795.27,BANK_002,PFSET_00001671,PAY_056706,PAY_055381
SET_001672,2026-01-21T21:22:28,PayFlow,INR,31,40682.60,0.00,40682.60,BANK_002,PFSET_00001672,PAY_052312,PAY_054950
SET_001673,2026-01-21T03:22:10,PayFlow,INR,33,34733.94,0.00,34733.94,BANK_002,PFSET_00001673,PAY_056901,PAY_049793
SET_001674,2026-01-20T23:27:15,PayFlow,INR,27,30478.76,0.00,30478.76,BANK_002,PFSET_00001674,PAY_058689,PAY_053602
SET_001675,2026-01-19T23:56:56,PayFlow,INR,28,38255.45,0.00,38255.45,BANK_002,PFSET_00001675,PAY_049870,PAY_052379
SET_001676,2026-01-20T01:26:40,PayFlow,INR,28,29254.53,0.00,29254.53,BANK_002,PFSET_00001676,PAY_049102,PAY_053513
SET_001677,2026-01-23T00:32:36,PayFlow,INR,43,48745.34,0.00,48745.34,BANK_002,PFSET_00001677,PAY_050090,PAY_051305
SET_001678,2026-01-21T21:45:18,PayFlow,INR,37,51199.82,383.17,50816.65,BANK_002,PFSET_00001678,PAY_058659,PAY_051160
SET_001679,2026-01-20T22:24:26,PayFlow,INR,32,35078.70,1984.76,33093.94,BANK_002,PFSET_00001679,PAY_051205,PAY_054218
SET_001680,2026-01-20T23:27:00,PayFlow,INR,35,34315.96,0.00,34315.96,BANK_002,PFSET_00001680,PAY_056267,PAY_058716
SET_001681,2026-01-22T02:09:01,PayFlow,INR,31,39075.78,0.00,39075.78,BANK_002,PFSET_00001681,PAY_058441,PAY_049358
SET_001682,2026-01-23T23:33:18,PayFlow,INR,25,24982.40,0.00,24982.40,BANK_002,PFSET_00001682,PAY_057740,PAY_057896
SET_001683,2026-01-20T20:24:18,PayFlow,INR,29,26197.70,0.00,26197.70,BANK_002,PFSET_00001683,PAY_056577,PAY_052374
SET_001684,2026-01-22T04:56:23,PayFlow,INR,32,47547.09,0.00,47547.09,BANK_002,PFSET_00001684,PAY_049986,PAY_052551
SET_001685,2026-01-21T04:41:37,PayFlow,INR,40,47846.36,0.00,47846.36,BANK_002,PFSET_00001685,PAY_056582,PAY_049939
SET_001686,2026-01-22T06:28:41,PayFlow,INR,30,27631.23,0.00,27631.23,BANK_002,PFSET_00001686,PAY_059513,PAY_056019
SET_001687,2026-01-21T03:32:39,PayFlow,INR,33,43500.72,0.00,43500.72,BANK_002,PFSET_00001687,PAY_055036,PAY_050974
SET_001688,2026-01-23T20:09:33,PayFlow,INR,39,45252.41,1102.12,44150.29,BANK_002,PFSET_00001688,PAY_051304,PAY_055258
SET_001689,2026-01-23T16:12:42,PayFlow,INR,27,36989.47,0.00,36989.47,BANK_002,PFSET_00001689,PAY_058693,PAY_057969
SET_001690,2026-01-21T18:15:02,PayFlow,INR,32,34482.54,0.00,34482.54,BANK_002,PFSET_00001690,PAY_058585,PAY_057105
SET_001691,2026-01-24T21:57:59,PayFlow,INR,29,31805.23,0.00,31805.23,BANK_002,PFSET_00001691,PAY_058928,PAY_050585
SET_001692,2026-01-22T21:14:08,PayFlow,INR,34,51185.38,0.00,51185.38,BANK_002,PFSET_00001692,PAY_050121,PAY_049050
SET_001693,2026-01-24T02:03:00,PayFlow,INR,29,31333.76,0.00,31333.76,BANK_002,PFSET_00001693,PAY_051662,PAY_051996
SET_001694,2026-01-25T00:16:55,PayFlow,INR,29,46272.80,1512.29,44760.51,BANK_002,PFSET_00001694,PAY_053696,PAY_059412
SET_001695,2026-01-24T01:57:23,PayFlow,INR,34,45091.90,0.00,45091.90,BANK_002,PFSET_00001695,PAY_054279,PAY_052236
SET_001696,2026-01-23T02:22:31,PayFlow,INR,29,37745.19,0.00,37745.19,BANK_002,PFSET_00001696,PAY_050264,PAY_058532
SET_001697,2026-01-25T01:31:29,PayFlow,INR,27,30756.33,716.32,30040.01,BANK_002,PFSET_00001697,PAY_055150,PAY_059504
SET_001698,2026-01-23T06:05:51,PayFlow,INR,39,32831.95,271.28,32560.67,BANK_002,PFSET_00001698,PAY_052231,PAY_058368
SET_001699,2026-01-25T01:17:05,PayFlow,INR,28,37444.37,0.00,37444.37,BANK_002,PFSET_00001699,PAY_049643,PAY_058755
SET_001700,2026-01-24T13:25:53,PayFlow,INR,31,39202.79,0.00,39202.79,BANK_002,PFSET_00001700,PAY_049042,PAY_058189
SET_001701,2026-01-23T18:33:21,PayFlow,INR,27,32024.97,0.00,32024.97,BANK_002,PFSET_00001701,PAY_055926,PAY_053626
SET_001702,2026-01-23T16:43:32,PayFlow,INR,38,40261.85,0.00,40261.85,BANK_002,PFSET_00001702,PAY_058657,PAY_052090
SET_001703,2026-01-24T19:03:58,PayFlow,INR,32,44737.20,0.00,44737.20,BANK_002,PFSET_00001703,PAY_048754,PAY_055614
SET_001704,2026-01-25T01:32:53,PayFlow,INR,38,52099.01,0.00,52099.01,BANK_002,PFSET_00001704,PAY_053211,PAY_051983
SET_001705,2026-01-26T04:03:35,PayFlow,INR,27,26571.69,0.00,26571.69,BANK_002,PFSET_00001705,PAY_054628,PAY_054331
SET_001706,2026-01-25T21:02:12,PayFlow,INR,37,39174.44,1360.54,37813.90,BANK_002,PFSET_00001706,PAY_051123,PAY_059100
SET_001707,2026-01-24T20:40:28,PayFlow,INR,32,34149.45,997.58,33151.87,BANK_002,PFSET_00001707,PAY_053834,PAY_058882
SET_001708,2026-01-25T01:21:15,PayFlow,INR,33,34239.54,0.00,34239.54,BANK_002,PFSET_00001708,PAY_055167,PAY_057605
SET_001709,2026-01-24T04:13:28,PayFlow,INR,28,31254.20,0.00,31254.20,BANK_002,PFSET_00001709,PAY_050227,PAY_054827
SET_001710,2026-01-25T07:08:48,PayFlow,INR,26,27072.09,5674.78,21397.31,BANK_002,PFSET_00001710,PAY_057936,PAY_059525
SET_001711,2026-01-23T03:11:48,PayFlow,INR,33,41193.52,0.00,41193.52,BANK_002,PFSET_00001711,PAY_057937,PAY_051731
SET_001712,2026-01-23T19:27:20,PayFlow,INR,37,38769.02,318.60,38450.42,BANK_002,PFSET_00001712,PAY_059130,PAY_059436
SET_001713,2026-01-26T17:20:30,PayFlow,INR,34,39465.51,0.00,39465.51,BANK_002,PFSET_00001713,PAY_053362,PAY_049485
SET_001714,2026-01-26T18:54:12,PayFlow,INR,34,49672.95,0.00,49672.95,BANK_002,PFSET_00001714,PAY_058507,PAY_051845
SET_001715,2026-01-27T02:39:15,PayFlow,INR,29,30896.44,1272.04,29624.40,BANK_002,PFSET_00001715,PAY_056601,PAY_057973
SET_001716,2026-01-26T02:03:00,PayFlow,INR,34,36558.12,0.00,36558.12,BANK_002,PFSET_00001716,PAY_049052,PAY_048846
SET_001717,2026-01-25T22:33:41,PayFlow,INR,36,43690.68,0.00,43690.68,BANK_002,PFSET_00001717,PAY_053485,PAY_059538
SET_001718,2026-01-27T01:26:32,PayFlow,INR,31,37483.86,1197.70,36286.16,BANK_002,PFSET_00001718,PAY_050240,PAY_059186
SET_001719,2026-01-25T21:08:58,PayFlow,INR,36,56092.99,0.00,56092.99,BANK_002,PFSET_00001719,PAY_056664,PAY_058702
SET_001720,2026-01-24T06:16:24,PayFlow,INR,38,41212.39,147.37,41065.02,BANK_002,PFSET_00001720,PAY_048970,PAY_054414
SET_001721,2026-01-26T23:15:56,PayFlow,INR,30,33402.77,1486.56,31916.21,BANK_002,PFSET_00001721,PAY_052113,PAY_049881
SET_001722,2026-01-26T06:14:56,PayFlow,INR,27,37375.62,0.00,37375.62,BANK_002,PFSET_00001722,PAY_050309,PAY_052321
SET_001723,2026-01-27T14:44:08,PayFlow,INR,34,34473.23,0.00,34473.23,BANK_002,PFSET_00001723,PAY_049091,PAY_054490
SET_001724,2026-01-25T23:07:57,PayFlow,INR,35,38509.89,0.00,38509.89,BANK_002,PFSET_00001724,PAY_055878,PAY_048643
SET_001725,2026-01-26T22:15:33,PayFlow,INR,27,38287.20,318.60,37968.60,BANK_002,PFSET_00001725,PAY_053663,PAY_049414
SET_001726,2026-01-24T22:19:19,PayFlow,INR,31,33517.40,1541.08,31976.32,BANK_002,PFSET_00001726,PAY_053783,PAY_053868
SET_001727,2026-01-27T23:02:03,PayFlow,INR,30,30963.10,0.00,30963.10,BANK_002,PFSET_00001727,PAY_052803,PAY_049885
SET_001728,2026-01-25T20:22:45,PayFlow,INR,34,49144.54,0.00,49144.54,BANK_002,PFSET_00001728,PAY_059390,PAY_051457
SET_001729,2026-01-25T00:23:01,PayFlow,INR,33,49888.85,0.00,49888.85,BANK_002,PFSET_00001729,PAY_052775,PAY_056201
SET_001730,2026-01-25T02:19:53,PayFlow,INR,31,32503.39,0.00,32503.39,BANK_002,PFSET_00001730,PAY_053098,PAY_058386
SET_001731,2026-01-28T05:14:43,PayFlow,INR,37,43216.51,6658.27,36558.24,BANK_002,PFSET_00001731,PAY_055511,PAY_055852
SET_001732,2026-01-28T04:53:45,PayFlow,INR,32,32282.75,0.00,32282.75,BANK_002,PFSET_00001732,PAY_048910,PAY_049902
SET_001733,2026-01-26T01:17:35,PayFlow,INR,30,38416.73,0.00,38416.73,BANK_002,PFSET_00001733,PAY_056829,PAY_058023
SET_001734,2026-01-27T16:28:02,PayFlow,INR,27,43162.92,0.00,43162.92,BANK_002,PFSET_00001734,PAY_059136,PAY_056734
SET_001735,2026-01-26T19:12:13,PayFlow,INR,36,41436.17,0.00,41436.17,BANK_002,PFSET_00001735,PAY_049581,PAY_050107
SET_001736,2026-01-25T19:33:26,PayFlow,INR,36,29488.04,0.00,29488.04,BANK_002,PFSET_00001736,PAY_052872,PAY_048727
SET_001737,2026-01-26T19:36:00,PayFlow,INR,33,39604.18,2600.64,37003.54,BANK_002,PFSET_00001737,PAY_051735,PAY_048998
SET_001738,2026-01-27T20:41:36,PayFlow,INR,32,43231.42,0.00,43231.42,BANK_002,PFSET_00001738,PAY_056226,PAY_051325
SET_001739,2026-01-25T19:36:31,PayFlow,INR,31,32012.15,0.00,32012.15,BANK_002,PFSET_00001739,PAY_050341,PAY_050161
SET_001740,2026-01-26T02:55:04,PayFlow,INR,37,49493.61,0.00,49493.61,BANK_002,PFSET_00001740,PAY_055349,PAY_050721
SET_001741,2026-01-29T01:59:24,PayFlow,INR,36,34632.76,0.00,34632.76,BANK_002,PFSET_00001741,PAY_055790,PAY_051907
SET_001742,2026-01-27T02:52:38,PayFlow,INR,37,42622.92,830.72,41792.20,BANK_002,PFSET_00001742,PAY_056011,PAY_055601
SET_001743,2026-01-27T00:43:44,PayFlow,INR,33,35204.80,371.70,34833.10,BANK_002,PFSET_00001743,PAY_052921,PAY_057990
SET_001744,2026-01-28T16:29:19,PayFlow,INR,41,46633.36,2900.62,43732.74,BANK_002,PFSET_00001744,PAY_055734,PAY_058273
SET_001745,2026-01-29T19:44:03,PayFlow,INR,37,43057.82,0.00,43057.82,BANK_002,PFSET_00001745,PAY_051385,PAY_055572
SET_001746,2026-01-26T23:05:29,PayFlow,INR,25,27691.20,0.00,27691.20,BANK_002,PFSET_00001746,PAY_056575,PAY_050612
SET_001747,2026-01-29T01:48:59,PayFlow,INR,30,37622.60,0.00,37622.60,BANK_002,PFSET_00001747,PAY_051695,PAY_051316
SET_001748,2026-01-29T20:32:09,PayFlow,INR,28,36857.26,0.00,36857.26,BANK_002,PFSET_00001748,PAY_049279,PAY_055064
SET_001749,2026-01-27T20:23:40,PayFlow,INR,34,40555.71,0.00,40555.71,BANK_002,PFSET_00001749,PAY_052443,PAY_057023
SET_001750,2026-01-28T01:19:03,PayFlow,INR,31,32419.73,0.00,32419.73,BANK_002,PFSET_00001750,PAY_048880,PAY_051380
SET_001751,2026-01-27T00:36:41,PayFlow,INR,40,42991.14,0.00,42991.14,BANK_002,PFSET_00001751,PAY_052722,PAY_055514
SET_001752,2026-01-27T00:26:12,PayFlow,INR,33,52619.30,0.00,52619.30,BANK_002,PFSET_00001752,PAY_049993,PAY_051725
SET_001753,2026-01-29T16:30:20,PayFlow,INR,38,39840.85,306.74,39534.11,BANK_002,PFSET_00001753,PAY_054797,PAY_048792
SET_001754,2026-01-29T20:43:10,PayFlow,INR,37,43460.94,295.00,43165.94,BANK_002,PFSET_00001754,PAY_058995,PAY_056496
SET_001755,2026-01-29T17:32:56,PayFlow,INR,36,50272.35,0.00,50272.35,BANK_002,PFSET_00001755,PAY_054333,PAY_048847
SET_001756,2026-01-27T22:11:19,PayFlow,INR,28,43451.17,0.00,43451.17,BANK_002,PFSET_00001756,PAY_056297,PAY_054759
SET_001757,2026-01-28T18:32:31,PayFlow,INR,26,54037.63,0.00,54037.63,BANK_002,PFSET_00001757,PAY_051561,PAY_055294
SET_001758,2026-01-29T22:16:37,PayFlow,INR,31,33061.20,0.00,33061.20,BANK_002,PFSET_00001758,PAY_052719,PAY_049309
SET_001759,2026-01-27T20:19:35,PayFlow,INR,27,28082.96,0.00,28082.96,BANK_002,PFSET_00001759,PAY_050310,PAY_057109
SET_001760,2026-01-30T03:09:48,PayFlow,INR,39,61384.19,0.00,61384.19,BANK_002,PFSET_00001760,PAY_052264,PAY_057661
SET_001761,2026-01-30T05:41:17,PayFlow,INR,30,33887.74,0.00,33887.74,BANK_002,PFSET_00001761,PAY_053987,PAY_058366
SET_001762,2026-01-30T00:06:29,PayFlow,INR,33,30427.97,420.08,30007.89,BANK_002,PFSET_00001762,PAY_051076,PAY_053216
SET_001763,2026-01-30T14:02:03,PayFlow,INR,27,32555.37,1056.64,31498.73,BANK_002,PFSET_00001763,PAY_059362,PAY_050839
SET_001764,2026-01-30T16:43:16,PayFlow,INR,28,22660.85,1451.40,21209.45,BANK_002,PFSET_00001764,PAY_055962,PAY_058914
SET_001765,2026-01-30T17:31:15,PayFlow,INR,44,60064.69,0.00,60064.69,BANK_002,PFSET_00001765,PAY_055206,PAY_053711
SET_001766,2026-01-31T21:51:53,PayFlow,INR,33,49896.18,0.00,49896.18,BANK_002,PFSET_00001766,PAY_057338,PAY_056870
SET_001767,2026-01-31T18:20:31,PayFlow,INR,34,38526.35,0.00,38526.35,BANK_002,PFSET_00001767,PAY_057840,PAY_049357
SET_001768,2026-02-01T02:54:22,PayFlow,INR,38,45786.13,0.00,45786.13,BANK_002,PFSET_00001768,PAY_058197,PAY_050159
SET_001769,2026-01-29T20:38:15,PayFlow,INR,33,44736.84,0.00,44736.84,BANK_002,PFSET_00001769,PAY_056274,PAY_052474
SET_001770,2026-01-31T03:04:32,PayFlow,INR,44,64767.02,0.00,64767.02,BANK_002,PFSET_00001770,PAY_049713,PAY_056354
SET_001771,2026-01-31T00:44:17,PayFlow,INR,41,40440.60,283.14,40157.46,BANK_002,PFSET_00001771,PAY_057930,PAY_054679
SET_001772,2026-01-29T05:52:02,PayFlow,INR,37,43895.99,0.00,43895.99,BANK_002,PFSET_00001772,PAY_049920,PAY_054318
SET_001773,2026-01-30T01:33:03,PayFlow,INR,35,49282.57,0.00,49282.57,BANK_002,PFSET_00001773,PAY_055868,PAY_057403
SET_001774,2026-01-31T14:18:45,PayFlow,INR,35,65216.37,518.57,64697.80,BANK_002,PFSET_00001774,PAY_057063,PAY_058019
SET_001775,2026-01-29T20:35:12,PayFlow,INR,39,45233.10,0.00,45233.10,BANK_002,PFSET_00001775,PAY_057957,PAY_054878
SET_001776,2026-01-30T20:03:26,PayFlow,INR,38,35334.87,0.00,35334.87,BANK_002,PFSET_00001776,PAY_053474,PAY_054290
SET_001777,2026-02-01T02:17:48,PayFlow,INR,29,46121.52,993.91,45127.61,BANK_002,PFSET_00001777,PAY_053475,PAY_049122
SET_001778,2026-02-02T00:15:05,PayFlow,INR,39,64609.19,0.00,64609.19,BANK_002,PFSET_00001778,PAY_055255,PAY_054660
SET_001779,2026-02-01T01:58:17,PayFlow,INR,28,33880.15,0.00,33880.15,BANK_002,PFSET_00001779,PAY_051889,PAY_050097
SET_001780,2026-01-31T21:18:04,PayFlow,INR,33,39801.75,0.00,39801.75,BANK_002,PFSET_00001780,PAY_058910,PAY_052229
SET_001781,2026-01-31T05:28:38,PayFlow,INR,32,27462.62,0.00,27462.62,BANK_002,PFSET_00001781,PAY_052427,PAY_054394
SET_001782,2026-02-02T03:18:59,PayFlow,INR,38,52257.65,0.00,52257.65,BANK_002,PFSET_00001782,PAY_048868,PAY_056832
SET_001783,2026-01-30T07:51:01,PayFlow,INR,35,50562.94,0.00,50562.94,BANK_002,PFSET_00001783,PAY_057477,PAY_058539
SET_001784,2026-02-01T14:14:07,PayFlow,INR,26,31216.47,565.22,30651.25,BANK_002,PFSET_00001784,PAY_050085,PAY_059214
SET_001785,2026-01-31T13:02:08,PayFlow,INR,33,53601.46,4363.10,49238.36,BANK_002,PFSET_00001785,PAY_059104,PAY_052166
SET_001786,2026-01-31T21:22:07,PayFlow,INR,38,41339.56,0.00,41339.56,BANK_002,PFSET_00001786,PAY_054420,PAY_050982
SET_001787,2026-02-02T23:59:50,PayFlow,INR,29,35147.53,0.00,35147.53,BANK_002,PFSET_00001787,PAY_055729,PAY_053263
SET_001788,2026-02-02T23:26:20,PayFlow,INR,26,28746.41,0.00,28746.41,BANK_002,PFSET_00001788,PAY_054031,PAY_056356
SET_001789,2026-02-03T02:20:29,PayFlow,INR,43,57572.04,552.24,57019.80,BANK_002,PFSET_00001789,PAY_054098,PAY_056298
SET_001790,2026-01-31T01:17:43,PayFlow,INR,25,32359.95,0.00,32359.95,BANK_002,PFSET_00001790,PAY_058361,PAY_054007
SET_001791,2026-02-01T21:42:46,PayFlow,INR,27,36151.50,0.00,36151.50,BANK_002,PFSET_00001791,PAY_052043,PAY_053839
SET_001792,2026-01-31T02:03:25,PayFlow,INR,46,54702.61,0.00,54702.61,BANK_002,PFSET_00001792,PAY_050251,PAY_055929
SET_001793,2026-02-03T04:47:27,PayFlow,INR,39,41431.33,0.00,41431.33,BANK_002,PFSET_00001793,PAY_052609,PAY_059164
SET_001794,2026-02-02T01:13:03,PayFlow,INR,31,33689.55,0.00,33689.55,BANK_002,PFSET_00001794,PAY_054815,PAY_050632
SET_001795,2026-01-31T20:55:03,PayFlow,INR,36,44691.48,0.00,44691.48,BANK_002,PFSET_00001795,PAY_058548,PAY_051338
SET_001796,2026-02-02T17:01:26,PayFlow,INR,32,36048.55,0.00,36048.55,BANK_002,PFSET_00001796,PAY_052977,PAY_058846
SET_001797,2026-02-01T17:44:15,PayFlow,INR,38,37556.57,0.00,37556.57,BANK_002,PFSET_00001797,PAY_057732,PAY_052004
SET_001798,2026-02-01T22:26:03,PayFlow,INR,30,36672.70,0.00,36672.70,BANK_002,PFSET_00001798,PAY_055801,PAY_058020
SET_001799,2026-02-02T00:46:10,PayFlow,INR,32,47604.41,0.00,47604.41,BANK_002,PFSET_00001799,PAY_053052,PAY_059181
SET_001800,2026-02-03T19:15:38,PayFlow,INR,28,36117.17,0.00,36117.17,BANK_002,PFSET_00001800,PAY_056109,PAY_049198
SET_001801,2026-02-04T03:42:31,PayFlow,INR,29,31107.57,0.00,31107.57,BANK_002,PFSET_00001801,PAY_053218,PAY_049041
SET_001802,2026-02-03T02:28:03,PayFlow,INR,33,33917.33,0.00,33917.33,BANK_002,PFSET_00001802,PAY_054067,PAY_056806
SET_001803,2026-01-31T22:42:34,PayFlow,INR,33,42726.42,0.00,42726.42,BANK_002,PFSET_00001803,PAY_049488,PAY_053118
SET_001804,2026-02-02T03:42:40,PayFlow,INR,28,30484.32,273.20,30211.12,BANK_002,PFSET_00001804,PAY_052371,PAY_056500
SET_001805,2026-02-02T07:31:24,PayFlow,INR,43,54939.82,0.00,54939.82,BANK_002,PFSET_00001805,PAY_052326,PAY_049594
SET_001806,2026-02-01T14:36:04,PayFlow,INR,31,29800.95,0.00,29800.95,BANK_002,PFSET_00001806,PAY_057024,PAY_049078
SET_001807,2026-02-05T01:00:13,PayFlow,INR,33,54283.22,0.00,54283.22,BANK_002,PFSET_00001807,PAY_059540,PAY_057061
SET_001808,2026-02-02T19:05:16,PayFlow,INR,34,39799.34,474.83,39324.51,BANK_002,PFSET_00001808,PAY_053414,PAY_058512
SET_001809,2026-02-02T18:38:34,PayFlow,INR,38,58949.46,0.00,58949.46,BANK_002,PFSET_00001809,PAY_049982,PAY_051541
SET_001810,2026-02-04T00:08:50,PayFlow,INR,26,34143.93,0.00,34143.93,BANK_002,PFSET_00001810,PAY_053426,PAY_049314
SET_001811,2026-02-05T02:02:17,PayFlow,INR,32,26913.92,0.00,26913.92,BANK_002,PFSET_00001811,PAY_050079,PAY_056605
SET_001812,2026-02-04T05:31:30,PayFlow,INR,45,52565.74,0.00,52565.74,BANK_002,PFSET_00001812,PAY_058052,PAY_050196
SET_001813,2026-02-04T02:41:12,PayFlow,INR,33,48567.42,728.06,47839.36,BANK_002,PFSET_00001813,PAY_054887,PAY_052877
SET_001814,2026-02-02T05:17:24,PayFlow,INR,33,43590.32,0.00,43590.32,BANK_002,PFSET_00001814,PAY_051719,PAY_054379
SET_001815,2026-02-04T15:16:09,PayFlow,INR,29,35601.55,0.00,35601.55,BANK_002,PFSET_00001815,PAY_051616,PAY_060816
SET_001816,2026-02-05T23:56:33,PayFlow,INR,34,33882.06,0.00,33882.06,BANK_002,PFSET_00001816,PAY_062387,PAY_064445
SET_001817,2026-02-03T22:03:31,PayFlow,INR,34,38757.96,0.00,38757.96,BANK_002,PFSET_00001817,PAY_066564,PAY_067056
SET_001818,2026-02-03T20:50:41,PayFlow,INR,45,48242.50,0.00,48242.50,BANK_002,PFSET_00001818,PAY_060208,PAY_059711
SET_001819,2026-02-05T21:36:09,PayFlow,INR,39,45240.32,1273.46,43966.86,BANK_002,PFSET_00001819,PAY_065876,PAY_062496
SET_001820,2026-02-03T21:43:14,PayFlow,INR,26,26581.85,0.00,26581.85,BANK_002,PFSET_00001820,PAY_063078,PAY_061826
SET_001821,2026-02-04T02:39:57,PayFlow,INR,26,31542.31,0.00,31542.31,BANK_002,PFSET_00001821,PAY_061913,PAY_065915
SET_001822,2026-02-04T02:05:15,PayFlow,INR,33,42242.37,390.58,41851.79,BANK_002,PFSET_00001822,PAY_060452,PAY_062270
SET_001823,2026-02-05T21:48:17,PayFlow,INR,34,37701.09,0.00,37701.09,BANK_002,PFSET_00001823,PAY_063960,PAY_064960
SET_001824,2026-02-04T20:21:44,PayFlow,INR,28,35237.87,951.06,34286.81,BANK_002,PFSET_00001824,PAY_064119,PAY_064686
SET_001825,2026-02-03T22:26:38,PayFlow,INR,32,34341.18,0.00,34341.18,BANK_002,PFSET_00001825,PAY_061323,PAY_059772
SET_001826,2026-02-04T19:10:32,PayFlow,INR,30,39574.22,0.00,39574.22,BANK_002,PFSET_00001826,PAY_062327,PAY_063265
SET_001827,2026-02-07T02:37:44,PayFlow,INR,34,34978.00,0.00,34978.00,BANK_002,PFSET_00001827,PAY_060547,PAY_064473
SET_001828,2026-02-05T21:34:01,PayFlow,INR,36,40129.19,0.00,40129.19,BANK_002,PFSET_00001828,PAY_063918,PAY_059567
SET_001829,2026-02-06T22:00:54,PayFlow,INR,31,35835.83,0.00,35835.83,BANK_002,PFSET_00001829,PAY_062324,PAY_067655
SET_001830,2026-02-06T05:53:43,PayFlow,INR,26,38706.90,0.00,38706.90,BANK_002,PFSET_00001830,PAY_063433,PAY_063003
SET_001831,2026-02-04T06:01:22,PayFlow,INR,27,33217.18,0.00,33217.18,BANK_002,PFSET_00001831,PAY_064314,PAY_062261
SET_001832,2026-02-05T18:22:35,PayFlow,INR,28,40013.28,0.00,40013.28,BANK_002,PFSET_00001832,PAY_064767,PAY_065348
SET_001833,2026-02-06T21:12:56,PayFlow,INR,29,38252.57,0.00,38252.57,BANK_002,PFSET_00001833,PAY_065562,PAY_060398
SET_001834,2026-02-06T21:31:34,PayFlow,INR,26,36257.56,0.00,36257.56,BANK_002,PFSET_00001834,PAY_063711,PAY_064550
SET_001835,2026-02-07T18:12:21,PayFlow,INR,31,46017.44,0.00,46017.44,BANK_002,PFSET_00001835,PAY_065141,PAY_059800
SET_001836,2026-02-05T22:49:42,PayFlow,INR,32,32630.72,0.00,32630.72,BANK_002,PFSET_00001836,PAY_067770,PAY_066451
SET_001837,2026-02-06T22:47:46,PayFlow,INR,31,31064.62,608.06,30456.56,BANK_002,PFSET_00001837,PAY_067430,PAY_067248
SET_001838,2026-02-05T23:31:24,PayFlow,INR,31,34415.78,0.00,34415.78,BANK_002,PFSET_00001838,PAY_067188,PAY_067092
SET_001839,2026-02-05T00:50:14,PayFlow,INR,33,26709.41,0.00,26709.41,BANK_002,PFSET_00001839,PAY_066976,PAY_062712
SET_001840,2026-02-05T06:39:08,PayFlow,INR,33,37562.66,0.00,37562.66,BANK_002,PFSET_00001840,PAY_061330,PAY_062341
SET_001841,2026-02-07T07:49:47,PayFlow,INR,29,37619.24,0.00,37619.24,BANK_002,PFSET_00001841,PAY_065654,PAY_061276
SET_001842,2026-02-06T17:13:26,PayFlow,INR,35,60021.08,0.00,60021.08,BANK_002,PFSET_00001842,PAY_063103,PAY_063627
SET_001843,2026-02-08T22:26:57,PayFlow,INR,27,24650.11,855.97,23794.14,BANK_002,PFSET_00001843,PAY_063751,PAY_067417
SET_001844,2026-02-08T22:45:43,PayFlow,INR,40,45768.59,260.83,45507.76,BANK_002,PFSET_00001844,PAY_061622,PAY_065528
SET_001845,2026-02-06T02:03:14,PayFlow,INR,28,30731.58,0.00,30731.58,BANK_002,PFSET_00001845,PAY_065564,PAY_063858
SET_001846,2026-02-06T01:59:09,PayFlow,INR,31,35733.99,0.00,35733.99,BANK_002,PFSET_00001846,PAY_064720,PAY_063414
SET_001847,2026-02-05T23:48:56,PayFlow,INR,33,52164.52,0.00,52164.52,BANK_002,PFSET_00001847,PAY_067682,PAY_059590
SET_001848,2026-02-05T23:12:28,PayFlow,INR,33,36666.16,0.00,36666.16,BANK_002,PFSET_00001848,PAY_065461,PAY_065297
SET_001849,2026-02-07T02:47:27,PayFlow,INR,31,46395.74,0.00,46395.74,BANK_002,PFSET_00001849,PAY_065938,PAY_064480
SET_001850,2026-02-05T23:59:08,PayFlow,INR,26,27349.82,0.00,27349.82,BANK_002,PFSET_00001850,PAY_065634,PAY_064582
SET_001851,2026-02-08T00:05:03,PayFlow,INR,32,37438.40,0.00,37438.40,BANK_002,PFSET_00001851,PAY_065456,PAY_060844
SET_001852,2026-02-09T14:39:35,PayFlow,INR,31,31476.27,0.00,31476.27,BANK_002,PFSET_00001852,PAY_063753,PAY_064132
SET_001853,2026-02-07T21:58:42,PayFlow,INR,28,40167.38,0.00,40167.38,BANK_002,PFSET_00001853,PAY_061288,PAY_067060
SET_001854,2026-02-09T18:39:38,PayFlow,INR,30,34048.00,0.00,34048.00,BANK_002,PFSET_00001854,PAY_061150,PAY_063946
SET_001855,2026-02-07T18:57:37,PayFlow,INR,32,48193.31,0.00,48193.31,BANK_002,PFSET_00001855,PAY_067603,PAY_064734
SET_001856,2026-02-08T19:05:15,PayFlow,INR,25,34881.65,0.00,34881.65,BANK_002,PFSET_00001856,PAY_061030,PAY_067658
SET_001857,2026-02-08T23:18:24,PayFlow,INR,27,41134.67,471.43,40663.24,BANK_002,PFSET_00001857,PAY_063623,PAY_063000
SET_001858,2026-02-08T20:22:33,PayFlow,INR,32,50263.52,299.74,49963.78,BANK_002,PFSET_00001858,PAY_060039,PAY_066074
SET_001859,2026-02-08T05:04:00,PayFlow,INR,28,31041.53,879.57,30161.96,BANK_002,PFSET_00001859,PAY_066900,PAY_063754
SET_001860,2026-02-10T00:33:09,PayFlow,INR,32,39870.20,0.00,39870.20,BANK_002,PFSET_00001860,PAY_066604,PAY_065829
SET_001861,2026-02-09T02:35:14,PayFlow,INR,31,37229.63,0.00,37229.63,BANK_002,PFSET_00001861,PAY_066486,PAY_067173
SET_001862,2026-02-07T10:28:07,PayFlow,INR,35,43556.63,0.00,43556.63,BANK_002,PFSET_00001862,PAY_061764,PAY_066305
SET_001863,2026-02-10T14:17:16,PayFlow,INR,28,37312.90,0.00,37312.90,BANK_002,PFSET_00001863,PAY_063552,PAY_067460
SET_001864,2026-02-09T23:34:55,PayFlow,INR,28,30748.28,0.00,30748.28,BANK_002,PFSET_00001864,PAY_065921,PAY_067108
SET_001865,2026-02-07T19:26:26,PayFlow,INR,30,36405.24,0.00,36405.24,BANK_002,PFSET_00001865,PAY_065148,PAY_063307
SET_001866,2026-02-09T22:40:36,PayFlow,INR,29,32840.11,0.00,32840.11,BANK_002,PFSET_00001866,PAY_061892,PAY_065015
SET_001867,2026-02-09T20:59:32,PayFlow,INR,27,37054.69,0.00,37054.69,BANK_002,PFSET_00001867,PAY_065984,PAY_064673
SET_001868,2026-02-08T00:31:26,PayFlow,INR,37,56248.57,0.00,56248.57,BANK_002,PFSET_00001868,PAY_062279,PAY_061592
SET_001869,2026-02-08T05:50:31,PayFlow,INR,32,49791.11,0.00,49791.11,BANK_002,PFSET_00001869,PAY_059596,PAY_060834
SET_001870,2026-02-10T02:38:56,PayFlow,INR,39,50313.62,0.00,50313.62,BANK_002,PFSET_00001870,PAY_061794,PAY_061782
SET_001871,2026-02-08T05:27:30,PayFlow,INR,32,40215.41,0.00,40215.41,BANK_002,PFSET_00001871,PAY_062743,PAY_060077
SET_001872,2026-02-08T14:23:34,PayFlow,INR,30,38367.28,0.00,38367.28,BANK_002,PFSET_00001872,PAY_063843,PAY_066754
SET_001873,2026-02-10T18:25:44,PayFlow,INR,44,45551.14,1568.22,43982.92,BANK_002,PFSET_00001873,PAY_059607,PAY_062306
SET_001874,2026-02-10T18:42:55,PayFlow,INR,33,45294.20,0.00,45294.20,BANK_002,PFSET_00001874,PAY_059765,PAY_066854
SET_001875,2026-02-09T22:16:38,PayFlow,INR,30,27286.67,0.00,27286.67,BANK_002,PFSET_00001875,PAY_067539,PAY_066044
SET_001876,2026-02-10T21:05:23,PayFlow,INR,46,50777.35,0.00,50777.35,BANK_002,PFSET_00001876,PAY_060369,PAY_060877
SET_001877,2026-02-12T00:20:01,PayFlow,INR,36,44492.40,0.00,44492.40,BANK_002,PFSET_00001877,PAY_064009,PAY_061675
SET_001878,2026-02-09T22:26:35,PayFlow,INR,35,32782.36,0.00,32782.36,BANK_002,PFSET_00001878,PAY_060859,PAY_064943
SET_001879,2026-02-10T01:58:12,PayFlow,INR,32,35393.07,0.00,35393.07,BANK_002,PFSET_00001879,PAY_065268,PAY_066679
SET_001880,2026-02-12T18:25:31,PayFlow,INR,27,31490.60,164.04,31326.56,BANK_002,PFSET_00001880,PAY_065897,PAY_067574
SET_001881,2026-02-11T21:00:46,PayFlow,INR,30,32648.94,1489.81,31159.13,BANK_002,PFSET_00001881,PAY_065329,PAY_067571
SET_001882,2026-02-12T01:35:46,PayFlow,INR,34,44925.61,0.00,44925.61,BANK_002,PFSET_00001882,PAY_064399,PAY_066914
SET_001883,2026-02-12T22:56:33,PayFlow,INR,42,50152.56,4056.81,46095.75,BANK_002,PFSET_00001883,PAY_067965,PAY_062458
SET_001884,2026-02-12T00:20:53,PayFlow,INR,27,40937.49,1568.22,39369.27,BANK_002,PFSET_00001884,PAY_063395,PAY_064820
SET_001885,2026-02-13T04:49:58,PayFlow,INR,38,41923.09,1212.45,40710.64,BANK_002,PFSET_00001885,PAY_060468,PAY_063915
SET_001886,2026-02-11T01:00:50,PayFlow,INR,33,41454.20,0.00,41454.20,BANK_002,PFSET_00001886,PAY_062544,PAY_060852
SET_001887,2026-02-10T05:51:29,PayFlow,INR,30,35556.03,0.00,35556.03,BANK_002,PFSET_00001887,PAY_061858,PAY_064552
SET_001888,2026-02-11T17:53:43,PayFlow,INR,32,35515.94,0.00,35515.94,BANK_002,PFSET_00001888,PAY_062297,PAY_067433
SET_001889,2026-02-13T18:08:44,PayFlow,INR,37,41186.86,0.00,41186.86,BANK_002,PFSET_00001889,PAY_066128,PAY_066780
SET_001890,2026-02-13T17:08:55,PayFlow,INR,31,31226.08,267.27,30958.81,BANK_002,PFSET_00001890,PAY_066319,PAY_065203
SET_001891,2026-02-10T21:43:44,PayFlow,INR,35,39364.98,0.00,39364.98,BANK_002,PFSET_00001891,PAY_061654,PAY_061375
SET_001892,2026-02-10T23:20:57,PayFlow,INR,26,25619.53,551.15,25068.38,BANK_002,PFSET_00001892,PAY_066221,PAY_065920
SET_001893,2026-02-11T02:59:18,PayFlow,INR,32,35428.05,0.00,35428.05,BANK_002,PFSET_00001893,PAY_061272,PAY_062626
SET_001894,2026-02-14T04:51:09,PayFlow,INR,30,43245.89,0.00,43245.89,BANK_002,PFSET_00001894,PAY_067967,PAY_061853
SET_001895,2026-02-13T06:33:45,PayFlow,INR,36,43901.26,0.00,43901.26,BANK_002,PFSET_00001895,PAY_062329,PAY_066245
SET_001896,2026-02-11T03:35:23,PayFlow,INR,27,31720.03,0.00,31720.03,BANK_002,PFSET_00001896,PAY_064053,PAY_059626
SET_001897,2026-02-13T14:39:45,PayFlow,INR,30,35411.98,0.00,35411.98,BANK_002,PFSET_00001897,PAY_067852,PAY_062137
SET_001898,2026-02-11T17:16:13,PayFlow,INR,36,36835.79,0.00,36835.79,BANK_002,PFSET_00001898,PAY_059932,PAY_067162
SET_001899,2026-02-13T23:32:42,PayFlow,INR,41,61579.19,0.00,61579.19,BANK_002,PFSET_00001899,PAY_066509,PAY_065524
SET_001900,2026-02-14T02:59:27,PayFlow,INR,33,36841.87,0.00,36841.87,BANK_002,PFSET_00001900,PAY_064825,PAY_067895
SET_001901,2026-02-14T19:43:49,PayFlow,INR,28,34493.37,0.00,34493.37,BANK_002,PFSET_00001901,PAY_059997,PAY_067503
SET_001902,2026-02-15T00:14:50,PayFlow,INR,36,46412.37,0.00,46412.37,BANK_002,PFSET_00001902,PAY_066101,PAY_061460
SET_001903,2026-02-15T01:25:50,PayFlow,INR,30,29345.63,0.00,29345.63,BANK_002,PFSET_00001903,PAY_063664,PAY_060286
SET_001904,2026-02-13T20:51:32,PayFlow,INR,29,47894.13,387.77,47506.36,BANK_002,PFSET_00001904,PAY_067410,PAY_066519
SET_001905,2026-02-12T05:35:29,PayFlow,INR,28,36932.74,0.00,36932.74,BANK_002,PFSET_00001905,PAY_065166,PAY_059902
SET_001906,2026-02-15T02:13:04,PayFlow,INR,37,44992.74,0.00,44992.74,BANK_002,PFSET_00001906,PAY_061803,PAY_065966
SET_001907,2026-02-12T01:31:18,PayFlow,INR,30,31919.14,0.00,31919.14,BANK_002,PFSET_00001907,PAY_062977,PAY_067016
SET_001908,2026-02-13T18:05:47,PayFlow,INR,31,45489.85,0.00,45489.85,BANK_002,PFSET_00001908,PAY_065556,PAY_064984
SET_001909,2026-02-14T18:36:26,PayFlow,INR,39,51882.51,0.00,51882.51,BANK_002,PFSET_00001909,PAY_065191,PAY_059753
SET_001910,2026-02-12T21:56:20,PayFlow,INR,32,43180.11,1189.44,41990.67,BANK_002,PFSET_00001910,PAY_060635,PAY_067246
SET_001911,2026-02-16T02:36:31,PayFlow,INR,34,45444.90,0.00,45444.90,BANK_002,PFSET_00001911,PAY_063870,PAY_065553
SET_001912,2026-02-12T19:47:04,PayFlow,INR,27,37008.38,0.00,37008.38,BANK_002,PFSET_00001912,PAY_065063,PAY_060236
SET_001913,2026-02-13T03:02:05,PayFlow,INR,30,33263.73,0.00,33263.73,BANK_002,PFSET_00001913,PAY_063989,PAY_059679
SET_001914,2026-02-15T20:57:29,PayFlow,INR,34,38599.72,0.00,38599.72,BANK_002,PFSET_00001914,PAY_061303,PAY_067991
SET_001915,2026-02-13T00:24:03,PayFlow,INR,34,33182.14,0.00,33182.14,BANK_002,PFSET_00001915,PAY_062710,PAY_066374
SET_001916,2026-02-12T23:34:04,PayFlow,INR,25,27452.30,0.00,27452.30,BANK_002,PFSET_00001916,PAY_063268,PAY_060023
SET_001917,2026-02-14T02:13:55,PayFlow,INR,36,52443.88,0.00,52443.88,BANK_002,PFSET_00001917,PAY_064657,PAY_066950
SET_001918,2026-02-13T13:49:06,PayFlow,INR,30,32109.52,0.00,32109.52,BANK_002,PFSET_00001918,PAY_065142,PAY_063860
SET_001919,2026-02-13T20:03:36,PayFlow,INR,33,34527.60,0.00,34527.60,BANK_002,PFSET_00001919,PAY_059618,PAY_064482
SET_001920,2026-02-14T23:56:46,PayFlow,INR,35,37646.72,0.00,37646.72,BANK_002,PFSET_00001920,PAY_060483,PAY_061988
SET_001921,2026-02-14T23:15:03,PayFlow,INR,34,40049.58,0.00,40049.58,BANK_002,PFSET_00001921,PAY_062058,PAY_061578
SET_001922,2026-02-17T01:10:10,PayFlow,INR,25,29839.58,0.00,29839.58,BANK_002,PFSET_00001922,PAY_062140,PAY_059980
SET_001923,2026-02-16T01:02:12,PayFlow,INR,36,37152.55,0.00,37152.55,BANK_002,PFSET_00001923,PAY_063942,PAY_063705
SET_001924,2026-02-16T02:41:15,PayFlow,INR,35,43013.84,1205.96,41807.88,BANK_002,PFSET_00001924,PAY_061045,PAY_067072
SET_001925,2026-02-14T23:00:54,PayFlow,INR,32,48010.01,0.00,48010.01,BANK_002,PFSET_00001925,PAY_060510,PAY_065592
SET_001926,2026-02-14T05:17:56,PayFlow,INR,31,41446.97,2133.26,39313.71,BANK_002,PFSET_00001926,PAY_068012,PAY_067778
SET_001927,2026-02-14T20:08:25,PayFlow,INR,41,40857.79,0.00,40857.79,BANK_002,PFSET_00001927,PAY_065076,PAY_062642
SET_001928,2026-02-16T15:22:29,PayFlow,INR,29,27086.00,0.00,27086.00,BANK_002,PFSET_00001928,PAY_060676,PAY_059948
SET_001929,2026-02-17T22:05:39,PayFlow,INR,40,48515.31,1765.28,46750.03,BANK_002,PFSET_00001929,PAY_059569,PAY_060063
SET_001930,2026-02-17T00:20:20,PayFlow,INR,38,43152.94,0.00,43152.94,BANK_002,PFSET_00001930,PAY_066878,PAY_061992
SET_001931,2026-02-15T22:59:21,PayFlow,INR,40,45976.65,1176.07,44800.58,BANK_002,PFSET_00001931,PAY_066193,PAY_061403
SET_001932,2026-02-17T00:41:44,PayFlow,INR,38,40726.49,0.00,40726.49,BANK_002,PFSET_00001932,PAY_063281,PAY_066100
SET_001933,2026-02-18T02:54:52,PayFlow,INR,33,47232.34,0.00,47232.34,BANK_002,PFSET_00001933,PAY_060177,PAY_062000
SET_001934,2026-02-16T06:45:17,PayFlow,INR,35,36578.04,0.00,36578.04,BANK_002,PFSET_00001934,PAY_067898,PAY_066329
SET_001935,2026-02-18T18:55:40,PayFlow,INR,38,47602.87,0.00,47602.87,BANK_002,PFSET_00001935,PAY_060344,PAY_063684
SET_001936,2026-02-16T20:48:37,PayFlow,INR,37,40698.30,0.00,40698.30,BANK_002,PFSET_00001936,PAY_061757,PAY_064166
SET_001937,2026-02-17T17:48:39,PayFlow,INR,32,32248.11,0.00,32248.11,BANK_002,PFSET_00001937,PAY_065292,PAY_060792
SET_001938,2026-02-18T01:38:02,PayFlow,INR,35,40773.34,5101.14,35672.20,BANK_002,PFSET_00001938,PAY_066476,PAY_061245
SET_001939,2026-02-17T02:36:42,PayFlow,INR,41,46926.46,0.00,46926.46,BANK_002,PFSET_00001939,PAY_064749,PAY_061759
SET_001940,2026-02-15T22:31:41,PayFlow,INR,32,38069.10,0.00,38069.10,BANK_002,PFSET_00001940,PAY_060059,PAY_061753
SET_001941,2026-02-18T02:29:59,PayFlow,INR,32,47587.00,0.00,47587.00,BANK_002,PFSET_00001941,PAY_067832,PAY_062639
SET_001942,2026-02-17T06:12:13,PayFlow,INR,38,49264.09,0.00,49264.09,BANK_002,PFSET_00001942,PAY_061621,PAY_064043
SET_001943,2026-02-16T12:14:13,PayFlow,INR,45,46481.51,0.00,46481.51,BANK_002,PFSET_00001943,PAY_065744,PAY_067422
SET_001944,2026-02-18T21:04:23,PayFlow,INR,34,48675.79,0.00,48675.79,BANK_002,PFSET_00001944,PAY_063758,PAY_067601
SET_001945,2026-02-18T17:46:37,PayFlow,INR,32,40992.88,0.00,40992.88,BANK_002,PFSET_00001945,PAY_065622,PAY_062836
SET_001946,2026-02-17T23:18:17,PayFlow,INR,33,36214.11,640.03,35574.08,BANK_002,PFSET_00001946,PAY_068030,PAY_059630
SET_001947,2026-02-16T23:29:39,PayFlow,INR,35,41706.12,0.00,41706.12,BANK_002,PFSET_00001947,PAY_060232,PAY_065616
SET_001948,2026-02-19T01:21:40,PayFlow,INR,33,42994.14,0.00,42994.14,BANK_002,PFSET_00001948,PAY_061284,PAY_063239
SET_001949,2026-02-16T21:26:13,PayFlow,INR,31,29385.13,0.00,29385.13,BANK_002,PFSET_00001949,PAY_061679,PAY_066528
SET_001950,2026-02-19T03:19:03,PayFlow,INR,38,45313.33,0.00,45313.33,BANK_002,PFSET_00001950,PAY_066481,PAY_062102
SET_001951,2026-02-20T06:47:48,PayFlow,INR,34,39604.15,0.00,39604.15,BANK_002,PFSET_00001951,PAY_067480,PAY_066850
SET_001952,2026-02-18T20:47:44,PayFlow,INR,32,47735.74,0.00,47735.74,BANK_002,PFSET_00001952,PAY_064646,PAY_062751
SET_001953,2026-02-19T16:44:23,PayFlow,INR,32,41841.54,0.00,41841.54,BANK_002,PFSET_00001953,PAY_062963,PAY_065144
SET_001954,2026-02-19T23:24:37,PayFlow,INR,36,47283.31,0.00,47283.31,BANK_002,PFSET_00001954,PAY_062353,PAY_067236
SET_001955,2026-02-20T21:12:55,PayFlow,INR,34,33907.16,0.00,33907.16,BANK_002,PFSET_00001955,PAY_066620,PAY_062814
SET_001956,2026-02-18T00:52:39,PayFlow,INR,25,36754.80,0.00,36754.80,BANK_002,PFSET_00001956,PAY_060348,PAY_061805
SET_001957,2026-02-18T21:56:13,PayFlow,INR,36,52919.40,0.00,52919.40,BANK_002,PFSET_00001957,PAY_060526,PAY_064477
SET_001958,2026-02-20T04:25:13,PayFlow,INR,39,37805.46,377.78,37427.68,BANK_002,PFSET_00001958,PAY_067376,PAY_067849
SET_001959,2026-02-19T02:03:52,PayFlow,INR,29,37571.55,635.19,36936.36,BANK_002,PFSET_00001959,PAY_062333,PAY_062746
SET_001960,2026-02-20T02:47:37,PayFlow,INR,26,35880.08,0.00,35880.08,BANK_002,PFSET_00001960,PAY_061804,PAY_065087
SET_001961,2026-02-19T07:31:51,PayFlow,INR,36,40085.89,0.00,40085.89,BANK_002,PFSET_00001961,PAY_067514,PAY_063259
SET_001962,2026-02-21T21:46:14,PayFlow,INR,37,38681.38,0.00,38681.38,BANK_002,PFSET_00001962,PAY_066307,PAY_060011
SET_001963,2026-02-20T20:20:42,PayFlow,INR,34,48327.45,0.00,48327.45,BANK_002,PFSET_00001963,PAY_067537,PAY_060458
SET_001964,2026-02-18T21:51:14,PayFlow,INR,34,41852.51,0.00,41852.51,BANK_002,PFSET_00001964,PAY_062525,PAY_063070
SET_001965,2026-02-20T18:55:03,PayFlow,INR,42,38416.11,0.00,38416.11,BANK_002,PFSET_00001965,PAY_059743,PAY_059920
SET_001966,2026-02-22T00:13:55,PayFlow,INR,31,41049.89,283.14,40766.75,BANK_002,PFSET_00001966,PAY_067110,PAY_062050
SET_001967,2026-02-22T02:42:53,PayFlow,INR,35,42987.64,0.00,42987.64,BANK_002,PFSET_00001967,PAY_067721,PAY_062467
SET_001968,2026-02-20T22:13:30,PayFlow,INR,30,39114.96,0.00,39114.96,BANK_002,PFSET_00001968,PAY_061326,PAY_064023
SET_001969,2026-02-19T05:22:53,PayFlow,INR,27,33169.94,1589.81,31580.13,BANK_002,PFSET_00001969,PAY_060838,PAY_066267
SET_001970,2026-02-21T07:19:18,PayFlow,INR,33,32999.63,0.00,32999.63,BANK_002,PFSET_00001970,PAY_063316,PAY_061608
SET_001971,2026-02-20T09:51:54,PayFlow,INR,30,38286.76,306.80,37979.96,BANK_002,PFSET_00001971,PAY_062891,PAY_064034
SET_001972,2026-02-22T16:22:21,PayFlow,INR,32,39378.70,0.00,39378.70,BANK_002,PFSET_00001972,PAY_067781,PAY_060168
SET_001973,2026-02-21T00:25:58,PayFlow,INR,36,56991.01,0.00,56991.01,BANK_002,PFSET_00001973,PAY_063964,PAY_059805
SET_001974,2026-02-19T23:55:24,PayFlow,INR,27,25201.92,0.00,25201.92,BANK_002,PFSET_00001974,PAY_059741,PAY_061338
SET_001975,2026-02-21T23:16:24,PayFlow,INR,32,44631.46,0.00,44631.46,BANK_002,PFSET_00001975,PAY_066296,PAY_060601
SET_001976,2026-02-21T21:33:20,PayFlow,INR,27,28647.91,534.54,28113.37,BANK_002,PFSET_00001976,PAY_063814,PAY_060118
SET_001977,2026-02-22T03:59:47,PayFlow,INR,28,33227.87,0.00,33227.87,BANK_002,PFSET_00001977,PAY_059730,PAY_062206
SET_001978,2026-02-22T23:42:35,PayFlow,INR,37,53240.27,0.00,53240.27,BANK_002,PFSET_00001978,PAY_067697,PAY_066656
SET_001979,2026-02-23T05:44:43,PayFlow,INR,31,33892.68,0.00,33892.68,BANK_002,PFSET_00001979,PAY_063501,PAY_066104
SET_001980,2026-02-22T23:45:54,PayFlow,INR,33,36853.22,777.03,36076.19,BANK_002,PFSET_00001980,PAY_065500,PAY_064570
SET_001981,2026-02-21T15:28:05,PayFlow,INR,29,39311.86,1250.67,38061.19,BANK_002,PFSET_00001981,PAY_062117,PAY_067851
SET_001982,2026-02-22T16:40:26,PayFlow,INR,41,54719.51,0.00,54719.51,BANK_002,PFSET_00001982,PAY_063630,PAY_060514
SET_001983,2026-02-21T17:32:39,PayFlow,INR,36,34878.42,0.00,34878.42,BANK_002,PFSET_00001983,PAY_060012,PAY_067140
SET_001984,2026-02-21T18:07:17,PayFlow,INR,33,31945.53,0.00,31945.53,BANK_002,PFSET_00001984,PAY_060668,PAY_063943
SET_001985,2026-02-20T22:17:45,PayFlow,INR,29,32379.78,0.00,32379.78,BANK_002,PFSET_00001985,PAY_062505,PAY_063873
SET_001986,2026-02-23T21:17:22,PayFlow,INR,32,49853.75,0.00,49853.75,BANK_002,PFSET_00001986,PAY_061902,PAY_064922
SET_001987,2026-02-23T02:43:20,PayFlow,INR,27,18550.64,0.00,18550.64,BANK_002,PFSET_00001987,PAY_061297,PAY_064004
SET_001988,2026-02-22T02:20:44,PayFlow,INR,30,27375.57,0.00,27375.57,BANK_002,PFSET_00001988,PAY_061342,PAY_067085
SET_001989,2026-02-21T02:21:11,PayFlow,INR,25,27961.37,0.00,27961.37,BANK_002,PFSET_00001989,PAY_066778,PAY_061880
SET_001990,2026-02-22T23:50:28,PayFlow,INR,34,34514.59,0.00,34514.59,BANK_002,PFSET_00001990,PAY_063969,PAY_066109
SET_001991,2026-02-23T06:22:11,PayFlow,INR,35,40287.35,0.00,40287.35,BANK_002,PFSET_00001991,PAY_061677,PAY_067300
SET_001992,2026-02-22T13:45:09,PayFlow,INR,40,55532.23,659.27,54872.96,BANK_002,PFSET_00001992,PAY_062587,PAY_065639
SET_001993,2026-02-24T21:36:23,PayFlow,INR,31,31608.08,1617.78,29990.30,BANK_002,PFSET_00001993,PAY_066650,PAY_060162
SET_001994,2026-02-25T00:23:48,PayFlow,INR,36,48739.19,0.00,48739.19,BANK_002,PFSET_00001994,PAY_060230,PAY_061977
SET_001995,2026-02-23T01:54:05,PayFlow,INR,31,48500.00,0.00,48500.00,BANK_002,PFSET_00001995,PAY_061817,PAY_064771
SET_001996,2026-02-24T19:42:37,PayFlow,INR,28,43132.84,0.00,43132.84,BANK_002,PFSET_00001996,PAY_060014,PAY_065803
SET_001997,2026-02-25T02:26:21,PayFlow,INR,38,37477.71,0.00,37477.71,BANK_002,PFSET_00001997,PAY_061709,PAY_061557
SET_001998,2026-02-22T03:02:43,PayFlow,INR,30,39254.61,0.00,39254.61,BANK_002,PFSET_00001998,PAY_064816,PAY_062861
SET_001999,2026-02-23T23:07:44,PayFlow,INR,31,30348.34,0.00,30348.34,BANK_002,PFSET_00001999,PAY_062822,PAY_067670
SET_002000,2026-02-23T00:47:27,PayFlow,INR,33,43366.36,0.00,43366.36,BANK_002,PFSET_00002000,PAY_065586,PAY_064526
SET_002001,2026-02-23T04:58:48,PayFlow,INR,31,40904.82,0.00,40904.82,BANK_002,PFSET_00002001,PAY_063075,PAY_063663
SET_002002,2026-02-24T13:57:05,PayFlow,INR,35,50989.95,0.00,50989.95,BANK_002,PFSET_00002002,PAY_067266,PAY_063847
SET_002003,2026-02-24T00:07:09,PayFlow,INR,42,58534.57,0.00,58534.57,BANK_002,PFSET_00002003,PAY_060842,PAY_067312
SET_002004,2026-02-22T23:49:08,PayFlow,INR,30,43665.07,0.00,43665.07,BANK_002,PFSET_00002004,PAY_067597,PAY_063462
SET_002005,2026-02-25T01:33:02,PayFlow,INR,30,41322.93,212.96,41109.97,BANK_002,PFSET_00002005,PAY_065956,PAY_061482
SET_002006,2026-02-25T02:44:53,PayFlow,INR,34,30816.02,0.00,30816.02,BANK_002,PFSET_00002006,PAY_067389,PAY_065710
SET_002007,2026-02-24T19:51:06,PayFlow,INR,30,41693.21,0.00,41693.21,BANK_002,PFSET_00002007,PAY_067421,PAY_066671
SET_002008,2026-02-23T03:46:26,PayFlow,INR,33,36845.25,0.00,36845.25,BANK_002,PFSET_00002008,PAY_063503,PAY_065552
SET_002009,2026-02-23T00:06:38,PayFlow,INR,30,38745.17,0.00,38745.17,BANK_002,PFSET_00002009,PAY_063246,PAY_062941
SET_002010,2026-02-22T22:42:50,PayFlow,INR,33,33894.88,0.00,33894.88,BANK_002,PFSET_00002010,PAY_068007,PAY_067859
SET_002011,2026-02-25T15:05:05,PayFlow,INR,31,46899.08,0.00,46899.08,BANK_002,PFSET_00002011,PAY_063692,PAY_066980
SET_002012,2026-02-23T20:03:07,PayFlow,INR,39,36953.70,0.00,36953.70,BANK_002,PFSET_00002012,PAY_066043,PAY_059968
SET_002013,2026-02-25T18:57:25,PayFlow,INR,28,29838.51,612.10,29226.41,BANK_002,PFSET_00002013,PAY_064756,PAY_066073
SET_002014,2026-02-26T18:39:57,PayFlow,INR,31,49085.93,0.00,49085.93,BANK_002,PFSET_00002014,PAY_060130,PAY_062599
SET_002015,2026-02-27T02:32:38,PayFlow,INR,42,49879.81,2232.44,47647.37,BANK_002,PFSET_00002015,PAY_067329,PAY_065673
SET_002016,2026-02-26T04:09:38,PayFlow,INR,36,34997.97,0.00,34997.97,BANK_002,PFSET_00002016,PAY_062018,PAY_064365
SET_002017,2026-02-27T00:14:02,PayFlow,INR,28,43142.68,0.00,43142.68,BANK_002,PFSET_00002017,PAY_061491,PAY_063786
SET_002018,2026-02-25T01:13:51,PayFlow,INR,30,39550.98,0.00,39550.98,BANK_002,PFSET_00002018,PAY_064344,PAY_061464
SET_002019,2026-02-24T09:04:20,PayFlow,INR,36,31853.56,0.00,31853.56,BANK_002,PFSET_00002019,PAY_061235,PAY_062695
SET_002020,2026-02-24T18:07:15,PayFlow,INR,43,44958.05,0.00,44958.05,BANK_002,PFSET_00002020,PAY_064141,PAY_061022
SET_002021,2026-02-27T19:10:44,PayFlow,INR,32,41905.80,0.00,41905.80,BANK_002,PFSET_00002021,PAY_061131,PAY_060253
SET_002022,2026-02-25T23:31:35,PayFlow,INR,33,52379.44,0.00,52379.44,BANK_002,PFSET_00002022,PAY_067727,PAY_064721
SET_002023,2026-02-27T01:37:16,PayFlow,INR,25,28737.61,0.00,28737.61,BANK_002,PFSET_00002023,PAY_066314,PAY_061703
SET_002024,2026-02-26T04:06:34,PayFlow,INR,32,44893.79,0.00,44893.79,BANK_002,PFSET_00002024,PAY_066083,PAY_066593
SET_002025,2026-02-28T04:49:57,PayFlow,INR,25,34944.64,0.00,34944.64,BANK_002,PFSET_00002025,PAY_062620,PAY_062702
SET_002026,2026-02-27T22:43:58,PayFlow,INR,35,40843.59,0.00,40843.59,BANK_002,PFSET_00002026,PAY_062122,PAY_063477
SET_002027,2026-02-28T04:00:30,PayFlow,INR,27,28165.90,195.44,27970.46,BANK_002,PFSET_00002027,PAY_067487,PAY_060231
SET_002028,2026-02-25T01:48:11,PayFlow,INR,27,27982.36,687.23,27295.13,BANK_002,PFSET_00002028,PAY_062427,PAY_067138
SET_002029,2026-02-27T21:57:15,PayFlow,INR,33,33808.28,1511.22,32297.06,BANK_002,PFSET_00002029,PAY_066277,PAY_065734
SET_002030,2026-02-25T18:14:33,PayFlow,INR,29,39897.91,0.00,39897.91,BANK_002,PFSET_00002030,PAY_060305,PAY_060165
SET_002031,2026-02-28T19:10:00,PayFlow,INR,39,49713.79,0.00,49713.79,BANK_002,PFSET_00002031,PAY_063930,PAY_066064
SET_002032,2026-02-28T00:09:29,PayFlow,INR,30,38789.96,0.00,38789.96,BANK_002,PFSET_00002032,PAY_061495,PAY_060752
SET_002033,2026-02-27T03:17:37,PayFlow,INR,29,38400.84,0.00,38400.84,BANK_002,PFSET_00002033,PAY_063270,PAY_062803
SET_002034,2026-03-01T03:50:49,PayFlow,INR,39,61389.54,0.00,61389.54,BANK_002,PFSET_00002034,PAY_066388,PAY_062718
SET_002035,2026-02-27T23:15:31,PayFlow,INR,26,32992.27,0.00,32992.27,BANK_002,PFSET_00002035,PAY_063245,PAY_062665
SET_002036,2026-02-27T01:15:17,PayFlow,INR,36,36682.87,0.00,36682.87,BANK_002,PFSET_00002036,PAY_066397,PAY_060819
SET_002037,2026-02-28T04:42:01,PayFlow,INR,34,29155.21,318.60,28836.61,BANK_002,PFSET_00002037,PAY_061204,PAY_065100
SET_002038,2026-02-28T01:46:58,PayFlow,INR,31,30586.08,702.61,29883.47,BANK_002,PFSET_00002038,PAY_064221,PAY_065307
SET_002039,2026-02-28T15:57:24,PayFlow,INR,35,55655.62,1020.23,54635.39,BANK_002,PFSET_00002039,PAY_063578,PAY_062348
SET_002040,2026-02-27T23:31:10,PayFlow,INR,30,35887.50,695.73,35191.77,BANK_002,PFSET_00002040,PAY_063774,PAY_062336
SET_002041,2026-02-28T21:11:38,PayFlow,INR,32,40703.70,0.00,40703.70,BANK_002,PFSET_00002041,PAY_068034,PAY_061069
SET_002042,2026-02-27T00:28:50,PayFlow,INR,37,33434.46,0.00,33434.46,BANK_002,PFSET_00002042,PAY_063487,PAY_065275
SET_002043,2026-03-01T02:52:38,PayFlow,INR,25,25668.97,0.00,25668.97,BANK_002,PFSET_00002043,PAY_061227,PAY_061984
SET_002044,2026-02-27T23:52:11,PayFlow,INR,28,40165.51,0.00,40165.51,BANK_002,PFSET_00002044,PAY_066584,PAY_062775
SET_002045,2026-02-28T02:25:35,PayFlow,INR,35,44293.49,0.00,44293.49,BANK_002,PFSET_00002045,PAY_063397,PAY_065067
SET_002046,2026-02-27T02:08:10,PayFlow,INR,44,53197.45,2796.60,50400.85,BANK_002,PFSET_00002046,PAY_066988,PAY_064369
SET_002047,2026-02-27T00:14:25,PayFlow,INR,35,40655.82,0.00,40655.82,BANK_002,PFSET_00002047,PAY_064661,PAY_063599
SET_002048,2026-03-02T22:13:23,PayFlow,INR,40,59933.84,0.00,59933.84,BANK_002,PFSET_00002048,PAY_061844,PAY_062500
SET_002049,2026-02-27T18:32:33,PayFlow,INR,34,41060.85,0.00,41060.85,BANK_002,PFSET_00002049,PAY_062884,PAY_064151
SET_002050,2026-02-27T19:18:21,PayFlow,INR,34,33110.90,0.00,33110.90,BANK_002,PFSET_00002050,PAY_061010,PAY_060642
SET_002051,2026-03-01T21:46:34,PayFlow,INR,25,28788.35,0.00,28788.35,BANK_002,PFSET_00002051,PAY_062284,PAY_067167
SET_002052,2026-03-01T19:03:31,PayFlow,INR,42,42335.28,0.00,42335.28,BANK_002,PFSET_00002052,PAY_066482,PAY_060989
SET_002053,2026-02-28T23:37:25,PayFlow,INR,28,30867.18,0.00,30867.18,BANK_002,PFSET_00002053,PAY_066076,PAY_067723
SET_002054,2026-03-01T02:32:58,PayFlow,INR,30,32508.13,0.00,32508.13,BANK_002,PFSET_00002054,PAY_067874,PAY_064325
SET_002055,2026-02-28T20:46:50,PayFlow,INR,26,29031.47,0.00,29031.47,BANK_002,PFSET_00002055,PAY_060952,PAY_063776
SET_002056,2026-03-02T23:20:02,PayFlow,INR,37,49925.27,0.00,49925.27,BANK_002,PFSET_00002056,PAY_064089,PAY_060423
SET_002057,2026-03-02T06:58:18,PayFlow,INR,27,29536.86,0.00,29536.86,BANK_002,PFSET_00002057,PAY_066341,PAY_067592
SET_002058,2026-02-28T19:09:00,PayFlow,INR,32,37676.25,0.00,37676.25,BANK_002,PFSET_00002058,PAY_064498,PAY_064329
SET_002059,2026-03-02T19:47:56,PayFlow,INR,28,35748.27,0.00,35748.27,BANK_002,PFSET_00002059,PAY_065440,PAY_063095
SET_002060,2026-03-03T21:37:27,PayFlow,INR,29,36706.37,0.00,36706.37,BANK_002,PFSET_00002060,PAY_063833,PAY_064600
SET_002061,2026-03-02T21:23:26,PayFlow,INR,29,40496.57,0.00,40496.57,BANK_002,PFSET_00002061,PAY_064556,PAY_063421
SET_002062,2026-03-01T18:44:02,PayFlow,INR,34,49039.26,0.00,49039.26,BANK_002,PFSET_00002062,PAY_066448,PAY_061689
SET_002063,2026-03-04T01:30:22,PayFlow,INR,29,43068.32,0.00,43068.32,BANK_002,PFSET_00002063,PAY_063089,PAY_061830
SET_002064,2026-03-01T00:03:02,PayFlow,INR,25,30956.07,0.00,30956.07,BANK_002,PFSET_00002064,PAY_067941,PAY_060637
SET_002065,2026-03-02T00:07:04,PayFlow,INR,29,28340.05,1225.76,27114.29,BANK_002,PFSET_00002065,PAY_061243,PAY_063318
SET_002066,2026-03-02T01:35:34,PayFlow,INR,27,37466.47,0.00,37466.47,BANK_002,PFSET_00002066,PAY_060485,PAY_062874
SET_002067,2026-03-02T01:22:08,PayFlow,INR,27,28367.71,0.00,28367.71,BANK_002,PFSET_00002067,PAY_066569,PAY_065653
SET_002068,2026-03-03T14:14:38,PayFlow,INR,35,34327.50,1313.34,33014.16,BANK_002,PFSET_00002068,PAY_066350,PAY_063924
SET_002069,2026-03-04T00:21:52,PayFlow,INR,30,47319.47,0.00,47319.47,BANK_002,PFSET_00002069,PAY_061368,PAY_065400
SET_002070,2026-03-03T03:02:10,PayFlow,INR,46,51941.22,0.00,51941.22,BANK_002,PFSET_00002070,PAY_061961,PAY_060881
SET_002071,2026-03-04T02:02:13,PayFlow,INR,31,34492.11,0.00,34492.11,BANK_002,PFSET_00002071,PAY_062487,PAY_067101
SET_002072,2026-03-02T20:56:55,PayFlow,INR,34,40220.28,0.00,40220.28,BANK_002,PFSET_00002072,PAY_065477,PAY_064831
SET_002073,2026-03-04T00:31:29,PayFlow,INR,35,44429.50,0.00,44429.50,BANK_002,PFSET_00002073,PAY_067443,PAY_063509
SET_002074,2026-03-03T23:05:29,PayFlow,INR,38,55823.03,0.00,55823.03,BANK_002,PFSET_00002074,PAY_060329,PAY_060005
SET_002075,2026-03-05T18:57:14,PayFlow,INR,44,58884.53,0.00,58884.53,BANK_002,PFSET_00002075,PAY_060779,PAY_074552
SET_002076,2026-03-02T23:49:57,PayFlow,INR,32,47337.76,0.00,47337.76,BANK_002,PFSET_00002076,PAY_077116,PAY_073872
SET_002077,2026-03-05T01:26:25,PayFlow,INR,30,32455.04,0.00,32455.04,BANK_002,PFSET_00002077,PAY_076742,PAY_072763
SET_002078,2026-03-05T22:34:29,PayFlow,INR,34,43002.88,0.00,43002.88,BANK_002,PFSET_00002078,PAY_072865,PAY_068068
SET_002079,2026-03-06T00:59:07,PayFlow,INR,28,36553.64,0.00,36553.64,BANK_002,PFSET_00002079,PAY_069305,PAY_074292
SET_002080,2026-03-04T00:20:30,PayFlow,INR,25,21041.03,0.00,21041.03,BANK_002,PFSET_00002080,PAY_070557,PAY_071283
SET_002081,2026-03-04T04:25:56,PayFlow,INR,40,43299.90,0.00,43299.90,BANK_002,PFSET_00002081,PAY_069373,PAY_069551
SET_002082,2026-03-05T23:15:33,PayFlow,INR,33,26615.48,0.00,26615.48,BANK_002,PFSET_00002082,PAY_073841,PAY_075262
SET_002083,2026-03-04T00:11:25,PayFlow,INR,36,36687.52,0.00,36687.52,BANK_002,PFSET_00002083,PAY_075252,PAY_074459
SET_002084,2026-03-04T02:35:35,PayFlow,INR,33,35430.51,0.00,35430.51,BANK_002,PFSET_00002084,PAY_070272,PAY_069047
SET_002085,2026-03-06T13:04:27,PayFlow,INR,33,31022.10,0.00,31022.10,BANK_002,PFSET_00002085,PAY_074658,PAY_074630
SET_002086,2026-03-03T18:06:51,PayFlow,INR,38,52276.90,0.00,52276.90,BANK_002,PFSET_00002086,PAY_068401,PAY_077956
SET_002087,2026-03-04T22:09:11,PayFlow,INR,29,32953.61,0.00,32953.61,BANK_002,PFSET_00002087,PAY_068243,PAY_077595
SET_002088,2026-03-05T01:17:28,PayFlow,INR,27,35056.05,0.00,35056.05,BANK_002,PFSET_00002088,PAY_077790,PAY_069072
SET_002089,2026-03-04T22:42:48,PayFlow,INR,35,48306.68,0.00,48306.68,BANK_002,PFSET_00002089,PAY_075013,PAY_077892
SET_002090,2026-03-05T01:12:00,PayFlow,INR,33,44237.13,0.00,44237.13,BANK_002,PFSET_00002090,PAY_073305,PAY_074296
SET_002091,2026-03-03T21:54:15,PayFlow,INR,29,36924.02,0.00,36924.02,BANK_002,PFSET_00002091,PAY_074954,PAY_073216
SET_002092,2026-03-04T23:22:30,PayFlow,INR,35,56810.82,0.00,56810.82,BANK_002,PFSET_00002092,PAY_069751,PAY_072997
SET_002093,2026-03-04T04:34:38,PayFlow,INR,27,31755.30,0.00,31755.30,BANK_002,PFSET_00002093,PAY_078068,PAY_070919
SET_002094,2026-03-06T23:10:11,PayFlow,INR,36,46102.07,0.00,46102.07,BANK_002,PFSET_00002094,PAY_068754,PAY_070155
SET_002095,2026-03-04T10:06:41,PayFlow,INR,30,36176.43,0.00,36176.43,BANK_002,PFSET_00002095,PAY_076893,PAY_070057
SET_002096,2026-03-05T21:18:51,PayFlow,INR,32,41837.99,0.00,41837.99,BANK_002,PFSET_00002096,PAY_068246,PAY_070127
SET_002097,2026-03-05T00:32:04,PayFlow,INR,36,42454.54,0.00,42454.54,BANK_002,PFSET_00002097,PAY_072405,PAY_071534
SET_002098,2026-03-04T23:35:37,PayFlow,INR,31,45924.63,0.00,45924.63,BANK_002,PFSET_00002098,PAY_078058,PAY_076627
SET_002099,2026-03-05T22:08:08,PayFlow,INR,35,41628.69,0.00,41628.69,BANK_002,PFSET_00002099,PAY_071404,PAY_076827
SET_002100,2026-03-08T00:40:11,PayFlow,INR,36,41500.77,0.00,41500.77,BANK_002,PFSET_00002100,PAY_074163,PAY_073887
SET_002101,2026-03-04T22:58:18,PayFlow,INR,39,44100.29,0.00,44100.29,BANK_002,PFSET_00002101,PAY_070695,PAY_074232
SET_002102,2026-03-07T05:00:48,PayFlow,INR,41,52827.36,0.00,52827.36,BANK_002,PFSET_00002102,PAY_077897,PAY_072358
SET_002103,2026-03-07T01:19:02,PayFlow,INR,31,42385.29,0.00,42385.29,BANK_002,PFSET_00002103,PAY_074085,PAY_069918
SET_002104,2026-03-05T05:36:34,PayFlow,INR,34,35513.72,0.00,35513.72,BANK_002,PFSET_00002104,PAY_071914,PAY_073634
SET_002105,2026-03-06T12:42:41,PayFlow,INR,29,31533.79,1817.20,29716.59,BANK_002,PFSET_00002105,PAY_075041,PAY_071604
SET_002106,2026-03-08T19:32:57,PayFlow,INR,30,33819.17,0.00,33819.17,BANK_002,PFSET_00002106,PAY_073274,PAY_069254
SET_002107,2026-03-07T21:21:29,PayFlow,INR,33,37957.96,0.00,37957.96,BANK_002,PFSET_00002107,PAY_077354,PAY_068570
SET_002108,2026-03-07T18:01:06,PayFlow,INR,39,37981.43,0.00,37981.43,BANK_002,PFSET_00002108,PAY_075173,PAY_070288
SET_002109,2026-03-08T22:01:13,PayFlow,INR,27,36706.70,0.00,36706.70,BANK_002,PFSET_00002109,PAY_070203,PAY_077634
SET_002110,2026-03-06T02:06:01,PayFlow,INR,29,37218.12,0.00,37218.12,BANK_002,PFSET_00002110,PAY_073099,PAY_074479
SET_002111,2026-03-09T03:53:09,PayFlow,INR,29,24619.54,0.00,24619.54,BANK_002,PFSET_00002111,PAY_068540,PAY_070431
SET_002112,2026-03-06T19:42:49,PayFlow,INR,25,28800.20,0.00,28800.20,BANK_002,PFSET_00002112,PAY_069277,PAY_077859
SET_002113,2026-03-08T03:42:13,PayFlow,INR,34,39070.95,0.00,39070.95,BANK_002,PFSET_00002113,PAY_072465,PAY_071015
SET_002114,2026-03-07T02:19:29,PayFlow,INR,26,24276.84,0.00,24276.84,BANK_002,PFSET_00002114,PAY_074136,PAY_077428
SET_002115,2026-03-08T05:57:36,PayFlow,INR,32,43133.20,0.00,43133.20,BANK_002,PFSET_00002115,PAY_077167,PAY_070621
SET_002116,2026-03-09T03:21:18,PayFlow,INR,29,31042.61,0.00,31042.61,BANK_002,PFSET_00002116,PAY_074689,PAY_077356
SET_002117,2026-03-07T16:50:08,PayFlow,INR,33,39088.35,0.00,39088.35,BANK_002,PFSET_00002117,PAY_074306,PAY_071448
SET_002118,2026-03-09T20:45:08,PayFlow,INR,32,38236.99,0.00,38236.99,BANK_002,PFSET_00002118,PAY_069895,PAY_075340
SET_002119,2026-03-06T16:33:06,PayFlow,INR,30,33160.19,0.00,33160.19,BANK_002,PFSET_00002119,PAY_074726,PAY_076633
SET_002120,2026-03-09T19:52:45,PayFlow,INR,35,43526.27,1042.12,42484.15,BANK_002,PFSET_00002120,PAY_070005,PAY_072570
SET_002121,2026-03-07T01:24:19,PayFlow,INR,27,22958.20,0.00,22958.20,BANK_002,PFSET_00002121,PAY_069875,PAY_076498
SET_002122,2026-03-07T19:55:01,PayFlow,INR,31,52627.88,0.00,52627.88,BANK_002,PFSET_00002122,PAY_077266,PAY_076597
SET_002123,2026-03-08T01:41:28,PayFlow,INR,32,46963.48,0.00,46963.48,BANK_002,PFSET_00002123,PAY_070049,PAY_068859
SET_002124,2026-03-08T23:16:59,PayFlow,INR,27,41578.97,0.00,41578.97,BANK_002,PFSET_00002124,PAY_070356,PAY_071983
SET_002125,2026-03-08T23:43:53,PayFlow,INR,28,36338.86,0.00,36338.86,BANK_002,PFSET_00002125,PAY_072252,PAY_072799
SET_002126,2026-03-07T23:09:15,PayFlow,INR,35,39163.67,0.00,39163.67,BANK_002,PFSET_00002126,PAY_073069,PAY_068886
SET_002127,2026-03-06T22:49:32,PayFlow,INR,29,37850.29,0.00,37850.29,BANK_002,PFSET_00002127,PAY_075071,PAY_070095
SET_002128,2026-03-10T03:15:57,PayFlow,INR,27,28166.95,1840.67,26326.28,BANK_002,PFSET_00002128,PAY_072119,PAY_076957
SET_002129,2026-03-09T15:26:54,PayFlow,INR,31,39398.28,514.22,38884.06,BANK_002,PFSET_00002129,PAY_072691,PAY_070974
SET_002130,2026-03-07T20:04:21,PayFlow,INR,32,34369.06,0.00,34369.06,BANK_002,PFSET_00002130,PAY_075371,PAY_069214
SET_002131,2026-03-09T21:02:53,PayFlow,INR,37,51972.21,0.00,51972.21,BANK_002,PFSET_00002131,PAY_068486,PAY_077509
SET_002132,2026-03-09T23:04:15,PayFlow,INR,37,41162.51,627.76,40534.75,BANK_002,PFSET_00002132,PAY_072271,PAY_074898
SET_002133,2026-03-09T20:00:47,PayFlow,INR,26,26709.11,0.00,26709.11,BANK_002,PFSET_00002133,PAY_078208,PAY_069355
SET_002134,2026-03-11T01:25:02,PayFlow,INR,28,34558.70,0.00,34558.70,BANK_002,PFSET_00002134,PAY_070218,PAY_072784
SET_002135,2026-03-11T04:23:09,PayFlow,INR,33,46512.91,213.99,46298.92,BANK_002,PFSET_00002135,PAY_068123,PAY_077520
SET_002136,2026-03-11T06:05:10,PayFlow,INR,31,33097.96,0.00,33097.96,BANK_002,PFSET_00002136,PAY_070764,PAY_070831
SET_002137,2026-03-10T23:31:26,PayFlow,INR,33,37381.94,0.00,37381.94,BANK_002,PFSET_00002137,PAY_073575,PAY_073822
SET_002138,2026-03-11T09:23:04,PayFlow,INR,32,37176.50,1262.71,35913.79,BANK_002,PFSET_00002138,PAY_078304,PAY_071306
SET_002139,2026-03-09T19:17:34,PayFlow,INR,31,39624.96,0.00,39624.96,BANK_002,PFSET_00002139,PAY_068126,PAY_072785
SET_002140,2026-03-09T23:53:12,PayFlow,INR,30,43354.14,0.00,43354.14,BANK_002,PFSET_00002140,PAY_073889,PAY_075540
SET_002141,2026-03-11T20:21:34,PayFlow,INR,38,53875.00,0.00,53875.00,BANK_002,PFSET_00002141,PAY_068924,PAY_076246
SET_002142,2026-03-09T20:01:02,PayFlow,INR,35,41166.54,0.00,41166.54,BANK_002,PFSET_00002142,PAY_073723,PAY_072330
SET_002143,2026-03-11T19:38:45,PayFlow,INR,26,37276.31,4450.96,32825.35,BANK_002,PFSET_00002143,PAY_074091,PAY_073176
SET_002144,2026-03-11T22:43:21,PayFlow,INR,29,36127.75,0.00,36127.75,BANK_002,PFSET_00002144,PAY_077601,PAY_071220
SET_002145,2026-03-09T21:17:10,PayFlow,INR,28,35077.93,0.00,35077.93,BANK_002,PFSET_00002145,PAY_073829,PAY_077624
SET_002146,2026-03-12T04:29:45,PayFlow,INR,34,29152.95,419.64,28733.31,BANK_002,PFSET_00002146,PAY_074270,PAY_077870
SET_002147,2026-03-11T00:32:59,PayFlow,INR,30,36515.41,0.00,36515.41,BANK_002,PFSET_00002147,PAY_071549,PAY_072620
SET_002148,2026-03-10T12:47:55,PayFlow,INR,36,48559.87,0.00,48559.87,BANK_002,PFSET_00002148,PAY_077575,PAY_071099
SET_002149,2026-03-09T20:57:18,PayFlow,INR,29,32914.54,0.00,32914.54,BANK_002,PFSET_00002149,PAY_076235,PAY_072259
SET_002150,2026-03-09T22:30:33,PayFlow,INR,36,42784.95,0.00,42784.95,BANK_002,PFSET_00002150,PAY_075028,PAY_074130
SET_002151,2026-03-12T21:04:56,PayFlow,INR,39,63917.78,1874.96,62042.82,BANK_002,PFSET_00002151,PAY_071232,PAY_072851
SET_002152,2026-03-11T21:59:07,PayFlow,INR,32,34045.16,0.00,34045.16,BANK_002,PFSET_00002152,PAY_074559,PAY_071381
SET_002153,2026-03-12T02:00:59,PayFlow,INR,37,41810.94,2280.11,39530.83,BANK_002,PFSET_00002153,PAY_076981,PAY_075186
SET_002154,2026-03-12T21:47:40,PayFlow,INR,35,38933.13,0.00,38933.13,BANK_002,PFSET_00002154,PAY_071597,PAY_072856
SET_002155,2026-03-11T23:09:56,PayFlow,INR,46,46478.42,0.00,46478.42,BANK_002,PFSET_00002155,PAY_078034,PAY_076392
SET_002156,2026-03-10T11:25:03,PayFlow,INR,29,38801.69,0.00,38801.69,BANK_002,PFSET_00002156,PAY_075356,PAY_068774
SET_002157,2026-03-10T22:13:26,PayFlow,INR,31,45780.28,0.00,45780.28,BANK_002,PFSET_00002157,PAY_071900,PAY_071814
SET_002158,2026-03-12T00:19:27,PayFlow,INR,30,34349.19,839.40,33509.79,BANK_002,PFSET_00002158,PAY_075496,PAY_069123
SET_002159,2026-03-13T16:54:01,PayFlow,INR,28,31535.22,144.20,31391.02,BANK_002,PFSET_00002159,PAY_068586,PAY_069212
SET_002160,2026-03-10T18:04:43,PayFlow,INR,33,28342.65,0.00,28342.65,BANK_002,PFSET_00002160,PAY_071990,PAY_071820
SET_002161,2026-03-11T02:18:51,PayFlow,INR,29,33271.77,0.00,33271.77,BANK_002,PFSET_00002161,PAY_072711,PAY_076926
SET_002162,2026-03-11T21:28:52,PayFlow,INR,26,33148.91,0.00,33148.91,BANK_002,PFSET_00002162,PAY_068501,PAY_076553
SET_002163,2026-03-11T22:27:23,PayFlow,INR,30,39081.31,0.00,39081.31,BANK_002,PFSET_00002163,PAY_071128,PAY_071954
SET_002164,2026-03-10T20:54:21,PayFlow,INR,32,41165.35,0.00,41165.35,BANK_002,PFSET_00002164,PAY_076777,PAY_074224
SET_002165,2026-03-13T02:42:57,PayFlow,INR,29,39428.44,0.00,39428.44,BANK_002,PFSET_00002165,PAY_069588,PAY_076219
SET_002166,2026-03-13T00:52:10,PayFlow,INR,38,47741.88,0.00,47741.88,BANK_002,PFSET_00002166,PAY_077647,PAY_068521
SET_002167,2026-03-13T08:10:31,PayFlow,INR,31,30715.62,0.00,30715.62,BANK_002,PFSET_00002167,PAY_069145,PAY_077355
SET_002168,2026-03-14T14:13:46,PayFlow,INR,25,37835.41,0.00,37835.41,BANK_002,PFSET_00002168,PAY_074328,PAY_078204
SET_002169,2026-03-12T20:30:05,PayFlow,INR,36,49760.16,0.00,49760.16,BANK_002,PFSET_00002169,PAY_075025,PAY_073124
SET_002170,2026-03-12T20:19:14,PayFlow,INR,31,35557.27,200.08,35357.19,BANK_002,PFSET_00002170,PAY_068474,PAY_072436
SET_002171,2026-03-12T19:53:21,PayFlow,INR,30,39094.20,0.00,39094.20,BANK_002,PFSET_00002171,PAY_070623,PAY_068786
SET_002172,2026-03-12T00:44:01,PayFlow,INR,31,35367.11,0.00,35367.11,BANK_002,PFSET_00002172,PAY_070926,PAY_073259
SET_002173,2026-03-12T22:25:49,PayFlow,INR,25,30261.03,0.00,30261.03,BANK_002,PFSET_00002173,PAY_076744,PAY_076571
SET_002174,2026-03-14T20:04:22,PayFlow,INR,32,42474.71,950.24,41524.47,BANK_002,PFSET_00002174,PAY_075175,PAY_076998
SET_002175,2026-03-13T05:16:46,PayFlow,INR,32,36905.99,0.00,36905.99,BANK_002,PFSET_00002175,PAY_069300,PAY_074489
SET_002176,2026-03-14T01:47:56,PayFlow,INR,35,43353.07,0.00,43353.07,BANK_002,PFSET_00002176,PAY_075111,PAY_068076
SET_002177,2026-03-13T03:01:36,PayFlow,INR,26,42209.99,0.00,42209.99,BANK_002,PFSET_00002177,PAY_078200,PAY_074654
SET_002178,2026-03-12T05:24:44,PayFlow,INR,30,32983.92,0.00,32983.92,BANK_002,PFSET_00002178,PAY_069240,PAY_068121
SET_002179,2026-03-14T14:14:18,PayFlow,INR,29,26361.09,385.74,25975.35,BANK_002,PFSET_00002179,PAY_077783,PAY_072494
SET_002180,2026-03-13T18:42:43,PayFlow,INR,32,40280.53,0.00,40280.53,BANK_002,PFSET_00002180,PAY_069575,PAY_075080
SET_002181,2026-03-12T21:57:00,PayFlow,INR,30,33723.17,0.00,33723.17,BANK_002,PFSET_00002181,PAY_073395,PAY_069518
SET_002182,2026-03-15T01:29:39,PayFlow,INR,36,50460.39,0.00,50460.39,BANK_002,PFSET_00002182,PAY_068830,PAY_076693
SET_002183,2026-03-14T21:58:06,PayFlow,INR,33,28792.07,0.00,28792.07,BANK_002,PFSET_00002183,PAY_075797,PAY_077352
SET_002184,2026-03-15T00:53:46,PayFlow,INR,40,43865.93,0.00,43865.93,BANK_002,PFSET_00002184,PAY_077808,PAY_069721
SET_002185,2026-03-14T22:38:30,PayFlow,INR,40,39566.91,0.00,39566.91,BANK_002,PFSET_00002185,PAY_075812,PAY_071752
SET_002186,2026-03-13T02:47:04,PayFlow,INR,33,51882.58,193.41,51689.17,BANK_002,PFSET_00002186,PAY_073003,PAY_069671
SET_002187,2026-03-13T03:09:18,PayFlow,INR,32,48641.92,0.00,48641.92,BANK_002,PFSET_00002187,PAY_070740,PAY_072418
SET_002188,2026-03-16T02:36:08,PayFlow,INR,34,41832.77,0.00,41832.77,BANK_002,PFSET_00002188,PAY_073045,PAY_072440
SET_002189,2026-03-15T15:31:51,PayFlow,INR,31,42054.13,0.00,42054.13,BANK_002,PFSET_00002189,PAY_077311,PAY_078193
SET_002190,2026-03-14T18:40:37,PayFlow,INR,31,27309.69,0.00,27309.69,BANK_002,PFSET_00002190,PAY_075375,PAY_074968
SET_002191,2026-03-16T21:34:59,PayFlow,INR,29,40314.98,0.00,40314.98,BANK_002,PFSET_00002191,PAY_068994,PAY_068636
SET_002192,2026-03-13T20:46:45,PayFlow,INR,38,35303.45,0.00,35303.45,BANK_002,PFSET_00002192,PAY_072057,PAY_070986
SET_002193,2026-03-16T00:49:19,PayFlow,INR,41,45289.90,0.00,45289.90,BANK_002,PFSET_00002193,PAY_074777,PAY_075234
SET_002194,2026-03-15T03:26:41,PayFlow,INR,35,45171.62,0.00,45171.62,BANK_002,PFSET_00002194,PAY_073105,PAY_077666
SET_002195,2026-03-16T01:04:21,PayFlow,INR,32,30974.72,0.00,30974.72,BANK_002,PFSET_00002195,PAY_076261,PAY_073969
SET_002196,2026-03-14T22:36:13,PayFlow,INR,29,35326.75,0.00,35326.75,BANK_002,PFSET_00002196,PAY_071300,PAY_073375
SET_002197,2026-03-14T23:28:25,PayFlow,INR,27,32974.06,0.00,32974.06,BANK_002,PFSET_00002197,PAY_075272,PAY_072089
SET_002198,2026-03-16T03:20:57,PayFlow,INR,25,26578.90,0.00,26578.90,BANK_002,PFSET_00002198,PAY_072673,PAY_070428
SET_002199,2026-03-13T23:42:05,PayFlow,INR,37,40326.31,0.00,40326.31,BANK_002,PFSET_00002199,PAY_073004,PAY_077054
SET_002200,2026-03-14T15:39:58,PayFlow,INR,40,53568.93,0.00,53568.93,BANK_002,PFSET_00002200,PAY_072571,PAY_070994
SET_002201,2026-03-16T20:13:44,PayFlow,INR,30,32029.30,0.00,32029.30,BANK_002,PFSET_00002201,PAY_070158,PAY_075889
SET_002202,2026-03-15T22:57:31,PayFlow,INR,25,25520.74,0.00,25520.74,BANK_002,PFSET_00002202,PAY_070172,PAY_075321
SET_002203,2026-03-16T01:09:12,PayFlow,INR,35,47059.11,0.00,47059.11,BANK_002,PFSET_00002203,PAY_071991,PAY_071109
SET_002204,2026-03-16T00:58:26,PayFlow,INR,34,46956.86,0.00,46956.86,BANK_002,PFSET_00002204,PAY_072110,PAY_070644
SET_002205,2026-03-15T22:37:53,PayFlow,INR,33,32415.72,0.00,32415.72,BANK_002,PFSET_00002205,PAY_076357,PAY_070326
SET_002206,2026-03-17T22:18:37,PayFlow,INR,32,37292.85,0.00,37292.85,BANK_002,PFSET_00002206,PAY_069289,PAY_075491
SET_002207,2026-03-15T06:30:53,PayFlow,INR,27,25319.48,0.00,25319.48,BANK_002,PFSET_00002207,PAY_077904,PAY_074430
SET_002208,2026-03-18T01:57:54,PayFlow,INR,30,41794.03,0.00,41794.03,BANK_002,PFSET_00002208,PAY_077752,PAY_071028
SET_002209,2026-03-15T10:24:27,PayFlow,INR,29,33175.04,0.00,33175.04,BANK_002,PFSET_00002209,PAY_077887,PAY_069457
SET_002210,2026-03-17T20:00:01,PayFlow,INR,26,35648.79,1197.70,34451.09,BANK_002,PFSET_00002210,PAY_069972,PAY_072163
SET_002211,2026-03-17T18:19:30,PayFlow,INR,31,35378.12,0.00,35378.12,BANK_002,PFSET_00002211,PAY_072000,PAY_076594
SET_002212,2026-03-16T21:25:48,PayFlow,INR,31,34699.32,0.00,34699.32,BANK_002,PFSET_00002212,PAY_070757,PAY_073530
SET_002213,2026-03-15T20:18:14,PayFlow,INR,32,35516.78,0.00,35516.78,BANK_002,PFSET_00002213,PAY_074120,PAY_077393
SET_002214,2026-03-15T22:22:40,PayFlow,INR,30,39844.58,0.00,39844.58,BANK_002,PFSET_00002214,PAY_070325,PAY_068549
SET_002215,2026-03-16T00:04:17,PayFlow,INR,31,39801.88,0.00,39801.88,BANK_002,PFSET_00002215,PAY_071796,PAY_071995
SET_002216,2026-03-16T21:02:26,PayFlow,INR,31,49319.05,295.00,49024.05,BANK_002,PFSET_00002216,PAY_068175,PAY_070076
SET_002217,2026-03-16T03:48:31,PayFlow,INR,30,31927.79,0.00,31927.79,BANK_002,PFSET_00002217,PAY_075562,PAY_076351
SET_002218,2026-03-15T23:04:58,PayFlow,INR,29,33224.16,0.00,33224.16,BANK_002,PFSET_00002218,PAY_068518,PAY_072029
SET_002219,2026-03-16T03:45:18,PayFlow,INR,32,36799.40,0.00,36799.40,BANK_002,PFSET_00002219,PAY_072505,PAY_071241
SET_002220,2026-03-16T12:21:54,PayFlow,INR,35,58448.14,0.00,58448.14,BANK_002,PFSET_00002220,PAY_068199,PAY_068346
SET_002221,2026-03-17T19:38:21,PayFlow,INR,39,38089.20,0.00,38089.20,BANK_002,PFSET_00002221,PAY_072985,PAY_076855
SET_002222,2026-03-16T22:44:45,PayFlow,INR,31,42133.53,0.00,42133.53,BANK_002,PFSET_00002222,PAY_070329,PAY_069488
SET_002223,2026-03-17T18:02:31,PayFlow,INR,34,37181.31,694.19,36487.12,BANK_002,PFSET_00002223,PAY_070493,PAY_070327
SET_002224,2026-03-19T21:54:22,PayFlow,INR,29,34097.74,1157.58,32940.16,BANK_002,PFSET_00002224,PAY_072833,PAY_074333
SET_002225,2026-03-17T20:06:47,PayFlow,INR,31,30194.16,0.00,30194.16,BANK_002,PFSET_00002225,PAY_074785,PAY_070370
SET_002226,2026-03-16T22:50:19,PayFlow,INR,31,40309.13,0.00,40309.13,BANK_002,PFSET_00002226,PAY_077006,PAY_068469
SET_002227,2026-03-18T05:13:56,PayFlow,INR,31,36297.09,0.00,36297.09,BANK_002,PFSET_00002227,PAY_075703,PAY_071895
SET_002228,2026-03-16T23:03:07,PayFlow,INR,31,34300.81,0.00,34300.81,BANK_002,PFSET_00002228,PAY_074011,PAY_076020
SET_002229,2026-03-18T04:33:41,PayFlow,INR,30,31441.86,822.46,30619.40,BANK_002,PFSET_00002229,PAY_078119,PAY_069076
SET_002230,2026-03-19T17:04:56,PayFlow,INR,27,30661.18,854.32,29806.86,BANK_002,PFSET_00002230,PAY_072920,PAY_072267
SET_002231,2026-03-17T15:34:05,PayFlow,INR,32,37540.55,0.00,37540.55,BANK_002,PFSET_00002231,PAY_075355,PAY_072477
SET_002232,2026-03-18T22:34:39,PayFlow,INR,37,52721.56,0.00,52721.56,BANK_002,PFSET_00002232,PAY_071951,PAY_073848
SET_002233,2026-03-17T23:31:20,PayFlow,INR,36,36478.42,0.00,36478.42,BANK_002,PFSET_00002233,PAY_076250,PAY_068390
SET_002234,2026-03-18T00:44:16,PayFlow,INR,26,27485.68,0.00,27485.68,BANK_002,PFSET_00002234,PAY_074220,PAY_076664
SET_002235,2026-03-21T00:49:18,PayFlow,INR,37,39029.67,0.00,39029.67,BANK_002,PFSET_00002235,PAY_068825,PAY_071786
SET_002236,2026-03-20T21:47:12,PayFlow,INR,40,44443.50,0.00,44443.50,BANK_002,PFSET_00002236,PAY_074387,PAY_078222
SET_002237,2026-03-20T22:38:30,PayFlow,INR,35,60050.51,362.79,59687.72,BANK_002,PFSET_00002237,PAY_075101,PAY_073215
SET_002238,2026-03-18T06:13:26,PayFlow,INR,33,30536.68,0.00,30536.68,BANK_002,PFSET_00002238,PAY_077818,PAY_071839
SET_002239,2026-03-20T16:40:29,PayFlow,INR,33,45715.22,0.00,45715.22,BANK_002,PFSET_00002239,PAY_071016,PAY_070984
SET_002240,2026-03-20T14:55:24,PayFlow,INR,30,34920.21,0.00,34920.21,BANK_002,PFSET_00002240,PAY_069903,PAY_075187
SET_002241,2026-03-19T21:57:05,PayFlow,INR,36,42019.39,3339.99,38679.40,BANK_002,PFSET_00002241,PAY_077629,PAY_073577
SET_002242,2026-03-20T17:12:20,PayFlow,INR,29,35140.85,0.00,35140.85,BANK_002,PFSET_00002242,PAY_069101,PAY_077939
SET_002243,2026-03-18T22:31:34,PayFlow,INR,31,34106.85,0.00,34106.85,BANK_002,PFSET_00002243,PAY_070047,PAY_073333
SET_002244,2026-03-20T22:49:51,PayFlow,INR,26,24079.50,0.00,24079.50,BANK_002,PFSET_00002244,PAY_076045,PAY_068200
SET_002245,2026-03-18T19:51:31,PayFlow,INR,40,48046.77,0.00,48046.77,BANK_002,PFSET_00002245,PAY_075297,PAY_071174
SET_002246,2026-03-18T21:22:26,PayFlow,INR,34,37032.94,0.00,37032.94,BANK_002,PFSET_00002246,PAY_071956,PAY_073064
SET_002247,2026-03-21T03:13:02,PayFlow,INR,26,39156.20,0.00,39156.20,BANK_002,PFSET_00002247,PAY_071560,PAY_074725
SET_002248,2026-03-20T21:16:41,PayFlow,INR,41,46014.73,506.81,45507.92,BANK_002,PFSET_00002248,PAY_076892,PAY_071122
SET_002249,2026-03-19T22:50:09,PayFlow,INR,32,44716.23,0.00,44716.23,BANK_002,PFSET_00002249,PAY_072345,PAY_070786
SET_002250,2026-03-22T15:54:29,PayFlow,INR,44,50778.60,0.00,50778.60,BANK_002,PFSET_00002250,PAY_076317,PAY_074209
SET_002251,2026-03-20T21:36:54,PayFlow,INR,31,42636.73,0.00,42636.73,BANK_002,PFSET_00002251,PAY_068392,PAY_069409
SET_002252,2026-03-19T22:10:51,PayFlow,INR,42,57930.09,0.00,57930.09,BANK_002,PFSET_00002252,PAY_076741,PAY_076011
SET_002253,2026-03-21T21:30:52,PayFlow,INR,36,40730.80,0.00,40730.80,BANK_002,PFSET_00002253,PAY_071998,PAY_077432
SET_002254,2026-03-20T20:09:42,PayFlow,INR,29,28500.20,0.00,28500.20,BANK_002,PFSET_00002254,PAY_077021,PAY_070310
SET_002255,2026-03-22T02:34:34,PayFlow,INR,35,58295.61,496.10,57799.51,BANK_002,PFSET_00002255,PAY_075236,PAY_072529
SET_002256,2026-03-22T02:03:11,PayFlow,INR,32,30029.27,0.00,30029.27,BANK_002,PFSET_00002256,PAY_075892,PAY_077928
SET_002257,2026-03-21T01:12:34,PayFlow,INR,34,35407.28,822.70,34584.58,BANK_002,PFSET_00002257,PAY_070067,PAY_069134
SET_002258,2026-03-23T01:00:24,PayFlow,INR,30,28358.46,2558.39,25800.07,BANK_002,PFSET_00002258,PAY_074444,PAY_076601
SET_002259,2026-03-20T00:10:25,PayFlow,INR,36,52798.10,0.00,52798.10,BANK_002,PFSET_00002259,PAY_077943,PAY_074520
SET_002260,2026-03-22T12:50:52,PayFlow,INR,33,39105.78,0.00,39105.78,BANK_002,PFSET_00002260,PAY_077679,PAY_068562
SET_002261,2026-03-20T16:36:47,PayFlow,INR,42,44233.64,0.00,44233.64,BANK_002,PFSET_00002261,PAY_071291,PAY_071031
SET_002262,2026-03-22T00:34:24,PayFlow,INR,37,46853.43,0.00,46853.43,BANK_002,PFSET_00002262,PAY_072333,PAY_069750
SET_002263,2026-03-21T18:29:11,PayFlow,INR,28,30389.17,0.00,30389.17,BANK_002,PFSET_00002263,PAY_068954,PAY_075057
SET_002264,2026-03-22T22:19:17,PayFlow,INR,29,35488.06,0.00,35488.06,BANK_002,PFSET_00002264,PAY_074349,PAY_070276
SET_002265,2026-03-20T22:45:38,PayFlow,INR,39,44776.08,0.00,44776.08,BANK_002,PFSET_00002265,PAY_069614,PAY_078302
SET_002266,2026-03-20T23:27:20,PayFlow,INR,38,51545.65,0.00,51545.65,BANK_002,PFSET_00002266,PAY_076216,PAY_070052
SET_002267,2026-03-22T01:34:55,PayFlow,INR,34,36041.92,588.82,35453.10,BANK_002,PFSET_00002267,PAY_068793,PAY_073974
SET_002268,2026-03-22T01:35:59,PayFlow,INR,33,40005.19,0.00,40005.19,BANK_002,PFSET_00002268,PAY_070285,PAY_075675
SET_002269,2026-03-20T23:42:50,PayFlow,INR,30,35589.13,0.00,35589.13,BANK_002,PFSET_00002269,PAY_070581,PAY_073365
SET_002270,2026-03-24T16:08:39,PayFlow,INR,31,41233.25,0.00,41233.25,BANK_002,PFSET_00002270,PAY_068510,PAY_076477
SET_002271,2026-03-22T19:05:22,PayFlow,INR,36,38981.56,0.00,38981.56,BANK_002,PFSET_00002271,PAY_068379,PAY_070115
SET_002272,2026-03-23T19:54:16,PayFlow,INR,29,32583.75,0.00,32583.75,BANK_002,PFSET_00002272,PAY_068526,PAY_073527
SET_002273,2026-03-22T20:46:27,PayFlow,INR,34,29265.88,0.00,29265.88,BANK_002,PFSET_00002273,PAY_071912,PAY_074012
SET_002274,2026-03-21T19:22:00,PayFlow,INR,32,40644.00,0.00,40644.00,BANK_002,PFSET_00002274,PAY_073838,PAY_075435
SET_002275,2026-03-23T03:05:32,PayFlow,INR,31,32837.76,0.00,32837.76,BANK_002,PFSET_00002275,PAY_076898,PAY_076093
SET_002276,2026-03-24T22:57:57,PayFlow,INR,32,31370.49,272.40,31098.09,BANK_002,PFSET_00002276,PAY_076573,PAY_069470
SET_002277,2026-03-22T22:02:19,PayFlow,INR,28,30901.81,921.58,29980.23,BANK_002,PFSET_00002277,PAY_077930,PAY_077440
SET_002278,2026-03-25T05:32:32,PayFlow,INR,35,33434.22,0.00,33434.22,BANK_002,PFSET_00002278,PAY_074944,PAY_070839
SET_002279,2026-03-24T23:34:23,PayFlow,INR,33,42845.03,0.00,42845.03,BANK_002,PFSET_00002279,PAY_073516,PAY_068998
SET_002280,2026-03-24T16:26:54,PayFlow,INR,35,41446.31,0.00,41446.31,BANK_002,PFSET_00002280,PAY_069695,PAY_073646
SET_002281,2026-03-23T15:08:50,PayFlow,INR,28,32790.28,0.00,32790.28,BANK_002,PFSET_00002281,PAY_071922,PAY_073826
SET_002282,2026-03-26T01:07:43,PayFlow,INR,32,33818.63,4194.37,29624.26,BANK_002,PFSET_00002282,PAY_075480,PAY_073134
SET_002283,2026-03-24T22:47:09,PayFlow,INR,26,29726.68,1666.56,28060.12,BANK_002,PFSET_00002283,PAY_069290,PAY_068944
SET_002284,2026-03-24T21:12:29,PayFlow,INR,30,28769.16,0.00,28769.16,BANK_002,PFSET_00002284,PAY_072680,PAY_071047
SET_002285,2026-03-25T22:17:33,PayFlow,INR,29,35973.00,0.00,35973.00,BANK_002,PFSET_00002285,PAY_077649,PAY_076714
SET_002286,2026-03-25T04:10:01,PayFlow,INR,30,32659.92,0.00,32659.92,BANK_002,PFSET_00002286,PAY_069986,PAY_072554
SET_002287,2026-03-26T00:35:55,PayFlow,INR,28,34726.08,0.00,34726.08,BANK_002,PFSET_00002287,PAY_068254,PAY_077212
SET_002288,2026-03-23T06:02:04,PayFlow,INR,32,43020.10,0.00,43020.10,BANK_002,PFSET_00002288,PAY_077076,PAY_070170
SET_002289,2026-03-24T02:33:28,PayFlow,INR,30,39143.49,0.00,39143.49,BANK_002,PFSET_00002289,PAY_076812,PAY_069442
SET_002290,2026-03-23T19:18:40,PayFlow,INR,34,28976.77,0.00,28976.77,BANK_002,PFSET_00002290,PAY_076558,PAY_073825
SET_002291,2026-03-25T23:15:25,PayFlow,INR,30,34664.34,0.00,34664.34,BANK_002,PFSET_00002291,PAY_075936,PAY_068435
SET_002292,2026-03-27T01:19:25,PayFlow,INR,33,32253.27,2181.18,30072.09,BANK_002,PFSET_00002292,PAY_076383,PAY_073024
SET_002293,2026-03-27T02:58:16,PayFlow,INR,38,53211.86,0.00,53211.86,BANK_002,PFSET_00002293,PAY_076860,PAY_077780
SET_002294,2026-03-27T01:35:09,PayFlow,INR,36,34815.85,716.57,34099.28,BANK_002,PFSET_00002294,PAY_072982,PAY_075646
SET_002295,2026-03-25T22:11:11,PayFlow,INR,35,46951.20,0.00,46951.20,BANK_002,PFSET_00002295,PAY_076402,PAY_077704
SET_002296,2026-03-25T04:43:57,PayFlow,INR,25,34537.26,0.00,34537.26,BANK_002,PFSET_00002296,PAY_070468,PAY_071377
SET_002297,2026-03-27T00:39:23,PayFlow,INR,31,32806.67,0.00,32806.67,BANK_002,PFSET_00002297,PAY_069668,PAY_069648
SET_002298,2026-03-25T12:53:24,PayFlow,INR,33,38993.70,0.00,38993.70,BANK_002,PFSET_00002298,PAY_076034,PAY_075651
SET_002299,2026-03-27T17:40:34,PayFlow,INR,38,41543.69,0.00,41543.69,BANK_002,PFSET_00002299,PAY_071289,PAY_070826
SET_002300,2026-03-26T19:16:06,PayFlow,INR,35,65457.40,0.00,65457.40,BANK_002,PFSET_00002300,PAY_074182,PAY_073610
SET_002301,2026-03-24T17:56:10,PayFlow,INR,32,41868.41,0.00,41868.41,BANK_002,PFSET_00002301,PAY_069815,PAY_073652
SET_002302,2026-03-26T23:45:20,PayFlow,INR,36,44588.98,0.00,44588.98,BANK_002,PFSET_00002302,PAY_072371,PAY_074199
SET_002303,2026-03-27T02:20:55,PayFlow,INR,27,33063.44,0.00,33063.44,BANK_002,PFSET_00002303,PAY_078226,PAY_070374
SET_002304,2026-03-24T21:08:51,PayFlow,INR,40,37780.74,0.00,37780.74,BANK_002,PFSET_00002304,PAY_076875,PAY_074342
SET_002305,2026-03-25T22:49:59,PayFlow,INR,37,33547.27,0.00,33547.27,BANK_002,PFSET_00002305,PAY_077877,PAY_076177
SET_002306,2026-03-26T22:35:20,PayFlow,INR,29,41940.14,0.00,41940.14,BANK_002,PFSET_00002306,PAY_069601,PAY_070989
SET_002307,2026-03-26T23:42:48,PayFlow,INR,27,33450.48,0.00,33450.48,BANK_002,PFSET_00002307,PAY_076036,PAY_075979
SET_002308,2026-03-28T04:56:14,PayFlow,INR,29,30949.81,848.18,30101.63,BANK_002,PFSET_00002308,PAY_069570,PAY_068732
SET_002309,2026-03-28T21:05:07,PayFlow,INR,31,29444.44,1227.08,28217.36,BANK_002,PFSET_00002309,PAY_074966,PAY_074555
SET_002310,2026-03-28T16:46:36,PayFlow,INR,25,25613.94,0.00,25613.94,BANK_002,PFSET_00002310,PAY_069135,PAY_069566
SET_002311,2026-03-28T19:28:24,PayFlow,INR,32,35109.73,0.00,35109.73,BANK_002,PFSET_00002311,PAY_073963,PAY_068538
SET_002312,2026-03-26T19:02:40,PayFlow,INR,32,52761.52,0.00,52761.52,BANK_002,PFSET_00002312,PAY_074801,PAY_078116
SET_002313,2026-03-25T22:33:31,PayFlow,INR,28,34121.04,0.00,34121.04,BANK_002,PFSET_00002313,PAY_070259,PAY_075856
SET_002314,2026-03-27T22:52:03,PayFlow,INR,37,33779.06,690.30,33088.76,BANK_002,PFSET_00002314,PAY_073269,PAY_073139
SET_002315,2026-03-28T04:12:07,PayFlow,INR,25,22193.02,0.00,22193.02,BANK_002,PFSET_00002315,PAY_073983,PAY_070675
SET_002316,2026-03-27T04:02:55,PayFlow,INR,34,44159.96,0.00,44159.96,BANK_002,PFSET_00002316,PAY_071026,PAY_073696
SET_002317,2026-03-27T04:45:33,PayFlow,INR,33,41862.65,0.00,41862.65,BANK_002,PFSET_00002317,PAY_077483,PAY_077745
SET_002318,2026-03-26T23:27:34,PayFlow,INR,33,39988.41,0.00,39988.41,BANK_002,PFSET_00002318,PAY_070641,PAY_069657
SET_002319,2026-03-26T14:43:40,PayFlow,INR,35,42782.12,0.00,42782.12,BANK_002,PFSET_00002319,PAY_069318,PAY_078207
SET_002320,2026-03-27T14:10:24,PayFlow,INR,27,37463.41,0.00,37463.41,BANK_002,PFSET_00002320,PAY_077500,PAY_068980
SET_002321,2026-03-27T20:50:17,PayFlow,INR,31,36451.22,0.00,36451.22,BANK_002,PFSET_00002321,PAY_071925,PAY_073280
SET_002322,2026-03-28T21:57:04,PayFlow,INR,42,50145.21,0.00,50145.21,BANK_002,PFSET_00002322,PAY_070714,PAY_074488
SET_002323,2026-03-27T02:24:56,PayFlow,INR,36,40258.02,0.00,40258.02,BANK_002,PFSET_00002323,PAY_074121,PAY_068716
SET_002324,2026-03-29T01:58:16,PayFlow,INR,32,42923.18,1707.46,41215.72,BANK_002,PFSET_00002324,PAY_070243,PAY_076569
SET_002325,2026-03-28T20:41:33,PayFlow,INR,31,29454.25,0.00,29454.25,BANK_002,PFSET_00002325,PAY_075178,PAY_076445
SET_002326,2026-03-29T22:20:08,PayFlow,INR,37,46256.74,600.30,45656.44,BANK_002,PFSET_00002326,PAY_072052,PAY_077733
SET_002327,2026-03-28T23:32:12,PayFlow,INR,44,57986.71,0.00,57986.71,BANK_002,PFSET_00002327,PAY_075229,PAY_071073
SET_002328,2026-03-29T06:59:24,PayFlow,INR,36,43742.42,1090.32,42652.10,BANK_002,PFSET_00002328,PAY_068901,PAY_071877
SET_002329,2026-03-29T15:44:18,PayFlow,INR,31,48044.04,377.60,47666.44,BANK_002,PFSET_00002329,PAY_069151,PAY_068092
SET_002330,2026-03-30T17:20:56,PayFlow,INR,40,46026.89,0.00,46026.89,BANK_002,PFSET_00002330,PAY_074709,PAY_075438
SET_002331,2026-03-28T00:49:24,PayFlow,INR,29,42990.46,0.00,42990.46,BANK_002,PFSET_00002331,PAY_078283,PAY_069809
SET_002332,2026-03-29T02:14:05,PayFlow,INR,31,40392.64,0.00,40392.64,BANK_002,PFSET_00002332,PAY_068505,PAY_070128
SET_002333,2026-03-29T22:05:40,PayFlow,INR,29,36291.77,0.00,36291.77,BANK_002,PFSET_00002333,PAY_069319,PAY_077044
SET_002334,2026-03-30T02:58:17,PayFlow,INR,43,46854.53,0.00,46854.53,BANK_002,PFSET_00002334,PAY_077511,PAY_068713
SET_002335,2026-03-27T23:19:00,PayFlow,INR,25,32743.81,0.00,32743.81,BANK_002,PFSET_00002335,PAY_072527,PAY_070736
SET_002336,2026-03-31T01:42:24,PayFlow,INR,29,31448.56,0.00,31448.56,BANK_002,PFSET_00002336,PAY_068881,PAY_071225
SET_002337,2026-03-28T03:55:44,PayFlow,INR,30,37345.10,0.00,37345.10,BANK_002,PFSET_00002337,PAY_073008,PAY_071348
SET_002338,2026-03-30T22:16:15,PayFlow,INR,32,36772.39,0.00,36772.39,BANK_002,PFSET_00002338,PAY_069267,PAY_071837
SET_002339,2026-03-31T07:37:24,PayFlow,INR,32,32079.09,0.00,32079.09,BANK_002,PFSET_00002339,PAY_068829,PAY_075172
SET_002340,2026-03-30T00:06:23,PayFlow,INR,25,24270.59,0.00,24270.59,BANK_002,PFSET_00002340,PAY_073670,PAY_069454
SET_002341,2026-03-28T14:26:33,PayFlow,INR,40,40601.06,0.00,40601.06,BANK_002,PFSET_00002341,PAY_077865,PAY_071488
SET_002342,2026-03-30T19:01:52,PayFlow,INR,35,38887.18,2737.08,36150.10,BANK_002,PFSET_00002342,PAY_069921,PAY_069960
SET_002343,2026-03-30T17:14:51,PayFlow,INR,28,30285.60,384.44,29901.16,BANK_002,PFSET_00002343,PAY_071620,PAY_076844
SET_002344,2026-03-31T01:31:31,PayFlow,INR,30,36192.22,0.00,36192.22,BANK_002,PFSET_00002344,PAY_072786,PAY_070421
SET_002345,2026-03-30T21:01:41,PayFlow,INR,35,41741.35,0.00,41741.35,BANK_002,PFSET_00002345,PAY_076896,PAY_071555
SET_002346,2026-03-31T21:43:13,PayFlow,INR,33,37772.89,0.00,37772.89,BANK_002,PFSET_00002346,PAY_069480,PAY_075399
SET_002347,2026-04-01T02:31:13,PayFlow,INR,32,40140.90,0.00,40140.90,BANK_002,PFSET_00002347,PAY_070060,PAY_074205
SET_002348,2026-03-30T01:38:26,PayFlow,INR,35,42409.11,0.00,42409.11,BANK_002,PFSET_00002348,PAY_072738,PAY_076949
SET_002349,2026-03-31T04:46:37,PayFlow,INR,30,36147.42,0.00,36147.42,BANK_002,PFSET_00002349,PAY_072210,PAY_072143
SET_002350,2026-04-01T00:25:13,PayFlow,INR,25,25665.45,155.57,25509.88,BANK_002,PFSET_00002350,PAY_071313,PAY_074185
SET_002351,2026-04-01T05:55:16,PayFlow,INR,33,36097.86,0.00,36097.86,BANK_002,PFSET_00002351,PAY_072596,PAY_072104
SET_002352,2026-03-30T15:35:33,PayFlow,INR,37,42476.87,0.00,42476.87,BANK_002,PFSET_00002352,PAY_076697,PAY_069603
SET_002353,2026-03-31T23:59:55,PayFlow,INR,34,37114.54,0.00,37114.54,BANK_002,PFSET_00002353,PAY_073558,PAY_076059
SET_002354,2026-03-31T16:36:36,PayFlow,INR,30,31623.12,0.00,31623.12,BANK_002,PFSET_00002354,PAY_077446,PAY_072794
SET_002355,2026-03-31T19:53:36,PayFlow,INR,29,36835.83,0.00,36835.83,BANK_002,PFSET_00002355,PAY_075717,PAY_068641
SET_002356,2026-03-30T20:26:30,PayFlow,INR,39,39438.53,0.00,39438.53,BANK_002,PFSET_00002356,PAY_075658,PAY_075769
SET_002357,2026-03-30T19:19:47,PayFlow,INR,27,38134.42,0.00,38134.42,BANK_002,PFSET_00002357,PAY_075141,PAY_070075
SET_002358,2026-03-30T03:25:09,PayFlow,INR,30,38600.77,0.00,38600.77,BANK_002,PFSET_00002358,PAY_076067,PAY_077615
SET_002359,2026-04-01T01:00:27,PayFlow,INR,37,33847.70,0.00,33847.70,BANK_002,PFSET_00002359,PAY_076254,PAY_074542
SET_002360,2026-04-01T22:35:46,PayFlow,INR,35,53715.77,0.00,53715.77,BANK_002,PFSET_00002360,PAY_072777,PAY_074376
SET_002361,2026-03-30T01:20:27,PayFlow,INR,25,28686.16,0.00,28686.16,BANK_002,PFSET_00002361,PAY_068405,PAY_072218
SET_002362,2026-04-01T13:24:10,PayFlow,INR,35,36571.61,0.00,36571.61,BANK_002,PFSET_00002362,PAY_073605,PAY_076953
SET_002363,2026-03-30T16:35:39,PayFlow,INR,34,46791.69,720.34,46071.35,BANK_002,PFSET_00002363,PAY_073828,PAY_071299
SET_002364,2026-04-01T17:14:02,PayFlow,INR,32,41758.74,0.00,41758.74,BANK_002,PFSET_00002364,PAY_077247,PAY_070120
SET_002365,2026-03-31T00:05:50,PayFlow,INR,36,47042.60,0.00,47042.60,BANK_002,PFSET_00002365,PAY_076845,PAY_070194
SET_002366,2026-04-03T01:14:24,PayFlow,INR,37,40511.70,0.00,40511.70,BANK_002,PFSET_00002366,PAY_073370,PAY_070905
SET_002367,2026-03-31T01:32:14,PayFlow,INR,36,34071.73,0.00,34071.73,BANK_002,PFSET_00002367,PAY_071080,PAY_075167
SET_002368,2026-04-02T21:21:07,PayFlow,INR,36,48631.83,532.27,48099.56,BANK_002,PFSET_00002368,PAY_072603,PAY_074118
SET_002369,2026-04-01T23:42:59,PayFlow,INR,35,44343.15,439.02,43904.13,BANK_002,PFSET_00002369,PAY_069018,PAY_076368
SET_002370,2026-04-01T02:39:53,PayFlow,INR,30,39055.42,0.00,39055.42,BANK_002,PFSET_00002370,PAY_074635,PAY_075930
SET_002371,2026-03-31T15:00:14,PayFlow,INR,29,38303.25,0.00,38303.25,BANK_002,PFSET_00002371,PAY_075961,PAY_074034
SET_002372,2026-04-03T16:24:28,PayFlow,INR,33,45005.52,0.00,45005.52,BANK_002,PFSET_00002372,PAY_073977,PAY_072071
SET_002373,2026-04-01T21:00:23,PayFlow,INR,28,31709.62,742.22,30967.40,BANK_002,PFSET_00002373,PAY_070140,PAY_074814
SET_002374,2026-04-01T17:48:26,PayFlow,INR,30,48417.44,0.00,48417.44,BANK_002,PFSET_00002374,PAY_076283,PAY_071638
SET_002375,2026-04-03T21:50:55,PayFlow,INR,42,46786.22,0.00,46786.22,BANK_002,PFSET_00002375,PAY_070321,PAY_075492
SET_002376,2026-03-31T20:12:43,PayFlow,INR,36,39558.96,0.00,39558.96,BANK_002,PFSET_00002376,PAY_077801,PAY_068277
SET_002377,2026-04-04T03:26:37,PayFlow,INR,25,34366.53,1785.35,32581.18,BANK_002,PFSET_00002377,PAY_068249,PAY_074005
SET_002378,2026-04-03T21:05:03,PayFlow,INR,33,28362.20,0.00,28362.20,BANK_002,PFSET_00002378,PAY_075205,PAY_074022
SET_002379,2026-04-02T22:48:34,PayFlow,INR,32,38194.20,0.00,38194.20,BANK_002,PFSET_00002379,PAY_077365,PAY_068093
SET_002380,2026-04-02T07:42:09,PayFlow,INR,36,38167.24,0.00,38167.24,BANK_002,PFSET_00002380,PAY_077193,PAY_077626
SET_002381,2026-04-03T22:24:13,PayFlow,INR,48,48744.57,174.44,48570.13,BANK_002,PFSET_00002381,PAY_075595,PAY_076419
SET_002382,2026-04-02T17:02:10,PayFlow,INR,32,41341.75,0.00,41341.75,BANK_002,PFSET_00002382,PAY_070934,PAY_071566
SET_002383,2026-04-03T23:18:00,PayFlow,INR,28,25691.43,383.50,25307.93,BANK_002,PFSET_00002383,PAY_075934,PAY_068051
SET_002384,2026-04-02T17:51:44,PayFlow,INR,34,32551.96,0.00,32551.96,BANK_002,PFSET_00002384,PAY_073901,PAY_074519
SET_002385,2026-04-01T20:22:52,PayFlow,INR,31,41899.53,0.00,41899.53,BANK_002,PFSET_00002385,PAY_075618,PAY_069886
SET_002386,2026-04-02T02:44:26,PayFlow,INR,30,28942.96,0.00,28942.96,BANK_002,PFSET_00002386,PAY_077490,PAY_070447
SET_002387,2026-04-04T03:36:55,PayFlow,INR,27,34609.61,0.00,34609.61,BANK_002,PFSET_00002387,PAY_077995,PAY_078098
SET_002388,2026-04-02T02:51:57,PayFlow,INR,38,44756.68,0.00,44756.68,BANK_002,PFSET_00002388,PAY_076312,PAY_070366
SET_002389,2026-04-04T00:17:07,PayFlow,INR,38,34832.55,0.00,34832.55,BANK_002,PFSET_00002389,PAY_069691,PAY_069745
SET_002390,2026-04-05T03:34:51,PayFlow,INR,32,39325.97,0.00,39325.97,BANK_002,PFSET_00002390,PAY_076921,PAY_069705
SET_002391,2026-04-05T05:46:31,PayFlow,INR,28,28143.42,0.00,28143.42,BANK_002,PFSET_00002391,PAY_077566,PAY_075376
SET_002392,2026-04-04T11:01:44,PayFlow,INR,36,39740.49,638.38,39102.11,BANK_002,PFSET_00002392,PAY_068142,PAY_082297
SET_002393,2026-04-03T20:25:28,PayFlow,INR,33,39567.26,1620.14,37947.12,BANK_002,PFSET_00002393,PAY_081443,PAY_081594
SET_002394,2026-04-02T19:35:58,PayFlow,INR,33,33233.74,0.00,33233.74,BANK_002,PFSET_00002394,PAY_085023,PAY_084390
SET_002395,2026-04-03T19:50:59,PayFlow,INR,42,56698.93,0.00,56698.93,BANK_002,PFSET_00002395,PAY_081569,PAY_084150
SET_002396,2026-04-03T02:25:48,PayFlow,INR,29,37868.92,0.00,37868.92,BANK_002,PFSET_00002396,PAY_086043,PAY_080281
SET_002397,2026-04-02T22:55:03,PayFlow,INR,36,33279.89,0.00,33279.89,BANK_002,PFSET_00002397,PAY_080065,PAY_084490
SET_002398,2026-04-05T03:19:34,PayFlow,INR,28,32722.95,0.00,32722.95,BANK_002,PFSET_00002398,PAY_083821,PAY_085882
SET_002399,2026-04-05T23:03:53,PayFlow,INR,36,47644.72,5114.00,42530.72,BANK_002,PFSET_00002399,PAY_079092,PAY_083029
SET_002400,2026-04-04T01:15:04,PayFlow,INR,34,43980.72,0.00,43980.72,BANK_002,PFSET_00002400,PAY_081015,PAY_081452
SET_002401,2026-04-05T06:57:47,PayFlow,INR,39,47057.86,352.11,46705.75,BANK_002,PFSET_00002401,PAY_079031,PAY_083852
SET_002402,2026-04-04T18:58:12,PayFlow,INR,31,27699.08,0.00,27699.08,BANK_002,PFSET_00002402,PAY_085337,PAY_078314
SET_002403,2026-04-05T18:00:12,PayFlow,INR,33,36374.19,0.00,36374.19,BANK_002,PFSET_00002403,PAY_085758,PAY_079084
SET_002404,2026-04-06T01:54:09,PayFlow,INR,30,43950.54,0.00,43950.54,BANK_002,PFSET_00002404,PAY_084966,PAY_080561
SET_002405,2026-04-04T23:39:33,PayFlow,INR,33,40614.84,0.00,40614.84,BANK_002,PFSET_00002405,PAY_083861,PAY_078799
SET_002406,2026-04-05T04:38:33,PayFlow,INR,33,43137.14,0.00,43137.14,BANK_002,PFSET_00002406,PAY_079178,PAY_082440
SET_002407,2026-04-05T20:42:13,PayFlow,INR,27,29819.79,0.00,29819.79,BANK_002,PFSET_00002407,PAY_078331,PAY_085823
SET_002408,2026-04-06T04:01:47,PayFlow,INR,35,42424.47,0.00,42424.47,BANK_002,PFSET_00002408,PAY_078358,PAY_081174
SET_002409,2026-04-07T08:10:12,PayFlow,INR,41,58366.54,0.00,58366.54,BANK_002,PFSET_00002409,PAY_083556,PAY_079497
SET_002410,2026-04-05T20:24:47,PayFlow,INR,39,46191.61,0.00,46191.61,BANK_002,PFSET_00002410,PAY_078811,PAY_080085
SET_002411,2026-04-08T01:05:04,PayFlow,INR,30,38087.81,4023.86,34063.95,BANK_002,PFSET_00002411,PAY_084623,PAY_081972
SET_002412,2026-04-08T00:28:23,PayFlow,INR,28,35789.04,4915.88,30873.16,BANK_002,PFSET_00002412,PAY_085365,PAY_080526
SET_002413,2026-04-07T19:59:31,PayFlow,INR,30,36651.92,0.00,36651.92,BANK_002,PFSET_00002413,PAY_081855,PAY_081117
SET_002414,2026-04-04T21:48:05,PayFlow,INR,26,21689.75,0.00,21689.75,BANK_002,PFSET_00002414,PAY_082180,PAY_081619
SET_002415,2026-04-08T02:01:30,PayFlow,INR,35,46659.84,2066.18,44593.66,BANK_002,PFSET_00002415,PAY_083417,PAY_080743
SET_002416,2026-04-04T22:04:10,PayFlow,INR,33,34923.74,0.00,34923.74,BANK_002,PFSET_00002416,PAY_080544,PAY_083412
SET_002417,2026-04-08T00:49:55,PayFlow,INR,27,34221.53,0.00,34221.53,BANK_002,PFSET_00002417,PAY_085789,PAY_078505
SET_002418,2026-04-07T15:27:23,PayFlow,INR,38,43922.17,2462.84,41459.33,BANK_002,PFSET_00002418,PAY_081971,PAY_081604
SET_002419,2026-04-07T16:17:44,PayFlow,INR,26,25689.55,0.00,25689.55,BANK_002,PFSET_00002419,PAY_083746,PAY_080403
SET_002420,2026-04-09T00:25:48,PayFlow,INR,41,34885.88,0.00,34885.88,BANK_002,PFSET_00002420,PAY_082324,PAY_085941
SET_002421,2026-04-05T18:28:36,PayFlow,INR,28,30901.87,0.00,30901.87,BANK_002,PFSET_00002421,PAY_085945,PAY_083042
SET_002422,2026-04-07T01:55:36,PayFlow,INR,27,39196.64,0.00,39196.64,BANK_002,PFSET_00002422,PAY_082118,PAY_083282
SET_002423,2026-04-08T02:11:01,PayFlow,INR,33,41284.87,0.00,41284.87,BANK_002,PFSET_00002423,PAY_079703,PAY_079817
SET_002424,2026-04-09T02:23:18,PayFlow,INR,29,32221.34,0.00,32221.34,BANK_002,PFSET_00002424,PAY_079026,PAY_081707
SET_002425,2026-04-08T04:27:46,PayFlow,INR,28,31531.32,0.00,31531.32,BANK_002,PFSET_00002425,PAY_079593,PAY_082963
SET_002426,2026-04-07T08:45:15,PayFlow,INR,31,32105.44,0.00,32105.44,BANK_002,PFSET_00002426,PAY_080926,PAY_079957
SET_002427,2026-04-08T15:31:55,PayFlow,INR,35,47716.96,0.00,47716.96,BANK_002,PFSET_00002427,PAY_081366,PAY_081954
SET_002428,2026-04-07T17:49:04,PayFlow,INR,29,34139.29,0.00,34139.29,BANK_002,PFSET_00002428,PAY_078843,PAY_085973
SET_002429,2026-04-09T23:59:57,PayFlow,INR,26,35555.46,0.00,35555.46,BANK_002,PFSET_00002429,PAY_084500,PAY_080616
SET_002430,2026-04-09T00:48:38,PayFlow,INR,30,44342.45,0.00,44342.45,BANK_002,PFSET_00002430,PAY_078721,PAY_078635
SET_002431,2026-04-07T02:59:58,PayFlow,INR,37,33895.03,0.00,33895.03,BANK_002,PFSET_00002431,PAY_078458,PAY_082444
SET_002432,2026-04-07T03:33:28,PayFlow,INR,33,44617.59,757.68,43859.91,BANK_002,PFSET_00002432,PAY_078749,PAY_078432
SET_002433,2026-04-09T06:27:53,PayFlow,INR,27,48677.37,622.92,48054.45,BANK_002,PFSET_00002433,PAY_085494,PAY_084727
SET_002434,2026-04-07T08:37:30,PayFlow,INR,27,27614.84,0.00,27614.84,BANK_002,PFSET_00002434,PAY_080432,PAY_078591
SET_002435,2026-04-08T18:47:04,PayFlow,INR,32,40331.70,157.07,40174.63,BANK_002,PFSET_00002435,PAY_083043,PAY_081010
SET_002436,2026-04-08T21:31:39,PayFlow,INR,29,36016.17,0.00,36016.17,BANK_002,PFSET_00002436,PAY_080621,PAY_080671
SET_002437,2026-04-10T23:52:27,PayFlow,INR,30,39539.77,610.61,38929.16,BANK_002,PFSET_00002437,PAY_081321,PAY_083482
SET_002438,2026-04-07T23:12:31,PayFlow,INR,30,34108.62,0.00,34108.62,BANK_002,PFSET_00002438,PAY_084581,PAY_080718
SET_002439,2026-04-07T23:13:39,PayFlow,INR,28,31815.21,0.00,31815.21,BANK_002,PFSET_00002439,PAY_080082,PAY_079666
SET_002440,2026-04-09T01:33:03,PayFlow,INR,36,43257.17,374.95,42882.22,BANK_002,PFSET_00002440,PAY_082539,PAY_085357
SET_002441,2026-04-10T05:51:39,PayFlow,INR,43,53100.10,0.00,53100.10,BANK_002,PFSET_00002441,PAY_082526,PAY_085986
SET_002442,2026-04-11T05:06:09,PayFlow,INR,36,43710.01,0.00,43710.01,BANK_002,PFSET_00002442,PAY_079756,PAY_081228
SET_002443,2026-04-09T19:01:24,PayFlow,INR,31,30663.49,356.01,30307.48,BANK_002,PFSET_00002443,PAY_079351,PAY_083277
SET_002444,2026-04-10T17:52:03,PayFlow,INR,27,29879.79,0.00,29879.79,BANK_002,PFSET_00002444,PAY_083724,PAY_086078
SET_002445,2026-04-10T17:11:46,PayFlow,INR,28,35177.04,0.00,35177.04,BANK_002,PFSET_00002445,PAY_084894,PAY_082142
SET_002446,2026-04-08T17:49:08,PayFlow,INR,31,33718.85,0.00,33718.85,BANK_002,PFSET_00002446,PAY_081227,PAY_083798
SET_002447,2026-04-10T02:39:27,PayFlow,INR,29,25268.98,377.60,24891.38,BANK_002,PFSET_00002447,PAY_084511,PAY_079002
SET_002448,2026-04-12T03:22:15,PayFlow,INR,42,60298.74,6325.27,53973.47,BANK_002,PFSET_00002448,PAY_081586,PAY_081351
SET_002449,2026-04-11T21:15:50,PayFlow,INR,27,32795.90,0.00,32795.90,BANK_002,PFSET_00002449,PAY_083978,PAY_081203
SET_002450,2026-04-09T05:13:19,PayFlow,INR,40,57056.70,0.00,57056.70,BANK_002,PFSET_00002450,PAY_082019,PAY_078707
SET_002451,2026-04-10T14:00:35,PayFlow,INR,30,32543.76,0.00,32543.76,BANK_002,PFSET_00002451,PAY_084291,PAY_079357
SET_002452,2026-04-11T20:34:16,PayFlow,INR,39,50973.51,0.00,50973.51,BANK_002,PFSET_00002452,PAY_082895,PAY_081737
SET_002453,2026-04-10T20:06:24,PayFlow,INR,30,35837.55,0.00,35837.55,BANK_002,PFSET_00002453,PAY_081080,PAY_082846
SET_002454,2026-04-12T01:19:59,PayFlow,INR,31,38710.99,0.00,38710.99,BANK_002,PFSET_00002454,PAY_080723,PAY_081307
SET_002455,2026-04-11T20:00:05,PayFlow,INR,38,49149.90,0.00,49149.90,BANK_002,PFSET_00002455,PAY_084951,PAY_084000
SET_002456,2026-04-12T01:44:45,PayFlow,INR,35,37772.62,0.00,37772.62,BANK_002,PFSET_00002456,PAY_085462,PAY_080427
SET_002457,2026-04-11T02:13:40,PayFlow,INR,33,29035.67,0.00,29035.67,BANK_002,PFSET_00002457,PAY_079122,PAY_083885
SET_002458,2026-04-12T05:09:00,PayFlow,INR,37,47943.64,0.00,47943.64,BANK_002,PFSET_00002458,PAY_085362,PAY_085729
SET_002459,2026-04-11T11:18:57,PayFlow,INR,25,40093.30,0.00,40093.30,BANK_002,PFSET_00002459,PAY_085304,PAY_079139
SET_002460,2026-04-11T15:32:05,PayFlow,INR,29,24176.62,0.00,24176.62,BANK_002,PFSET_00002460,PAY_081243,PAY_079324
SET_002461,2026-04-12T18:52:04,PayFlow,INR,29,42632.21,93.43,42538.78,BANK_002,PFSET_00002461,PAY_079175,PAY_082881
SET_002462,2026-04-12T23:27:41,PayFlow,INR,30,29303.05,0.00,29303.05,BANK_002,PFSET_00002462,PAY_082514,PAY_083211
SET_002463,2026-04-11T23:22:46,PayFlow,INR,28,31230.84,0.00,31230.84,BANK_002,PFSET_00002463,PAY_080020,PAY_082275
SET_002464,2026-04-12T03:04:45,PayFlow,INR,30,28815.83,0.00,28815.83,BANK_002,PFSET_00002464,PAY_083577,PAY_083257
SET_002465,2026-04-11T23:19:42,PayFlow,INR,27,38518.27,0.00,38518.27,BANK_002,PFSET_00002465,PAY_086154,PAY_083679
SET_002466,2026-04-11T04:47:47,PayFlow,INR,40,43365.94,0.00,43365.94,BANK_002,PFSET_00002466,PAY_078674,PAY_078378
SET_002467,2026-04-13T22:35:06,PayFlow,INR,39,43408.90,0.00,43408.90,BANK_002,PFSET_00002467,PAY_080011,PAY_081122
SET_002468,2026-04-14T00:12:07,PayFlow,INR,28,32326.17,0.00,32326.17,BANK_002,PFSET_00002468,PAY_080484,PAY_086128
SET_002469,2026-04-13T07:39:41,PayFlow,INR,30,40338.06,0.00,40338.06,BANK_002,PFSET_00002469,PAY_083210,PAY_084326
SET_002470,2026-04-13T19:20:54,PayFlow,INR,37,38134.03,0.00,38134.03,BANK_002,PFSET_00002470,PAY_078993,PAY_079780
SET_002471,2026-04-14T21:42:53,PayFlow,INR,39,45502.29,0.00,45502.29,BANK_002,PFSET_00002471,PAY_086247,PAY_078940
SET_002472,2026-04-12T17:45:31,PayFlow,INR,29,27955.30,0.00,27955.30,BANK_002,PFSET_00002472,PAY_084410,PAY_083925
SET_002473,2026-04-12T19:23:27,PayFlow,INR,28,26177.34,0.00,26177.34,BANK_002,PFSET_00002473,PAY_085996,PAY_085297
SET_002474,2026-04-12T00:06:30,PayFlow,INR,34,38514.53,0.00,38514.53,BANK_002,PFSET_00002474,PAY_081741,PAY_082887
SET_002475,2026-04-15T01:29:52,PayFlow,INR,33,33803.91,0.00,33803.91,BANK_002,PFSET_00002475,PAY_082463,PAY_084073
SET_002476,2026-04-15T02:37:05,PayFlow,INR,34,50019.82,0.00,50019.82,BANK_002,PFSET_00002476,PAY_083027,PAY_082941
SET_002477,2026-04-14T12:50:24,PayFlow,INR,32,41322.31,0.00,41322.31,BANK_002,PFSET_00002477,PAY_078486,PAY_084453
SET_002478,2026-04-13T22:50:02,PayFlow,INR,32,35635.11,776.38,34858.73,BANK_002,PFSET_00002478,PAY_083758,PAY_082163
SET_002479,2026-04-14T20:51:56,PayFlow,INR,26,32336.60,0.00,32336.60,BANK_002,PFSET_00002479,PAY_083622,PAY_078953
SET_002480,2026-04-13T02:08:57,PayFlow,INR,33,51033.93,0.00,51033.93,BANK_002,PFSET_00002480,PAY_083817,PAY_078329
SET_002481,2026-04-13T00:03:46,PayFlow,INR,32,24439.47,0.00,24439.47,BANK_002,PFSET_00002481,PAY_086144,PAY_082809
SET_002482,2026-04-13T03:57:25,PayFlow,INR,35,57385.89,0.00,57385.89,BANK_002,PFSET_00002482,PAY_078422,PAY_080307
SET_002483,2026-04-16T00:16:27,PayFlow,INR,43,55588.96,0.00,55588.96,BANK_002,PFSET_00002483,PAY_082416,PAY_081687
SET_002484,2026-04-15T20:32:33,PayFlow,INR,35,48701.40,0.00,48701.40,BANK_002,PFSET_00002484,PAY_081554,PAY_082318
SET_002485,2026-04-16T20:30:04,PayFlow,INR,33,45112.16,0.00,45112.16,BANK_002,PFSET_00002485,PAY_081301,PAY_083208
SET_002486,2026-04-14T21:12:23,PayFlow,INR,30,29248.47,0.00,29248.47,BANK_002,PFSET_00002486,PAY_082320,PAY_083561
SET_002487,2026-04-17T00:43:14,PayFlow,INR,27,28044.76,0.00,28044.76,BANK_002,PFSET_00002487,PAY_084009,PAY_083178
SET_002488,2026-04-14T03:12:01,PayFlow,INR,29,36456.26,0.00,36456.26,BANK_002,PFSET_00002488,PAY_084199,PAY_081806
SET_002489,2026-04-14T01:33:46,PayFlow,INR,33,35388.24,0.00,35388.24,BANK_002,PFSET_00002489,PAY_078389,PAY_082718
SET_002490,2026-04-14T00:52:34,PayFlow,INR,27,26765.95,0.00,26765.95,BANK_002,PFSET_00002490,PAY_084990,PAY_081611
SET_002491,2026-04-17T03:47:27,PayFlow,INR,33,47879.03,183.91,47695.12,BANK_002,PFSET_00002491,PAY_083834,PAY_081719
SET_002492,2026-04-14T16:48:41,PayFlow,INR,33,37904.50,0.00,37904.50,BANK_002,PFSET_00002492,PAY_078524,PAY_083655
SET_002493,2026-04-17T16:28:41,PayFlow,INR,33,41976.55,0.00,41976.55,BANK_002,PFSET_00002493,PAY_085924,PAY_083387
SET_002494,2026-04-15T00:19:12,PayFlow,INR,29,30030.36,0.00,30030.36,BANK_002,PFSET_00002494,PAY_082350,PAY_081630
SET_002495,2026-04-17T01:56:56,PayFlow,INR,40,43525.03,0.00,43525.03,BANK_002,PFSET_00002495,PAY_081393,PAY_086194
SET_002496,2026-04-14T23:47:24,PayFlow,INR,34,38085.68,0.00,38085.68,BANK_002,PFSET_00002496,PAY_084774,PAY_085213
SET_002497,2026-04-18T01:20:23,PayFlow,INR,35,39978.92,1596.30,38382.62,BANK_002,PFSET_00002497,PAY_084017,PAY_085779
SET_002498,2026-04-17T03:12:43,PayFlow,INR,40,48156.36,0.00,48156.36,BANK_002,PFSET_00002498,PAY_083234,PAY_085341
SET_002499,2026-04-16T03:19:11,PayFlow,INR,30,38309.98,0.00,38309.98,BANK_002,PFSET_00002499,PAY_081233,PAY_084579
SET_002500,2026-04-15T09:04:01,PayFlow,INR,33,41714.23,0.00,41714.23,BANK_002,PFSET_00002500,PAY_082211,PAY_084028
SET_002501,2026-04-16T15:34:34,PayFlow,INR,29,29607.16,1332.75,28274.41,BANK_002,PFSET_00002501,PAY_084945,PAY_079307
SET_002502,2026-04-17T22:57:51,PayFlow,INR,33,31758.44,0.00,31758.44,BANK_002,PFSET_00002502,PAY_084548,PAY_084918
SET_002503,2026-04-18T03:44:58,PayFlow,INR,36,35384.89,643.18,34741.71,BANK_002,PFSET_00002503,PAY_082648,PAY_085421
SET_002504,2026-04-16T02:49:03,PayFlow,INR,32,35296.66,0.00,35296.66,BANK_002,PFSET_00002504,PAY_082674,PAY_082432
SET_002505,2026-04-19T04:24:25,PayFlow,INR,25,35649.75,0.00,35649.75,BANK_002,PFSET_00002505,PAY_080084,PAY_080240
SET_002506,2026-04-16T23:19:46,PayFlow,INR,29,30535.04,0.00,30535.04,BANK_002,PFSET_00002506,PAY_086007,PAY_082590
SET_002507,2026-04-17T02:44:29,PayFlow,INR,38,41509.43,0.00,41509.43,BANK_002,PFSET_00002507,PAY_082687,PAY_084234
SET_002508,2026-04-16T18:41:06,PayFlow,INR,34,43135.70,0.00,43135.70,BANK_002,PFSET_00002508,PAY_079283,PAY_083250
SET_002509,2026-04-17T17:46:55,PayFlow,INR,34,35458.69,142.28,35316.41,BANK_002,PFSET_00002509,PAY_084718,PAY_085300
SET_002510,2026-04-19T22:25:30,PayFlow,INR,40,42121.81,0.00,42121.81,BANK_002,PFSET_00002510,PAY_078437,PAY_084537
SET_002511,2026-04-19T19:04:12,PayFlow,INR,34,58090.35,0.00,58090.35,BANK_002,PFSET_00002511,PAY_085182,PAY_083616
SET_002512,2026-04-20T03:36:07,PayFlow,INR,26,29781.76,0.00,29781.76,BANK_002,PFSET_00002512,PAY_081840,PAY_081110
SET_002513,2026-04-17T00:50:56,PayFlow,INR,41,50442.88,0.00,50442.88,BANK_002,PFSET_00002513,PAY_081562,PAY_083006
SET_002514,2026-04-19T23:42:16,PayFlow,INR,28,24787.74,213.79,24573.95,BANK_002,PFSET_00002514,PAY_082252,PAY_080566
SET_002515,2026-04-20T02:06:46,PayFlow,INR,35,42351.27,3228.48,39122.79,BANK_002,PFSET_00002515,PAY_086191,PAY_079066
SET_002516,2026-04-20T19:33:41,PayFlow,INR,31,40084.16,0.00,40084.16,BANK_002,PFSET_00002516,PAY_085938,PAY_086180
SET_002517,2026-04-19T23:51:10,PayFlow,INR,33,39330.41,1727.34,37603.07,BANK_002,PFSET_00002517,PAY_082292,PAY_083524
SET_002518,2026-04-20T18:47:19,PayFlow,INR,31,31104.44,0.00,31104.44,BANK_002,PFSET_00002518,PAY_084970,PAY_083203
SET_002519,2026-04-19T21:50:57,PayFlow,INR,38,42037.52,0.00,42037.52,BANK_002,PFSET_00002519,PAY_081218,PAY_086252
SET_002520,2026-04-21T01:57:52,PayFlow,INR,29,32969.90,0.00,32969.90,BANK_002,PFSET_00002520,PAY_084617,PAY_082468
SET_002521,2026-04-17T20:34:15,PayFlow,INR,32,38796.44,0.00,38796.44,BANK_002,PFSET_00002521,PAY_079204,PAY_084247
SET_002522,2026-04-21T04:42:40,PayFlow,INR,38,40887.40,0.00,40887.40,BANK_002,PFSET_00002522,PAY_085138,PAY_080222
SET_002523,2026-04-17T22:04:12,PayFlow,INR,42,58502.35,0.00,58502.35,BANK_002,PFSET_00002523,PAY_082467,PAY_084055
SET_002524,2026-04-18T03:05:03,PayFlow,INR,34,38709.00,0.00,38709.00,BANK_002,PFSET_00002524,PAY_080796,PAY_085020
SET_002525,2026-04-18T17:25:01,PayFlow,INR,34,30191.83,0.00,30191.83,BANK_002,PFSET_00002525,PAY_082260,PAY_083721
SET_002526,2026-04-18T18:17:27,PayFlow,INR,35,60488.01,0.00,60488.01,BANK_002,PFSET_00002526,PAY_081456,PAY_080680
SET_002527,2026-04-21T22:43:55,PayFlow,INR,40,48287.16,0.00,48287.16,BANK_002,PFSET_00002527,PAY_080319,PAY_078881
SET_002528,2026-04-19T03:12:37,PayFlow,INR,32,37313.05,0.00,37313.05,BANK_002,PFSET_00002528,PAY_080208,PAY_081286
SET_002529,2026-04-18T23:41:14,PayFlow,INR,37,39788.14,0.00,39788.14,BANK_002,PFSET_00002529,PAY_080541,PAY_081396
SET_002530,2026-04-18T22:22:58,PayFlow,INR,33,34899.75,0.00,34899.75,BANK_002,PFSET_00002530,PAY_082487,PAY_078475
SET_002531,2026-04-21T02:51:47,PayFlow,INR,40,54150.83,0.00,54150.83,BANK_002,PFSET_00002531,PAY_081925,PAY_079614
SET_002532,2026-04-19T05:58:46,PayFlow,INR,31,38673.82,0.00,38673.82,BANK_002,PFSET_00002532,PAY_083438,PAY_078554
SET_002533,2026-04-22T17:17:22,PayFlow,INR,29,43535.97,0.00,43535.97,BANK_002,PFSET_00002533,PAY_083020,PAY_078488
SET_002534,2026-04-21T21:26:29,PayFlow,INR,32,33313.75,0.00,33313.75,BANK_002,PFSET_00002534,PAY_079163,PAY_084931
SET_002535,2026-04-22T23:01:59,PayFlow,INR,33,34540.63,306.74,34233.89,BANK_002,PFSET_00002535,PAY_079062,PAY_085970
SET_002536,2026-04-22T00:36:30,PayFlow,INR,43,42586.70,0.00,42586.70,BANK_002,PFSET_00002536,PAY_084462,PAY_080163
SET_002537,2026-04-23T03:25:52,PayFlow,INR,33,41141.63,0.00,41141.63,BANK_002,PFSET_00002537,PAY_080046,PAY_085211
SET_002538,2026-04-20T01:56:24,PayFlow,INR,35,36676.86,0.00,36676.86,BANK_002,PFSET_00002538,PAY_078726,PAY_079511
SET_002539,2026-04-22T07:48:22,PayFlow,INR,33,37121.77,565.92,36555.85,BANK_002,PFSET_00002539,PAY_084498,PAY_084341
SET_002540,2026-04-21T11:13:58,PayFlow,INR,26,28448.50,0.00,28448.50,BANK_002,PFSET_00002540,PAY_082106,PAY_084730
SET_002541,2026-04-22T15:14:06,PayFlow,INR,31,34284.02,0.00,34284.02,BANK_002,PFSET_00002541,PAY_082823,PAY_081636
SET_002542,2026-04-23T00:10:26,PayFlow,INR,28,32596.32,0.00,32596.32,BANK_002,PFSET_00002542,PAY_086042,PAY_082061
SET_002543,2026-04-20T23:48:45,PayFlow,INR,30,32757.40,0.00,32757.40,BANK_002,PFSET_00002543,PAY_084692,PAY_086057
SET_002544,2026-04-21T23:53:18,PayFlow,INR,32,41658.73,0.00,41658.73,BANK_002,PFSET_00002544,PAY_085098,PAY_079020
SET_002545,2026-04-21T00:17:40,PayFlow,INR,37,49893.29,0.00,49893.29,BANK_002,PFSET_00002545,PAY_084599,PAY_086147
SET_002546,2026-04-22T02:09:09,PayFlow,INR,33,40533.16,0.00,40533.16,BANK_002,PFSET_00002546,PAY_082125,PAY_080632
SET_002547,2026-04-22T07:31:43,PayFlow,INR,35,41162.91,0.00,41162.91,BANK_002,PFSET_00002547,PAY_079208,PAY_081023
SET_002548,2026-04-22T22:31:00,PayFlow,INR,38,52469.16,0.00,52469.16,BANK_002,PFSET_00002548,PAY_083990,PAY_085911
SET_002549,2026-04-23T18:13:50,PayFlow,INR,32,36197.78,653.13,35544.65,BANK_002,PFSET_00002549,PAY_081213,PAY_084122
SET_002550,2026-04-21T22:02:33,PayFlow,INR,30,31088.02,0.00,31088.02,BANK_002,PFSET_00002550,PAY_083610,PAY_081310
SET_002551,2026-04-22T19:36:23,PayFlow,INR,30,41479.77,0.00,41479.77,BANK_002,PFSET_00002551,PAY_082727,PAY_079772
SET_002552,2026-04-22T03:12:03,PayFlow,INR,28,27023.32,0.00,27023.32,BANK_002,PFSET_00002552,PAY_083484,PAY_078883
SET_002553,2026-04-22T22:17:22,PayFlow,INR,36,39468.73,0.00,39468.73,BANK_002,PFSET_00002553,PAY_085529,PAY_079727
SET_002554,2026-04-22T04:05:58,PayFlow,INR,29,43993.37,716.26,43277.11,BANK_002,PFSET_00002554,PAY_083613,PAY_085873
SET_002555,2026-04-24T01:44:19,PayFlow,INR,32,34357.57,0.00,34357.57,BANK_002,PFSET_00002555,PAY_081410,PAY_082502
SET_002556,2026-04-25T20:41:57,PayFlow,INR,34,37714.71,0.00,37714.71,BANK_002,PFSET_00002556,PAY_082702,PAY_079332
SET_002557,2026-04-25T22:13:36,PayFlow,INR,27,35498.64,0.00,35498.64,BANK_002,PFSET_00002557,PAY_080514,PAY_086127
SET_002558,2026-04-23T01:00:27,PayFlow,INR,28,32353.43,0.00,32353.43,BANK_002,PFSET_00002558,PAY_083415,PAY_083363
SET_002559,2026-04-22T18:23:39,PayFlow,INR,35,43279.26,0.00,43279.26,BANK_002,PFSET_00002559,PAY_085580,PAY_078967
SET_002560,2026-04-23T23:42:11,PayFlow,INR,30,27915.21,0.00,27915.21,BANK_002,PFSET_00002560,PAY_083230,PAY_081575
SET_002561,2026-04-22T20:23:23,PayFlow,INR,31,33210.27,0.00,33210.27,BANK_002,PFSET_00002561,PAY_080167,PAY_085575
SET_002562,2026-04-25T22:55:03,PayFlow,INR,30,38031.47,0.00,38031.47,BANK_002,PFSET_00002562,PAY_079553,PAY_084478
SET_002563,2026-04-26T01:34:38,PayFlow,INR,28,38951.14,0.00,38951.14,BANK_002,PFSET_00002563,PAY_083680,PAY_079626
SET_002564,2026-04-24T01:44:28,PayFlow,INR,39,43821.62,1443.85,42377.77,BANK_002,PFSET_00002564,PAY_085831,PAY_085202
SET_002565,2026-04-26T16:12:06,PayFlow,INR,39,48342.77,0.00,48342.77,BANK_002,PFSET_00002565,PAY_085668,PAY_084121
SET_002566,2026-04-23T19:58:29,PayFlow,INR,34,34566.43,0.00,34566.43,BANK_002,PFSET_00002566,PAY_078859,PAY_082709
SET_002567,2026-04-24T21:53:25,PayFlow,INR,26,27939.81,0.00,27939.81,BANK_002,PFSET_00002567,PAY_080698,PAY_084417
SET_002568,2026-04-26T02:01:56,PayFlow,INR,34,36133.03,83.47,36049.56,BANK_002,PFSET_00002568,PAY_084168,PAY_081884
SET_002569,2026-04-26T01:17:50,PayFlow,INR,30,43668.53,0.00,43668.53,BANK_002,PFSET_00002569,PAY_081259,PAY_082597
SET_002570,2026-04-25T02:13:12,PayFlow,INR,32,28920.88,0.00,28920.88,BANK_002,PFSET_00002570,PAY_084130,PAY_082698
SET_002571,2026-04-25T03:27:58,PayFlow,INR,31,44964.19,0.00,44964.19,BANK_002,PFSET_00002571,PAY_085817,PAY_084665
SET_002572,2026-04-26T03:23:32,PayFlow,INR,26,38927.51,0.00,38927.51,BANK_002,PFSET_00002572,PAY_085581,PAY_082030
SET_002573,2026-04-24T03:44:13,PayFlow,INR,25,29824.59,0.00,29824.59,BANK_002,PFSET_00002573,PAY_079823,PAY_078662
SET_002574,2026-04-24T20:11:22,PayFlow,INR,38,56884.82,1428.15,55456.67,BANK_002,PFSET_00002574,PAY_082829,PAY_085386
SET_002575,2026-04-25T18:01:56,PayFlow,INR,26,24350.44,0.00,24350.44,BANK_002,PFSET_00002575,PAY_086077,PAY_080706
SET_002576,2026-04-27T02:21:52,PayFlow,INR,34,45197.42,0.00,45197.42,BANK_002,PFSET_00002576,PAY_085460,PAY_082899
SET_002577,2026-04-27T20:17:29,PayFlow,INR,32,43328.12,877.64,42450.48,BANK_002,PFSET_00002577,PAY_081920,PAY_081776
SET_002578,2026-04-27T01:35:02,PayFlow,INR,42,58540.18,701.30,57838.88,BANK_002,PFSET_00002578,PAY_079658,PAY_080226
SET_002579,2026-04-25T01:08:16,PayFlow,INR,40,37930.13,0.00,37930.13,BANK_002,PFSET_00002579,PAY_083944,PAY_084466
SET_002580,2026-04-26T01:41:34,PayFlow,INR,29,38044.68,935.27,37109.41,BANK_002,PFSET_00002580,PAY_081874,PAY_085888
SET_002581,2026-04-25T00:59:03,PayFlow,INR,28,22576.17,0.00,22576.17,BANK_002,PFSET_00002581,PAY_083378,PAY_083981
SET_002582,2026-04-26T21:27:40,PayFlow,INR,39,41965.50,697.43,41268.07,BANK_002,PFSET_00002582,PAY_082806,PAY_085772
SET_002583,2026-04-26T00:55:53,PayFlow,INR,36,44492.09,0.00,44492.09,BANK_002,PFSET_00002583,PAY_084493,PAY_082053
SET_002584,2026-04-26T20:11:19,PayFlow,INR,27,37869.02,0.00,37869.02,BANK_002,PFSET_00002584,PAY_081225,PAY_081537
SET_002585,2026-04-29T00:38:50,PayFlow,INR,28,38102.26,671.07,37431.19,BANK_002,PFSET_00002585,PAY_078854,PAY_080689
SET_002586,2026-04-27T22:00:43,PayFlow,INR,33,36854.69,0.00,36854.69,BANK_002,PFSET_00002586,PAY_079141,PAY_078565
SET_002587,2026-04-29T04:47:48,PayFlow,INR,34,43935.97,0.00,43935.97,BANK_002,PFSET_00002587,PAY_084632,PAY_084683
SET_002588,2026-04-26T22:37:03,PayFlow,INR,35,37619.33,0.00,37619.33,BANK_002,PFSET_00002588,PAY_084325,PAY_082625
SET_002589,2026-04-28T15:03:03,PayFlow,INR,44,52541.09,1896.79,50644.30,BANK_002,PFSET_00002589,PAY_085927,PAY_084786
SET_002590,2026-04-26T19:19:24,PayFlow,INR,25,23410.43,0.00,23410.43,BANK_002,PFSET_00002590,PAY_082027,PAY_083532
SET_002591,2026-04-27T23:04:47,PayFlow,INR,34,40084.01,0.00,40084.01,BANK_002,PFSET_00002591,PAY_078377,PAY_084847
SET_002592,2026-04-28T22:53:09,PayFlow,INR,29,35448.64,0.00,35448.64,BANK_002,PFSET_00002592,PAY_080845,PAY_078373
SET_002593,2026-04-29T19:07:11,PayFlow,INR,33,56972.44,0.00,56972.44,BANK_002,PFSET_00002593,PAY_084198,PAY_081921
SET_002594,2026-04-29T02:13:41,PayFlow,INR,33,55778.32,662.95,55115.37,BANK_002,PFSET_00002594,PAY_079235,PAY_082073
SET_002595,2026-04-30T01:45:34,PayFlow,INR,31,40976.98,2676.24,38300.74,BANK_002,PFSET_00002595,PAY_083466,PAY_084407
SET_002596,2026-04-28T23:12:10,PayFlow,INR,40,49375.61,0.00,49375.61,BANK_002,PFSET_00002596,PAY_086264,PAY_083656
SET_002597,2026-04-30T14:33:00,PayFlow,INR,30,30976.38,402.38,30574.00,BANK_002,PFSET_00002597,PAY_082214,PAY_080932
SET_002598,2026-04-28T19:07:22,PayFlow,INR,28,37257.20,0.00,37257.20,BANK_002,PFSET_00002598,PAY_079331,PAY_078832
SET_002599,2026-04-30T01:45:55,PayFlow,INR,39,53238.25,7405.74,45832.51,BANK_002,PFSET_00002599,PAY_081898,PAY_082923
SET_002600,2026-04-28T22:39:47,PayFlow,INR,30,42043.74,0.00,42043.74,BANK_002,PFSET_00002600,PAY_078755,PAY_078970
SET_002601,2026-04-29T23:05:00,PayFlow,INR,31,33405.19,0.00,33405.19,BANK_002,PFSET_00002601,PAY_080672,PAY_082022
SET_002602,2026-04-30T05:43:32,PayFlow,INR,34,52235.59,0.00,52235.59,BANK_002,PFSET_00002602,PAY_085751,PAY_078637
SET_002603,2026-04-28T06:31:18,PayFlow,INR,33,46540.95,0.00,46540.95,BANK_002,PFSET_00002603,PAY_082782,PAY_080961
SET_002604,2026-04-28T13:57:07,PayFlow,INR,33,36667.91,0.00,36667.91,BANK_002,PFSET_00002604,PAY_078786,PAY_083425
SET_002605,2026-04-28T20:14:29,PayFlow,INR,35,38525.78,0.00,38525.78,BANK_002,PFSET_00002605,PAY_078877,PAY_080609
SET_002606,2026-04-29T02:01:18,PayFlow,INR,36,33593.73,0.00,33593.73,BANK_002,PFSET_00002606,PAY_084613,PAY_082848
SET_002607,2026-04-29T01:03:50,PayFlow,INR,27,28726.09,0.00,28726.09,BANK_002,PFSET_00002607,PAY_084157,PAY_086003
SET_002608,2026-05-01T21:46:44,PayFlow,INR,34,47581.94,0.00,47581.94,BANK_002,PFSET_00002608,PAY_085412,PAY_078907
SET_002609,2026-04-30T01:06:07,PayFlow,INR,30,47894.53,0.00,47894.53,BANK_002,PFSET_00002609,PAY_079637,PAY_083182
SET_002610,2026-04-29T06:45:22,PayFlow,INR,42,38114.17,0.00,38114.17,BANK_002,PFSET_00002610,PAY_082280,PAY_078678
SET_002611,2026-05-01T20:14:27,PayFlow,INR,34,42463.61,0.00,42463.61,BANK_002,PFSET_00002611,PAY_080767,PAY_080543
SET_002612,2026-04-30T17:30:03,PayFlow,INR,30,27344.83,0.00,27344.83,BANK_002,PFSET_00002612,PAY_085303,PAY_083742
SET_002613,2026-04-30T18:19:12,PayFlow,INR,28,39556.86,0.00,39556.86,BANK_002,PFSET_00002613,PAY_081068,PAY_081808
SET_002614,2026-04-30T00:04:14,PayFlow,INR,47,42757.52,612.34,42145.18,BANK_002,PFSET_00002614,PAY_083691,PAY_080770
SET_002615,2026-05-01T21:52:13,PayFlow,INR,28,34936.82,0.00,34936.82,BANK_002,PFSET_00002615,PAY_084328,PAY_082290
SET_002616,2026-05-03T04:40:36,PayFlow,INR,31,29053.41,0.00,29053.41,BANK_002,PFSET_00002616,PAY_081566,PAY_084740
SET_002617,2026-05-02T02:20:29,PayFlow,INR,29,32733.84,2169.67,30564.17,BANK_002,PFSET_00002617,PAY_083264,PAY_084424
SET_002618,2026-05-01T06:15:47,PayFlow,INR,27,41789.11,0.00,41789.11,BANK_002,PFSET_00002618,PAY_085895,PAY_083820
SET_002619,2026-05-03T01:10:59,PayFlow,INR,29,37177.17,0.00,37177.17,BANK_002,PFSET_00002619,PAY_078649,PAY_081447
SET_002620,2026-05-03T09:32:30,PayFlow,INR,34,35277.41,0.00,35277.41,BANK_002,PFSET_00002620,PAY_083372,PAY_084608
SET_002621,2026-04-30T23:23:55,PayFlow,INR,28,54456.90,0.00,54456.90,BANK_002,PFSET_00002621,PAY_086296,PAY_080488
SET_002622,2026-05-01T00:16:53,PayFlow,INR,30,26570.72,0.00,26570.72,BANK_002,PFSET_00002622,PAY_078735,PAY_081473
SET_002623,2026-05-02T20:10:50,PayFlow,INR,34,37817.96,0.00,37817.96,BANK_002,PFSET_00002623,PAY_082714,PAY_080261
SET_002624,2026-05-02T19:30:02,PayFlow,INR,28,33091.87,0.00,33091.87,BANK_002,PFSET_00002624,PAY_079420,PAY_082924
SET_002625,2026-05-01T21:20:51,PayFlow,INR,26,32085.39,1145.78,30939.61,BANK_002,PFSET_00002625,PAY_078579,PAY_085775
SET_002626,2026-05-01T02:44:13,PayFlow,INR,34,33705.84,0.00,33705.84,BANK_002,PFSET_00002626,PAY_081613,PAY_079528
SET_002627,2026-05-02T04:13:13,PayFlow,INR,29,34973.37,0.00,34973.37,BANK_002,PFSET_00002627,PAY_081135,PAY_083227
SET_002628,2026-05-02T06:02:35,PayFlow,INR,34,24533.80,377.60,24156.20,BANK_002,PFSET_00002628,PAY_080565,PAY_079452
SET_002629,2026-05-03T05:05:10,PayFlow,INR,39,48552.98,0.00,48552.98,BANK_002,PFSET_00002629,PAY_083950,PAY_081556
SET_002630,2026-05-02T14:44:18,PayFlow,INR,32,35191.23,0.00,35191.23,BANK_002,PFSET_00002630,PAY_079724,PAY_083258
SET_002631,2026-05-03T23:07:32,PayFlow,INR,28,30894.22,0.00,30894.22,BANK_002,PFSET_00002631,PAY_078427,PAY_084580
SET_002632,2026-05-04T19:43:06,PayFlow,INR,44,49788.39,1651.74,48136.65,BANK_002,PFSET_00002632,PAY_084704,PAY_083436
SET_002633,2026-05-05T01:38:46,PayFlow,INR,38,45539.21,1879.34,43659.87,BANK_002,PFSET_00002633,PAY_078655,PAY_079012
SET_002634,2026-05-01T22:26:27,PayFlow,INR,36,44962.86,0.00,44962.86,BANK_002,PFSET_00002634,PAY_082015,PAY_080443
SET_002635,2026-05-03T20:42:02,PayFlow,INR,30,45007.32,0.00,45007.32,BANK_002,PFSET_00002635,PAY_082918,PAY_084205
SET_002636,2026-05-04T05:20:38,PayFlow,INR,30,38790.25,0.00,38790.25,BANK_002,PFSET_00002636,PAY_080681,PAY_080872
SET_002637,2026-05-03T05:05:26,PayFlow,INR,40,41378.96,541.62,40837.34,BANK_002,PFSET_00002637,PAY_078746,PAY_080936
SET_002638,2026-05-05T21:15:56,PayFlow,INR,42,57050.91,0.00,57050.91,BANK_002,PFSET_00002638,PAY_079328,PAY_089023
SET_002639,2026-05-04T22:06:47,PayFlow,INR,38,45002.52,0.00,45002.52,BANK_002,PFSET_00002639,PAY_087293,PAY_087261
SET_002640,2026-05-05T21:59:33,PayFlow,INR,32,46819.61,1618.40,45201.21,BANK_002,PFSET_00002640,PAY_089301,PAY_088841
SET_002641,2026-05-05T01:45:22,PayFlow,INR,31,43453.10,0.00,43453.10,BANK_002,PFSET_00002641,PAY_095669,PAY_091611
SET_002642,2026-05-06T04:01:12,PayFlow,INR,30,42643.33,493.68,42149.65,BANK_002,PFSET_00002642,PAY_095678,PAY_095609
SET_002643,2026-05-05T23:33:32,PayFlow,INR,43,54477.91,0.00,54477.91,BANK_002,PFSET_00002643,PAY_089160,PAY_088083
SET_002644,2026-05-03T02:48:04,PayFlow,INR,39,58071.56,0.00,58071.56,BANK_002,PFSET_00002644,PAY_086394,PAY_093705
SET_002645,2026-05-03T23:24:16,PayFlow,INR,44,51740.29,0.00,51740.29,BANK_002,PFSET_00002645,PAY_095601,PAY_091463
SET_002646,2026-05-06T08:55:18,PayFlow,INR,30,42017.60,1449.04,40568.56,BANK_002,PFSET_00002646,PAY_089564,PAY_091661
SET_002647,2026-05-05T21:15:55,PayFlow,INR,32,47412.46,0.00,47412.46,BANK_002,PFSET_00002647,PAY_091937,PAY_090966
SET_002648,2026-05-04T18:42:57,PayFlow,INR,37,27082.91,904.18,26178.73,BANK_002,PFSET_00002648,PAY_089453,PAY_092174
SET_002649,2026-05-06T21:07:39,PayFlow,INR,27,36401.57,0.00,36401.57,BANK_002,PFSET_00002649,PAY_089593,PAY_090001
SET_002650,2026-05-05T23:00:12,PayFlow,INR,32,30849.76,0.00,30849.76,BANK_002,PFSET_00002650,PAY_094768,PAY_090049
SET_002651,2026-05-04T00:08:17,PayFlow,INR,34,58393.99,0.00,58393.99,BANK_002,PFSET_00002651,PAY_094737,PAY_086950
SET_002652,2026-05-06T02:10:19,PayFlow,INR,26,39215.15,269.15,38946.00,BANK_002,PFSET_00002652,PAY_093760,PAY_094485
SET_002653,2026-05-05T02:06:36,PayFlow,INR,34,46667.44,0.00,46667.44,BANK_002,PFSET_00002653,PAY_087710,PAY_093413
SET_002654,2026-05-03T23:49:57,PayFlow,INR,34,41713.28,0.00,41713.28,BANK_002,PFSET_00002654,PAY_088246,PAY_090134
SET_002655,2026-05-07T13:58:26,PayFlow,INR,27,28233.37,137.35,28096.02,BANK_002,PFSET_00002655,PAY_088657,PAY_093396
SET_002656,2026-05-06T21:47:26,PayFlow,INR,34,59321.16,791.78,58529.38,BANK_002,PFSET_00002656,PAY_087196,PAY_088278
SET_002657,2026-05-04T23:53:55,PayFlow,INR,31,33736.20,0.00,33736.20,BANK_002,PFSET_00002657,PAY_091577,PAY_088480
SET_002658,2026-05-06T00:11:55,PayFlow,INR,35,34844.49,0.00,34844.49,BANK_002,PFSET_00002658,PAY_094383,PAY_091529
SET_002659,2026-05-07T23:02:45,PayFlow,INR,29,37676.74,0.00,37676.74,BANK_002,PFSET_00002659,PAY_095369,PAY_092920
SET_002660,2026-05-05T23:39:47,PayFlow,INR,28,29749.21,0.00,29749.21,BANK_002,PFSET_00002660,PAY_086349,PAY_087527
SET_002661,2026-05-08T01:46:47,PayFlow,INR,32,42702.21,0.00,42702.21,BANK_002,PFSET_00002661,PAY_089865,PAY_092353
SET_002662,2026-05-04T21:24:46,PayFlow,INR,28,28170.40,0.00,28170.40,BANK_002,PFSET_00002662,PAY_087947,PAY_093946
SET_002663,2026-05-06T05:53:17,PayFlow,INR,33,37043.75,174.88,36868.87,BANK_002,PFSET_00002663,PAY_095320,PAY_093952
SET_002664,2026-05-08T05:22:35,PayFlow,INR,36,40374.43,0.00,40374.43,BANK_002,PFSET_00002664,PAY_090564,PAY_087497
SET_002665,2026-05-07T12:58:16,PayFlow,INR,28,35639.19,737.26,34901.93,BANK_002,PFSET_00002665,PAY_092524,PAY_094419
SET_002666,2026-05-06T17:12:20,PayFlow,INR,33,39967.25,0.00,39967.25,BANK_002,PFSET_00002666,PAY_091048,PAY_089542
SET_002667,2026-05-09T01:15:17,PayFlow,INR,30,36088.27,0.00,36088.27,BANK_002,PFSET_00002667,PAY_092332,PAY_090746
SET_002668,2026-05-06T00:30:07,PayFlow,INR,33,34700.58,0.00,34700.58,BANK_002,PFSET_00002668,PAY_091006,PAY_095193
SET_002669,2026-05-08T02:38:42,PayFlow,INR,31,38509.99,0.00,38509.99,BANK_002,PFSET_00002669,PAY_088936,PAY_090217
SET_002670,2026-05-06T20:40:40,PayFlow,INR,29,32853.50,0.00,32853.50,BANK_002,PFSET_00002670,PAY_094813,PAY_089510
SET_002671,2026-05-08T22:35:24,PayFlow,INR,28,37527.33,1628.52,35898.81,BANK_002,PFSET_00002671,PAY_094152,PAY_093275
SET_002672,2026-05-07T04:05:33,PayFlow,INR,37,37933.55,2215.10,35718.45,BANK_002,PFSET_00002672,PAY_089131,PAY_092669
SET_002673,2026-05-09T04:24:15,PayFlow,INR,41,45292.39,405.90,44886.49,BANK_002,PFSET_00002673,PAY_093262,PAY_087662
SET_002674,2026-05-09T17:41:12,PayFlow,INR,34,34993.20,0.00,34993.20,BANK_002,PFSET_00002674,PAY_089876,PAY_089601
SET_002675,2026-05-07T16:49:51,PayFlow,INR,31,37665.73,0.00,37665.73,BANK_002,PFSET_00002675,PAY_090758,PAY_091216
SET_002676,2026-05-06T19:02:54,PayFlow,INR,39,55553.53,0.00,55553.53,BANK_002,PFSET_00002676,PAY_091697,PAY_087957
SET_002677,2026-05-09T02:49:48,PayFlow,INR,33,48791.57,0.00,48791.57,BANK_002,PFSET_00002677,PAY_091747,PAY_091076
SET_002678,2026-05-07T23:22:30,PayFlow,INR,37,51577.20,0.00,51577.20,BANK_002,PFSET_00002678,PAY_095426,PAY_089729
SET_002679,2026-05-10T04:38:20,PayFlow,INR,35,40077.95,0.00,40077.95,BANK_002,PFSET_00002679,PAY_087283,PAY_087126
SET_002680,2026-05-06T21:28:04,PayFlow,INR,39,53844.05,0.00,53844.05,BANK_002,PFSET_00002680,PAY_092584,PAY_090180
SET_002681,2026-05-07T21:40:31,PayFlow,INR,30,35646.07,0.00,35646.07,BANK_002,PFSET_00002681,PAY_093063,PAY_089768
SET_002682,2026-05-07T06:24:34,PayFlow,INR,31,34981.09,0.00,34981.09,BANK_002,PFSET_00002682,PAY_091768,PAY_093637
SET_002683,2026-05-09T04:00:58,PayFlow,INR,31,39298.94,0.00,39298.94,BANK_002,PFSET_00002683,PAY_087418,PAY_091873
SET_002684,2026-05-10T15:44:07,PayFlow,INR,36,38443.83,0.00,38443.83,BANK_002,PFSET_00002684,PAY_093968,PAY_090541
SET_002685,2026-05-09T18:11:44,PayFlow,INR,34,51361.91,0.00,51361.91,BANK_002,PFSET_00002685,PAY_093711,PAY_095008
SET_002686,2026-05-10T23:43:08,PayFlow,INR,32,32957.99,0.00,32957.99,BANK_002,PFSET_00002686,PAY_086886,PAY_091051
SET_002687,2026-05-07T21:20:55,PayFlow,INR,31,46408.91,0.00,46408.91,BANK_002,PFSET_00002687,PAY_087952,PAY_092620
SET_002688,2026-05-09T01:35:25,PayFlow,INR,33,38876.12,0.00,38876.12,BANK_002,PFSET_00002688,PAY_092757,PAY_094602
SET_002689,2026-05-09T23:37:09,PayFlow,INR,35,41450.87,0.00,41450.87,BANK_002,PFSET_00002689,PAY_091736,PAY_095449
SET_002690,2026-05-08T22:54:47,PayFlow,INR,34,28498.02,0.00,28498.02,BANK_002,PFSET_00002690,PAY_091335,PAY_087097
SET_002691,2026-05-11T05:41:53,PayFlow,INR,30,41749.13,1700.16,40048.97,BANK_002,PFSET_00002691,PAY_094046,PAY_092863
SET_002692,2026-05-10T03:20:07,PayFlow,INR,30,32669.29,0.00,32669.29,BANK_002,PFSET_00002692,PAY_088633,PAY_087016
SET_002693,2026-05-10T01:42:47,PayFlow,INR,28,26312.48,0.00,26312.48,BANK_002,PFSET_00002693,PAY_095360,PAY_090497
SET_002694,2026-05-11T11:38:17,PayFlow,INR,35,50313.82,0.00,50313.82,BANK_002,PFSET_00002694,PAY_094881,PAY_092498
SET_002695,2026-05-11T21:46:33,PayFlow,INR,35,53320.06,0.00,53320.06,BANK_002,PFSET_00002695,PAY_089608,PAY_091513
SET_002696,2026-05-08T18:10:57,PayFlow,INR,28,36240.51,0.00,36240.51,BANK_002,PFSET_00002696,PAY_089726,PAY_092765
SET_002697,2026-05-11T17:06:42,PayFlow,INR,32,42270.77,0.00,42270.77,BANK_002,PFSET_00002697,PAY_087677,PAY_094143
SET_002698,2026-05-09T00:29:42,PayFlow,INR,38,54555.11,0.00,54555.11,BANK_002,PFSET_00002698,PAY_092251,PAY_092327
SET_002699,2026-05-09T04:22:48,PayFlow,INR,37,38080.90,0.00,38080.90,BANK_002,PFSET_00002699,PAY_088038,PAY_092111
SET_002700,2026-05-12T01:36:55,PayFlow,INR,35,50914.33,0.00,50914.33,BANK_002,PFSET_00002700,PAY_087746,PAY_088146
SET_002701,2026-05-09T04:16:06,PayFlow,INR,39,36535.82,0.00,36535.82,BANK_002,PFSET_00002701,PAY_093370,PAY_091308
SET_002702,2026-05-09T22:47:10,PayFlow,INR,35,40251.33,0.00,40251.33,BANK_002,PFSET_00002702,PAY_091759,PAY_088999
SET_002703,2026-05-11T01:25:56,PayFlow,INR,31,30494.16,0.00,30494.16,BANK_002,PFSET_00002703,PAY_094735,PAY_090230
SET_002704,2026-05-12T21:48:39,PayFlow,INR,34,48116.67,295.00,47821.67,BANK_002,PFSET_00002704,PAY_094486,PAY_088599
SET_002705,2026-05-12T20:54:04,PayFlow,INR,29,31525.09,0.00,31525.09,BANK_002,PFSET_00002705,PAY_090146,PAY_089440
SET_002706,2026-05-11T22:19:00,PayFlow,INR,29,29162.93,2699.84,26463.09,BANK_002,PFSET_00002706,PAY_095233,PAY_089325
SET_002707,2026-05-10T21:23:49,PayFlow,INR,35,54106.10,0.00,54106.10,BANK_002,PFSET_00002707,PAY_091820,PAY_093390
SET_002708,2026-05-09T20:36:02,PayFlow,INR,40,46309.40,0.00,46309.40,BANK_002,PFSET_00002708,PAY_090949,PAY_088601
SET_002709,2026-05-10T03:05:33,PayFlow,INR,33,31784.17,0.00,31784.17,BANK_002,PFSET_00002709,PAY_088271,PAY_090954
SET_002710,2026-05-09T22:40:19,PayFlow,INR,32,39707.30,0.00,39707.30,BANK_002,PFSET_00002710,PAY_091151,PAY_091371
SET_002711,2026-05-13T03:39:49,PayFlow,INR,36,44991.25,0.00,44991.25,BANK_002,PFSET_00002711,PAY_093366,PAY_089610
SET_002712,2026-05-13T07:02:13,PayFlow,INR,26,34205.69,0.00,34205.69,BANK_002,PFSET_00002712,PAY_095142,PAY_095045
SET_002713,2026-05-11T16:11:41,PayFlow,INR,33,40486.87,1006.19,39480.68,BANK_002,PFSET_00002713,PAY_091272,PAY_087984
SET_002714,2026-05-13T13:57:34,PayFlow,INR,28,29082.47,81.77,29000.70,BANK_002,PFSET_00002714,PAY_093730,PAY_091609
SET_002715,2026-05-12T21:48:06,PayFlow,INR,26,31916.09,0.00,31916.09,BANK_002,PFSET_00002715,PAY_093115,PAY_095708
SET_002716,2026-05-13T22:40:03,PayFlow,INR,26,41590.48,0.00,41590.48,BANK_002,PFSET_00002716,PAY_093342,PAY_088571
SET_002717,2026-05-13T02:31:15,PayFlow,INR,25,24978.04,0.00,24978.04,BANK_002,PFSET_00002717,PAY_091604,PAY_089728
SET_002718,2026-05-13T23:33:32,PayFlow,INR,27,44880.73,0.00,44880.73,BANK_002,PFSET_00002718,PAY_086474,PAY_087818
SET_002719,2026-05-13T21:18:53,PayFlow,INR,31,36021.62,0.00,36021.62,BANK_002,PFSET_00002719,PAY_089879,PAY_094816
SET_002720,2026-05-11T20:43:32,PayFlow,INR,38,57970.77,0.00,57970.77,BANK_002,PFSET_00002720,PAY_095055,PAY_095599
SET_002721,2026-05-11T06:12:21,PayFlow,INR,36,43638.18,0.00,43638.18,BANK_002,PFSET_00002721,PAY_093049,PAY_089801
SET_002722,2026-05-12T08:58:44,PayFlow,INR,32,30204.58,0.00,30204.58,BANK_002,PFSET_00002722,PAY_089342,PAY_093226
SET_002723,2026-05-14T13:40:23,PayFlow,INR,29,28579.47,0.00,28579.47,BANK_002,PFSET_00002723,PAY_090277,PAY_090083
SET_002724,2026-05-14T22:57:38,PayFlow,INR,29,34290.05,0.00,34290.05,BANK_002,PFSET_00002724,PAY_088300,PAY_087910
SET_002725,2026-05-11T19:36:56,PayFlow,INR,39,45983.74,0.00,45983.74,BANK_002,PFSET_00002725,PAY_093673,PAY_092249
SET_002726,2026-05-11T21:51:36,PayFlow,INR,34,33304.00,0.00,33304.00,BANK_002,PFSET_00002726,PAY_087424,PAY_094799
SET_002727,2026-05-14T22:35:10,PayFlow,INR,30,32531.82,485.19,32046.63,BANK_002,PFSET_00002727,PAY_089906,PAY_095384
SET_002728,2026-05-13T00:28:47,PayFlow,INR,36,51965.08,0.00,51965.08,BANK_002,PFSET_00002728,PAY_095786,PAY_092533
SET_002729,2026-05-13T01:06:19,PayFlow,INR,26,32325.37,0.00,32325.37,BANK_002,PFSET_00002729,PAY_087794,PAY_095319
SET_002730,2026-05-12T08:54:08,PayFlow,INR,31,39249.10,0.00,39249.10,BANK_002,PFSET_00002730,PAY_091394,PAY_094049
SET_002731,2026-05-12T14:31:13,PayFlow,INR,27,35506.93,0.00,35506.93,BANK_002,PFSET_00002731,PAY_088993,PAY_095364
SET_002732,2026-05-15T16:29:57,PayFlow,INR,33,32611.30,0.00,32611.30,BANK_002,PFSET_00002732,PAY_086406,PAY_088390
SET_002733,2026-05-14T21:57:43,PayFlow,INR,33,33615.59,0.00,33615.59,BANK_002,PFSET_00002733,PAY_091691,PAY_091877
SET_002734,2026-05-13T02:34:38,PayFlow,INR,33,47648.45,0.00,47648.45,BANK_002,PFSET_00002734,PAY_089881,PAY_091794
SET_002735,2026-05-15T22:51:15,PayFlow,INR,25,32041.62,0.00,32041.62,BANK_002,PFSET_00002735,PAY_091935,PAY_087412
SET_002736,2026-05-14T00:10:52,PayFlow,INR,29,38497.87,0.00,38497.87,BANK_002,PFSET_00002736,PAY_089419,PAY_091695
SET_002737,2026-05-14T03:26:19,PayFlow,INR,42,40673.44,0.00,40673.44,BANK_002,PFSET_00002737,PAY_093554,PAY_094897
SET_002738,2026-05-14T03:55:46,PayFlow,INR,38,48458.36,0.00,48458.36,BANK_002,PFSET_00002738,PAY_095631,PAY_088524
SET_002739,2026-05-16T20:59:17,PayFlow,INR,44,52748.28,1613.58,51134.70,BANK_002,PFSET_00002739,PAY_086867,PAY_092629
SET_002740,2026-05-15T21:14:21,PayFlow,INR,29,31883.07,0.00,31883.07,BANK_002,PFSET_00002740,PAY_091567,PAY_089150
SET_002741,2026-05-15T01:18:06,PayFlow,INR,32,50183.23,0.00,50183.23,BANK_002,PFSET_00002741,PAY_095312,PAY_094976
SET_002742,2026-05-13T22:22:47,PayFlow,INR,35,40970.32,0.00,40970.32,BANK_002,PFSET_00002742,PAY_086577,PAY_094779
SET_002743,2026-05-15T21:05:03,PayFlow,INR,26,33310.71,0.00,33310.71,BANK_002,PFSET_00002743,PAY_088121,PAY_092417
SET_002744,2026-05-17T03:08:33,PayFlow,INR,29,41426.28,0.00,41426.28,BANK_002,PFSET_00002744,PAY_091713,PAY_091498
SET_002745,2026-05-17T02:48:33,PayFlow,INR,27,30181.96,200.09,29981.87,BANK_002,PFSET_00002745,PAY_088700,PAY_094876
SET_002746,2026-05-16T02:28:37,PayFlow,INR,32,44327.66,0.00,44327.66,BANK_002,PFSET_00002746,PAY_093841,PAY_095590
SET_002747,2026-05-14T03:13:55,PayFlow,INR,36,37466.11,0.00,37466.11,BANK_002,PFSET_00002747,PAY_092778,PAY_091598
SET_002748,2026-05-14T01:05:06,PayFlow,INR,31,34942.31,0.00,34942.31,BANK_002,PFSET_00002748,PAY_092198,PAY_089196
SET_002749,2026-05-15T06:36:29,PayFlow,INR,31,41456.48,2600.64,38855.84,BANK_002,PFSET_00002749,PAY_093220,PAY_089366
SET_002750,2026-05-14T12:36:05,PayFlow,INR,32,34054.61,0.00,34054.61,BANK_002,PFSET_00002750,PAY_089623,PAY_090368
SET_002751,2026-05-17T18:19:07,PayFlow,INR,29,32743.97,0.00,32743.97,BANK_002,PFSET_00002751,PAY_090385,PAY_090450
SET_002752,2026-05-15T21:15:01,PayFlow,INR,33,36522.23,0.00,36522.23,BANK_002,PFSET_00002752,PAY_088759,PAY_089377
SET_002753,2026-05-17T02:06:10,PayFlow,INR,26,37567.91,0.00,37567.91,BANK_002,PFSET_00002753,PAY_091038,PAY_088582
SET_002754,2026-05-16T18:25:28,PayFlow,INR,32,25115.42,0.00,25115.42,BANK_002,PFSET_00002754,PAY_088692,PAY_095603
SET_002755,2026-05-14T22:28:39,PayFlow,INR,29,38429.76,0.00,38429.76,BANK_002,PFSET_00002755,PAY_095428,PAY_091193
SET_002756,2026-05-16T03:32:24,PayFlow,INR,31,36293.27,0.00,36293.27,BANK_002,PFSET_00002756,PAY_092812,PAY_094550
SET_002757,2026-05-18T03:18:52,PayFlow,INR,31,38104.51,2682.44,35422.07,BANK_002,PFSET_00002757,PAY_091453,PAY_092305
SET_002758,2026-05-16T05:48:02,PayFlow,INR,26,35573.34,3543.48,32029.86,BANK_002,PFSET_00002758,PAY_088269,PAY_091236
SET_002759,2026-05-17T00:27:19,PayFlow,INR,33,36399.16,0.00,36399.16,BANK_002,PFSET_00002759,PAY_095524,PAY_088281
SET_002760,2026-05-17T00:04:20,PayFlow,INR,28,35123.34,3020.09,32103.25,BANK_002,PFSET_00002760,PAY_088139,PAY_094490
SET_002761,2026-05-18T05:11:37,PayFlow,INR,30,35805.76,0.00,35805.76,BANK_002,PFSET_00002761,PAY_091679,PAY_091027
SET_002762,2026-05-17T21:23:34,PayFlow,INR,31,36494.42,0.00,36494.42,BANK_002,PFSET_00002762,PAY_091252,PAY_090609
SET_002763,2026-05-18T01:08:52,PayFlow,INR,41,41660.99,690.10,40970.89,BANK_002,PFSET_00002763,PAY_094321,PAY_086354
SET_002764,2026-05-18T00:17:49,PayFlow,INR,32,38133.18,0.00,38133.18,BANK_002,PFSET_00002764,PAY_095495,PAY_093882
SET_002765,2026-05-16T02:42:10,PayFlow,INR,32,35035.81,0.00,35035.81,BANK_002,PFSET_00002765,PAY_090245,PAY_087717
SET_002766,2026-05-19T01:11:04,PayFlow,INR,25,21422.05,657.41,20764.64,BANK_002,PFSET_00002766,PAY_094428,PAY_088867
SET_002767,2026-05-18T02:09:39,PayFlow,INR,26,33532.20,0.00,33532.20,BANK_002,PFSET_00002767,PAY_094081,PAY_090231
SET_002768,2026-05-19T06:02:24,PayFlow,INR,33,40146.31,0.00,40146.31,BANK_002,PFSET_00002768,PAY_093104,PAY_087811
SET_002769,2026-05-16T03:34:00,PayFlow,INR,35,30900.26,0.00,30900.26,BANK_002,PFSET_00002769,PAY_089473,PAY_091587
SET_002770,2026-05-18T13:40:24,PayFlow,INR,33,37995.95,0.00,37995.95,BANK_002,PFSET_00002770,PAY_092751,PAY_088064
SET_002771,2026-05-18T16:17:59,PayFlow,INR,36,36024.52,1622.09,34402.43,BANK_002,PFSET_00002771,PAY_093754,PAY_095090
SET_002772,2026-05-16T23:10:53,PayFlow,INR,34,35236.12,0.00,35236.12,BANK_002,PFSET_00002772,PAY_086652,PAY_090081
SET_002773,2026-05-18T22:47:51,PayFlow,INR,30,31819.40,306.80,31512.60,BANK_002,PFSET_00002773,PAY_095254,PAY_088667
SET_002774,2026-05-20T00:55:03,PayFlow,INR,33,51293.27,0.00,51293.27,BANK_002,PFSET_00002774,PAY_092833,PAY_092794
SET_002775,2026-05-20T01:00:19,PayFlow,INR,29,35214.71,0.00,35214.71,BANK_002,PFSET_00002775,PAY_086941,PAY_089656
SET_002776,2026-05-17T22:56:51,PayFlow,INR,32,41524.18,0.00,41524.18,BANK_002,PFSET_00002776,PAY_090723,PAY_094352
SET_002777,2026-05-18T03:25:30,PayFlow,INR,29,37443.74,0.00,37443.74,BANK_002,PFSET_00002777,PAY_089634,PAY_095633
SET_002778,2026-05-19T00:06:56,PayFlow,INR,29,36342.04,0.00,36342.04,BANK_002,PFSET_00002778,PAY_087614,PAY_093163
SET_002779,2026-05-19T01:38:59,PayFlow,INR,38,46547.67,0.00,46547.67,BANK_002,PFSET_00002779,PAY_092656,PAY_092646
SET_002780,2026-05-20T19:00:05,PayFlow,INR,29,29533.50,1339.93,28193.57,BANK_002,PFSET_00002780,PAY_094980,PAY_086924
SET_002781,2026-05-17T17:48:48,PayFlow,INR,29,29964.87,817.55,29147.32,BANK_002,PFSET_00002781,PAY_086818,PAY_088664
SET_002782,2026-05-20T20:45:59,PayFlow,INR,27,26081.04,0.00,26081.04,BANK_002,PFSET_00002782,PAY_093466,PAY_091992
SET_002783,2026-05-19T18:12:09,PayFlow,INR,33,25353.04,0.00,25353.04,BANK_002,PFSET_00002783,PAY_089121,PAY_088363
SET_002784,2026-05-20T19:34:27,PayFlow,INR,45,55627.56,2559.24,53068.32,BANK_002,PFSET_00002784,PAY_091648,PAY_092325
SET_002785,2026-05-18T03:47:00,PayFlow,INR,35,48694.61,0.00,48694.61,BANK_002,PFSET_00002785,PAY_093899,PAY_093259
SET_002786,2026-05-21T03:25:38,PayFlow,INR,31,48966.01,0.00,48966.01,BANK_002,PFSET_00002786,PAY_092173,PAY_087086
SET_002787,2026-05-19T02:41:06,PayFlow,INR,33,47389.76,0.00,47389.76,BANK_002,PFSET_00002787,PAY_089908,PAY_086604
SET_002788,2026-05-19T02:55:25,PayFlow,INR,30,32777.41,0.00,32777.41,BANK_002,PFSET_00002788,PAY_090537,PAY_094863
SET_002789,2026-05-19T21:34:20,PayFlow,INR,33,37163.47,0.00,37163.47,BANK_002,PFSET_00002789,PAY_090125,PAY_086777
SET_002790,2026-05-20T22:25:50,PayFlow,INR,29,31207.77,1101.56,30106.21,BANK_002,PFSET_00002790,PAY_089124,PAY_088327
SET_002791,2026-05-21T20:47:25,PayFlow,INR,32,47622.39,74.36,47548.03,BANK_002,PFSET_00002791,PAY_090872,PAY_094626
SET_002792,2026-05-18T19:56:02,PayFlow,INR,29,35712.04,0.00,35712.04,BANK_002,PFSET_00002792,PAY_088171,PAY_095095
SET_002793,2026-05-19T04:00:55,PayFlow,INR,30,39943.40,1784.63,38158.77,BANK_002,PFSET_00002793,PAY_093701,PAY_093213
SET_002794,2026-05-19T20:42:39,PayFlow,INR,28,26044.19,0.00,26044.19,BANK_002,PFSET_00002794,PAY_093014,PAY_092674
SET_002795,2026-05-21T21:17:25,PayFlow,INR,36,40346.49,3098.46,37248.03,BANK_002,PFSET_00002795,PAY_088851,PAY_090920
SET_002796,2026-05-21T02:56:49,PayFlow,INR,36,44121.72,0.00,44121.72,BANK_002,PFSET_00002796,PAY_091583,PAY_088372
SET_002797,2026-05-19T06:33:02,PayFlow,INR,28,26775.40,0.00,26775.40,BANK_002,PFSET_00002797,PAY_093598,PAY_088110
SET_002798,2026-05-20T16:12:23,PayFlow,INR,32,32084.32,0.00,32084.32,BANK_002,PFSET_00002798,PAY_089041,PAY_089572
SET_002799,2026-05-19T17:09:52,PayFlow,INR,31,29175.54,0.00,29175.54,BANK_002,PFSET_00002799,PAY_094692,PAY_095465
SET_002800,2026-05-19T19:48:44,PayFlow,INR,32,38993.64,0.00,38993.64,BANK_002,PFSET_00002800,PAY_088112,PAY_088509
SET_002801,2026-05-20T23:49:45,PayFlow,INR,30,39428.61,0.00,39428.61,BANK_002,PFSET_00002801,PAY_093866,PAY_094096
SET_002802,2026-05-21T19:23:32,PayFlow,INR,26,29338.18,0.00,29338.18,BANK_002,PFSET_00002802,PAY_094034,PAY_090817
SET_002803,2026-05-23T04:04:46,PayFlow,INR,35,47262.40,66.21,47196.19,BANK_002,PFSET_00002803,PAY_093700,PAY_087346
SET_002804,2026-05-21T00:46:08,PayFlow,INR,34,51385.05,0.00,51385.05,BANK_002,PFSET_00002804,PAY_086661,PAY_093417
SET_002805,2026-05-20T02:32:27,PayFlow,INR,29,42642.80,0.00,42642.80,BANK_002,PFSET_00002805,PAY_092409,PAY_093782
SET_002806,2026-05-20T02:58:59,PayFlow,INR,33,50240.35,0.00,50240.35,BANK_002,PFSET_00002806,PAY_088581,PAY_094884
SET_002807,2026-05-23T03:18:50,PayFlow,INR,33,30938.20,0.00,30938.20,BANK_002,PFSET_00002807,PAY_092600,PAY_086718
SET_002808,2026-05-23T10:29:15,PayFlow,INR,30,35873.38,0.00,35873.38,BANK_002,PFSET_00002808,PAY_090517,PAY_092599
SET_002809,2026-05-20T17:33:38,PayFlow,INR,32,56452.09,0.00,56452.09,BANK_002,PFSET_00002809,PAY_094761,PAY_094868
SET_002810,2026-05-22T18:42:31,PayFlow,INR,34,46944.17,626.84,46317.33,BANK_002,PFSET_00002810,PAY_095435,PAY_089700
SET_002811,2026-05-23T18:00:15,PayFlow,INR,32,44419.31,0.00,44419.31,BANK_002,PFSET_00002811,PAY_091474,PAY_087644
SET_002812,2026-05-23T23:42:55,PayFlow,INR,43,55234.91,0.00,55234.91,BANK_002,PFSET_00002812,PAY_093616,PAY_095668
SET_002813,2026-05-21T03:01:18,PayFlow,INR,31,36368.16,0.00,36368.16,BANK_002,PFSET_00002813,PAY_088293,PAY_092367
SET_002814,2026-05-22T03:31:52,PayFlow,INR,32,41410.70,0.00,41410.70,BANK_002,PFSET_00002814,PAY_093027,PAY_086979
SET_002815,2026-05-22T05:53:02,PayFlow,INR,37,37022.01,0.00,37022.01,BANK_002,PFSET_00002815,PAY_092309,PAY_090113
SET_002816,2026-05-22T00:48:14,PayFlow,INR,30,36197.35,0.00,36197.35,BANK_002,PFSET_00002816,PAY_095535,PAY_094559
SET_002817,2026-05-24T06:28:55,PayFlow,INR,31,43509.23,0.00,43509.23,BANK_002,PFSET_00002817,PAY_095261,PAY_093358
SET_002818,2026-05-21T14:26:26,PayFlow,INR,31,33607.56,0.00,33607.56,BANK_002,PFSET_00002818,PAY_092008,PAY_089938
SET_002819,2026-05-22T16:11:10,PayFlow,INR,27,26520.43,0.00,26520.43,BANK_002,PFSET_00002819,PAY_087820,PAY_087739
SET_002820,2026-05-22T19:52:44,PayFlow,INR,43,52066.70,0.00,52066.70,BANK_002,PFSET_00002820,PAY_094899,PAY_092175
SET_002821,2026-05-24T02:05:11,PayFlow,INR,30,35622.98,0.00,35622.98,BANK_002,PFSET_00002821,PAY_090916,PAY_092640
SET_002822,2026-05-23T21:10:37,PayFlow,INR,31,39258.06,0.00,39258.06,BANK_002,PFSET_00002822,PAY_087537,PAY_095593
SET_002823,2026-05-25T03:17:56,PayFlow,INR,37,36095.45,383.50,35711.95,BANK_002,PFSET_00002823,PAY_089645,PAY_093626
SET_002824,2026-05-22T02:32:45,PayFlow,INR,31,44548.42,0.00,44548.42,BANK_002,PFSET_00002824,PAY_090676,PAY_093980
SET_002825,2026-05-24T01:48:10,PayFlow,INR,31,38125.89,0.00,38125.89,BANK_002,PFSET_00002825,PAY_095027,PAY_095262
SET_002826,2026-05-25T04:05:00,PayFlow,INR,35,49250.69,2703.30,46547.39,BANK_002,PFSET_00002826,PAY_090779,PAY_089511
SET_002827,2026-05-22T03:11:01,PayFlow,INR,42,46502.64,0.00,46502.64,BANK_002,PFSET_00002827,PAY_091685,PAY_091092
SET_002828,2026-05-22T13:37:10,PayFlow,INR,41,60174.87,0.00,60174.87,BANK_002,PFSET_00002828,PAY_095106,PAY_095698
SET_002829,2026-05-25T19:21:34,PayFlow,INR,34,32295.18,0.00,32295.18,BANK_002,PFSET_00002829,PAY_095771,PAY_093645
SET_002830,2026-05-25T00:52:10,PayFlow,INR,29,33999.12,0.00,33999.12,BANK_002,PFSET_00002830,PAY_092335,PAY_093346
SET_002831,2026-05-22T18:52:45,PayFlow,INR,29,35301.05,0.00,35301.05,BANK_002,PFSET_00002831,PAY_089475,PAY_092139
SET_002832,2026-05-25T19:26:00,PayFlow,INR,30,34625.95,0.00,34625.95,BANK_002,PFSET_00002832,PAY_088886,PAY_094847
SET_002833,2026-05-23T21:44:33,PayFlow,INR,32,45337.67,0.00,45337.67,BANK_002,PFSET_00002833,PAY_090535,PAY_092914
SET_002834,2026-05-26T01:10:04,PayFlow,INR,32,41065.27,0.00,41065.27,BANK_002,PFSET_00002834,PAY_086336,PAY_088672
SET_002835,2026-05-22T21:20:26,PayFlow,INR,30,34248.77,0.00,34248.77,BANK_002,PFSET_00002835,PAY_093891,PAY_089206
SET_002836,2026-05-25T04:56:36,PayFlow,INR,32,49764.37,0.00,49764.37,BANK_002,PFSET_00002836,PAY_090059,PAY_095223
SET_002837,2026-05-26T07:29:38,PayFlow,INR,37,47210.13,0.00,47210.13,BANK_002,PFSET_00002837,PAY_091530,PAY_086397
SET_002838,2026-05-25T15:04:42,PayFlow,INR,43,46037.79,0.00,46037.79,BANK_002,PFSET_00002838,PAY_091457,PAY_092836
SET_002839,2026-05-26T22:11:32,PayFlow,INR,35,49017.89,0.00,49017.89,BANK_002,PFSET_00002839,PAY_087816,PAY_088147
SET_002840,2026-05-23T19:18:41,PayFlow,INR,36,42755.90,0.00,42755.90,BANK_002,PFSET_00002840,PAY_093180,PAY_088426
SET_002841,2026-05-25T22:04:00,PayFlow,INR,30,26449.33,0.00,26449.33,BANK_002,PFSET_00002841,PAY_095789,PAY_094862
SET_002842,2026-05-26T03:34:37,PayFlow,INR,36,40881.68,0.00,40881.68,BANK_002,PFSET_00002842,PAY_088022,PAY_090470
SET_002843,2026-05-25T23:37:44,PayFlow,INR,32,35749.65,0.00,35749.65,BANK_002,PFSET_00002843,PAY_095129,PAY_090533
SET_002844,2026-05-24T05:04:50,PayFlow,INR,37,37739.58,0.00,37739.58,BANK_002,PFSET_00002844,PAY_094280,PAY_094903
SET_002845,2026-05-26T21:52:03,PayFlow,INR,32,40553.64,0.00,40553.64,BANK_002,PFSET_00002845,PAY_091176,PAY_088847
SET_002846,2026-05-27T06:31:28,PayFlow,INR,29,32377.60,0.00,32377.60,BANK_002,PFSET_00002846,PAY_094873,PAY_086476
SET_002847,2026-05-25T08:32:12,PayFlow,INR,36,45834.76,0.00,45834.76,BANK_002,PFSET_00002847,PAY_086841,PAY_094386
SET_002848,2026-05-25T17:14:01,PayFlow,INR,37,48595.06,0.00,48595.06,BANK_002,PFSET_00002848,PAY_094291,PAY_094235
SET_002849,2026-05-26T19:34:29,PayFlow,INR,36,40040.41,0.00,40040.41,BANK_002,PFSET_00002849,PAY_090945,PAY_095249
SET_002850,2026-05-24T19:35:08,PayFlow,INR,41,51178.17,0.00,51178.17,BANK_002,PFSET_00002850,PAY_090483,PAY_088748
SET_002851,2026-05-26T01:38:54,PayFlow,INR,33,43969.59,0.00,43969.59,BANK_002,PFSET_00002851,PAY_092397,PAY_091782
SET_002852,2026-05-26T05:08:02,PayFlow,INR,31,33251.18,0.00,33251.18,BANK_002,PFSET_00002852,PAY_093745,PAY_089185
SET_002853,2026-05-26T05:41:36,PayFlow,INR,32,29654.90,0.00,29654.90,BANK_002,PFSET_00002853,PAY_089735,PAY_088301
SET_002854,2026-05-28T05:47:19,PayFlow,INR,36,47772.88,2010.01,45762.87,BANK_002,PFSET_00002854,PAY_091844,PAY_087165
SET_002855,2026-05-28T02:19:03,PayFlow,INR,30,32961.78,0.00,32961.78,BANK_002,PFSET_00002855,PAY_094476,PAY_095510
SET_002856,2026-05-26T19:31:54,PayFlow,INR,33,38321.48,0.00,38321.48,BANK_002,PFSET_00002856,PAY_088629,PAY_094526
SET_002857,2026-05-25T19:37:22,PayFlow,INR,30,32896.95,0.00,32896.95,BANK_002,PFSET_00002857,PAY_090507,PAY_095502
SET_002858,2026-05-28T21:35:29,PayFlow,INR,27,27737.83,173.36,27564.47,BANK_002,PFSET_00002858,PAY_094127,PAY_088335
SET_002859,2026-05-27T00:17:26,PayFlow,INR,29,29190.48,0.00,29190.48,BANK_002,PFSET_00002859,PAY_094456,PAY_093052
SET_002860,2026-05-25T23:19:51,PayFlow,INR,34,46050.48,0.00,46050.48,BANK_002,PFSET_00002860,PAY_089817,PAY_090788
SET_002861,2026-05-29T05:20:15,PayFlow,INR,38,45345.98,1245.96,44100.02,BANK_002,PFSET_00002861,PAY_094649,PAY_091070
SET_002862,2026-05-29T00:37:46,PayFlow,INR,30,37109.64,0.00,37109.64,BANK_002,PFSET_00002862,PAY_092688,PAY_094463
SET_002863,2026-05-27T23:51:02,PayFlow,INR,30,28921.59,0.00,28921.59,BANK_002,PFSET_00002863,PAY_090303,PAY_090413
SET_002864,2026-05-28T12:05:13,PayFlow,INR,32,36811.61,0.00,36811.61,BANK_002,PFSET_00002864,PAY_092130,PAY_089444
SET_002865,2026-05-29T20:45:21,PayFlow,INR,26,25607.88,0.00,25607.88,BANK_002,PFSET_00002865,PAY_087326,PAY_093234
SET_002866,2026-05-27T00:20:48,PayFlow,INR,32,32092.12,0.00,32092.12,BANK_002,PFSET_00002866,PAY_088198,PAY_088754
SET_002867,2026-05-30T00:43:50,PayFlow,INR,30,55156.25,0.00,55156.25,BANK_002,PFSET_00002867,PAY_088032,PAY_091786
SET_002868,2026-05-29T21:51:59,PayFlow,INR,27,33540.81,0.00,33540.81,BANK_002,PFSET_00002868,PAY_089913,PAY_092610
SET_002869,2026-05-26T23:00:21,PayFlow,INR,30,37651.20,0.00,37651.20,BANK_002,PFSET_00002869,PAY_087145,PAY_095729
SET_002870,2026-05-29T03:02:54,PayFlow,INR,35,39370.49,0.00,39370.49,BANK_002,PFSET_00002870,PAY_094696,PAY_087812
SET_002871,2026-05-27T00:25:56,PayFlow,INR,37,46236.21,195.76,46040.45,BANK_002,PFSET_00002871,PAY_095147,PAY_090249
SET_002872,2026-05-30T05:22:10,PayFlow,INR,32,42847.71,0.00,42847.71,BANK_002,PFSET_00002872,PAY_090559,PAY_090032
SET_002873,2026-05-27T06:25:05,PayFlow,INR,26,36727.62,0.00,36727.62,BANK_002,PFSET_00002873,PAY_095304,PAY_090139
SET_002874,2026-05-27T18:27:39,PayFlow,INR,30,39904.04,0.00,39904.04,BANK_002,PFSET_00002874,PAY_095284,PAY_089782
SET_002875,2026-05-27T19:24:21,PayFlow,INR,31,37705.00,0.00,37705.00,BANK_002,PFSET_00002875,PAY_089177,PAY_088190
SET_002876,2026-05-28T22:21:42,PayFlow,INR,45,64665.09,3046.76,61618.33,BANK_002,PFSET_00002876,PAY_088425,PAY_095499
SET_002877,2026-05-28T18:46:31,PayFlow,INR,30,31970.43,0.00,31970.43,BANK_002,PFSET_00002877,PAY_089665,PAY_089638
SET_002878,2026-05-27T22:43:35,PayFlow,INR,33,45940.10,0.00,45940.10,BANK_002,PFSET_00002878,PAY_089243,PAY_092764
SET_002879,2026-05-30T02:39:45,PayFlow,INR,38,60087.59,0.00,60087.59,BANK_002,PFSET_00002879,PAY_094814,PAY_093880
SET_002880,2026-05-28T03:26:28,PayFlow,INR,30,44826.41,0.00,44826.41,BANK_002,PFSET_00002880,PAY_091630,PAY_094557
SET_002881,2026-05-28T22:34:06,PayFlow,INR,36,36525.54,0.00,36525.54,BANK_002,PFSET_00002881,PAY_089436,PAY_090888
SET_002882,2026-05-28T05:35:52,PayFlow,INR,36,47077.38,0.00,47077.38,BANK_002,PFSET_00002882,PAY_090074,PAY_087460
SET_002883,2026-05-28T11:34:31,PayFlow,INR,30,42329.78,710.30,41619.48,BANK_002,PFSET_00002883,PAY_089228,PAY_093524
SET_002884,2026-05-28T23:36:48,PayFlow,INR,34,43503.35,0.00,43503.35,BANK_002,PFSET_00002884,PAY_089636,PAY_093658
SET_002885,2026-05-28T20:10:50,PayFlow,INR,32,47836.05,0.00,47836.05,BANK_002,PFSET_00002885,PAY_093133,PAY_091263
SET_002886,2026-05-29T23:48:38,PayFlow,INR,34,30797.81,657.26,30140.55,BANK_002,PFSET_00002886,PAY_087876,PAY_088320
SET_002887,2026-05-28T18:30:14,PayFlow,INR,35,51336.17,0.00,51336.17,BANK_002,PFSET_00002887,PAY_089538,PAY_095772
SET_002888,2026-05-30T03:50:16,PayFlow,INR,32,44547.68,0.00,44547.68,BANK_002,PFSET_00002888,PAY_088557,PAY_094848
SET_002889,2026-05-29T05:09:02,PayFlow,INR,37,34688.32,0.00,34688.32,BANK_002,PFSET_00002889,PAY_092142,PAY_093433
SET_002890,2026-06-01T00:17:13,PayFlow,INR,40,43119.61,0.00,43119.61,BANK_002,PFSET_00002890,PAY_087605,PAY_090804
SET_002891,2026-06-01T05:40:50,PayFlow,INR,38,52397.65,0.00,52397.65,BANK_002,PFSET_00002891,PAY_088569,PAY_087037
SET_002892,2026-05-30T15:54:25,PayFlow,INR,30,33186.25,0.00,33186.25,BANK_002,PFSET_00002892,PAY_095174,PAY_093657
SET_002893,2026-05-29T17:24:54,PayFlow,INR,28,39995.71,0.00,39995.71,BANK_002,PFSET_00002893,PAY_092807,PAY_090109
SET_002894,2026-06-01T23:08:44,PayFlow,INR,33,44175.95,0.00,44175.95,BANK_002,PFSET_00002894,PAY_092963,PAY_092838
SET_002895,2026-05-31T23:06:38,PayFlow,INR,36,46395.00,0.00,46395.00,BANK_002,PFSET_00002895,PAY_086749,PAY_086810
SET_002896,2026-05-31T02:49:19,PayFlow,INR,34,41896.86,2316.16,39580.70,BANK_002,PFSET_00002896,PAY_088820,PAY_092054
SET_002897,2026-06-01T23:24:54,PayFlow,INR,40,42332.76,0.00,42332.76,BANK_002,PFSET_00002897,PAY_089192,PAY_086613
SET_002898,2026-06-01T04:03:16,PayFlow,INR,34,36615.43,0.00,36615.43,BANK_002,PFSET_00002898,PAY_093002,PAY_087312
SET_002899,2026-06-02T01:02:45,PayFlow,INR,40,39879.23,390.58,39488.65,BANK_002,PFSET_00002899,PAY_090628,PAY_092168
SET_002900,2026-06-02T07:24:15,PayFlow,INR,35,39912.17,0.00,39912.17,BANK_002,PFSET_00002900,PAY_093202,PAY_088929
SET_002901,2026-05-31T08:53:21,PayFlow,INR,29,39394.39,738.56,38655.83,BANK_002,PFSET_00002901,PAY_094907,PAY_087610
SET_002902,2026-06-01T15:57:54,PayFlow,INR,34,39952.23,0.00,39952.23,BANK_002,PFSET_00002902,PAY_086944,PAY_094712
SET_002903,2026-06-01T23:58:54,PayFlow,INR,39,54211.76,8464.14,45747.62,BANK_002,PFSET_00002903,PAY_090681,PAY_089951
SET_002904,2026-06-01T21:03:38,PayFlow,INR,31,29661.32,0.00,29661.32,BANK_002,PFSET_00002904,PAY_090985,PAY_088514
SET_002905,2026-06-02T22:00:50,PayFlow,INR,34,41597.76,254.45,41343.31,BANK_002,PFSET_00002905,PAY_090318,PAY_094331
SET_002906,2026-05-31T19:59:22,PayFlow,INR,26,28372.84,0.00,28372.84,BANK_002,PFSET_00002906,PAY_092796,PAY_086934
SET_002907,2026-06-01T04:27:03,PayFlow,INR,36,43202.54,0.00,43202.54,BANK_002,PFSET_00002907,PAY_091929,PAY_089736
SET_002908,2026-06-02T04:46:15,PayFlow,INR,32,39594.47,0.00,39594.47,BANK_002,PFSET_00002908,PAY_093758,PAY_090685
SET_002909,2026-06-01T06:35:22,PayFlow,INR,27,29067.34,0.00,29067.34,BANK_002,PFSET_00002909,PAY_094920,PAY_087236
SET_002910,2026-06-02T04:00:15,PayFlow,INR,35,39118.88,0.00,39118.88,BANK_002,PFSET_00002910,PAY_091016,PAY_090296
SET_002911,2026-06-01T13:30:42,PayFlow,INR,32,45509.38,0.00,45509.38,BANK_002,PFSET_00002911,PAY_093480,PAY_089216
SET_002912,2026-06-02T21:30:23,PayFlow,INR,37,42632.84,0.00,42632.84,BANK_002,PFSET_00002912,PAY_092874,PAY_087723
SET_002913,2026-06-02T23:06:02,PayFlow,INR,34,43965.99,0.00,43965.99,BANK_002,PFSET_00002913,PAY_088115,PAY_087840
SET_002914,2026-06-04T02:29:59,PayFlow,INR,32,46648.45,0.00,46648.45,BANK_002,PFSET_00002914,PAY_087883,PAY_087757
SET_002915,2026-06-03T04:20:51,PayFlow,INR,30,42963.40,0.00,42963.40,BANK_002,PFSET_00002915,PAY_092859,PAY_090475
SET_002916,2026-06-01T04:58:19,PayFlow,INR,28,38253.19,0.00,38253.19,BANK_002,PFSET_00002916,PAY_094963,PAY_089450
SET_002917,2026-05-31T23:32:34,PayFlow,INR,26,25144.41,0.00,25144.41,BANK_002,PFSET_00002917,PAY_087510,PAY_092621
SET_002918,2026-05-31T23:30:53,PayFlow,INR,32,44513.64,0.00,44513.64,BANK_002,PFSET_00002918,PAY_090674,PAY_086877
SET_002919,2026-06-01T15:55:03,PayFlow,INR,38,56611.99,0.00,56611.99,BANK_002,PFSET_00002919,PAY_087369,PAY_094432
SET_002920,2026-06-03T14:42:10,PayFlow,INR,33,36588.74,0.00,36588.74,BANK_002,PFSET_00002920,PAY_086579,PAY_087389
SET_002921,2026-06-02T20:44:01,PayFlow,INR,29,36631.83,0.00,36631.83,BANK_002,PFSET_00002921,PAY_092406,PAY_088721
SET_002922,2026-06-02T19:16:08,PayFlow,INR,30,33915.72,0.00,33915.72,BANK_002,PFSET_00002922,PAY_089834,PAY_090968
SET_002923,2026-06-01T18:37:14,PayFlow,INR,28,31181.34,0.00,31181.34,BANK_002,PFSET_00002923,PAY_094544,PAY_092224
SET_002924,2026-06-04T20:38:50,PayFlow,INR,35,35609.48,0.00,35609.48,BANK_002,PFSET_00002924,PAY_089270,PAY_091071
SET_002925,2026-06-04T03:37:56,PayFlow,INR,31,26969.09,0.00,26969.09,BANK_002,PFSET_00002925,PAY_086991,PAY_095621
SET_002926,2026-06-05T04:30:53,PayFlow,INR,31,45356.79,0.00,45356.79,BANK_002,PFSET_00002926,PAY_091584,PAY_090233
SET_002927,2026-06-03T08:01:39,PayFlow,INR,41,55135.74,0.00,55135.74,BANK_002,PFSET_00002927,PAY_088646,PAY_086898
SET_002928,2026-06-05T10:41:19,PayFlow,INR,32,48727.37,0.00,48727.37,BANK_002,PFSET_00002928,PAY_088611,PAY_100598
SET_002929,2026-06-02T21:06:01,PayFlow,INR,42,49198.09,0.00,49198.09,BANK_002,PFSET_00002929,PAY_107734,PAY_096141
SET_002930,2026-06-04T19:54:25,PayFlow,INR,31,45793.08,0.00,45793.08,BANK_002,PFSET_00002930,PAY_098618,PAY_103959
SET_002931,2026-06-03T19:49:21,PayFlow,INR,26,22605.02,0.00,22605.02,BANK_002,PFSET_00002931,PAY_099378,PAY_103355
SET_002932,2026-06-02T20:58:21,PayFlow,INR,39,33503.73,0.00,33503.73,BANK_002,PFSET_00002932,PAY_105932,PAY_106024
SET_002933,2026-06-04T22:42:47,PayFlow,INR,34,40069.28,490.15,39579.13,BANK_002,PFSET_00002933,PAY_105475,PAY_105714
SET_002934,2026-06-03T03:43:32,PayFlow,INR,34,41545.77,0.00,41545.77,BANK_002,PFSET_00002934,PAY_103863,PAY_098132
SET_002935,2026-06-02T23:15:09,PayFlow,INR,28,26425.82,0.00,26425.82,BANK_002,PFSET_00002935,PAY_097135,PAY_098063
SET_002936,2026-06-04T03:54:11,PayFlow,INR,31,42223.51,642.12,41581.39,BANK_002,PFSET_00002936,PAY_106470,PAY_095824
SET_002937,2026-06-06T03:38:27,PayFlow,INR,32,35694.38,1206.43,34487.95,BANK_002,PFSET_00002937,PAY_106820,PAY_098574
SET_002938,2026-06-03T23:23:09,PayFlow,INR,39,38214.48,0.00,38214.48,BANK_002,PFSET_00002938,PAY_105976,PAY_098885
SET_002939,2026-06-03T03:21:22,PayFlow,INR,32,42714.96,0.00,42714.96,BANK_002,PFSET_00002939,PAY_106275,PAY_105992
SET_002940,2026-06-04T06:31:06,PayFlow,INR,34,44760.78,0.00,44760.78,BANK_002,PFSET_00002940,PAY_095996,PAY_106429
SET_002941,2026-06-06T17:34:07,PayFlow,INR,31,39609.60,1720.44,37889.16,BANK_002,PFSET_00002941,PAY_097253,PAY_103922
SET_002942,2026-06-04T14:52:50,PayFlow,INR,31,54364.98,0.00,54364.98,BANK_002,PFSET_00002942,PAY_106724,PAY_107084
SET_002943,2026-06-06T17:23:06,PayFlow,INR,29,37153.47,0.00,37153.47,BANK_002,PFSET_00002943,PAY_105955,PAY_106547
SET_002944,2026-06-04T20:32:55,PayFlow,INR,43,54528.37,534.54,53993.83,BANK_002,PFSET_00002944,PAY_105217,PAY_100506
SET_002945,2026-06-05T21:15:39,PayFlow,INR,28,35405.92,0.00,35405.92,BANK_002,PFSET_00002945,PAY_102218,PAY_102400
SET_002946,2026-06-06T00:21:25,PayFlow,INR,34,41408.11,0.00,41408.11,BANK_002,PFSET_00002946,PAY_096293,PAY_106868
SET_002947,2026-06-04T04:01:45,PayFlow,INR,42,47187.58,0.00,47187.58,BANK_002,PFSET_00002947,PAY_098796,PAY_097059
SET_002948,2026-06-06T03:12:14,PayFlow,INR,29,31245.93,0.00,31245.93,BANK_002,PFSET_00002948,PAY_100771,PAY_108488
SET_002949,2026-06-03T22:47:02,PayFlow,INR,41,48922.23,0.00,48922.23,BANK_002,PFSET_00002949,PAY_107293,PAY_104359
SET_002950,2026-06-04T03:55:10,PayFlow,INR,31,38930.83,0.00,38930.83,BANK_002,PFSET_00002950,PAY_107950,PAY_100861
SET_002951,2026-06-05T01:11:12,PayFlow,INR,30,32139.40,486.87,31652.53,BANK_002,PFSET_00002951,PAY_101380,PAY_106277
SET_002952,2026-06-06T02:42:13,PayFlow,INR,37,36378.43,0.00,36378.43,BANK_002,PFSET_00002952,PAY_101731,PAY_097732
SET_002953,2026-06-06T07:11:55,PayFlow,INR,33,36420.44,885.46,35534.98,BANK_002,PFSET_00002953,PAY_103950,PAY_099282
SET_002954,2026-06-07T17:32:35,PayFlow,INR,33,39257.21,3405.08,35852.13,BANK_002,PFSET_00002954,PAY_096362,PAY_107046
SET_002955,2026-06-05T16:51:02,PayFlow,INR,37,40765.04,1313.34,39451.70,BANK_002,PFSET_00002955,PAY_098515,PAY_100101
SET_002956,2026-06-05T00:03:20,PayFlow,INR,31,31862.98,0.00,31862.98,BANK_002,PFSET_00002956,PAY_101944,PAY_096719
SET_002957,2026-06-06T01:23:39,PayFlow,INR,37,56670.64,0.00,56670.64,BANK_002,PFSET_00002957,PAY_099104,PAY_106736
SET_002958,2026-06-06T18:47:06,PayFlow,INR,30,39649.00,0.00,39649.00,BANK_002,PFSET_00002958,PAY_098841,PAY_097521
SET_002959,2026-06-07T00:24:37,PayFlow,INR,30,41726.87,0.00,41726.87,BANK_002,PFSET_00002959,PAY_104411,PAY_099229
SET_002960,2026-06-07T03:35:01,PayFlow,INR,33,45338.44,0.00,45338.44,BANK_002,PFSET_00002960,PAY_099361,PAY_096032
SET_002961,2026-06-07T02:29:13,PayFlow,INR,35,34939.65,0.00,34939.65,BANK_002,PFSET_00002961,PAY_106561,PAY_097202
SET_002962,2026-06-06T02:44:27,PayFlow,INR,35,39473.59,0.00,39473.59,BANK_002,PFSET_00002962,PAY_105614,PAY_108106
SET_002963,2026-06-08T01:30:29,PayFlow,INR,27,31491.07,0.00,31491.07,BANK_002,PFSET_00002963,PAY_104158,PAY_097066
SET_002964,2026-06-06T03:40:43,PayFlow,INR,30,37570.45,0.00,37570.45,BANK_002,PFSET_00002964,PAY_098490,PAY_102431
SET_002965,2026-06-05T00:27:12,PayFlow,INR,39,62770.68,0.00,62770.68,BANK_002,PFSET_00002965,PAY_105055,PAY_098857
SET_002966,2026-06-05T00:15:08,PayFlow,INR,31,43112.96,0.00,43112.96,BANK_002,PFSET_00002966,PAY_101713,PAY_106669
SET_002967,2026-06-06T01:33:06,PayFlow,INR,30,32949.73,0.00,32949.73,BANK_002,PFSET_00002967,PAY_096920,PAY_104051
SET_002968,2026-06-05T16:03:34,PayFlow,INR,32,32464.25,0.00,32464.25,BANK_002,PFSET_00002968,PAY_104089,PAY_106170
SET_002969,2026-06-05T19:52:06,PayFlow,INR,27,48424.14,0.00,48424.14,BANK_002,PFSET_00002969,PAY_099097,PAY_099998
SET_002970,2026-06-06T23:39:58,PayFlow,INR,28,33804.32,0.00,33804.32,BANK_002,PFSET_00002970,PAY_106372,PAY_099157
SET_002971,2026-06-06T18:42:17,PayFlow,INR,40,44089.21,0.00,44089.21,BANK_002,PFSET_00002971,PAY_103906,PAY_099987
SET_002972,2026-06-06T21:27:04,PayFlow,INR,35,35733.69,0.00,35733.69,BANK_002,PFSET_00002972,PAY_104783,PAY_106842
SET_002973,2026-06-07T20:58:27,PayFlow,INR,34,41373.51,306.80,41066.71,BANK_002,PFSET_00002973,PAY_104132,PAY_102702
SET_002974,2026-06-07T01:27:10,PayFlow,INR,39,56144.05,0.00,56144.05,BANK_002,PFSET_00002974,PAY_101880,PAY_104441
SET_002975,2026-06-09T02:18:01,PayFlow,INR,29,34195.06,3372.24,30822.82,BANK_002,PFSET_00002975,PAY_096018,PAY_102051
SET_002976,2026-06-09T01:58:22,PayFlow,INR,27,35107.44,0.00,35107.44,BANK_002,PFSET_00002976,PAY_097806,PAY_100718
SET_002977,2026-06-05T23:35:17,PayFlow,INR,32,42284.30,0.00,42284.30,BANK_002,PFSET_00002977,PAY_106535,PAY_106348
SET_002978,2026-06-06T05:38:33,PayFlow,INR,33,33952.16,0.00,33952.16,BANK_002,PFSET_00002978,PAY_107597,PAY_096480
SET_002979,2026-06-06T05:24:47,PayFlow,INR,25,22136.22,0.00,22136.22,BANK_002,PFSET_00002979,PAY_108644,PAY_105439
SET_002980,2026-06-09T01:40:21,PayFlow,INR,39,51854.13,318.60,51535.53,BANK_002,PFSET_00002980,PAY_100046,PAY_102093
SET_002981,2026-06-08T05:37:40,PayFlow,INR,31,37937.21,541.79,37395.42,BANK_002,PFSET_00002981,PAY_099021,PAY_100001
SET_002982,2026-06-09T20:29:38,PayFlow,INR,30,48314.54,594.69,47719.85,BANK_002,PFSET_00002982,PAY_097554,PAY_107537
SET_002983,2026-06-06T19:16:43,PayFlow,INR,32,38013.76,0.00,38013.76,BANK_002,PFSET_00002983,PAY_108387,PAY_099250
SET_002984,2026-06-09T18:23:05,PayFlow,INR,38,35865.46,0.00,35865.46,BANK_002,PFSET_00002984,PAY_101269,PAY_098234
SET_002985,2026-06-09T18:18:10,PayFlow,INR,26,31914.35,0.00,31914.35,BANK_002,PFSET_00002985,PAY_101698,PAY_105997
SET_002986,2026-06-06T19:41:43,PayFlow,INR,28,40550.45,0.00,40550.45,BANK_002,PFSET_00002986,PAY_102716,PAY_104836
SET_002987,2026-06-09T00:45:54,PayFlow,INR,30,36994.19,4670.18,32324.01,BANK_002,PFSET_00002987,PAY_097251,PAY_102827
SET_002988,2026-06-08T23:24:58,PayFlow,INR,28,26222.48,0.00,26222.48,BANK_002,PFSET_00002988,PAY_098586,PAY_099247
SET_002989,2026-06-08T02:50:11,PayFlow,INR,35,42595.15,0.00,42595.15,BANK_002,PFSET_00002989,PAY_104772,PAY_106934
SET_002990,2026-06-07T00:26:49,PayFlow,INR,39,46851.49,0.00,46851.49,BANK_002,PFSET_00002990,PAY_096914,PAY_099311
SET_002991,2026-06-10T01:28:20,PayFlow,INR,31,32604.85,1568.22,31036.63,BANK_002,PFSET_00002991,PAY_097380,PAY_108170
SET_002992,2026-06-10T01:15:44,PayFlow,INR,35,47609.33,0.00,47609.33,BANK_002,PFSET_00002992,PAY_107627,PAY_102421
SET_002993,2026-06-10T03:42:21,PayFlow,INR,42,41450.10,0.00,41450.10,BANK_002,PFSET_00002993,PAY_100546,PAY_102337
SET_002994,2026-06-07T15:27:39,PayFlow,INR,37,43548.84,0.00,43548.84,BANK_002,PFSET_00002994,PAY_097155,PAY_098541
SET_002995,2026-06-10T19:32:39,PayFlow,INR,35,38614.37,614.78,37999.59,BANK_002,PFSET_00002995,PAY_103692,PAY_107258
SET_002996,2026-06-07T23:35:00,PayFlow,INR,32,32725.04,0.00,32725.04,BANK_002,PFSET_00002996,PAY_098334,PAY_099092
SET_002997,2026-06-08T21:14:05,PayFlow,INR,27,38162.36,0.00,38162.36,BANK_002,PFSET_00002997,PAY_101480,PAY_103722
SET_002998,2026-06-10T20:29:34,PayFlow,INR,29,29851.11,0.00,29851.11,BANK_002,PFSET_00002998,PAY_097146,PAY_100137
SET_002999,2026-06-07T21:16:05,PayFlow,INR,32,42324.14,0.00,42324.14,BANK_002,PFSET_00002999,PAY_098276,PAY_096453
SET_003000,2026-06-08T22:35:46,PayFlow,INR,35,46110.61,0.00,46110.61,BANK_002,PFSET_00003000,PAY_105075,PAY_106214
SET_003001,2026-06-07T22:32:12,PayFlow,INR,26,31039.24,0.00,31039.24,BANK_002,PFSET_00003001,PAY_105300,PAY_105599
SET_003002,2026-06-07T21:23:09,PayFlow,INR,25,30867.66,0.00,30867.66,BANK_002,PFSET_00003002,PAY_096146,PAY_097151
SET_003003,2026-06-08T04:04:34,PayFlow,INR,35,33334.06,0.00,33334.06,BANK_002,PFSET_00003003,PAY_104348,PAY_097192
SET_003004,2026-06-09T03:45:37,PayFlow,INR,36,34775.59,0.00,34775.59,BANK_002,PFSET_00003004,PAY_102715,PAY_102148
SET_003005,2026-06-08T04:20:49,PayFlow,INR,25,32752.31,0.00,32752.31,BANK_002,PFSET_00003005,PAY_102252,PAY_096970
SET_003006,2026-06-08T03:14:20,PayFlow,INR,36,45650.38,0.00,45650.38,BANK_002,PFSET_00003006,PAY_095890,PAY_105669
SET_003007,2026-06-11T17:46:21,PayFlow,INR,31,38560.88,0.00,38560.88,BANK_002,PFSET_00003007,PAY_097052,PAY_099279
SET_003008,2026-06-08T20:48:01,PayFlow,INR,28,36166.25,0.00,36166.25,BANK_002,PFSET_00003008,PAY_107974,PAY_100701
SET_003009,2026-06-11T17:48:11,PayFlow,INR,33,35876.92,0.00,35876.92,BANK_002,PFSET_00003009,PAY_102721,PAY_098502
SET_003010,2026-06-10T23:53:18,PayFlow,INR,34,27480.00,0.00,27480.00,BANK_002,PFSET_00003010,PAY_103899,PAY_102291
SET_003011,2026-06-09T18:49:55,PayFlow,INR,37,42692.99,0.00,42692.99,BANK_002,PFSET_00003011,PAY_100571,PAY_097707
SET_003012,2026-06-08T19:06:29,PayFlow,INR,39,42076.18,0.00,42076.18,BANK_002,PFSET_00003012,PAY_099267,PAY_098173
SET_003013,2026-06-10T02:09:27,PayFlow,INR,28,39790.92,0.00,39790.92,BANK_002,PFSET_00003013,PAY_100154,PAY_104851
SET_003014,2026-06-10T22:39:04,PayFlow,INR,33,37742.45,0.00,37742.45,BANK_002,PFSET_00003014,PAY_107367,PAY_106109
SET_003015,2026-06-10T01:47:14,PayFlow,INR,29,38448.50,0.00,38448.50,BANK_002,PFSET_00003015,PAY_108610,PAY_107093
SET_003016,2026-06-11T22:05:53,PayFlow,INR,29,34414.13,0.00,34414.13,BANK_002,PFSET_00003016,PAY_107828,PAY_103141
SET_003017,2026-06-12T02:20:35,PayFlow,INR,27,28877.06,0.00,28877.06,BANK_002,PFSET_00003017,PAY_107224,PAY_097879
SET_003018,2026-06-12T00:51:08,PayFlow,INR,36,48488.32,0.00,48488.32,BANK_002,PFSET_00003018,PAY_099355,PAY_099703
SET_003019,2026-06-11T14:22:43,PayFlow,INR,34,36436.94,0.00,36436.94,BANK_002,PFSET_00003019,PAY_098344,PAY_102847
SET_003020,2026-06-11T18:51:13,PayFlow,INR,32,41127.08,0.00,41127.08,BANK_002,PFSET_00003020,PAY_105853,PAY_096449
SET_003021,2026-06-11T22:41:05,PayFlow,INR,34,41759.06,0.00,41759.06,BANK_002,PFSET_00003021,PAY_104753,PAY_098164
SET_003022,2026-06-12T01:02:50,PayFlow,INR,27,30347.83,0.00,30347.83,BANK_002,PFSET_00003022,PAY_102719,PAY_108062
SET_003023,2026-06-12T00:37:49,PayFlow,INR,35,42770.41,1688.96,41081.45,BANK_002,PFSET_00003023,PAY_102244,PAY_097279
SET_003024,2026-06-10T02:46:38,PayFlow,INR,31,30147.48,0.00,30147.48,BANK_002,PFSET_00003024,PAY_098969,PAY_108407
SET_003025,2026-06-10T02:21:08,PayFlow,INR,31,37947.45,0.00,37947.45,BANK_002,PFSET_00003025,PAY_106096,PAY_101443
SET_003026,2026-06-10T02:52:46,PayFlow,INR,32,45750.63,0.00,45750.63,BANK_002,PFSET_00003026,PAY_103518,PAY_104509
SET_003027,2026-06-10T22:49:46,PayFlow,INR,35,41155.07,4915.88,36239.19,BANK_002,PFSET_00003027,PAY_105836,PAY_096537
SET_003028,2026-06-11T00:04:48,PayFlow,INR,30,24159.79,84.94,24074.85,BANK_002,PFSET_00003028,PAY_100853,PAY_096962
SET_003029,2026-06-10T23:59:40,PayFlow,INR,32,39368.86,0.00,39368.86,BANK_002,PFSET_00003029,PAY_104277,PAY_104468
SET_003030,2026-06-11T02:55:38,PayFlow,INR,30,34254.68,0.00,34254.68,BANK_002,PFSET_00003030,PAY_096194,PAY_106452
SET_003031,2026-06-12T01:41:58,PayFlow,INR,26,30197.23,427.22,29770.01,BANK_002,PFSET_00003031,PAY_098398,PAY_100222
SET_003032,2026-06-11T05:27:48,PayFlow,INR,28,30701.71,0.00,30701.71,BANK_002,PFSET_00003032,PAY_103496,PAY_099348
SET_003033,2026-06-12T15:14:47,PayFlow,INR,27,25757.64,0.00,25757.64,BANK_002,PFSET_00003033,PAY_097027,PAY_108450
SET_003034,2026-06-11T15:53:02,PayFlow,INR,26,23889.24,0.00,23889.24,BANK_002,PFSET_00003034,PAY_106467,PAY_100367
SET_003035,2026-06-10T23:38:41,PayFlow,INR,28,32773.58,0.00,32773.58,BANK_002,PFSET_00003035,PAY_096737,PAY_107861
SET_003036,2026-06-13T18:58:04,PayFlow,INR,31,31207.57,1596.30,29611.27,BANK_002,PFSET_00003036,PAY_107311,PAY_105387
SET_003037,2026-06-11T18:08:55,PayFlow,INR,28,45302.01,0.00,45302.01,BANK_002,PFSET_00003037,PAY_102463,PAY_107146
SET_003038,2026-06-11T23:56:51,PayFlow,INR,33,45585.82,1550.63,44035.19,BANK_002,PFSET_00003038,PAY_102645,PAY_103537
SET_003039,2026-06-12T01:48:26,PayFlow,INR,34,45745.72,0.00,45745.72,BANK_002,PFSET_00003039,PAY_098981,PAY_107956
SET_003040,2026-06-11T03:11:59,PayFlow,INR,36,45056.18,1451.40,43604.78,BANK_002,PFSET_00003040,PAY_103511,PAY_102784
SET_003041,2026-06-12T20:06:33,PayFlow,INR,36,32058.27,0.00,32058.27,BANK_002,PFSET_00003041,PAY_101257,PAY_096922
SET_003042,2026-06-11T21:47:43,PayFlow,INR,35,36183.58,0.00,36183.58,BANK_002,PFSET_00003042,PAY_097577,PAY_103860
SET_003043,2026-06-12T02:34:07,PayFlow,INR,28,33211.77,0.00,33211.77,BANK_002,PFSET_00003043,PAY_107294,PAY_105615
SET_003044,2026-06-11T03:04:17,PayFlow,INR,31,38007.00,0.00,38007.00,BANK_002,PFSET_00003044,PAY_100482,PAY_103105
SET_003045,2026-06-11T23:24:31,PayFlow,INR,31,30434.82,0.00,30434.82,BANK_002,PFSET_00003045,PAY_098797,PAY_102678
SET_003046,2026-06-14T02:53:58,PayFlow,INR,30,37331.08,0.00,37331.08,BANK_002,PFSET_00003046,PAY_104318,PAY_096442
SET_003047,2026-06-12T06:31:21,PayFlow,INR,31,38099.73,0.00,38099.73,BANK_002,PFSET_00003047,PAY_105688,PAY_105751
SET_003048,2026-06-13T18:32:35,PayFlow,INR,28,36946.03,0.00,36946.03,BANK_002,PFSET_00003048,PAY_100204,PAY_104971
SET_003049,2026-06-11T20:44:09,PayFlow,INR,31,36821.95,0.00,36821.95,BANK_002,PFSET_00003049,PAY_099255,PAY_105670
SET_003050,2026-06-12T19:49:01,PayFlow,INR,29,46313.37,0.00,46313.37,BANK_002,PFSET_00003050,PAY_101115,PAY_107548
SET_003051,2026-06-13T18:36:57,PayFlow,INR,32,39191.55,0.00,39191.55,BANK_002,PFSET_00003051,PAY_106283,PAY_103242
SET_003052,2026-06-12T22:43:29,PayFlow,INR,28,33346.86,0.00,33346.86,BANK_002,PFSET_00003052,PAY_097552,PAY_107188
SET_003053,2026-06-11T21:55:19,PayFlow,INR,35,40398.20,0.00,40398.20,BANK_002,PFSET_00003053,PAY_105029,PAY_099095
SET_003054,2026-06-12T02:41:30,PayFlow,INR,32,32099.15,143.53,31955.62,BANK_002,PFSET_00003054,PAY_106948,PAY_097031
SET_003055,2026-06-14T01:10:19,PayFlow,INR,30,33094.48,0.00,33094.48,BANK_002,PFSET_00003055,PAY_106419,PAY_103036
SET_003056,2026-06-15T01:15:14,PayFlow,INR,27,27979.04,0.00,27979.04,BANK_002,PFSET_00003056,PAY_105486,PAY_103647
SET_003057,2026-06-12T04:33:02,PayFlow,INR,28,35112.17,0.00,35112.17,BANK_002,PFSET_00003057,PAY_102306,PAY_096186
SET_003058,2026-06-13T05:17:38,PayFlow,INR,43,47160.41,1313.34,45847.07,BANK_002,PFSET_00003058,PAY_105367,PAY_106402
SET_003059,2026-06-13T01:25:40,PayFlow,INR,31,40836.43,0.00,40836.43,BANK_002,PFSET_00003059,PAY_100408,PAY_103645
SET_003060,2026-06-11T22:07:20,PayFlow,INR,36,45770.61,0.00,45770.61,BANK_002,PFSET_00003060,PAY_104302,PAY_096794
SET_003061,2026-06-14T03:46:56,PayFlow,INR,36,37247.73,0.00,37247.73,BANK_002,PFSET_00003061,PAY_098524,PAY_095796
SET_003062,2026-06-14T06:23:19,PayFlow,INR,35,35170.78,0.00,35170.78,BANK_002,PFSET_00003062,PAY_106206,PAY_105765
SET_003063,2026-06-13T14:43:05,PayFlow,INR,28,36909.91,0.00,36909.91,BANK_002,PFSET_00003063,PAY_106231,PAY_103672
SET_003064,2026-06-13T20:43:47,PayFlow,INR,30,41833.21,0.00,41833.21,BANK_002,PFSET_00003064,PAY_097207,PAY_100938
SET_003065,2026-06-13T21:51:13,PayFlow,INR,27,45338.82,0.00,45338.82,BANK_002,PFSET_00003065,PAY_096272,PAY_103927
SET_003066,2026-06-15T01:35:52,PayFlow,INR,35,39888.73,0.00,39888.73,BANK_002,PFSET_00003066,PAY_097189,PAY_097149
SET_003067,2026-06-13T23:59:42,PayFlow,INR,26,28101.67,611.30,27490.37,BANK_002,PFSET_00003067,PAY_097614,PAY_106431
SET_003068,2026-06-12T18:55:42,PayFlow,INR,28,34078.01,0.00,34078.01,BANK_002,PFSET_00003068,PAY_102282,PAY_104950
SET_003069,2026-06-15T00:50:54,PayFlow,INR,31,35719.16,0.00,35719.16,BANK_002,PFSET_00003069,PAY_097410,PAY_108198
SET_003070,2026-06-14T19:44:41,PayFlow,INR,32,47718.03,0.00,47718.03,BANK_002,PFSET_00003070,PAY_106704,PAY_106540
SET_003071,2026-06-16T03:40:05,PayFlow,INR,26,30371.67,774.08,29597.59,BANK_002,PFSET_00003071,PAY_102699,PAY_103677
SET_003072,2026-06-14T03:07:15,PayFlow,INR,34,48415.51,0.00,48415.51,BANK_002,PFSET_00003072,PAY_098402,PAY_105386
SET_003073,2026-06-12T22:54:36,PayFlow,INR,29,50352.76,0.00,50352.76,BANK_002,PFSET_00003073,PAY_102198,PAY_105867
SET_003074,2026-06-14T22:58:47,PayFlow,INR,28,43169.62,0.00,43169.62,BANK_002,PFSET_00003074,PAY_107905,PAY_103052
SET_003075,2026-06-16T00:59:17,PayFlow,INR,36,46192.93,0.00,46192.93,BANK_002,PFSET_00003075,PAY_098425,PAY_107177
SET_003076,2026-06-14T05:35:41,PayFlow,INR,28,28159.98,0.00,28159.98,BANK_002,PFSET_00003076,PAY_101250,PAY_095816
SET_003077,2026-06-14T03:34:30,PayFlow,INR,32,35439.27,0.00,35439.27,BANK_002,PFSET_00003077,PAY_098237,PAY_101458
SET_003078,2026-06-15T13:39:37,PayFlow,INR,30,52702.30,0.00,52702.30,BANK_002,PFSET_00003078,PAY_099326,PAY_098175
SET_003079,2026-06-13T14:29:45,PayFlow,INR,31,34084.41,0.00,34084.41,BANK_002,PFSET_00003079,PAY_100255,PAY_104109
SET_003080,2026-06-15T23:45:03,PayFlow,INR,38,46566.67,342.27,46224.40,BANK_002,PFSET_00003080,PAY_097935,PAY_103711
SET_003081,2026-06-16T21:26:21,PayFlow,INR,35,46333.19,0.00,46333.19,BANK_002,PFSET_00003081,PAY_097715,PAY_107443
SET_003082,2026-06-15T00:08:20,PayFlow,INR,30,32307.49,0.00,32307.49,BANK_002,PFSET_00003082,PAY_096714,PAY_096729
SET_003083,2026-06-14T03:08:01,PayFlow,INR,33,32189.48,0.00,32189.48,BANK_002,PFSET_00003083,PAY_099314,PAY_107909
SET_003084,2026-06-16T21:50:14,PayFlow,INR,31,36421.56,0.00,36421.56,BANK_002,PFSET_00003084,PAY_104587,PAY_097022
SET_003085,2026-06-14T00:21:14,PayFlow,INR,32,40334.86,0.00,40334.86,BANK_002,PFSET_00003085,PAY_105223,PAY_096893
SET_003086,2026-06-14T22:59:02,PayFlow,INR,33,36370.46,690.30,35680.16,BANK_002,PFSET_00003086,PAY_095879,PAY_099873
SET_003087,2026-06-14T21:15:57,PayFlow,INR,28,35240.59,0.00,35240.59,BANK_002,PFSET_00003087,PAY_097487,PAY_103078
SET_003088,2026-06-16T01:17:49,PayFlow,INR,35,40352.64,0.00,40352.64,BANK_002,PFSET_00003088,PAY_105100,PAY_104932
SET_003089,2026-06-16T22:36:59,PayFlow,INR,31,40676.17,0.00,40676.17,BANK_002,PFSET_00003089,PAY_100053,PAY_098229
SET_003090,2026-06-15T00:47:01,PayFlow,INR,35,47698.38,0.00,47698.38,BANK_002,PFSET_00003090,PAY_098437,PAY_105556
SET_003091,2026-06-16T04:28:35,PayFlow,INR,27,26468.56,556.67,25911.89,BANK_002,PFSET_00003091,PAY_098426,PAY_096052
SET_003092,2026-06-16T01:42:52,PayFlow,INR,30,29254.85,0.00,29254.85,BANK_002,PFSET_00003092,PAY_106068,PAY_106844
SET_003093,2026-06-17T18:59:36,PayFlow,INR,29,25628.89,1118.29,24510.60,BANK_002,PFSET_00003093,PAY_102356,PAY_098628
SET_003094,2026-06-17T22:31:18,PayFlow,INR,35,35753.43,540.56,35212.87,BANK_002,PFSET_00003094,PAY_106515,PAY_098909
SET_003095,2026-06-14T22:35:57,PayFlow,INR,28,22882.60,0.00,22882.60,BANK_002,PFSET_00003095,PAY_098364,PAY_103843
SET_003096,2026-06-14T21:24:31,PayFlow,INR,27,31461.83,0.00,31461.83,BANK_002,PFSET_00003096,PAY_107128,PAY_102300
SET_003097,2026-06-14T18:11:21,PayFlow,INR,36,44762.01,0.00,44762.01,BANK_002,PFSET_00003097,PAY_107731,PAY_107281
SET_003098,2026-06-15T01:44:40,PayFlow,INR,39,54295.29,0.00,54295.29,BANK_002,PFSET_00003098,PAY_107347,PAY_099748
SET_003099,2026-06-15T21:14:16,PayFlow,INR,39,46307.86,283.08,46024.78,BANK_002,PFSET_00003099,PAY_101841,PAY_107219
SET_003100,2026-06-16T00:13:09,PayFlow,INR,43,59325.92,0.00,59325.92,BANK_002,PFSET_00003100,PAY_101249,PAY_102475
SET_003101,2026-06-17T05:36:12,PayFlow,INR,35,41129.05,920.16,40208.89,BANK_002,PFSET_00003101,PAY_096945,PAY_098924
SET_003102,2026-06-16T04:04:53,PayFlow,INR,27,24371.02,0.00,24371.02,BANK_002,PFSET_00003102,PAY_103326,PAY_104560
SET_003103,2026-06-18T07:43:03,PayFlow,INR,35,42061.09,0.00,42061.09,BANK_002,PFSET_00003103,PAY_100624,PAY_104884
SET_003104,2026-06-16T09:00:34,PayFlow,INR,31,44669.53,0.00,44669.53,BANK_002,PFSET_00003104,PAY_096828,PAY_103058
SET_003105,2026-06-17T22:20:15,PayFlow,INR,36,46175.76,0.00,46175.76,BANK_002,PFSET_00003105,PAY_105525,PAY_097947
SET_003106,2026-06-15T19:52:03,PayFlow,INR,37,41603.35,0.00,41603.35,BANK_002,PFSET_00003106,PAY_108585,PAY_101155
SET_003107,2026-06-17T19:00:08,PayFlow,INR,27,39738.93,0.00,39738.93,BANK_002,PFSET_00003107,PAY_107980,PAY_102904
SET_003108,2026-06-19T00:48:21,PayFlow,INR,39,43475.80,4125.69,39350.11,BANK_002,PFSET_00003108,PAY_101066,PAY_096270
SET_003109,2026-06-18T00:12:47,PayFlow,INR,28,27233.68,2011.07,25222.61,BANK_002,PFSET_00003109,PAY_101541,PAY_102532
SET_003110,2026-06-15T22:12:35,PayFlow,INR,27,30281.68,0.00,30281.68,BANK_002,PFSET_00003110,PAY_098625,PAY_107447
SET_003111,2026-06-18T21:53:04,PayFlow,INR,30,26248.64,0.00,26248.64,BANK_002,PFSET_00003111,PAY_099421,PAY_108436
SET_003112,2026-06-18T05:23:29,PayFlow,INR,36,38188.97,0.00,38188.97,BANK_002,PFSET_00003112,PAY_107214,PAY_107036
SET_003113,2026-06-16T01:12:21,PayFlow,INR,34,52651.86,0.00,52651.86,BANK_002,PFSET_00003113,PAY_100531,PAY_108057
SET_003114,2026-06-18T02:10:45,PayFlow,INR,31,40486.19,0.00,40486.19,BANK_002,PFSET_00003114,PAY_100777,PAY_102589
SET_003115,2026-06-17T06:31:00,PayFlow,INR,32,48786.94,0.00,48786.94,BANK_002,PFSET_00003115,PAY_099223,PAY_101949
SET_003116,2026-06-17T11:43:58,PayFlow,INR,26,29438.16,0.00,29438.16,BANK_002,PFSET_00003116,PAY_104263,PAY_105218
SET_003117,2026-06-16T18:08:23,PayFlow,INR,32,35845.41,0.00,35845.41,BANK_002,PFSET_00003117,PAY_108080,PAY_105339
SET_003118,2026-06-19T17:56:53,PayFlow,INR,32,37122.23,0.00,37122.23,BANK_002,PFSET_00003118,PAY_107497,PAY_100416
SET_003119,2026-06-18T00:22:05,PayFlow,INR,40,42154.57,0.00,42154.57,BANK_002,PFSET_00003119,PAY_096460,PAY_106995
SET_003120,2026-06-19T23:21:39,PayFlow,INR,36,46329.97,0.00,46329.97,BANK_002,PFSET_00003120,PAY_098034,PAY_101540
SET_003121,2026-06-18T00:25:03,PayFlow,INR,36,46940.43,295.47,46644.96,BANK_002,PFSET_00003121,PAY_100566,PAY_098062
SET_003122,2026-06-18T03:27:19,PayFlow,INR,36,51063.06,0.00,51063.06,BANK_002,PFSET_00003122,PAY_097259,PAY_100237
SET_003123,2026-06-18T02:19:10,PayFlow,INR,36,41760.02,0.00,41760.02,BANK_002,PFSET_00003123,PAY_107517,PAY_099945
SET_003124,2026-06-17T03:19:18,PayFlow,INR,30,40625.52,0.00,40625.52,BANK_002,PFSET_00003124,PAY_108651,PAY_104632
SET_003125,2026-06-18T02:33:43,PayFlow,INR,29,34225.17,0.00,34225.17,BANK_002,PFSET_00003125,PAY_105345,PAY_096374
SET_003126,2026-06-20T03:49:47,PayFlow,INR,30,36539.27,0.00,36539.27,BANK_002,PFSET_00003126,PAY_105461,PAY_099865
SET_003127,2026-06-19T02:14:25,PayFlow,INR,47,57011.37,1023.59,55987.78,BANK_002,PFSET_00003127,PAY_100517,PAY_104679
SET_003128,2026-06-20T05:53:01,PayFlow,INR,33,40283.04,0.00,40283.04,BANK_002,PFSET_00003128,PAY_105195,PAY_097865
SET_003129,2026-06-17T16:45:20,PayFlow,INR,38,47595.08,0.00,47595.08,BANK_002,PFSET_00003129,PAY_099983,PAY_108734
SET_003130,2026-06-19T23:01:38,PayFlow,INR,33,48448.70,0.00,48448.70,BANK_002,PFSET_00003130,PAY_097286,PAY_096177
SET_003131,2026-06-19T20:11:24,PayFlow,INR,30,29830.84,0.00,29830.84,BANK_002,PFSET_00003131,PAY_101441,PAY_107467
SET_003132,2026-06-19T23:09:44,PayFlow,INR,38,59145.16,0.00,59145.16,BANK_002,PFSET_00003132,PAY_098804,PAY_107874
SET_003133,2026-06-21T01:50:44,PayFlow,INR,30,26198.03,0.00,26198.03,BANK_002,PFSET_00003133,PAY_097186,PAY_100787
SET_003134,2026-06-19T01:11:38,PayFlow,INR,28,31138.42,0.00,31138.42,BANK_002,PFSET_00003134,PAY_098142,PAY_104775
SET_003135,2026-06-19T21:25:49,PayFlow,INR,29,37198.32,0.00,37198.32,BANK_002,PFSET_00003135,PAY_097560,PAY_107170
SET_003136,2026-06-20T22:19:03,PayFlow,INR,31,37497.87,0.00,37497.87,BANK_002,PFSET_00003136,PAY_101996,PAY_096417
SET_003137,2026-06-17T20:22:04,PayFlow,INR,35,33456.69,0.00,33456.69,BANK_002,PFSET_00003137,PAY_100143,PAY_099032
SET_003138,2026-06-20T22:54:23,PayFlow,INR,31,30550.19,0.00,30550.19,BANK_002,PFSET_00003138,PAY_106689,PAY_103714
SET_003139,2026-06-21T03:46:54,PayFlow,INR,32,71131.60,0.00,71131.60,BANK_002,PFSET_00003139,PAY_100448,PAY_104982
SET_003140,2026-06-20T22:17:30,PayFlow,INR,27,32867.13,541.62,32325.51,BANK_002,PFSET_00003140,PAY_100159,PAY_108556
SET_003141,2026-06-19T03:46:26,PayFlow,INR,36,55031.72,0.00,55031.72,BANK_002,PFSET_00003141,PAY_098035,PAY_100825
SET_003142,2026-06-21T04:01:37,PayFlow,INR,34,36902.00,235.32,36666.68,BANK_002,PFSET_00003142,PAY_102900,PAY_107961
SET_003143,2026-06-21T11:15:52,PayFlow,INR,33,42214.51,134.23,42080.28,BANK_002,PFSET_00003143,PAY_099426,PAY_108531
SET_003144,2026-06-21T20:34:49,PayFlow,INR,28,31758.95,0.00,31758.95,BANK_002,PFSET_00003144,PAY_097899,PAY_101985
SET_003145,2026-06-21T20:08:43,PayFlow,INR,33,33793.45,0.00,33793.45,BANK_002,PFSET_00003145,PAY_097275,PAY_102042
SET_003146,2026-06-21T20:20:58,PayFlow,INR,37,49325.25,3704.04,45621.21,BANK_002,PFSET_00003146,PAY_100007,PAY_096257
SET_003147,2026-06-19T19:00:05,PayFlow,INR,36,35356.36,295.00,35061.36,BANK_002,PFSET_00003147,PAY_101918,PAY_107703
SET_003148,2026-06-20T18:24:02,PayFlow,INR,32,43498.33,0.00,43498.33,BANK_002,PFSET_00003148,PAY_101930,PAY_105190
SET_003149,2026-06-20T18:28:35,PayFlow,INR,31,44341.49,0.00,44341.49,BANK_002,PFSET_00003149,PAY_105689,PAY_100183
SET_003150,2026-06-22T03:15:15,PayFlow,INR,35,38150.54,0.00,38150.54,BANK_002,PFSET_00003150,PAY_104675,PAY_106965
SET_003151,2026-06-20T01:50:14,PayFlow,INR,30,31389.91,0.00,31389.91,BANK_002,PFSET_00003151,PAY_097355,PAY_102211
SET_003152,2026-06-18T23:03:06,PayFlow,INR,35,41814.55,0.00,41814.55,BANK_002,PFSET_00003152,PAY_105117,PAY_101615
SET_003153,2026-06-18T23:02:54,PayFlow,INR,35,39582.13,0.00,39582.13,BANK_002,PFSET_00003153,PAY_099727,PAY_106278
SET_003154,2026-06-18T22:08:33,PayFlow,INR,31,32922.20,0.00,32922.20,BANK_002,PFSET_00003154,PAY_104378,PAY_107544
SET_003155,2026-06-21T23:07:09,PayFlow,INR,35,50071.49,0.00,50071.49,BANK_002,PFSET_00003155,PAY_098903,PAY_098267
SET_003156,2026-06-19T07:34:02,PayFlow,INR,29,42116.20,0.00,42116.20,BANK_002,PFSET_00003156,PAY_103274,PAY_103985
SET_003157,2026-06-21T15:31:51,PayFlow,INR,27,25168.81,1260.24,23908.57,BANK_002,PFSET_00003157,PAY_098050,PAY_097870
SET_003158,2026-06-19T18:46:32,PayFlow,INR,32,37154.71,0.00,37154.71,BANK_002,PFSET_00003158,PAY_096791,PAY_096230
SET_003159,2026-06-21T21:10:57,PayFlow,INR,29,30203.93,0.00,30203.93,BANK_002,PFSET_00003159,PAY_107897,PAY_096533
SET_003160,2026-06-20T19:03:58,PayFlow,INR,25,38701.99,0.00,38701.99,BANK_002,PFSET_00003160,PAY_104492,PAY_106213
SET_003161,2026-06-21T20:17:34,PayFlow,INR,35,35842.85,0.00,35842.85,BANK_002,PFSET_00003161,PAY_103559,PAY_100279
SET_003162,2026-06-23T02:08:17,PayFlow,INR,33,39733.37,0.00,39733.37,BANK_002,PFSET_00003162,PAY_106829,PAY_098232
SET_003163,2026-06-21T20:51:42,PayFlow,INR,42,41551.47,0.00,41551.47,BANK_002,PFSET_00003163,PAY_096358,PAY_101660
SET_003164,2026-06-20T22:28:35,PayFlow,INR,34,36476.50,0.00,36476.50,BANK_002,PFSET_00003164,PAY_103034,PAY_097796
SET_003165,2026-06-23T00:43:38,PayFlow,INR,41,52787.94,3598.45,49189.49,BANK_002,PFSET_00003165,PAY_108028,PAY_103091
SET_003166,2026-06-20T23:12:08,PayFlow,INR,31,29785.36,534.54,29250.82,BANK_002,PFSET_00003166,PAY_096682,PAY_108053
SET_003167,2026-06-21T20:30:36,PayFlow,INR,35,36613.03,0.00,36613.03,BANK_002,PFSET_00003167,PAY_102580,PAY_106708
SET_003168,2026-06-20T03:36:32,PayFlow,INR,37,36000.96,0.00,36000.96,BANK_002,PFSET_00003168,PAY_105274,PAY_101629
SET_003169,2026-06-21T22:26:04,PayFlow,INR,33,42933.61,0.00,42933.61,BANK_002,PFSET_00003169,PAY_097136,PAY_105259
SET_003170,2026-06-20T05:57:00,PayFlow,INR,27,27333.47,0.00,27333.47,BANK_002,PFSET_00003170,PAY_106800,PAY_096932
SET_003171,2026-06-22T05:12:06,PayFlow,INR,33,46219.61,0.00,46219.61,BANK_002,PFSET_00003171,PAY_099503,PAY_104649
SET_003172,2026-06-22T11:01:08,PayFlow,INR,35,45664.09,4714.82,40949.27,BANK_002,PFSET_00003172,PAY_103039,PAY_105493
SET_003173,2026-06-23T21:03:43,PayFlow,INR,31,39540.13,0.00,39540.13,BANK_002,PFSET_00003173,PAY_106647,PAY_102710
SET_003174,2026-06-23T18:56:30,PayFlow,INR,30,32542.87,0.00,32542.87,BANK_002,PFSET_00003174,PAY_097671,PAY_096008
SET_003175,2026-06-20T22:00:56,PayFlow,INR,32,40384.03,0.00,40384.03,BANK_002,PFSET_00003175,PAY_108333,PAY_097416
SET_003176,2026-06-23T22:33:38,PayFlow,INR,37,41670.96,0.00,41670.96,BANK_002,PFSET_00003176,PAY_104464,PAY_101224
SET_003177,2026-06-22T20:30:08,PayFlow,INR,26,21300.47,0.00,21300.47,BANK_002,PFSET_00003177,PAY_105938,PAY_096393
SET_003178,2026-06-22T00:27:17,PayFlow,INR,29,39512.96,0.00,39512.96,BANK_002,PFSET_00003178,PAY_106710,PAY_096474
SET_003179,2026-06-20T23:38:09,PayFlow,INR,31,32458.03,0.00,32458.03,BANK_002,PFSET_00003179,PAY_102614,PAY_104260
SET_003180,2026-06-22T21:57:05,PayFlow,INR,27,40757.11,0.00,40757.11,BANK_002,PFSET_00003180,PAY_102636,PAY_097024
SET_003181,2026-06-24T02:13:09,PayFlow,INR,35,42425.12,0.00,42425.12,BANK_002,PFSET_00003181,PAY_107357,PAY_096413
SET_003182,2026-06-24T03:38:44,PayFlow,INR,32,43949.66,0.00,43949.66,BANK_002,PFSET_00003182,PAY_102384,PAY_099218
SET_003183,2026-06-21T00:42:04,PayFlow,INR,26,35690.09,0.00,35690.09,BANK_002,PFSET_00003183,PAY_104636,PAY_100931
SET_003184,2026-06-21T23:20:24,PayFlow,INR,30,39772.15,0.00,39772.15,BANK_002,PFSET_00003184,PAY_108133,PAY_101173
SET_003185,2026-06-24T00:03:08,PayFlow,INR,32,29825.73,0.00,29825.73,BANK_002,PFSET_00003185,PAY_104595,PAY_099842
SET_003186,2026-06-23T17:36:42,PayFlow,INR,28,46293.34,0.00,46293.34,BANK_002,PFSET_00003186,PAY_108424,PAY_103160
SET_003187,2026-06-24T17:15:18,PayFlow,INR,27,41424.62,0.00,41424.62,BANK_002,PFSET_00003187,PAY_096380,PAY_104918
SET_003188,2026-06-23T18:35:47,PayFlow,INR,30,42190.16,0.00,42190.16,BANK_002,PFSET_00003188,PAY_101655,PAY_098265
SET_003189,2026-06-22T20:57:48,PayFlow,INR,27,29010.64,0.00,29010.64,BANK_002,PFSET_00003189,PAY_108191,PAY_098115
SET_003190,2026-06-22T17:36:33,PayFlow,INR,29,36471.13,0.00,36471.13,BANK_002,PFSET_00003190,PAY_105914,PAY_103630
SET_003191,2026-06-22T18:39:46,PayFlow,INR,33,28195.79,0.00,28195.79,BANK_002,PFSET_00003191,PAY_105928,PAY_097970
SET_003192,2026-06-23T23:57:45,PayFlow,INR,33,52434.33,0.00,52434.33,BANK_002,PFSET_00003192,PAY_106251,PAY_108285
SET_003193,2026-06-23T03:16:46,PayFlow,INR,29,25794.46,0.00,25794.46,BANK_002,PFSET_00003193,PAY_106486,PAY_098326
SET_003194,2026-06-23T04:24:00,PayFlow,INR,30,35845.83,0.00,35845.83,BANK_002,PFSET_00003194,PAY_098563,PAY_102597
SET_003195,2026-06-24T04:26:08,PayFlow,INR,26,33290.36,0.00,33290.36,BANK_002,PFSET_00003195,PAY_101306,PAY_096116
SET_003196,2026-06-24T01:08:56,PayFlow,INR,39,41993.94,59.00,41934.94,BANK_002,PFSET_00003196,PAY_107082,PAY_108223
SET_003197,2026-06-21T22:22:22,PayFlow,INR,31,31805.96,0.00,31805.96,BANK_002,PFSET_00003197,PAY_098212,PAY_099731
SET_003198,2026-06-24T01:12:35,PayFlow,INR,37,40513.62,0.00,40513.62,BANK_002,PFSET_00003198,PAY_108695,PAY_101516
SET_003199,2026-06-23T18:34:56,PayFlow,INR,29,38490.39,0.00,38490.39,BANK_002,PFSET_00003199,PAY_098584,PAY_102399
SET_003200,2026-06-22T17:55:55,PayFlow,INR,37,43965.96,0.00,43965.96,BANK_002,PFSET_00003200,PAY_101085,PAY_102002
SET_003201,2026-06-24T18:17:09,PayFlow,INR,37,46233.74,0.00,46233.74,BANK_002,PFSET_00003201,PAY_098479,PAY_104664
SET_003202,2026-06-24T22:54:41,PayFlow,INR,35,32258.80,0.00,32258.80,BANK_002,PFSET_00003202,PAY_098760,PAY_103184
SET_003203,2026-06-22T19:13:49,PayFlow,INR,27,36235.65,0.00,36235.65,BANK_002,PFSET_00003203,PAY_096961,PAY_103031
SET_003204,2026-06-24T01:05:49,PayFlow,INR,28,30413.22,1286.20,29127.02,BANK_002,PFSET_00003204,PAY_098191,PAY_102274
SET_003205,2026-06-25T02:37:38,PayFlow,INR,35,46740.72,0.00,46740.72,BANK_002,PFSET_00003205,PAY_104133,PAY_103693
SET_003206,2026-06-25T03:15:18,PayFlow,INR,36,38129.91,0.00,38129.91,BANK_002,PFSET_00003206,PAY_105358,PAY_096561
SET_003207,2026-06-26T02:18:48,PayFlow,INR,44,43979.06,0.00,43979.06,BANK_002,PFSET_00003207,PAY_103812,PAY_105674
SET_003208,2026-06-26T03:52:27,PayFlow,INR,26,28593.22,0.00,28593.22,BANK_002,PFSET_00003208,PAY_096670,PAY_108257
SET_003209,2026-06-23T02:57:56,PayFlow,INR,31,35078.18,0.00,35078.18,BANK_002,PFSET_00003209,PAY_103350,PAY_099029
SET_003210,2026-06-25T17:41:36,PayFlow,INR,25,34362.57,0.00,34362.57,BANK_002,PFSET_00003210,PAY_098743,PAY_098431
SET_003211,2026-06-24T22:50:20,PayFlow,INR,43,55595.54,974.33,54621.21,BANK_002,PFSET_00003211,PAY_099542,PAY_101656
SET_003212,2026-06-24T22:56:25,PayFlow,INR,35,36632.80,0.00,36632.80,BANK_002,PFSET_00003212,PAY_098793,PAY_096564
SET_003213,2026-06-24T22:43:34,PayFlow,INR,35,44649.09,0.00,44649.09,BANK_002,PFSET_00003213,PAY_104085,PAY_108195
SET_003214,2026-06-23T19:45:54,PayFlow,INR,29,32671.67,0.00,32671.67,BANK_002,PFSET_00003214,PAY_102838,PAY_107072
SET_003215,2026-06-23T22:26:07,PayFlow,INR,33,44086.72,0.00,44086.72,BANK_002,PFSET_00003215,PAY_097866,PAY_105128
SET_003216,2026-06-24T03:02:33,PayFlow,INR,32,41194.72,0.00,41194.72,BANK_002,PFSET_00003216,PAY_099642,PAY_099850
SET_003217,2026-06-26T04:56:24,PayFlow,INR,29,43927.13,0.00,43927.13,BANK_002,PFSET_00003217,PAY_105273,PAY_101088
SET_003218,2026-06-26T20:46:22,PayFlow,INR,30,36056.30,0.00,36056.30,BANK_002,PFSET_00003218,PAY_105768,PAY_106719
SET_003219,2026-06-24T05:37:13,PayFlow,INR,27,28899.50,0.00,28899.50,BANK_002,PFSET_00003219,PAY_100280,PAY_104385
SET_003220,2026-06-27T05:16:18,PayFlow,INR,30,32366.01,335.54,32030.47,BANK_002,PFSET_00003220,PAY_099045,PAY_101707
SET_003221,2026-06-27T02:12:49,PayFlow,INR,27,29164.50,371.70,28792.80,BANK_002,PFSET_00003221,PAY_106973,PAY_096463
SET_003222,2026-06-24T06:49:53,PayFlow,INR,29,37259.00,0.00,37259.00,BANK_002,PFSET_00003222,PAY_101483,PAY_105409
SET_003223,2026-06-24T18:24:21,PayFlow,INR,34,47428.38,0.00,47428.38,BANK_002,PFSET_00003223,PAY_108314,PAY_098811
SET_003224,2026-06-27T20:03:22,PayFlow,INR,39,55576.90,4846.08,50730.82,BANK_002,PFSET_00003224,PAY_108303,PAY_107578
SET_003225,2026-06-27T18:52:13,PayFlow,INR,31,34597.38,0.00,34597.38,BANK_002,PFSET_00003225,PAY_099599,PAY_096745
SET_003226,2026-06-24T21:09:28,PayFlow,INR,31,37119.45,0.00,37119.45,BANK_002,PFSET_00003226,PAY_099939,PAY_107991
SET_003227,2026-06-25T23:16:42,PayFlow,INR,29,29594.96,0.00,29594.96,BANK_002,PFSET_00003227,PAY_101430,PAY_104835
SET_003228,2026-06-27T21:25:34,PayFlow,INR,31,40079.20,0.00,40079.20,BANK_002,PFSET_00003228,PAY_097932,PAY_103820
SET_003229,2026-06-26T00:09:35,PayFlow,INR,34,34130.30,608.88,33521.42,BANK_002,PFSET_00003229,PAY_108690,PAY_105968
SET_003230,2026-06-24T20:04:03,PayFlow,INR,31,34056.92,0.00,34056.92,BANK_002,PFSET_00003230,PAY_102835,PAY_100047
SET_003231,2026-06-26T21:37:41,PayFlow,INR,29,43159.73,832.49,42327.24,BANK_002,PFSET_00003231,PAY_097285,PAY_096512
SET_003232,2026-06-25T01:35:05,PayFlow,INR,29,33004.71,0.00,33004.71,BANK_002,PFSET_00003232,PAY_102464,PAY_096547
SET_003233,2026-06-28T04:09:31,PayFlow,INR,41,55806.30,0.00,55806.30,BANK_002,PFSET_00003233,PAY_100590,PAY_095978
SET_003234,2026-06-26T02:49:25,PayFlow,INR,33,35122.59,0.00,35122.59,BANK_002,PFSET_00003234,PAY_101798,PAY_107323
SET_003235,2026-06-27T01:50:38,PayFlow,INR,27,30307.89,0.00,30307.89,BANK_002,PFSET_00003235,PAY_098806,PAY_105479
SET_003236,2026-06-25T01:11:16,PayFlow,INR,41,41149.53,0.00,41149.53,BANK_002,PFSET_00003236,PAY_100171,PAY_106765
SET_003237,2026-06-28T14:58:17,PayFlow,INR,30,27836.28,0.00,27836.28,BANK_002,PFSET_00003237,PAY_096087,PAY_107691
SET_003238,2026-06-26T16:50:03,PayFlow,INR,31,40801.40,0.00,40801.40,BANK_002,PFSET_00003238,PAY_101979,PAY_099362
SET_003239,2026-06-25T19:10:53,PayFlow,INR,36,46908.46,0.00,46908.46,BANK_002,PFSET_00003239,PAY_107749,PAY_096669
SET_003240,2026-06-26T18:43:30,PayFlow,INR,34,34846.19,0.00,34846.19,BANK_002,PFSET_00003240,PAY_100186,PAY_097352
SET_003241,2026-06-27T22:19:14,PayFlow,INR,33,49313.51,4362.93,44950.58,BANK_002,PFSET_00003241,PAY_101921,PAY_097430
SET_003242,2026-06-26T02:40:05,PayFlow,INR,39,59878.24,0.00,59878.24,BANK_002,PFSET_00003242,PAY_097421,PAY_099319
SET_003243,2026-06-25T23:41:31,PayFlow,INR,33,44944.99,0.00,44944.99,BANK_002,PFSET_00003243,PAY_097172,PAY_099524
SET_003244,2026-06-27T02:47:15,PayFlow,INR,33,34100.81,1379.01,32721.80,BANK_002,PFSET_00003244,PAY_102019,PAY_107255
SET_003245,2026-06-27T21:37:02,PayFlow,INR,39,49578.02,0.00,49578.02,BANK_002,PFSET_00003245,PAY_105603,PAY_100209
SET_003246,2026-06-26T22:27:49,PayFlow,INR,44,53791.67,3067.06,50724.61,BANK_002,PFSET_00003246,PAY_104121,PAY_104141
SET_003247,2026-06-28T00:32:41,PayFlow,INR,32,44727.36,0.00,44727.36,BANK_002,PFSET_00003247,PAY_102501,PAY_100755
SET_003248,2026-06-28T03:38:47,PayFlow,INR,37,24615.44,0.00,24615.44,BANK_002,PFSET_00003248,PAY_101788,PAY_096720
SET_003249,2026-06-28T21:49:17,PayFlow,INR,26,29443.78,0.00,29443.78,BANK_002,PFSET_00003249,PAY_107800,PAY_097216
SET_003250,2026-06-28T05:51:40,PayFlow,INR,38,45185.84,889.66,44296.18,BANK_002,PFSET_00003250,PAY_100620,PAY_108561
SET_003251,2026-06-26T04:16:53,PayFlow,INR,28,30273.38,0.00,30273.38,BANK_002,PFSET_00003251,PAY_101302,PAY_097724
SET_003252,2026-06-26T18:23:25,PayFlow,INR,42,62118.01,0.00,62118.01,BANK_002,PFSET_00003252,PAY_105110,PAY_100379
SET_003253,2026-06-29T23:27:20,PayFlow,INR,27,27877.76,0.00,27877.76,BANK_002,PFSET_00003253,PAY_098963,PAY_104501
SET_003254,2026-06-29T21:20:11,PayFlow,INR,34,42580.32,0.00,42580.32,BANK_002,PFSET_00003254,PAY_101415,PAY_108697
SET_003255,2026-06-26T21:19:12,PayFlow,INR,35,34536.39,0.00,34536.39,BANK_002,PFSET_00003255,PAY_107692,PAY_102909
SET_003256,2026-06-29T00:43:35,PayFlow,INR,29,33199.61,0.00,33199.61,BANK_002,PFSET_00003256,PAY_106034,PAY_107822
SET_003257,2026-06-29T21:22:42,PayFlow,INR,36,38991.38,803.58,38187.80,BANK_002,PFSET_00003257,PAY_105931,PAY_098945
SET_003258,2026-06-26T21:49:58,PayFlow,INR,31,36904.13,0.00,36904.13,BANK_002,PFSET_00003258,PAY_099687,PAY_101862
SET_003259,2026-06-27T02:08:07,PayFlow,INR,33,37532.94,0.00,37532.94,BANK_002,PFSET_00003259,PAY_100160,PAY_105923
SET_003260,2026-06-28T03:24:14,PayFlow,INR,36,52382.46,4646.55,47735.91,BANK_002,PFSET_00003260,PAY_107527,PAY_098881
SET_003261,2026-06-28T03:03:02,PayFlow,INR,28,25009.32,0.00,25009.32,BANK_002,PFSET_00003261,PAY_107165,PAY_108084
SET_003262,2026-06-30T04:32:45,PayFlow,INR,30,36846.20,0.00,36846.20,BANK_002,PFSET_00003262,PAY_098972,PAY_106755
SET_003263,2026-06-30T01:25:39,PayFlow,INR,36,40359.89,0.00,40359.89,BANK_002,PFSET_00003263,PAY_097584,PAY_102757
SET_003264,2026-06-27T03:37:47,PayFlow,INR,30,34731.21,0.00,34731.21,BANK_002,PFSET_00003264,PAY_107777,PAY_106819
SET_003265,2026-06-29T13:04:42,PayFlow,INR,35,43814.19,0.00,43814.19,BANK_002,PFSET_00003265,PAY_099209,PAY_108067
SET_003266,2026-06-30T15:17:33,PayFlow,INR,36,34481.70,0.00,34481.70,BANK_002,PFSET_00003266,PAY_104701,PAY_106987
SET_003267,2026-06-29T17:22:14,PayFlow,INR,27,33368.46,0.00,33368.46,BANK_002,PFSET_00003267,PAY_103101,PAY_104824
SET_003268,2026-07-01T00:17:54,PayFlow,INR,31,47709.93,0.00,47709.93,BANK_002,PFSET_00003268,PAY_096792,PAY_098636
SET_003269,2026-06-27T23:32:43,PayFlow,INR,27,33198.62,0.00,33198.62,BANK_002,PFSET_00003269,PAY_105059,PAY_103431
SET_003270,2026-06-27T20:27:10,PayFlow,INR,27,41433.93,0.00,41433.93,BANK_002,PFSET_00003270,PAY_104432,PAY_100388
SET_003271,2026-07-01T03:17:16,PayFlow,INR,30,38978.24,258.85,38719.39,BANK_002,PFSET_00003271,PAY_101896,PAY_105617
SET_003272,2026-06-29T22:23:13,PayFlow,INR,36,34881.98,0.00,34881.98,BANK_002,PFSET_00003272,PAY_108679,PAY_096137
SET_003273,2026-06-30T21:19:00,PayFlow,INR,27,41858.16,0.00,41858.16,BANK_002,PFSET_00003273,PAY_102193,PAY_100496
SET_003274,2026-06-29T04:21:52,PayFlow,INR,25,28865.98,0.00,28865.98,BANK_002,PFSET_00003274,PAY_100116,PAY_099328
SET_003275,2026-06-28T04:30:16,PayFlow,INR,30,40220.80,339.19,39881.61,BANK_002,PFSET_00003275,PAY_096763,PAY_096304
SET_003276,2026-06-29T05:53:24,PayFlow,INR,42,49186.15,0.00,49186.15,BANK_002,PFSET_00003276,PAY_106307,PAY_106365
SET_003277,2026-07-01T06:08:07,PayFlow,INR,28,28593.74,0.00,28593.74,BANK_002,PFSET_00003277,PAY_098341,PAY_098573
SET_003278,2026-07-01T01:33:07,PayFlow,INR,44,60382.99,0.00,60382.99,BANK_002,PFSET_00003278,PAY_103440,PAY_097386
SET_003279,2026-06-29T12:34:40,PayFlow,INR,30,37389.87,0.00,37389.87,BANK_002,PFSET_00003279,PAY_101551,PAY_097832
SET_003280,2026-07-01T20:33:17,PayFlow,INR,27,44121.48,0.00,44121.48,BANK_002,PFSET_00003280,PAY_099402,PAY_100648
SET_003281,2026-07-01T16:48:29,PayFlow,INR,34,61427.56,2068.34,59359.22,BANK_002,PFSET_00003281,PAY_106894,PAY_102434
SET_003282,2026-06-29T19:14:24,PayFlow,INR,34,52365.97,0.00,52365.97,BANK_002,PFSET_00003282,PAY_097848,PAY_108650
SET_003283,2026-06-30T19:29:17,PayFlow,INR,39,43003.44,0.00,43003.44,BANK_002,PFSET_00003283,PAY_105121,PAY_098856
SET_003284,2026-06-29T02:44:18,PayFlow,INR,29,27285.13,0.00,27285.13,BANK_002,PFSET_00003284,PAY_102477,PAY_098359
SET_003285,2026-06-30T02:45:03,PayFlow,INR,28,35376.48,371.70,35004.78,BANK_002,PFSET_00003285,PAY_106697,PAY_104765
SET_003286,2026-06-28T21:00:58,PayFlow,INR,29,34648.36,0.00,34648.36,BANK_002,PFSET_00003286,PAY_105192,PAY_101988
SET_003287,2026-06-30T20:15:28,PayFlow,INR,35,50440.40,0.00,50440.40,BANK_002,PFSET_00003287,PAY_099547,PAY_101991
SET_003288,2026-07-01T23:29:20,PayFlow,INR,35,40987.24,371.70,40615.54,BANK_002,PFSET_00003288,PAY_096388,PAY_101042
SET_003289,2026-06-30T00:36:34,PayFlow,INR,26,30772.34,0.00,30772.34,BANK_002,PFSET_00003289,PAY_106551,PAY_097390
SET_003290,2026-06-30T00:18:04,PayFlow,INR,36,35510.03,0.00,35510.03,BANK_002,PFSET_00003290,PAY_107251,PAY_103506
SET_003291,2026-07-01T03:36:51,PayFlow,INR,31,34750.37,396.48,34353.89,BANK_002,PFSET_00003291,PAY_098556,PAY_101844
SET_003292,2026-06-29T11:01:58,PayFlow,INR,36,37889.52,0.00,37889.52,BANK_002,PFSET_00003292,PAY_097456,PAY_105610
SET_003293,2026-07-02T17:24:13,PayFlow,INR,37,38180.91,0.00,38180.91,BANK_002,PFSET_00003293,PAY_098536,PAY_106678
SET_003294,2026-06-30T19:31:17,PayFlow,INR,36,45129.10,0.00,45129.10,BANK_002,PFSET_00003294,PAY_107842,PAY_108480
SET_003295,2026-07-02T00:56:31,PayFlow,INR,32,34117.07,257.46,33859.61,BANK_002,PFSET_00003295,PAY_104510,PAY_096191
SET_003296,2026-06-29T22:32:46,PayFlow,INR,36,45587.30,0.00,45587.30,BANK_002,PFSET_00003296,PAY_099635,PAY_107062
SET_003297,2026-07-02T01:30:04,PayFlow,INR,31,34150.83,486.87,33663.96,BANK_002,PFSET_00003297,PAY_103718,PAY_099876
SET_003298,2026-07-01T21:31:40,PayFlow,INR,28,32307.88,0.00,32307.88,BANK_002,PFSET_00003298,PAY_106003,PAY_104655
SET_003299,2026-07-02T20:24:24,PayFlow,INR,31,33160.78,0.00,33160.78,BANK_002,PFSET_00003299,PAY_104009,PAY_098965
SET_003300,2026-06-30T22:39:44,PayFlow,INR,36,38900.37,0.00,38900.37,BANK_002,PFSET_00003300,PAY_102947,PAY_105498
SET_003301,2026-07-01T03:56:01,PayFlow,INR,29,36617.45,0.00,36617.45,BANK_002,PFSET_00003301,PAY_102802,PAY_104317
SET_003302,2026-07-01T23:39:40,PayFlow,INR,37,40977.53,0.00,40977.53,BANK_002,PFSET_00003302,PAY_096768,PAY_098707
SET_003303,2026-07-02T18:44:55,PayFlow,INR,28,33220.52,0.00,33220.52,BANK_002,PFSET_00003303,PAY_102179,PAY_103139
SET_003304,2026-07-03T14:55:19,PayFlow,INR,26,28897.03,0.00,28897.03,BANK_002,PFSET_00003304,PAY_105559,PAY_098084
SET_003305,2026-07-03T18:00:07,PayFlow,INR,38,46954.45,800.51,46153.94,BANK_002,PFSET_00003305,PAY_100118,PAY_097749
SET_003306,2026-07-01T16:51:17,PayFlow,INR,26,31061.66,0.00,31061.66,BANK_002,PFSET_00003306,PAY_096755,PAY_097884
SET_003307,2026-07-01T23:17:53,PayFlow,INR,28,41192.46,0.00,41192.46,BANK_002,PFSET_00003307,PAY_105254,PAY_108251
SET_003308,2026-07-03T19:16:02,PayFlow,INR,27,32021.03,0.00,32021.03,BANK_002,PFSET_00003308,PAY_106102,PAY_098298
SET_003309,2026-07-03T20:22:40,PayFlow,INR,39,47081.35,0.00,47081.35,BANK_002,PFSET_00003309,PAY_102068,PAY_108395
SET_003310,2026-07-02T00:31:22,PayFlow,INR,28,27041.41,0.00,27041.41,BANK_002,PFSET_00003310,PAY_108122,PAY_099116
SET_003311,2026-07-01T02:34:46,PayFlow,INR,29,33438.48,1059.64,32378.84,BANK_002,PFSET_00003311,PAY_100290,PAY_101371
SET_003312,2026-07-03T01:04:43,PayFlow,INR,26,25378.84,377.60,25001.24,BANK_002,PFSET_00003312,PAY_098850,PAY_097524
SET_003313,2026-07-04T03:02:33,PayFlow,INR,28,34376.73,0.00,34376.73,BANK_002,PFSET_00003313,PAY_100262,PAY_104025
SET_003314,2026-07-02T01:38:20,PayFlow,INR,32,32522.06,0.00,32522.06,BANK_002,PFSET_00003314,PAY_105631,PAY_104427
SET_003315,2026-07-03T07:19:25,PayFlow,INR,35,41207.46,0.00,41207.46,BANK_002,PFSET_00003315,PAY_108305,PAY_108288
SET_003316,2026-07-01T07:16:57,PayFlow,INR,41,38760.13,0.00,38760.13,BANK_002,PFSET_00003316,PAY_102031,PAY_107208
SET_003317,2026-07-04T17:58:03,PayFlow,INR,35,38523.73,0.00,38523.73,BANK_002,PFSET_00003317,PAY_106937,PAY_101764
SET_003318,2026-07-01T16:40:44,PayFlow,INR,33,33171.68,0.00,33171.68,BANK_002,PFSET_00003318,PAY_100415,PAY_107798
SET_003319,2026-07-04T20:16:17,PayFlow,INR,34,38042.35,0.00,38042.35,BANK_002,PFSET_00003319,PAY_105862,PAY_099181
SET_003320,2026-07-04T21:52:34,PayFlow,INR,37,42989.35,0.00,42989.35,BANK_002,PFSET_00003320,PAY_107559,PAY_102924
SET_003321,2026-07-01T19:58:27,PayFlow,INR,30,30972.15,0.00,30972.15,BANK_002,PFSET_00003321,PAY_107299,PAY_102577
SET_003322,2026-07-03T23:50:08,PayFlow,INR,27,29948.42,0.00,29948.42,BANK_002,PFSET_00003322,PAY_108031,PAY_107802
SET_003323,2026-07-01T20:40:19,PayFlow,INR,31,41996.25,318.60,41677.65,BANK_002,PFSET_00003323,PAY_108150,PAY_106732
SET_003324,2026-07-04T23:17:54,PayFlow,INR,27,28377.27,0.00,28377.27,BANK_002,PFSET_00003324,PAY_108196,PAY_100199
SET_003325,2026-07-04T00:11:26,PayFlow,INR,26,21557.52,0.00,21557.52,BANK_002,PFSET_00003325,PAY_107891,PAY_098835
SET_003326,2026-07-03T21:34:31,PayFlow,INR,26,24929.37,2279.55,22649.82,BANK_002,PFSET_00003326,PAY_095875,PAY_108266
SET_003327,2026-07-04T22:15:46,PayFlow,INR,29,31538.04,0.00,31538.04,BANK_002,PFSET_00003327,PAY_098068,PAY_099771
SET_003328,2026-07-02T00:55:53,PayFlow,INR,31,38326.74,0.00,38326.74,BANK_002,PFSET_00003328,PAY_095956,PAY_096469
SET_003329,2026-07-03T23:34:05,PayFlow,INR,31,42417.37,0.00,42417.37,BANK_002,PFSET_00003329,PAY_099437,PAY_104489
SET_003330,2026-07-04T00:56:44,PayFlow,INR,30,28056.88,0.00,28056.88,BANK_002,PFSET_00003330,PAY_108678,PAY_107944
SET_003331,2026-07-05T19:18:30,PayFlow,INR,36,45086.80,0.00,45086.80,BANK_002,PFSET_00003331,PAY_102351,PAY_117414
SET_003332,2026-07-02T17:00:27,PayFlow,INR,28,30767.99,0.00,30767.99,BANK_002,PFSET_00003332,PAY_118196,PAY_110729
SET_003333,2026-07-05T21:17:04,PayFlow,INR,29,37954.63,0.00,37954.63,BANK_002,PFSET_00003333,PAY_116289,PAY_110335
SET_003334,2026-07-04T20:47:05,PayFlow,INR,29,24957.18,0.00,24957.18,BANK_002,PFSET_00003334,PAY_119111,PAY_117097
SET_003335,2026-07-02T22:44:54,PayFlow,INR,26,30165.77,0.00,30165.77,BANK_002,PFSET_00003335,PAY_113574,PAY_110291
SET_003336,2026-07-04T22:48:26,PayFlow,INR,38,48137.76,0.00,48137.76,BANK_002,PFSET_00003336,PAY_112930,PAY_112681
SET_003337,2026-07-03T03:40:20,PayFlow,INR,29,39666.26,0.00,39666.26,BANK_002,PFSET_00003337,PAY_118193,PAY_111163
SET_003338,2026-07-02T22:09:29,PayFlow,INR,33,38913.70,0.00,38913.70,BANK_002,PFSET_00003338,PAY_114426,PAY_109302
SET_003339,2026-07-04T03:51:40,PayFlow,INR,32,48535.99,0.00,48535.99,BANK_002,PFSET_00003339,PAY_117621,PAY_118815
SET_003340,2026-07-04T04:12:03,PayFlow,INR,38,37273.89,0.00,37273.89,BANK_002,PFSET_00003340,PAY_113144,PAY_113290
SET_003341,2026-07-04T02:17:34,PayFlow,INR,27,43300.99,0.00,43300.99,BANK_002,PFSET_00003341,PAY_116131,PAY_114327
SET_003342,2026-07-05T15:12:26,PayFlow,INR,27,42421.29,0.00,42421.29,BANK_002,PFSET_00003342,PAY_111382,PAY_115976
SET_003343,2026-07-04T20:05:39,PayFlow,INR,33,30085.95,0.00,30085.95,BANK_002,PFSET_00003343,PAY_117559,PAY_118063
SET_003344,2026-07-05T17:35:07,PayFlow,INR,32,28725.53,0.00,28725.53,BANK_002,PFSET_00003344,PAY_112128,PAY_109751
SET_003345,2026-07-06T22:13:12,PayFlow,INR,30,33441.93,0.00,33441.93,BANK_002,PFSET_00003345,PAY_112177,PAY_119322
SET_003346,2026-07-04T23:12:57,PayFlow,INR,37,41021.77,0.00,41021.77,BANK_002,PFSET_00003346,PAY_119386,PAY_112671
SET_003347,2026-07-04T21:40:27,PayFlow,INR,32,38699.38,0.00,38699.38,BANK_002,PFSET_00003347,PAY_118270,PAY_111986
SET_003348,2026-07-04T21:53:32,PayFlow,INR,27,32250.60,371.70,31878.90,BANK_002,PFSET_00003348,PAY_113760,PAY_118249
SET_003349,2026-07-05T21:01:03,PayFlow,INR,36,51048.21,890.78,50157.43,BANK_002,PFSET_00003349,PAY_109315,PAY_116205
SET_003350,2026-07-07T04:53:09,PayFlow,INR,30,28388.25,0.00,28388.25,BANK_002,PFSET_00003350,PAY_109046,PAY_119501
SET_003351,2026-07-04T03:55:37,PayFlow,INR,30,37985.24,0.00,37985.24,BANK_002,PFSET_00003351,PAY_115611,PAY_109262
SET_003352,2026-07-06T03:11:08,PayFlow,INR,29,31685.55,2067.77,29617.78,BANK_002,PFSET_00003352,PAY_113718,PAY_109819
SET_003353,2026-07-04T05:40:14,PayFlow,INR,34,38761.24,0.00,38761.24,BANK_002,PFSET_00003353,PAY_115877,PAY_117233
SET_003354,2026-07-06T00:15:45,PayFlow,INR,36,43765.50,2035.85,41729.65,BANK_002,PFSET_00003354,PAY_112943,PAY_115455
SET_003355,2026-07-04T22:10:53,PayFlow,INR,30,40881.00,0.00,40881.00,BANK_002,PFSET_00003355,PAY_109791,PAY_114588
SET_003356,2026-07-04T20:11:35,PayFlow,INR,25,34421.59,0.00,34421.59,BANK_002,PFSET_00003356,PAY_112013,PAY_111476
SET_003357,2026-07-04T21:51:31,PayFlow,INR,32,38956.46,0.00,38956.46,BANK_002,PFSET_00003357,PAY_119119,PAY_111746
SET_003358,2026-07-04T20:38:59,PayFlow,INR,35,39956.98,0.00,39956.98,BANK_002,PFSET_00003358,PAY_114522,PAY_115626
SET_003359,2026-07-06T23:05:39,PayFlow,INR,34,39608.82,0.00,39608.82,BANK_002,PFSET_00003359,PAY_117168,PAY_115103
SET_003360,2026-07-06T19:59:54,PayFlow,INR,31,40415.86,0.00,40415.86,BANK_002,PFSET_00003360,PAY_117470,PAY_116961
SET_003361,2026-07-07T04:19:21,PayFlow,INR,34,32081.97,0.00,32081.97,BANK_002,PFSET_00003361,PAY_112784,PAY_118089
SET_003362,2026-07-05T22:31:35,PayFlow,INR,28,30770.42,0.00,30770.42,BANK_002,PFSET_00003362,PAY_112823,PAY_109776
SET_003363,2026-07-06T02:12:48,PayFlow,INR,31,37039.31,340.98,36698.33,BANK_002,PFSET_00003363,PAY_116041,PAY_117848
SET_003364,2026-07-07T05:20:14,PayFlow,INR,38,41858.27,0.00,41858.27,BANK_002,PFSET_00003364,PAY_113074,PAY_111104
SET_003365,2026-07-07T22:43:23,PayFlow,INR,36,40369.59,0.00,40369.59,BANK_002,PFSET_00003365,PAY_108944,PAY_113476
SET_003366,2026-07-05T07:24:56,PayFlow,INR,33,34500.88,0.00,34500.88,BANK_002,PFSET_00003366,PAY_114975,PAY_109414
SET_003367,2026-07-05T18:14:22,PayFlow,INR,37,45601.06,0.00,45601.06,BANK_002,PFSET_00003367,PAY_110653,PAY_118705
SET_003368,2026-07-05T21:12:18,PayFlow,INR,29,21794.86,0.00,21794.86,BANK_002,PFSET_00003368,PAY_111315,PAY_113319
SET_003369,2026-07-07T01:41:08,PayFlow,INR,31,38147.02,0.00,38147.02,BANK_002,PFSET_00003369,PAY_112057,PAY_118192
SET_003370,2026-07-07T23:45:54,PayFlow,INR,32,39833.06,0.00,39833.06,BANK_002,PFSET_00003370,PAY_115680,PAY_117987
SET_003371,2026-07-08T00:18:39,PayFlow,INR,30,34373.65,0.00,34373.65,BANK_002,PFSET_00003371,PAY_115094,PAY_113385
SET_003372,2026-07-05T23:02:12,PayFlow,INR,28,31906.78,0.00,31906.78,BANK_002,PFSET_00003372,PAY_116122,PAY_118641
SET_003373,2026-07-09T02:44:14,PayFlow,INR,38,42354.95,1468.68,40886.27,BANK_002,PFSET_00003373,PAY_114595,PAY_112017
SET_003374,2026-07-06T06:12:00,PayFlow,INR,32,30920.58,0.00,30920.58,BANK_002,PFSET_00003374,PAY_111909,PAY_117920
SET_003375,2026-07-05T22:40:29,PayFlow,INR,30,33654.78,0.00,33654.78,BANK_002,PFSET_00003375,PAY_111726,PAY_112633
SET_003376,2026-07-09T01:45:36,PayFlow,INR,29,32534.65,0.00,32534.65,BANK_002,PFSET_00003376,PAY_110922,PAY_114375
SET_003377,2026-07-08T19:00:47,PayFlow,INR,35,35669.45,2931.83,32737.62,BANK_002,PFSET_00003377,PAY_116764,PAY_118720
SET_003378,2026-07-08T17:37:32,PayFlow,INR,39,34686.29,664.34,34021.95,BANK_002,PFSET_00003378,PAY_117520,PAY_115293
SET_003379,2026-07-07T19:06:57,PayFlow,INR,30,37362.50,0.00,37362.50,BANK_002,PFSET_00003379,PAY_118537,PAY_112869
SET_003380,2026-07-08T23:37:05,PayFlow,INR,32,53615.27,0.00,53615.27,BANK_002,PFSET_00003380,PAY_115707,PAY_118785
SET_003381,2026-07-07T20:42:48,PayFlow,INR,32,43099.16,0.00,43099.16,BANK_002,PFSET_00003381,PAY_116832,PAY_113975
SET_003382,2026-07-09T00:31:31,PayFlow,INR,31,33924.24,0.00,33924.24,BANK_002,PFSET_00003382,PAY_112972,PAY_117213
SET_003383,2026-07-07T01:05:17,PayFlow,INR,32,36560.68,0.00,36560.68,BANK_002,PFSET_00003383,PAY_117595,PAY_109753
SET_003384,2026-07-10T06:38:17,PayFlow,INR,34,35615.96,0.00,35615.96,BANK_002,PFSET_00003384,PAY_112082,PAY_109407
SET_003385,2026-07-09T06:34:24,PayFlow,INR,30,26794.92,0.00,26794.92,BANK_002,PFSET_00003385,PAY_118912,PAY_115936
SET_003386,2026-07-10T15:55:39,PayFlow,INR,35,41734.23,144.64,41589.59,BANK_002,PFSET_00003386,PAY_116343,PAY_119002
SET_003387,2026-07-10T17:10:09,PayFlow,INR,34,39175.66,0.00,39175.66,BANK_002,PFSET_00003387,PAY_109217,PAY_113717
SET_003388,2026-07-07T20:28:38,PayFlow,INR,33,48085.55,0.00,48085.55,BANK_002,PFSET_00003388,PAY_110454,PAY_119494
SET_003389,2026-07-08T19:48:44,PayFlow,INR,27,33659.27,0.00,33659.27,BANK_002,PFSET_00003389,PAY_113081,PAY_112254
SET_003390,2026-07-07T18:51:02,PayFlow,INR,32,35994.55,0.00,35994.55,BANK_002,PFSET_00003390,PAY_111596,PAY_112684
SET_003391,2026-07-11T01:55:54,PayFlow,INR,31,42795.21,0.00,42795.21,BANK_002,PFSET_00003391,PAY_115948,PAY_111835
SET_003392,2026-07-11T01:43:48,PayFlow,INR,41,40471.09,0.00,40471.09,BANK_002,PFSET_00003392,PAY_117665,PAY_116768
SET_003393,2026-07-10T04:48:06,PayFlow,INR,30,37219.31,0.00,37219.31,BANK_002,PFSET_00003393,PAY_112658,PAY_109696
SET_003394,2026-07-07T22:25:03,PayFlow,INR,33,37470.69,0.00,37470.69,BANK_002,PFSET_00003394,PAY_112945,PAY_119499
SET_003395,2026-07-08T00:46:08,PayFlow,INR,35,39046.43,0.00,39046.43,BANK_002,PFSET_00003395,PAY_119590,PAY_108993
SET_003396,2026-07-10T15:54:02,PayFlow,INR,31,40262.93,0.00,40262.93,BANK_002,PFSET_00003396,PAY_119256,PAY_109682
SET_003397,2026-07-09T16:09:00,PayFlow,INR,33,33696.09,0.00,33696.09,BANK_002,PFSET_00003397,PAY_110516,PAY_117235
SET_003398,2026-07-11T19:55:03,PayFlow,INR,28,37540.97,0.00,37540.97,BANK_002,PFSET_00003398,PAY_118012,PAY_116589
SET_003399,2026-07-10T17:53:36,PayFlow,INR,31,35169.37,0.00,35169.37,BANK_002,PFSET_00003399,PAY_112162,PAY_116848
SET_003400,2026-07-09T01:40:05,PayFlow,INR,33,56248.82,0.00,56248.82,BANK_002,PFSET_00003400,PAY_112679,PAY_111661
SET_003401,2026-07-11T02:49:47,PayFlow,INR,32,33927.52,0.00,33927.52,BANK_002,PFSET_00003401,PAY_114991,PAY_115481
SET_003402,2026-07-09T02:41:24,PayFlow,INR,32,36893.63,0.00,36893.63,BANK_002,PFSET_00003402,PAY_112276,PAY_115708
SET_003403,2026-07-11T20:11:04,PayFlow,INR,33,40476.43,0.00,40476.43,BANK_002,PFSET_00003403,PAY_118445,PAY_114770
SET_003404,2026-07-09T03:51:58,PayFlow,INR,32,36552.76,0.00,36552.76,BANK_002,PFSET_00003404,PAY_118609,PAY_111696
SET_003405,2026-07-11T03:23:48,PayFlow,INR,41,46077.89,0.00,46077.89,BANK_002,PFSET_00003405,PAY_110869,PAY_116890
SET_003406,2026-07-09T01:05:12,PayFlow,INR,35,54039.84,0.00,54039.84,BANK_002,PFSET_00003406,PAY_113358,PAY_108973
SET_003407,2026-07-09T23:23:15,PayFlow,INR,26,30375.96,0.00,30375.96,BANK_002,PFSET_00003407,PAY_110716,PAY_118257
SET_003408,2026-07-10T05:02:44,PayFlow,INR,25,27559.68,0.00,27559.68,BANK_002,PFSET_00003408,PAY_118722,PAY_110725
SET_003409,2026-07-10T14:24:41,PayFlow,INR,39,50980.86,0.00,50980.86,BANK_002,PFSET_00003409,PAY_114767,PAY_118293
SET_003410,2026-07-10T19:12:54,PayFlow,INR,30,34438.62,0.00,34438.62,BANK_002,PFSET_00003410,PAY_117757,PAY_111782
SET_003411,2026-07-12T20:17:50,PayFlow,INR,35,42891.45,0.00,42891.45,BANK_002,PFSET_00003411,PAY_111075,PAY_109300
SET_003412,2026-07-10T17:25:41,PayFlow,INR,27,39669.31,0.00,39669.31,BANK_002,PFSET_00003412,PAY_117050,PAY_113944
SET_003413,2026-07-12T02:13:41,PayFlow,INR,26,33841.64,0.00,33841.64,BANK_002,PFSET_00003413,PAY_117996,PAY_119121
SET_003414,2026-07-12T19:09:05,PayFlow,INR,34,35289.25,0.00,35289.25,BANK_002,PFSET_00003414,PAY_114445,PAY_116600
SET_003415,2026-07-09T21:56:34,PayFlow,INR,30,34958.96,0.00,34958.96,BANK_002,PFSET_00003415,PAY_119151,PAY_115414
SET_003416,2026-07-09T23:57:21,PayFlow,INR,36,48490.80,695.73,47795.07,BANK_002,PFSET_00003416,PAY_112196,PAY_117892
SET_003417,2026-07-10T21:38:14,PayFlow,INR,33,38785.97,0.00,38785.97,BANK_002,PFSET_00003417,PAY_115608,PAY_116749
SET_003418,2026-07-12T05:15:55,PayFlow,INR,29,24607.43,0.00,24607.43,BANK_002,PFSET_00003418,PAY_115229,PAY_114333
SET_003419,2026-07-10T03:45:13,PayFlow,INR,28,37077.39,0.00,37077.39,BANK_002,PFSET_00003419,PAY_109752,PAY_114509
SET_003420,2026-07-12T12:48:30,PayFlow,INR,37,32405.51,0.00,32405.51,BANK_002,PFSET_00003420,PAY_110289,PAY_116972
SET_003421,2026-07-13T17:25:06,PayFlow,INR,43,47268.03,0.00,47268.03,BANK_002,PFSET_00003421,PAY_117478,PAY_115561
SET_003422,2026-07-10T20:19:23,PayFlow,INR,40,42089.67,0.00,42089.67,BANK_002,PFSET_00003422,PAY_113527,PAY_119437
SET_003423,2026-07-12T01:48:45,PayFlow,INR,33,37977.62,0.00,37977.62,BANK_002,PFSET_00003423,PAY_113774,PAY_110564
SET_003424,2026-07-12T01:15:17,PayFlow,INR,29,31606.23,0.00,31606.23,BANK_002,PFSET_00003424,PAY_116429,PAY_112578
SET_003425,2026-07-13T01:15:44,PayFlow,INR,30,26929.25,1295.64,25633.61,BANK_002,PFSET_00003425,PAY_118266,PAY_109765
SET_003426,2026-07-11T22:38:23,PayFlow,INR,29,24439.43,0.00,24439.43,BANK_002,PFSET_00003426,PAY_116423,PAY_109177
SET_003427,2026-07-13T02:52:52,PayFlow,INR,30,36562.71,1921.57,34641.14,BANK_002,PFSET_00003427,PAY_117416,PAY_111636
SET_003428,2026-07-10T22:32:46,PayFlow,INR,26,27310.03,0.00,27310.03,BANK_002,PFSET_00003428,PAY_119523,PAY_117032
SET_003429,2026-07-14T00:05:12,PayFlow,INR,31,34752.38,521.23,34231.15,BANK_002,PFSET_00003429,PAY_110996,PAY_111956
SET_003430,2026-07-12T22:46:43,PayFlow,INR,36,37228.85,0.00,37228.85,BANK_002,PFSET_00003430,PAY_119252,PAY_118986
SET_003431,2026-07-13T01:45:32,PayFlow,INR,33,34254.64,0.00,34254.64,BANK_002,PFSET_00003431,PAY_115515,PAY_119060
SET_003432,2026-07-11T02:06:13,PayFlow,INR,28,32850.46,0.00,32850.46,BANK_002,PFSET_00003432,PAY_111038,PAY_116601
SET_003433,2026-07-13T17:12:42,PayFlow,INR,45,47651.02,0.00,47651.02,BANK_002,PFSET_00003433,PAY_112327,PAY_109021
SET_003434,2026-07-14T21:28:37,PayFlow,INR,32,39150.19,0.00,39150.19,BANK_002,PFSET_00003434,PAY_115407,PAY_117432
SET_003435,2026-07-13T00:32:50,PayFlow,INR,31,37769.67,0.00,37769.67,BANK_002,PFSET_00003435,PAY_117277,PAY_111671
SET_003436,2026-07-11T18:06:31,PayFlow,INR,33,41699.31,0.00,41699.31,BANK_002,PFSET_00003436,PAY_114138,PAY_110692
SET_003437,2026-07-14T22:38:28,PayFlow,INR,39,60542.39,0.00,60542.39,BANK_002,PFSET_00003437,PAY_119168,PAY_112347
SET_003438,2026-07-12T03:22:22,PayFlow,INR,35,43579.30,0.00,43579.30,BANK_002,PFSET_00003438,PAY_119502,PAY_111047
SET_003439,2026-07-12T22:42:44,PayFlow,INR,33,30034.72,0.00,30034.72,BANK_002,PFSET_00003439,PAY_115151,PAY_109749
SET_003440,2026-07-11T22:04:07,PayFlow,INR,28,38047.53,0.00,38047.53,BANK_002,PFSET_00003440,PAY_110096,PAY_111734
SET_003441,2026-07-13T00:54:19,PayFlow,INR,30,34432.02,0.00,34432.02,BANK_002,PFSET_00003441,PAY_118496,PAY_114759
SET_003442,2026-07-13T00:39:48,PayFlow,INR,34,42520.94,0.00,42520.94,BANK_002,PFSET_00003442,PAY_117633,PAY_112391
SET_003443,2026-07-12T13:46:51,PayFlow,INR,35,45895.20,0.00,45895.20,BANK_002,PFSET_00003443,PAY_116305,PAY_110720
SET_003444,2026-07-13T22:12:00,PayFlow,INR,28,39134.86,0.00,39134.86,BANK_002,PFSET_00003444,PAY_118459,PAY_118340
SET_003445,2026-07-15T19:54:41,PayFlow,INR,38,38915.18,0.00,38915.18,BANK_002,PFSET_00003445,PAY_111114,PAY_113730
SET_003446,2026-07-15T00:37:56,PayFlow,INR,30,40171.08,0.00,40171.08,BANK_002,PFSET_00003446,PAY_114384,PAY_112432
SET_003447,2026-07-15T01:07:57,PayFlow,INR,29,41769.53,0.00,41769.53,BANK_002,PFSET_00003447,PAY_109590,PAY_111999
SET_003448,2026-07-15T03:10:57,PayFlow,INR,34,45590.25,0.00,45590.25,BANK_002,PFSET_00003448,PAY_111889,PAY_110220
SET_003449,2026-07-13T00:07:15,PayFlow,INR,33,32839.15,0.00,32839.15,BANK_002,PFSET_00003449,PAY_109380,PAY_112814
SET_003450,2026-07-13T05:19:06,PayFlow,INR,34,34503.56,0.00,34503.56,BANK_002,PFSET_00003450,PAY_113283,PAY_114258
SET_003451,2026-07-13T23:21:19,PayFlow,INR,37,37789.93,0.00,37789.93,BANK_002,PFSET_00003451,PAY_117174,PAY_110625
SET_003452,2026-07-13T10:56:22,PayFlow,INR,30,35729.25,1340.48,34388.77,BANK_002,PFSET_00003452,PAY_113744,PAY_116699
SET_003453,2026-07-14T19:44:02,PayFlow,INR,36,48008.68,0.00,48008.68,BANK_002,PFSET_00003453,PAY_116467,PAY_117736
SET_003454,2026-07-16T17:15:30,PayFlow,INR,28,21971.55,0.00,21971.55,BANK_002,PFSET_00003454,PAY_119161,PAY_109474
SET_003455,2026-07-16T19:23:25,PayFlow,INR,39,43944.65,2548.00,41396.65,BANK_002,PFSET_00003455,PAY_119163,PAY_117122
SET_003456,2026-07-16T03:10:21,PayFlow,INR,29,38901.90,0.00,38901.90,BANK_002,PFSET_00003456,PAY_119138,PAY_111341
SET_003457,2026-07-13T22:07:30,PayFlow,INR,29,41714.14,0.00,41714.14,BANK_002,PFSET_00003457,PAY_112080,PAY_114437
SET_003458,2026-07-14T03:26:29,PayFlow,INR,31,38613.21,0.00,38613.21,BANK_002,PFSET_00003458,PAY_112645,PAY_117658
SET_003459,2026-07-14T00:08:26,PayFlow,INR,34,38477.48,0.00,38477.48,BANK_002,PFSET_00003459,PAY_111177,PAY_117064
SET_003460,2026-07-17T16:33:49,PayFlow,INR,38,41266.52,1273.88,39992.64,BANK_002,PFSET_00003460,PAY_111974,PAY_112542
SET_003461,2026-07-14T14:37:40,PayFlow,INR,25,30673.65,0.00,30673.65,BANK_002,PFSET_00003461,PAY_113811,PAY_118726
SET_003462,2026-07-14T16:59:21,PayFlow,INR,27,31296.93,0.00,31296.93,BANK_002,PFSET_00003462,PAY_117258,PAY_108986
SET_003463,2026-07-15T23:25:24,PayFlow,INR,33,46262.65,0.00,46262.65,BANK_002,PFSET_00003463,PAY_114502,PAY_116115
SET_003464,2026-07-17T18:15:53,PayFlow,INR,32,40937.65,898.10,40039.55,BANK_002,PFSET_00003464,PAY_115547,PAY_108893
SET_003465,2026-07-16T01:01:05,PayFlow,INR,31,49253.88,0.00,49253.88,BANK_002,PFSET_00003465,PAY_111872,PAY_111359
SET_003466,2026-07-15T01:44:34,PayFlow,INR,37,41264.78,0.00,41264.78,BANK_002,PFSET_00003466,PAY_113892,PAY_118746
SET_003467,2026-07-15T00:33:47,PayFlow,INR,34,44519.69,0.00,44519.69,BANK_002,PFSET_00003467,PAY_114463,PAY_110230
SET_003468,2026-07-16T01:01:22,PayFlow,INR,32,36624.12,0.00,36624.12,BANK_002,PFSET_00003468,PAY_114115,PAY_112919
SET_003469,2026-07-18T01:37:11,PayFlow,INR,32,39046.59,0.00,39046.59,BANK_002,PFSET_00003469,PAY_117700,PAY_111164
SET_003470,2026-07-17T04:28:20,PayFlow,INR,34,36879.40,315.57,36563.83,BANK_002,PFSET_00003470,PAY_118481,PAY_118342
SET_003471,2026-07-16T11:38:55,PayFlow,INR,32,38050.73,1571.64,36479.09,BANK_002,PFSET_00003471,PAY_113586,PAY_116418
SET_003472,2026-07-16T22:41:30,PayFlow,INR,29,42956.86,0.00,42956.86,BANK_002,PFSET_00003472,PAY_112357,PAY_112184
SET_003473,2026-07-17T18:26:59,PayFlow,INR,33,46524.46,0.00,46524.46,BANK_002,PFSET_00003473,PAY_115914,PAY_114656
SET_003474,2026-07-18T20:16:46,PayFlow,INR,32,40135.86,2726.27,37409.59,BANK_002,PFSET_00003474,PAY_112386,PAY_108775
SET_003475,2026-07-16T18:10:23,PayFlow,INR,25,32437.32,0.00,32437.32,BANK_002,PFSET_00003475,PAY_118446,PAY_114475
SET_003476,2026-07-18T21:59:03,PayFlow,INR,29,39421.74,0.00,39421.74,BANK_002,PFSET_00003476,PAY_115236,PAY_117393
SET_003477,2026-07-17T22:31:22,PayFlow,INR,27,26856.16,0.00,26856.16,BANK_002,PFSET_00003477,PAY_111532,PAY_115388
SET_003478,2026-07-19T00:27:03,PayFlow,INR,33,30040.69,0.00,30040.69,BANK_002,PFSET_00003478,PAY_110102,PAY_111013
SET_003479,2026-07-18T03:07:07,PayFlow,INR,36,46379.97,0.00,46379.97,BANK_002,PFSET_00003479,PAY_117813,PAY_110722
SET_003480,2026-07-15T23:35:21,PayFlow,INR,30,28237.71,0.00,28237.71,BANK_002,PFSET_00003480,PAY_109274,PAY_113621
SET_003481,2026-07-16T04:20:25,PayFlow,INR,38,37850.07,0.00,37850.07,BANK_002,PFSET_00003481,PAY_113104,PAY_115190
SET_003482,2026-07-18T04:12:34,PayFlow,INR,26,37948.21,0.00,37948.21,BANK_002,PFSET_00003482,PAY_108859,PAY_113602
SET_003483,2026-07-16T15:32:12,PayFlow,INR,40,57830.07,0.00,57830.07,BANK_002,PFSET_00003483,PAY_109974,PAY_114620
SET_003484,2026-07-17T19:44:33,PayFlow,INR,43,49035.08,0.00,49035.08,BANK_002,PFSET_00003484,PAY_110828,PAY_118872
SET_003485,2026-07-17T22:16:32,PayFlow,INR,35,46006.60,0.00,46006.60,BANK_002,PFSET_00003485,PAY_119575,PAY_115630
SET_003486,2026-07-19T00:32:28,PayFlow,INR,38,47796.02,0.00,47796.02,BANK_002,PFSET_00003486,PAY_114076,PAY_113970
SET_003487,2026-07-16T19:02:17,PayFlow,INR,33,42820.34,0.00,42820.34,BANK_002,PFSET_00003487,PAY_118290,PAY_113546
SET_003488,2026-07-19T19:55:44,PayFlow,INR,25,29887.71,0.00,29887.71,BANK_002,PFSET_00003488,PAY_118647,PAY_116279
SET_003489,2026-07-16T23:35:54,PayFlow,INR,28,31580.83,0.00,31580.83,BANK_002,PFSET_00003489,PAY_109316,PAY_119329
SET_003490,2026-07-17T23:36:13,PayFlow,INR,28,34569.98,0.00,34569.98,BANK_002,PFSET_00003490,PAY_117087,PAY_113161
SET_003491,2026-07-20T03:38:25,PayFlow,INR,37,36135.45,365.00,35770.45,BANK_002,PFSET_00003491,PAY_111193,PAY_111506
SET_003492,2026-07-17T00:10:34,PayFlow,INR,36,50265.56,0.00,50265.56,BANK_002,PFSET_00003492,PAY_115302,PAY_116883
SET_003493,2026-07-19T06:46:22,PayFlow,INR,36,40714.94,0.00,40714.94,BANK_002,PFSET_00003493,PAY_114719,PAY_114896
SET_003494,2026-07-17T10:08:13,PayFlow,INR,34,67205.30,0.00,67205.30,BANK_002,PFSET_00003494,PAY_110762,PAY_109882
SET_003495,2026-07-18T17:19:21,PayFlow,INR,26,35126.11,0.00,35126.11,BANK_002,PFSET_00003495,PAY_117102,PAY_117588
SET_003496,2026-07-20T23:47:20,PayFlow,INR,33,36167.28,837.80,35329.48,BANK_002,PFSET_00003496,PAY_115389,PAY_113748
SET_003497,2026-07-19T17:52:07,PayFlow,INR,34,30775.55,0.00,30775.55,BANK_002,PFSET_00003497,PAY_118136,PAY_111978
SET_003498,2026-07-18T18:52:39,PayFlow,INR,34,41493.67,0.00,41493.67,BANK_002,PFSET_00003498,PAY_116481,PAY_116815
SET_003499,2026-07-18T03:36:20,PayFlow,INR,33,44508.44,0.00,44508.44,BANK_002,PFSET_00003499,PAY_119361,PAY_109514
SET_003500,2026-07-21T01:04:30,PayFlow,INR,30,29277.67,0.00,29277.67,BANK_002,PFSET_00003500,PAY_118663,PAY_112044
SET_003501,2026-07-20T00:27:28,PayFlow,INR,39,41743.71,0.00,41743.71,BANK_002,PFSET_00003501,PAY_113535,PAY_111730
SET_003502,2026-07-18T03:53:52,PayFlow,INR,33,31297.82,0.00,31297.82,BANK_002,PFSET_00003502,PAY_110129,PAY_116819
SET_003503,2026-07-20T04:21:06,PayFlow,INR,31,38531.82,0.00,38531.82,BANK_002,PFSET_00003503,PAY_112506,PAY_113688
SET_003504,2026-07-21T07:10:44,PayFlow,INR,33,51159.88,0.00,51159.88,BANK_002,PFSET_00003504,PAY_115839,PAY_112238
SET_003505,2026-07-20T18:03:49,PayFlow,INR,35,33161.17,306.74,32854.43,BANK_002,PFSET_00003505,PAY_112745,PAY_110946
SET_003506,2026-07-18T21:51:44,PayFlow,INR,35,49406.28,0.00,49406.28,BANK_002,PFSET_00003506,PAY_118904,PAY_113576
SET_003507,2026-07-21T18:16:00,PayFlow,INR,32,34307.22,0.00,34307.22,BANK_002,PFSET_00003507,PAY_116563,PAY_111558
SET_003508,2026-07-19T18:48:48,PayFlow,INR,27,26201.02,0.00,26201.02,BANK_002,PFSET_00003508,PAY_118535,PAY_115939
SET_003509,2026-07-22T00:20:41,PayFlow,INR,34,42598.43,0.00,42598.43,BANK_002,PFSET_00003509,PAY_115834,PAY_117229
SET_003510,2026-07-21T21:09:54,PayFlow,INR,35,29621.55,0.00,29621.55,BANK_002,PFSET_00003510,PAY_118211,PAY_110984
SET_003511,2026-07-21T00:01:44,PayFlow,INR,26,25936.34,0.00,25936.34,BANK_002,PFSET_00003511,PAY_118881,PAY_118103
SET_003512,2026-07-19T20:27:14,PayFlow,INR,35,47434.43,0.00,47434.43,BANK_002,PFSET_00003512,PAY_114491,PAY_110194
SET_003513,2026-07-19T03:31:53,PayFlow,INR,32,51417.95,690.30,50727.65,BANK_002,PFSET_00003513,PAY_113158,PAY_112569
SET_003514,2026-07-21T06:23:02,PayFlow,INR,28,27763.04,0.00,27763.04,BANK_002,PFSET_00003514,PAY_111534,PAY_118281
SET_003515,2026-07-21T23:42:56,PayFlow,INR,34,36142.10,0.00,36142.10,BANK_002,PFSET_00003515,PAY_110517,PAY_109409
SET_003516,2026-07-20T07:52:06,PayFlow,INR,34,35327.38,0.00,35327.38,BANK_002,PFSET_00003516,PAY_114685,PAY_108759
SET_003517,2026-07-19T18:29:20,PayFlow,INR,34,37751.81,0.00,37751.81,BANK_002,PFSET_00003517,PAY_113202,PAY_112191
SET_003518,2026-07-20T22:46:26,PayFlow,INR,36,52358.92,0.00,52358.92,BANK_002,PFSET_00003518,PAY_116650,PAY_109369
SET_003519,2026-07-21T18:07:06,PayFlow,INR,30,32508.40,0.00,32508.40,BANK_002,PFSET_00003519,PAY_118865,PAY_111728
SET_003520,2026-07-23T01:46:58,PayFlow,INR,32,30773.60,0.00,30773.60,BANK_002,PFSET_00003520,PAY_115985,PAY_111154
SET_003521,2026-07-21T23:33:39,PayFlow,INR,26,26934.22,0.00,26934.22,BANK_002,PFSET_00003521,PAY_109920,PAY_118796
SET_003522,2026-07-21T19:43:48,PayFlow,INR,31,36231.38,0.00,36231.38,BANK_002,PFSET_00003522,PAY_112167,PAY_113613
SET_003523,2026-07-21T02:47:02,PayFlow,INR,48,62684.01,0.00,62684.01,BANK_002,PFSET_00003523,PAY_114648,PAY_110077
SET_003524,2026-07-22T22:07:51,PayFlow,INR,28,26168.62,0.00,26168.62,BANK_002,PFSET_00003524,PAY_110956,PAY_115288
SET_003525,2026-07-22T00:32:33,PayFlow,INR,41,55664.36,0.00,55664.36,BANK_002,PFSET_00003525,PAY_114472,PAY_114193
SET_003526,2026-07-20T11:38:51,PayFlow,INR,30,40682.41,0.00,40682.41,BANK_002,PFSET_00003526,PAY_117176,PAY_111841
SET_003527,2026-07-20T17:11:11,PayFlow,INR,33,37754.74,0.00,37754.74,BANK_002,PFSET_00003527,PAY_119378,PAY_110681
SET_003528,2026-07-22T00:49:18,PayFlow,INR,28,31776.71,0.00,31776.71,BANK_002,PFSET_00003528,PAY_119622,PAY_112983
SET_003529,2026-07-23T17:22:23,PayFlow,INR,28,35375.01,0.00,35375.01,BANK_002,PFSET_00003529,PAY_110502,PAY_114651
SET_003530,2026-07-23T00:19:35,PayFlow,INR,34,33584.19,0.00,33584.19,BANK_002,PFSET_00003530,PAY_117690,PAY_110118
SET_003531,2026-07-20T22:29:01,PayFlow,INR,39,36336.18,0.00,36336.18,BANK_002,PFSET_00003531,PAY_114180,PAY_118305
SET_003532,2026-07-22T01:30:24,PayFlow,INR,36,44238.66,0.00,44238.66,BANK_002,PFSET_00003532,PAY_113079,PAY_119419
SET_003533,2026-07-21T21:23:45,PayFlow,INR,31,37568.80,370.52,37198.28,BANK_002,PFSET_00003533,PAY_110470,PAY_114654
SET_003534,2026-07-22T06:56:53,PayFlow,INR,33,45223.41,0.00,45223.41,BANK_002,PFSET_00003534,PAY_115464,PAY_114544
SET_003535,2026-07-22T23:54:18,PayFlow,INR,33,48520.45,0.00,48520.45,BANK_002,PFSET_00003535,PAY_119583,PAY_117165
SET_003536,2026-07-23T17:46:00,PayFlow,INR,44,54926.83,757.56,54169.27,BANK_002,PFSET_00003536,PAY_117037,PAY_111394
SET_003537,2026-07-22T16:44:15,PayFlow,INR,30,27380.84,0.00,27380.84,BANK_002,PFSET_00003537,PAY_110523,PAY_118087
SET_003538,2026-07-24T01:06:17,PayFlow,INR,26,32775.34,318.60,32456.74,BANK_002,PFSET_00003538,PAY_116546,PAY_118151
SET_003539,2026-07-24T18:43:07,PayFlow,INR,33,31715.09,0.00,31715.09,BANK_002,PFSET_00003539,PAY_110905,PAY_115239
SET_003540,2026-07-21T23:29:30,PayFlow,INR,36,39351.33,0.00,39351.33,BANK_002,PFSET_00003540,PAY_118225,PAY_113062
SET_003541,2026-07-21T21:14:43,PayFlow,INR,28,25749.28,0.00,25749.28,BANK_002,PFSET_00003541,PAY_109037,PAY_111482
SET_003542,2026-07-22T22:08:41,PayFlow,INR,33,34658.22,373.94,34284.28,BANK_002,PFSET_00003542,PAY_114935,PAY_118835
SET_003543,2026-07-21T23:30:31,PayFlow,INR,25,35689.26,0.00,35689.26,BANK_002,PFSET_00003543,PAY_112546,PAY_110789
SET_003544,2026-07-21T21:51:49,PayFlow,INR,34,40305.82,0.00,40305.82,BANK_002,PFSET_00003544,PAY_116101,PAY_110950
SET_003545,2026-07-24T04:12:36,PayFlow,INR,30,33250.47,3337.04,29913.43,BANK_002,PFSET_00003545,PAY_113610,PAY_117296
SET_003546,2026-07-22T01:28:48,PayFlow,INR,27,27047.28,0.00,27047.28,BANK_002,PFSET_00003546,PAY_117976,PAY_118395
SET_003547,2026-07-25T14:40:15,PayFlow,INR,37,48250.19,0.00,48250.19,BANK_002,PFSET_00003547,PAY_116552,PAY_108767
SET_003548,2026-07-22T20:17:36,PayFlow,INR,30,34165.46,0.00,34165.46,BANK_002,PFSET_00003548,PAY_112491,PAY_111844
SET_003549,2026-07-25T17:59:03,PayFlow,INR,32,36707.73,272.72,36435.01,BANK_002,PFSET_00003549,PAY_112536,PAY_114883
SET_003550,2026-07-25T18:48:43,PayFlow,INR,27,35601.00,0.00,35601.00,BANK_002,PFSET_00003550,PAY_115473,PAY_114168
SET_003551,2026-07-24T00:58:54,PayFlow,INR,31,42625.06,0.00,42625.06,BANK_002,PFSET_00003551,PAY_114992,PAY_117369
SET_003552,2026-07-23T20:15:21,PayFlow,INR,31,40650.17,0.00,40650.17,BANK_002,PFSET_00003552,PAY_111666,PAY_114874
SET_003553,2026-07-25T02:03:10,PayFlow,INR,28,25966.46,0.00,25966.46,BANK_002,PFSET_00003553,PAY_118887,PAY_116977
SET_003554,2026-07-25T04:15:38,PayFlow,INR,37,50992.49,2701.02,48291.47,BANK_002,PFSET_00003554,PAY_109164,PAY_113173
SET_003555,2026-07-24T21:24:06,PayFlow,INR,33,32511.75,0.00,32511.75,BANK_002,PFSET_00003555,PAY_117740,PAY_112440
SET_003556,2026-07-25T23:41:21,PayFlow,INR,35,41149.99,607.82,40542.17,BANK_002,PFSET_00003556,PAY_114686,PAY_118833
SET_003557,2026-07-25T07:30:21,PayFlow,INR,32,35129.17,0.00,35129.17,BANK_002,PFSET_00003557,PAY_113372,PAY_109107
SET_003558,2026-07-23T20:07:39,PayFlow,INR,32,38937.06,1618.40,37318.66,BANK_002,PFSET_00003558,PAY_118498,PAY_112092
SET_003559,2026-07-26T16:06:06,PayFlow,INR,29,36988.80,0.00,36988.80,BANK_002,PFSET_00003559,PAY_114010,PAY_114422
SET_003560,2026-07-24T21:08:33,PayFlow,INR,37,50990.53,2788.34,48202.19,BANK_002,PFSET_00003560,PAY_109036,PAY_111316
SET_003561,2026-07-26T18:38:14,PayFlow,INR,37,37995.81,0.00,37995.81,BANK_002,PFSET_00003561,PAY_113464,PAY_110016
SET_003562,2026-07-26T19:28:32,PayFlow,INR,28,25520.73,0.00,25520.73,BANK_002,PFSET_00003562,PAY_116813,PAY_110849
SET_003563,2026-07-25T02:29:03,PayFlow,INR,30,26881.50,0.00,26881.50,BANK_002,PFSET_00003563,PAY_112662,PAY_118258
SET_003564,2026-07-27T02:59:31,PayFlow,INR,28,36786.28,0.00,36786.28,BANK_002,PFSET_00003564,PAY_116204,PAY_114570
SET_003565,2026-07-26T00:33:13,PayFlow,INR,27,37392.87,0.00,37392.87,BANK_002,PFSET_00003565,PAY_110612,PAY_112256
SET_003566,2026-07-26T03:37:15,PayFlow,INR,30,36660.95,0.00,36660.95,BANK_002,PFSET_00003566,PAY_109577,PAY_109494
SET_003567,2026-07-27T05:33:40,PayFlow,INR,34,39608.07,0.00,39608.07,BANK_002,PFSET_00003567,PAY_115444,PAY_113991
SET_003568,2026-07-25T04:20:50,PayFlow,INR,29,29546.98,0.00,29546.98,BANK_002,PFSET_00003568,PAY_116970,PAY_113113
SET_003569,2026-07-24T00:31:07,PayFlow,INR,30,32642.07,0.00,32642.07,BANK_002,PFSET_00003569,PAY_114293,PAY_115053
SET_003570,2026-07-27T12:01:10,PayFlow,INR,35,38762.90,1523.53,37239.37,BANK_002,PFSET_00003570,PAY_111420,PAY_113969
SET_003571,2026-07-24T15:51:04,PayFlow,INR,35,41946.75,0.00,41946.75,BANK_002,PFSET_00003571,PAY_119464,PAY_114559
SET_003572,2026-07-25T19:36:16,PayFlow,INR,30,30108.29,0.00,30108.29,BANK_002,PFSET_00003572,PAY_115662,PAY_114706
SET_003573,2026-07-25T20:55:06,PayFlow,INR,34,44020.90,0.00,44020.90,BANK_002,PFSET_00003573,PAY_109771,PAY_111822
SET_003574,2026-07-25T23:22:16,PayFlow,INR,37,39964.45,580.27,39384.18,BANK_002,PFSET_00003574,PAY_118082,PAY_119442
SET_003575,2026-07-27T21:18:54,PayFlow,INR,34,35892.41,0.00,35892.41,BANK_002,PFSET_00003575,PAY_112727,PAY_112710
SET_003576,2026-07-26T03:34:28,PayFlow,INR,26,32453.52,0.00,32453.52,BANK_002,PFSET_00003576,PAY_115041,PAY_111829
SET_003577,2026-07-27T22:50:27,PayFlow,INR,35,38995.33,0.00,38995.33,BANK_002,PFSET_00003577,PAY_114811,PAY_116138
SET_003578,2026-07-25T23:22:46,PayFlow,INR,30,42003.80,0.00,42003.80,BANK_002,PFSET_00003578,PAY_114334,PAY_119268
SET_003579,2026-07-25T06:43:44,PayFlow,INR,40,47929.97,0.00,47929.97,BANK_002,PFSET_00003579,PAY_117604,PAY_118557
SET_003580,2026-07-26T06:50:51,PayFlow,INR,31,38069.91,1536.15,36533.76,BANK_002,PFSET_00003580,PAY_117942,PAY_110258
SET_003581,2026-07-27T15:39:22,PayFlow,INR,32,35944.49,0.00,35944.49,BANK_002,PFSET_00003581,PAY_111783,PAY_117272
SET_003582,2026-07-27T20:15:47,PayFlow,INR,42,48565.76,0.00,48565.76,BANK_002,PFSET_00003582,PAY_109608,PAY_109399
SET_003583,2026-07-26T22:42:32,PayFlow,INR,32,43046.66,0.00,43046.66,BANK_002,PFSET_00003583,PAY_119398,PAY_119287
SET_003584,2026-07-28T22:04:52,PayFlow,INR,28,28453.88,0.00,28453.88,BANK_002,PFSET_00003584,PAY_119106,PAY_111781
SET_003585,2026-07-26T01:48:00,PayFlow,INR,33,43360.04,0.00,43360.04,BANK_002,PFSET_00003585,PAY_113128,PAY_110847
SET_003586,2026-07-27T19:32:13,PayFlow,INR,28,33263.06,0.00,33263.06,BANK_002,PFSET_00003586,PAY_110701,PAY_117653
SET_003587,2026-07-27T03:55:56,PayFlow,INR,48,61160.14,0.00,61160.14,BANK_002,PFSET_00003587,PAY_114716,PAY_110248
SET_003588,2026-07-26T21:45:27,PayFlow,INR,27,40762.27,0.00,40762.27,BANK_002,PFSET_00003588,PAY_110908,PAY_118410
SET_003589,2026-07-28T05:12:38,PayFlow,INR,35,47612.16,0.00,47612.16,BANK_002,PFSET_00003589,PAY_114725,PAY_116852
SET_003590,2026-07-29T03:02:08,PayFlow,INR,30,34459.98,0.00,34459.98,BANK_002,PFSET_00003590,PAY_118075,PAY_108797
SET_003591,2026-07-29T10:47:06,PayFlow,INR,36,46205.48,0.00,46205.48,BANK_002,PFSET_00003591,PAY_118223,PAY_119339
SET_003592,2026-07-28T20:14:27,PayFlow,INR,29,31283.38,0.00,31283.38,BANK_002,PFSET_00003592,PAY_109294,PAY_113692
SET_003593,2026-07-27T20:29:45,PayFlow,INR,34,28931.43,0.00,28931.43,BANK_002,PFSET_00003593,PAY_110056,PAY_115265
SET_003594,2026-07-29T21:28:15,PayFlow,INR,28,30128.91,0.00,30128.91,BANK_002,PFSET_00003594,PAY_114241,PAY_118733
SET_003595,2026-07-28T02:57:37,PayFlow,INR,44,53809.89,0.00,53809.89,BANK_002,PFSET_00003595,PAY_110309,PAY_117921
SET_003596,2026-07-27T22:08:04,PayFlow,INR,30,28912.73,0.00,28912.73,BANK_002,PFSET_00003596,PAY_116606,PAY_118238
SET_003597,2026-07-27T21:58:23,PayFlow,INR,31,46803.52,0.00,46803.52,BANK_002,PFSET_00003597,PAY_119224,PAY_113528
SET_003598,2026-07-27T21:54:21,PayFlow,INR,38,45963.70,0.00,45963.70,BANK_002,PFSET_00003598,PAY_118092,PAY_108820
SET_003599,2026-07-28T22:04:38,PayFlow,INR,39,45381.80,1373.52,44008.28,BANK_002,PFSET_00003599,PAY_116841,PAY_110507
SET_003600,2026-07-29T00:33:30,PayFlow,INR,37,35086.15,0.00,35086.15,BANK_002,PFSET_00003600,PAY_112091,PAY_111331
SET_003601,2026-07-29T22:08:41,PayFlow,INR,28,42129.46,0.00,42129.46,BANK_002,PFSET_00003601,PAY_116618,PAY_116544
SET_003602,2026-07-28T21:50:00,PayFlow,INR,32,39434.56,0.00,39434.56,BANK_002,PFSET_00003602,PAY_115750,PAY_117218
SET_003603,2026-07-27T22:09:30,PayFlow,INR,41,41497.34,0.00,41497.34,BANK_002,PFSET_00003603,PAY_115993,PAY_118070
SET_003604,2026-07-29T21:50:46,PayFlow,INR,30,45256.32,0.00,45256.32,BANK_002,PFSET_00003604,PAY_117997,PAY_114300
SET_003605,2026-07-29T19:30:09,PayFlow,INR,30,28080.59,0.00,28080.59,BANK_002,PFSET_00003605,PAY_117363,PAY_116682
SET_003606,2026-07-29T22:30:26,PayFlow,INR,26,38521.68,0.00,38521.68,BANK_002,PFSET_00003606,PAY_116585,PAY_115721
SET_003607,2026-07-28T00:30:13,PayFlow,INR,35,56115.55,0.00,56115.55,BANK_002,PFSET_00003607,PAY_114610,PAY_119422
SET_003608,2026-07-28T21:56:24,PayFlow,INR,26,27927.47,1340.48,26586.99,BANK_002,PFSET_00003608,PAY_118386,PAY_112909
SET_003609,2026-07-30T23:56:12,PayFlow,INR,30,45279.69,0.00,45279.69,BANK_002,PFSET_00003609,PAY_109932,PAY_111010
SET_003610,2026-07-31T02:30:49,PayFlow,INR,34,50962.43,1043.18,49919.25,BANK_002,PFSET_00003610,PAY_113088,PAY_109594
SET_003611,2026-07-29T21:55:05,PayFlow,INR,32,34809.07,847.12,33961.95,BANK_002,PFSET_00003611,PAY_110749,PAY_109729
SET_003612,2026-07-30T18:16:11,PayFlow,INR,40,47703.49,0.00,47703.49,BANK_002,PFSET_00003612,PAY_116278,PAY_118100
SET_003613,2026-07-28T18:51:23,PayFlow,INR,30,32443.18,0.00,32443.18,BANK_002,PFSET_00003613,PAY_116729,PAY_116879
SET_003614,2026-07-29T02:11:54,PayFlow,INR,29,38477.86,0.00,38477.86,BANK_002,PFSET_00003614,PAY_115568,PAY_111626
SET_003615,2026-07-30T22:31:59,PayFlow,INR,35,52132.35,0.00,52132.35,BANK_002,PFSET_00003615,PAY_109425,PAY_111757
SET_003616,2026-07-30T00:56:24,PayFlow,INR,29,30374.39,0.00,30374.39,BANK_002,PFSET_00003616,PAY_112397,PAY_108984
SET_003617,2026-07-30T01:53:22,PayFlow,INR,31,36330.15,0.00,36330.15,BANK_002,PFSET_00003617,PAY_112641,PAY_110215
SET_003618,2026-07-30T04:52:28,PayFlow,INR,27,32637.83,0.00,32637.83,BANK_002,PFSET_00003618,PAY_117728,PAY_114307
SET_003619,2026-07-28T21:46:00,PayFlow,INR,28,35429.49,0.00,35429.49,BANK_002,PFSET_00003619,PAY_110376,PAY_113920
SET_003620,2026-07-30T23:27:47,PayFlow,INR,29,43106.08,0.00,43106.08,BANK_002,PFSET_00003620,PAY_114052,PAY_119402
SET_003621,2026-07-29T00:43:32,PayFlow,INR,28,38957.78,0.00,38957.78,BANK_002,PFSET_00003621,PAY_116694,PAY_108983
SET_003622,2026-07-29T20:28:03,PayFlow,INR,27,31945.65,0.00,31945.65,BANK_002,PFSET_00003622,PAY_116885,PAY_111398
SET_003623,2026-07-31T23:07:53,PayFlow,INR,39,34798.80,728.06,34070.74,BANK_002,PFSET_00003623,PAY_119606,PAY_115076
SET_003624,2026-07-31T17:37:43,PayFlow,INR,32,30841.97,0.00,30841.97,BANK_002,PFSET_00003624,PAY_109554,PAY_115612
SET_003625,2026-07-31T17:54:41,PayFlow,INR,31,50728.97,0.00,50728.97,BANK_002,PFSET_00003625,PAY_109039,PAY_111112
SET_003626,2026-07-30T02:48:14,PayFlow,INR,38,45175.94,0.00,45175.94,BANK_002,PFSET_00003626,PAY_111409,PAY_113121
SET_003627,2026-07-29T20:41:31,PayFlow,INR,29,39118.19,0.00,39118.19,BANK_002,PFSET_00003627,PAY_118359,PAY_119112
SET_003628,2026-08-01T20:34:39,PayFlow,INR,37,50267.62,0.00,50267.62,BANK_002,PFSET_00003628,PAY_115185,PAY_113017
SET_003629,2026-08-02T05:28:16,PayFlow,INR,26,26223.10,768.84,25454.26,BANK_002,PFSET_00003629,PAY_115660,PAY_113091
SET_003630,2026-07-31T00:26:53,PayFlow,INR,25,28930.86,0.00,28930.86,BANK_002,PFSET_00003630,PAY_119273,PAY_109993
SET_003631,2026-07-31T06:58:14,PayFlow,INR,30,33458.82,0.00,33458.82,BANK_002,PFSET_00003631,PAY_111346,PAY_116908
SET_003632,2026-08-01T04:46:53,PayFlow,INR,35,51844.75,2236.99,49607.76,BANK_002,PFSET_00003632,PAY_110472,PAY_116136
SET_003633,2026-08-02T18:52:55,PayFlow,INR,29,42775.98,0.00,42775.98,BANK_002,PFSET_00003633,PAY_110717,PAY_117359
SET_003634,2026-08-01T21:54:02,PayFlow,INR,31,33289.95,169.88,33120.07,BANK_002,PFSET_00003634,PAY_114235,PAY_116616
SET_003635,2026-08-02T22:04:36,PayFlow,INR,38,49236.46,0.00,49236.46,BANK_002,PFSET_00003635,PAY_112452,PAY_110312
SET_003636,2026-07-30T23:54:29,PayFlow,INR,29,37762.81,0.00,37762.81,BANK_002,PFSET_00003636,PAY_113233,PAY_117887
SET_003637,2026-07-31T22:21:06,PayFlow,INR,35,47527.39,0.00,47527.39,BANK_002,PFSET_00003637,PAY_116526,PAY_119482
SET_003638,2026-08-02T19:31:12,PayFlow,INR,45,64347.60,306.80,64040.80,BANK_002,PFSET_00003638,PAY_118056,PAY_115307
SET_003639,2026-08-02T00:09:58,PayFlow,INR,46,54741.85,0.00,54741.85,BANK_002,PFSET_00003639,PAY_113650,PAY_117230
SET_003640,2026-08-01T04:00:07,PayFlow,INR,34,37304.33,0.00,37304.33,BANK_002,PFSET_00003640,PAY_114084,PAY_115792
SET_003641,2026-07-31T04:56:11,PayFlow,INR,33,33794.68,0.00,33794.68,BANK_002,PFSET_00003641,PAY_114107,PAY_117314
SET_003642,2026-08-03T02:39:07,PayFlow,INR,31,30232.37,0.00,30232.37,BANK_002,PFSET_00003642,PAY_110547,PAY_112343
SET_003643,2026-08-02T00:33:34,PayFlow,INR,35,42079.13,0.00,42079.13,BANK_002,PFSET_00003643,PAY_115931,PAY_119394
SET_003644,2026-08-03T13:53:22,PayFlow,INR,35,55720.71,0.00,55720.71,BANK_002,PFSET_00003644,PAY_111899,PAY_109247
SET_003645,2026-08-01T16:04:15,PayFlow,INR,42,45251.18,0.00,45251.18,BANK_002,PFSET_00003645,PAY_115371,PAY_115502
SET_003646,2026-08-02T18:13:28,PayFlow,INR,30,48862.96,0.00,48862.96,BANK_002,PFSET_00003646,PAY_113097,PAY_111559
SET_003647,2026-08-01T19:15:50,PayFlow,INR,27,25971.31,0.00,25971.31,BANK_002,PFSET_00003647,PAY_118084,PAY_112575
SET_003648,2026-07-31T21:56:16,PayFlow,INR,35,41474.96,0.00,41474.96,BANK_002,PFSET_00003648,PAY_110660,PAY_116371
SET_003649,2026-08-04T01:21:31,PayFlow,INR,29,33303.96,0.00,33303.96,BANK_002,PFSET_00003649,PAY_108940,PAY_114569
SET_003650,2026-08-02T04:17:09,PayFlow,INR,28,31685.38,0.00,31685.38,BANK_002,PFSET_00003650,PAY_111433,PAY_117682
SET_003651,2026-08-02T22:52:32,PayFlow,INR,36,35536.10,0.00,35536.10,BANK_002,PFSET_00003651,PAY_115941,PAY_110494
SET_003652,2026-08-01T05:16:43,PayFlow,INR,39,42905.52,0.00,42905.52,BANK_002,PFSET_00003652,PAY_110519,PAY_112305
SET_003653,2026-08-03T23:07:27,PayFlow,INR,30,37759.54,1628.70,36130.84,BANK_002,PFSET_00003653,PAY_112328,PAY_117392
SET_003654,2026-08-02T02:33:14,PayFlow,INR,39,35806.07,0.00,35806.07,BANK_002,PFSET_00003654,PAY_110544,PAY_116929
SET_003655,2026-08-01T16:31:54,PayFlow,INR,37,33612.38,0.00,33612.38,BANK_002,PFSET_00003655,PAY_116858,PAY_109547
SET_003656,2026-08-03T19:37:54,PayFlow,INR,30,37784.40,702.10,37082.30,BANK_002,PFSET_00003656,PAY_113630,PAY_113879
SET_003657,2026-08-01T20:57:19,PayFlow,INR,34,44346.23,0.00,44346.23,BANK_002,PFSET_00003657,PAY_114526,PAY_114746
SET_003658,2026-08-02T00:15:47,PayFlow,INR,32,45037.09,0.00,45037.09,BANK_002,PFSET_00003658,PAY_117318,PAY_112020
SET_003659,2026-08-03T21:19:58,PayFlow,INR,30,42281.46,0.00,42281.46,BANK_002,PFSET_00003659,PAY_117095,PAY_112746
SET_003660,2026-08-01T21:15:19,PayFlow,INR,28,31733.79,0.00,31733.79,BANK_002,PFSET_00003660,PAY_112077,PAY_118378
SET_003661,2026-08-03T02:16:55,PayFlow,INR,30,35672.60,0.00,35672.60,BANK_002,PFSET_00003661,PAY_110045,PAY_118261
SET_003662,2026-08-05T04:09:28,PayFlow,INR,34,39083.25,1562.75,37520.50,BANK_002,PFSET_00003662,PAY_112824,PAY_118985
SET_003663,2026-08-02T22:31:16,PayFlow,INR,33,34523.27,0.00,34523.27,BANK_002,PFSET_00003663,PAY_109422,PAY_117044
SET_003664,2026-08-05T07:34:49,PayFlow,INR,37,64107.47,0.00,64107.47,BANK_002,PFSET_00003664,PAY_111758,PAY_119309
SET_003665,2026-08-04T11:23:02,PayFlow,INR,38,49209.87,0.00,49209.87,BANK_002,PFSET_00003665,PAY_109634,PAY_125462
SET_003666,2026-08-03T22:38:16,PayFlow,INR,29,34776.46,0.00,34776.46,BANK_002,PFSET_00003666,PAY_127874,PAY_121343
SET_003667,2026-08-04T20:43:04,PayFlow,INR,33,40823.10,0.00,40823.10,BANK_002,PFSET_00003667,PAY_128447,PAY_124272
SET_003668,2026-08-03T01:00:18,PayFlow,INR,28,27750.84,0.00,27750.84,BANK_002,PFSET_00003668,PAY_125285,PAY_122670
SET_003669,2026-08-04T22:20:10,PayFlow,INR,31,30734.59,0.00,30734.59,BANK_002,PFSET_00003669,PAY_120322,PAY_127357
SET_003670,2026-08-04T03:19:34,PayFlow,INR,34,43280.50,0.00,43280.50,BANK_002,PFSET_00003670,PAY_124952,PAY_122735
SET_003671,2026-08-04T04:33:25,PayFlow,INR,40,54917.16,0.00,54917.16,BANK_002,PFSET_00003671,PAY_128897,PAY_124687
SET_003672,2026-08-03T06:19:24,PayFlow,INR,39,56913.07,564.40,56348.67,BANK_002,PFSET_00003672,PAY_121337,PAY_122932
SET_003673,2026-08-03T05:13:29,PayFlow,INR,33,36235.48,315.28,35920.20,BANK_002,PFSET_00003673,PAY_127227,PAY_121876
SET_003674,2026-08-04T20:23:54,PayFlow,INR,35,43609.51,0.00,43609.51,BANK_002,PFSET_00003674,PAY_120055,PAY_121986
SET_003675,2026-08-05T19:05:09,PayFlow,INR,35,48027.96,1054.92,46973.04,BANK_002,PFSET_00003675,PAY_120382,PAY_122245
SET_003676,2026-08-03T18:52:10,PayFlow,INR,36,40656.29,0.00,40656.29,BANK_002,PFSET_00003676,PAY_122097,PAY_129070
SET_003677,2026-08-06T18:46:38,PayFlow,INR,33,41630.56,0.00,41630.56,BANK_002,PFSET_00003677,PAY_121302,PAY_127323
SET_003678,2026-08-03T23:40:59,PayFlow,INR,36,44754.62,0.00,44754.62,BANK_002,PFSET_00003678,PAY_124971,PAY_126870
SET_003679,2026-08-03T23:19:53,PayFlow,INR,34,40220.59,0.00,40220.59,BANK_002,PFSET_00003679,PAY_125476,PAY_125855
SET_003680,2026-08-05T05:27:34,PayFlow,INR,33,39026.94,0.00,39026.94,BANK_002,PFSET_00003680,PAY_125505,PAY_128549
SET_003681,2026-08-03T22:34:12,PayFlow,INR,31,46781.97,0.00,46781.97,BANK_002,PFSET_00003681,PAY_127541,PAY_126278
SET_003682,2026-08-07T08:35:25,PayFlow,INR,29,37492.32,0.00,37492.32,BANK_002,PFSET_00003682,PAY_127796,PAY_120566
SET_003683,2026-08-06T15:43:39,PayFlow,INR,31,37959.39,0.00,37959.39,BANK_002,PFSET_00003683,PAY_127406,PAY_120454
SET_003684,2026-08-06T01:34:41,PayFlow,INR,44,47069.61,0.00,47069.61,BANK_002,PFSET_00003684,PAY_128207,PAY_129006
SET_003685,2026-08-05T01:54:23,PayFlow,INR,28,34882.11,0.00,34882.11,BANK_002,PFSET_00003685,PAY_126385,PAY_125686
SET_003686,2026-08-04T23:31:40,PayFlow,INR,30,39496.99,0.00,39496.99,BANK_002,PFSET_00003686,PAY_123590,PAY_126878
SET_003687,2026-08-08T02:00:32,PayFlow,INR,26,32252.30,0.00,32252.30,BANK_002,PFSET_00003687,PAY_126418,PAY_127199
SET_003688,2026-08-07T00:06:00,PayFlow,INR,46,59123.56,0.00,59123.56,BANK_002,PFSET_00003688,PAY_122462,PAY_126400
SET_003689,2026-08-07T23:17:11,PayFlow,INR,31,36477.80,0.00,36477.80,BANK_002,PFSET_00003689,PAY_123275,PAY_122107
SET_003690,2026-08-07T06:29:33,PayFlow,INR,26,30558.61,0.00,30558.61,BANK_002,PFSET_00003690,PAY_124554,PAY_124986
SET_003691,2026-08-07T13:54:49,PayFlow,INR,36,53840.44,0.00,53840.44,BANK_002,PFSET_00003691,PAY_126388,PAY_125914
SET_003692,2026-08-06T19:21:52,PayFlow,INR,36,48812.20,0.00,48812.20,BANK_002,PFSET_00003692,PAY_125251,PAY_119995
SET_003693,2026-08-07T17:54:38,PayFlow,INR,37,54273.41,0.00,54273.41,BANK_002,PFSET_00003693,PAY_122594,PAY_127231
SET_003694,2026-08-06T23:39:38,PayFlow,INR,30,39533.55,2600.64,36932.91,BANK_002,PFSET_00003694,PAY_125037,PAY_120542
SET_003695,2026-08-05T23:45:26,PayFlow,INR,35,49947.84,0.00,49947.84,BANK_002,PFSET_00003695,PAY_128685,PAY_127556
SET_003696,2026-08-08T23:34:00,PayFlow,INR,34,41159.02,0.00,41159.02,BANK_002,PFSET_00003696,PAY_123172,PAY_123362
SET_003697,2026-08-06T22:58:07,PayFlow,INR,31,44890.04,0.00,44890.04,BANK_002,PFSET_00003697,PAY_129100,PAY_124027
SET_003698,2026-08-08T05:14:19,PayFlow,INR,30,43263.26,0.00,43263.26,BANK_002,PFSET_00003698,PAY_123036,PAY_125948
SET_003699,2026-08-06T00:22:57,PayFlow,INR,30,37228.25,0.00,37228.25,BANK_002,PFSET_00003699,PAY_126359,PAY_127471
SET_003700,2026-08-06T23:18:33,PayFlow,INR,28,32755.61,0.00,32755.61,BANK_002,PFSET_00003700,PAY_125176,PAY_119878
SET_003701,2026-08-08T08:26:18,PayFlow,INR,32,29424.01,0.00,29424.01,BANK_002,PFSET_00003701,PAY_125164,PAY_124460
SET_003702,2026-08-07T21:57:14,PayFlow,INR,33,39576.28,1852.60,37723.68,BANK_002,PFSET_00003702,PAY_122052,PAY_127688
SET_003703,2026-08-08T19:28:43,PayFlow,INR,35,36943.50,0.00,36943.50,BANK_002,PFSET_00003703,PAY_119827,PAY_123778
SET_003704,2026-08-08T20:54:43,PayFlow,INR,33,41413.46,0.00,41413.46,BANK_002,PFSET_00003704,PAY_126664,PAY_128727
SET_003705,2026-08-09T02:23:11,PayFlow,INR,33,28418.38,0.00,28418.38,BANK_002,PFSET_00003705,PAY_121143,PAY_120896
SET_003706,2026-08-07T20:07:09,PayFlow,INR,37,50758.90,0.00,50758.90,BANK_002,PFSET_00003706,PAY_127139,PAY_123350
SET_003707,2026-08-07T04:01:07,PayFlow,INR,25,29501.75,1820.62,27681.13,BANK_002,PFSET_00003707,PAY_127773,PAY_121894
SET_003708,2026-08-08T21:54:15,PayFlow,INR,28,30284.74,0.00,30284.74,BANK_002,PFSET_00003708,PAY_122922,PAY_128502
SET_003709,2026-08-07T03:58:43,PayFlow,INR,38,42260.45,0.00,42260.45,BANK_002,PFSET_00003709,PAY_121002,PAY_127929
SET_003710,2026-08-10T05:46:35,PayFlow,INR,27,34942.04,0.00,34942.04,BANK_002,PFSET_00003710,PAY_126474,PAY_124154
SET_003711,2026-08-10T04:49:19,PayFlow,INR,37,52598.72,1634.30,50964.42,BANK_002,PFSET_00003711,PAY_121439,PAY_126140
SET_003712,2026-08-09T11:07:43,PayFlow,INR,28,22705.29,1098.36,21606.93,BANK_002,PFSET_00003712,PAY_120899,PAY_125428
SET_003713,2026-08-10T17:26:39,PayFlow,INR,31,33910.87,0.00,33910.87,BANK_002,PFSET_00003713,PAY_120131,PAY_120612
SET_003714,2026-08-08T20:26:04,PayFlow,INR,30,38895.50,0.00,38895.50,BANK_002,PFSET_00003714,PAY_125088,PAY_127805
SET_003715,2026-08-08T22:16:26,PayFlow,INR,35,41932.46,0.00,41932.46,BANK_002,PFSET_00003715,PAY_125902,PAY_126444
SET_003716,2026-08-09T03:04:42,PayFlow,INR,38,45476.09,0.00,45476.09,BANK_002,PFSET_00003716,PAY_128314,PAY_122525
SET_003717,2026-08-10T20:31:47,PayFlow,INR,34,41095.31,318.60,40776.71,BANK_002,PFSET_00003717,PAY_121566,PAY_122172
SET_003718,2026-08-10T01:17:06,PayFlow,INR,32,45187.94,0.00,45187.94,BANK_002,PFSET_00003718,PAY_123731,PAY_128519
SET_003719,2026-08-09T21:59:37,PayFlow,INR,33,39893.94,0.00,39893.94,BANK_002,PFSET_00003719,PAY_124232,PAY_123431
SET_003720,2026-08-09T02:32:18,PayFlow,INR,37,31051.19,379.61,30671.58,BANK_002,PFSET_00003720,PAY_121324,PAY_127250
SET_003721,2026-08-09T04:45:52,PayFlow,INR,33,29402.65,0.00,29402.65,BANK_002,PFSET_00003721,PAY_125457,PAY_123881
SET_003722,2026-08-08T06:55:53,PayFlow,INR,27,22030.72,0.00,22030.72,BANK_002,PFSET_00003722,PAY_126676,PAY_125885
SET_003723,2026-08-08T19:40:13,PayFlow,INR,42,55833.75,2315.10,53518.65,BANK_002,PFSET_00003723,PAY_121219,PAY_121058
SET_003724,2026-08-09T20:57:09,PayFlow,INR,32,32262.11,546.34,31715.77,BANK_002,PFSET_00003724,PAY_128042,PAY_127753
SET_003725,2026-08-10T19:18:25,PayFlow,INR,29,37319.88,0.00,37319.88,BANK_002,PFSET_00003725,PAY_127584,PAY_121031
SET_003726,2026-08-11T03:17:08,PayFlow,INR,51,52583.17,859.04,51724.13,BANK_002,PFSET_00003726,PAY_125830,PAY_123096
SET_003727,2026-08-11T03:19:06,PayFlow,INR,34,37022.89,0.00,37022.89,BANK_002,PFSET_00003727,PAY_119854,PAY_120569
SET_003728,2026-08-09T04:33:26,PayFlow,INR,26,26817.84,0.00,26817.84,BANK_002,PFSET_00003728,PAY_120518,PAY_127794
SET_003729,2026-08-10T22:46:22,PayFlow,INR,37,39922.98,0.00,39922.98,BANK_002,PFSET_00003729,PAY_122184,PAY_128347
SET_003730,2026-08-10T02:35:10,PayFlow,INR,29,31829.07,0.00,31829.07,BANK_002,PFSET_00003730,PAY_128513,PAY_124466
SET_003731,2026-08-11T06:58:02,PayFlow,INR,32,39120.47,0.00,39120.47,BANK_002,PFSET_00003731,PAY_119977,PAY_123009
SET_003732,2026-08-11T12:47:08,PayFlow,INR,31,31966.69,0.00,31966.69,BANK_002,PFSET_00003732,PAY_125172,PAY_128776
SET_003733,2026-08-09T20:54:16,PayFlow,INR,27,31776.86,0.00,31776.86,BANK_002,PFSET_00003733,PAY_126956,PAY_123983
SET_003734,2026-08-10T00:06:07,PayFlow,INR,32,33508.68,0.00,33508.68,BANK_002,PFSET_00003734,PAY_124252,PAY_127816
SET_003735,2026-08-10T23:02:58,PayFlow,INR,35,49119.74,0.00,49119.74,BANK_002,PFSET_00003735,PAY_120804,PAY_128250
SET_003736,2026-08-11T21:54:43,PayFlow,INR,31,40694.04,0.00,40694.04,BANK_002,PFSET_00003736,PAY_119659,PAY_127977
SET_003737,2026-08-12T00:08:13,PayFlow,INR,35,37533.48,268.51,37264.97,BANK_002,PFSET_00003737,PAY_121654,PAY_120684
SET_003738,2026-08-11T02:29:45,PayFlow,INR,36,39634.52,0.00,39634.52,BANK_002,PFSET_00003738,PAY_122260,PAY_122523
SET_003739,2026-08-13T05:41:02,PayFlow,INR,32,45794.12,624.13,45169.99,BANK_002,PFSET_00003739,PAY_122583,PAY_124287
SET_003740,2026-08-13T01:05:49,PayFlow,INR,31,30169.15,0.00,30169.15,BANK_002,PFSET_00003740,PAY_127690,PAY_127739
SET_003741,2026-08-13T13:08:29,PayFlow,INR,28,35890.99,697.86,35193.13,BANK_002,PFSET_00003741,PAY_127298,PAY_123727
SET_003742,2026-08-11T20:05:21,PayFlow,INR,35,47745.48,0.00,47745.48,BANK_002,PFSET_00003742,PAY_124178,PAY_120015
SET_003743,2026-08-11T19:33:16,PayFlow,INR,27,42287.41,0.00,42287.41,BANK_002,PFSET_00003743,PAY_123628,PAY_122074
SET_003744,2026-08-13T21:22:33,PayFlow,INR,32,36650.84,0.00,36650.84,BANK_002,PFSET_00003744,PAY_122519,PAY_123854
SET_003745,2026-08-13T02:16:31,PayFlow,INR,34,45547.27,0.00,45547.27,BANK_002,PFSET_00003745,PAY_126263,PAY_119982
SET_003746,2026-08-14T03:30:47,PayFlow,INR,27,31658.87,0.00,31658.87,BANK_002,PFSET_00003746,PAY_128900,PAY_124715
SET_003747,2026-08-11T03:32:28,PayFlow,INR,28,41762.55,0.00,41762.55,BANK_002,PFSET_00003747,PAY_124944,PAY_127594
SET_003748,2026-08-14T01:29:51,PayFlow,INR,33,41693.59,0.00,41693.59,BANK_002,PFSET_00003748,PAY_126791,PAY_125430
SET_003749,2026-08-12T01:46:04,PayFlow,INR,37,40229.54,0.00,40229.54,BANK_002,PFSET_00003749,PAY_129190,PAY_123473
SET_003750,2026-08-12T15:35:27,PayFlow,INR,34,42405.39,0.00,42405.39,BANK_002,PFSET_00003750,PAY_119679,PAY_122109
SET_003751,2026-08-11T22:02:39,PayFlow,INR,28,29061.94,0.00,29061.94,BANK_002,PFSET_00003751,PAY_129032,PAY_120983
SET_003752,2026-08-13T21:05:55,PayFlow,INR,34,46356.14,0.00,46356.14,BANK_002,PFSET_00003752,PAY_128656,PAY_127700
SET_003753,2026-08-12T00:41:14,PayFlow,INR,32,33032.57,0.00,33032.57,BANK_002,PFSET_00003753,PAY_125659,PAY_126294
SET_003754,2026-08-14T20:30:21,PayFlow,INR,35,40227.49,449.98,39777.51,BANK_002,PFSET_00003754,PAY_126266,PAY_124895
SET_003755,2026-08-15T01:31:59,PayFlow,INR,32,41239.27,1215.40,40023.87,BANK_002,PFSET_00003755,PAY_125269,PAY_124811
SET_003756,2026-08-11T20:45:32,PayFlow,INR,28,25795.03,0.00,25795.03,BANK_002,PFSET_00003756,PAY_126945,PAY_125784
SET_003757,2026-08-13T21:29:02,PayFlow,INR,34,36515.77,0.00,36515.77,BANK_002,PFSET_00003757,PAY_119712,PAY_125729
SET_003758,2026-08-13T01:26:37,PayFlow,INR,34,46171.25,0.00,46171.25,BANK_002,PFSET_00003758,PAY_123691,PAY_121095
SET_003759,2026-08-15T05:37:35,PayFlow,INR,34,30635.38,0.00,30635.38,BANK_002,PFSET_00003759,PAY_122780,PAY_129337
SET_003760,2026-08-15T12:06:38,PayFlow,INR,33,31201.82,0.00,31201.82,BANK_002,PFSET_00003760,PAY_120227,PAY_120764
SET_003761,2026-08-12T23:01:44,PayFlow,INR,32,48238.51,0.00,48238.51,BANK_002,PFSET_00003761,PAY_120261,PAY_124845
SET_003762,2026-08-14T22:02:09,PayFlow,INR,37,43743.43,0.00,43743.43,BANK_002,PFSET_00003762,PAY_123767,PAY_122534
SET_003763,2026-08-14T01:21:54,PayFlow,INR,35,47225.54,0.00,47225.54,BANK_002,PFSET_00003763,PAY_122809,PAY_128985
SET_003764,2026-08-12T18:30:39,PayFlow,INR,34,29632.43,0.00,29632.43,BANK_002,PFSET_00003764,PAY_127030,PAY_123958
SET_003765,2026-08-15T00:35:35,PayFlow,INR,28,28928.09,0.00,28928.09,BANK_002,PFSET_00003765,PAY_126248,PAY_128692
SET_003766,2026-08-15T00:52:46,PayFlow,INR,30,32546.65,579.74,31966.91,BANK_002,PFSET_00003766,PAY_124331,PAY_122850
SET_003767,2026-08-16T04:05:17,PayFlow,INR,30,41098.58,0.00,41098.58,BANK_002,PFSET_00003767,PAY_124999,PAY_119955
SET_003768,2026-08-16T00:37:16,PayFlow,INR,29,39558.29,1590.40,37967.89,BANK_002,PFSET_00003768,PAY_124251,PAY_128957
SET_003769,2026-08-13T05:43:58,PayFlow,INR,35,43302.35,0.00,43302.35,BANK_002,PFSET_00003769,PAY_120957,PAY_120225
SET_003770,2026-08-13T12:47:38,PayFlow,INR,32,40613.79,0.00,40613.79,BANK_002,PFSET_00003770,PAY_127982,PAY_127492
SET_003771,2026-08-13T20:46:51,PayFlow,INR,40,57066.39,0.00,57066.39,BANK_002,PFSET_00003771,PAY_125415,PAY_120874
SET_003772,2026-08-14T17:46:06,PayFlow,INR,35,40440.83,0.00,40440.83,BANK_002,PFSET_00003772,PAY_124185,PAY_122098
SET_003773,2026-08-13T21:22:28,PayFlow,INR,29,46754.73,0.00,46754.73,BANK_002,PFSET_00003773,PAY_127256,PAY_123433
SET_003774,2026-08-16T02:48:24,PayFlow,INR,31,35869.64,0.00,35869.64,BANK_002,PFSET_00003774,PAY_119966,PAY_124209
SET_003775,2026-08-16T20:14:21,PayFlow,INR,35,40119.75,0.00,40119.75,BANK_002,PFSET_00003775,PAY_122637,PAY_121792
SET_003776,2026-08-15T23:08:33,PayFlow,INR,34,28178.14,0.00,28178.14,BANK_002,PFSET_00003776,PAY_122230,PAY_121698
SET_003777,2026-08-14T04:38:44,PayFlow,INR,33,51789.24,0.00,51789.24,BANK_002,PFSET_00003777,PAY_129260,PAY_123388
SET_003778,2026-08-16T03:50:29,PayFlow,INR,27,32259.98,0.00,32259.98,BANK_002,PFSET_00003778,PAY_128571,PAY_122385
SET_003779,2026-08-13T22:41:08,PayFlow,INR,25,31436.83,0.00,31436.83,BANK_002,PFSET_00003779,PAY_120987,PAY_122794
SET_003780,2026-08-17T05:11:42,PayFlow,INR,39,52111.83,0.00,52111.83,BANK_002,PFSET_00003780,PAY_122378,PAY_127424
SET_003781,2026-08-17T15:48:55,PayFlow,INR,32,41414.31,0.00,41414.31,BANK_002,PFSET_00003781,PAY_120847,PAY_122746
SET_003782,2026-08-16T20:57:37,PayFlow,INR,31,27466.40,0.00,27466.40,BANK_002,PFSET_00003782,PAY_127987,PAY_125656
SET_003783,2026-08-16T17:26:25,PayFlow,INR,36,43019.50,0.00,43019.50,BANK_002,PFSET_00003783,PAY_125848,PAY_127946
SET_003784,2026-08-17T19:04:47,PayFlow,INR,25,28326.07,0.00,28326.07,BANK_002,PFSET_00003784,PAY_125961,PAY_128510
SET_003785,2026-08-18T00:32:21,PayFlow,INR,44,46034.49,700.15,45334.34,BANK_002,PFSET_00003785,PAY_120605,PAY_120125
SET_003786,2026-08-16T00:05:29,PayFlow,INR,28,32865.34,0.00,32865.34,BANK_002,PFSET_00003786,PAY_120729,PAY_124614
SET_003787,2026-08-18T00:21:04,PayFlow,INR,29,36173.10,0.00,36173.10,BANK_002,PFSET_00003787,PAY_121455,PAY_121486
SET_003788,2026-08-16T21:16:27,PayFlow,INR,30,32406.58,0.00,32406.58,BANK_002,PFSET_00003788,PAY_126980,PAY_127155
SET_003789,2026-08-14T22:44:25,PayFlow,INR,34,41566.16,0.00,41566.16,BANK_002,PFSET_00003789,PAY_121496,PAY_123387
SET_003790,2026-08-17T01:29:10,PayFlow,INR,38,47628.38,0.00,47628.38,BANK_002,PFSET_00003790,PAY_125416,PAY_123427
SET_003791,2026-08-17T15:44:51,PayFlow,INR,29,26347.58,0.00,26347.58,BANK_002,PFSET_00003791,PAY_126295,PAY_123779
SET_003792,2026-08-17T16:39:01,PayFlow,INR,40,46985.50,377.60,46607.90,BANK_002,PFSET_00003792,PAY_120928,PAY_124329
SET_003793,2026-08-16T20:35:25,PayFlow,INR,31,33437.31,0.00,33437.31,BANK_002,PFSET_00003793,PAY_124078,PAY_125144
SET_003794,2026-08-18T01:28:14,PayFlow,INR,33,42703.62,0.00,42703.62,BANK_002,PFSET_00003794,PAY_119633,PAY_126872
SET_003795,2026-08-15T21:18:58,PayFlow,INR,34,49897.57,0.00,49897.57,BANK_002,PFSET_00003795,PAY_121744,PAY_127983
SET_003796,2026-08-19T00:57:42,PayFlow,INR,31,33278.34,0.00,33278.34,BANK_002,PFSET_00003796,PAY_125563,PAY_129270
SET_003797,2026-08-18T00:06:41,PayFlow,INR,37,73298.97,0.00,73298.97,BANK_002,PFSET_00003797,PAY_123753,PAY_122131
SET_003798,2026-08-15T22:28:14,PayFlow,INR,39,41448.80,0.00,41448.80,BANK_002,PFSET_00003798,PAY_129247,PAY_121705
SET_003799,2026-08-15T23:44:54,PayFlow,INR,29,33789.55,0.00,33789.55,BANK_002,PFSET_00003799,PAY_122648,PAY_122845
SET_003800,2026-08-17T03:53:58,PayFlow,INR,30,41617.86,0.00,41617.86,BANK_002,PFSET_00003800,PAY_120367,PAY_127610
SET_003801,2026-08-17T18:46:16,PayFlow,INR,36,38223.87,0.00,38223.87,BANK_002,PFSET_00003801,PAY_128790,PAY_127850
SET_003802,2026-08-18T00:51:35,PayFlow,INR,42,54766.06,0.00,54766.06,BANK_002,PFSET_00003802,PAY_122737,PAY_120455
SET_003803,2026-08-16T23:48:54,PayFlow,INR,25,45895.19,0.00,45895.19,BANK_002,PFSET_00003803,PAY_121405,PAY_123789
SET_003804,2026-08-19T20:42:36,PayFlow,INR,38,51077.03,0.00,51077.03,BANK_002,PFSET_00003804,PAY_122946,PAY_119951
SET_003805,2026-08-18T22:40:04,PayFlow,INR,35,46713.32,283.14,46430.18,BANK_002,PFSET_00003805,PAY_121670,PAY_128628
SET_003806,2026-08-17T03:07:09,PayFlow,INR,33,38859.86,627.29,38232.57,BANK_002,PFSET_00003806,PAY_127846,PAY_127411
SET_003807,2026-08-19T02:07:30,PayFlow,INR,28,40885.13,2129.10,38756.03,BANK_002,PFSET_00003807,PAY_129112,PAY_123099
SET_003808,2026-08-18T00:27:02,PayFlow,INR,29,46077.63,0.00,46077.63,BANK_002,PFSET_00003808,PAY_124836,PAY_122974
SET_003809,2026-08-17T00:09:30,PayFlow,INR,28,34332.35,0.00,34332.35,BANK_002,PFSET_00003809,PAY_128718,PAY_126707
SET_003810,2026-08-17T15:21:43,PayFlow,INR,30,36662.41,0.00,36662.41,BANK_002,PFSET_00003810,PAY_120242,PAY_121365
SET_003811,2026-08-19T17:00:37,PayFlow,INR,34,46356.55,0.00,46356.55,BANK_002,PFSET_00003811,PAY_127018,PAY_127314
SET_003812,2026-08-18T20:40:29,PayFlow,INR,31,43004.14,0.00,43004.14,BANK_002,PFSET_00003812,PAY_123032,PAY_119796
SET_003813,2026-08-18T02:01:52,PayFlow,INR,41,49799.91,0.00,49799.91,BANK_002,PFSET_00003813,PAY_120978,PAY_123801
SET_003814,2026-08-17T19:28:58,PayFlow,INR,34,47006.83,0.00,47006.83,BANK_002,PFSET_00003814,PAY_123637,PAY_124342
SET_003815,2026-08-17T22:37:38,PayFlow,INR,43,56665.43,0.00,56665.43,BANK_002,PFSET_00003815,PAY_120319,PAY_120972
SET_003816,2026-08-20T00:22:15,PayFlow,INR,32,39363.69,0.00,39363.69,BANK_002,PFSET_00003816,PAY_128893,PAY_122084
SET_003817,2026-08-21T01:53:45,PayFlow,INR,29,42117.95,2144.65,39973.30,BANK_002,PFSET_00003817,PAY_124284,PAY_129140
SET_003818,2026-08-21T17:09:56,PayFlow,INR,33,46707.03,3729.98,42977.05,BANK_002,PFSET_00003818,PAY_119730,PAY_125482
SET_003819,2026-08-19T19:41:20,PayFlow,INR,42,56230.18,0.00,56230.18,BANK_002,PFSET_00003819,PAY_122793,PAY_124543
SET_003820,2026-08-19T00:49:23,PayFlow,INR,28,27644.50,1596.30,26048.20,BANK_002,PFSET_00003820,PAY_123604,PAY_124325
SET_003821,2026-08-21T02:12:41,PayFlow,INR,41,50859.23,991.32,49867.91,BANK_002,PFSET_00003821,PAY_120010,PAY_126883
SET_003822,2026-08-20T20:15:08,PayFlow,INR,29,27632.20,0.00,27632.20,BANK_002,PFSET_00003822,PAY_121307,PAY_120206
SET_003823,2026-08-19T23:29:12,PayFlow,INR,42,58135.68,1082.06,57053.62,BANK_002,PFSET_00003823,PAY_127991,PAY_124484
SET_003824,2026-08-20T04:51:53,PayFlow,INR,35,41668.96,0.00,41668.96,BANK_002,PFSET_00003824,PAY_120815,PAY_119632
SET_003825,2026-08-19T23:10:00,PayFlow,INR,33,28503.40,0.00,28503.40,BANK_002,PFSET_00003825,PAY_120952,PAY_120910
SET_003826,2026-08-21T02:47:52,PayFlow,INR,30,39260.38,0.00,39260.38,BANK_002,PFSET_00003826,PAY_128271,PAY_121776
SET_003827,2026-08-22T11:54:40,PayFlow,INR,34,41470.72,0.00,41470.72,BANK_002,PFSET_00003827,PAY_120631,PAY_124668
SET_003828,2026-08-22T22:00:19,PayFlow,INR,43,51223.70,0.00,51223.70,BANK_002,PFSET_00003828,PAY_124298,PAY_124672
SET_003829,2026-08-20T17:49:32,PayFlow,INR,28,28939.46,0.00,28939.46,BANK_002,PFSET_00003829,PAY_120323,PAY_125910
SET_003830,2026-08-19T20:04:35,PayFlow,INR,33,36358.81,0.00,36358.81,BANK_002,PFSET_00003830,PAY_122203,PAY_122566
SET_003831,2026-08-21T20:28:22,PayFlow,INR,35,39044.93,0.00,39044.93,BANK_002,PFSET_00003831,PAY_119947,PAY_127789
SET_003832,2026-08-20T22:59:02,PayFlow,INR,37,39147.70,0.00,39147.70,BANK_002,PFSET_00003832,PAY_121409,PAY_129088
SET_003833,2026-08-22T23:21:42,PayFlow,INR,31,32735.47,383.50,32351.97,BANK_002,PFSET_00003833,PAY_120030,PAY_121208
SET_003834,2026-08-23T01:35:12,PayFlow,INR,32,43409.30,1105.10,42304.20,BANK_002,PFSET_00003834,PAY_124045,PAY_127141
SET_003835,2026-08-21T04:02:39,PayFlow,INR,33,43973.41,0.00,43973.41,BANK_002,PFSET_00003835,PAY_127333,PAY_126904
SET_003836,2026-08-20T15:46:24,PayFlow,INR,33,33269.51,0.00,33269.51,BANK_002,PFSET_00003836,PAY_119815,PAY_126234
SET_003837,2026-08-22T16:06:03,PayFlow,INR,27,30728.86,0.00,30728.86,BANK_002,PFSET_00003837,PAY_120354,PAY_127572
SET_003838,2026-08-20T19:38:51,PayFlow,INR,27,26378.65,0.00,26378.65,BANK_002,PFSET_00003838,PAY_124050,PAY_127276
SET_003839,2026-08-23T22:35:42,PayFlow,INR,34,44143.97,0.00,44143.97,BANK_002,PFSET_00003839,PAY_125150,PAY_122869
SET_003840,2026-08-21T18:25:47,PayFlow,INR,41,44617.50,0.00,44617.50,BANK_002,PFSET_00003840,PAY_128482,PAY_128932
SET_003841,2026-08-20T19:46:38,PayFlow,INR,36,37294.93,0.00,37294.93,BANK_002,PFSET_00003841,PAY_122339,PAY_125970
SET_003842,2026-08-21T00:18:09,PayFlow,INR,29,37166.08,0.00,37166.08,BANK_002,PFSET_00003842,PAY_120202,PAY_125670
SET_003843,2026-08-23T00:59:21,PayFlow,INR,32,35867.90,0.00,35867.90,BANK_002,PFSET_00003843,PAY_127936,PAY_125725
SET_003844,2026-08-22T23:27:43,PayFlow,INR,34,46752.74,0.00,46752.74,BANK_002,PFSET_00003844,PAY_126548,PAY_126203
SET_003845,2026-08-24T06:48:07,PayFlow,INR,40,54222.58,0.00,54222.58,BANK_002,PFSET_00003845,PAY_128993,PAY_123456
SET_003846,2026-08-23T06:20:01,PayFlow,INR,33,34496.42,0.00,34496.42,BANK_002,PFSET_00003846,PAY_125770,PAY_120360
SET_003847,2026-08-21T14:42:50,PayFlow,INR,46,69908.05,883.47,69024.58,BANK_002,PFSET_00003847,PAY_128676,PAY_128833
SET_003848,2026-08-24T19:16:18,PayFlow,INR,39,52336.60,0.00,52336.60,BANK_002,PFSET_00003848,PAY_123550,PAY_126913
SET_003849,2026-08-25T01:47:38,PayFlow,INR,31,44460.17,0.00,44460.17,BANK_002,PFSET_00003849,PAY_122604,PAY_124833
SET_003850,2026-08-24T22:14:48,PayFlow,INR,30,32195.73,0.00,32195.73,BANK_002,PFSET_00003850,PAY_120567,PAY_127731
SET_003851,2026-08-22T01:11:42,PayFlow,INR,30,28820.36,0.00,28820.36,BANK_002,PFSET_00003851,PAY_120851,PAY_124648
SET_003852,2026-08-23T19:48:44,PayFlow,INR,42,53524.85,0.00,53524.85,BANK_002,PFSET_00003852,PAY_122738,PAY_126944
SET_003853,2026-08-22T04:00:43,PayFlow,INR,29,30745.52,0.00,30745.52,BANK_002,PFSET_00003853,PAY_128020,PAY_119864
SET_003854,2026-08-24T21:08:44,PayFlow,INR,40,50100.50,0.00,50100.50,BANK_002,PFSET_00003854,PAY_120161,PAY_120636
SET_003855,2026-08-22T23:19:54,PayFlow,INR,36,48131.01,0.00,48131.01,BANK_002,PFSET_00003855,PAY_129332,PAY_125776
SET_003856,2026-08-22T08:20:01,PayFlow,INR,38,45141.36,0.00,45141.36,BANK_002,PFSET_00003856,PAY_128515,PAY_127054
SET_003857,2026-08-22T16:11:50,PayFlow,INR,29,30648.52,0.00,30648.52,BANK_002,PFSET_00003857,PAY_124956,PAY_122603
SET_003858,2026-08-25T18:00:40,PayFlow,INR,38,54589.80,0.00,54589.80,BANK_002,PFSET_00003858,PAY_126688,PAY_122157
SET_003859,2026-08-25T20:34:35,PayFlow,INR,38,55132.55,0.00,55132.55,BANK_002,PFSET_00003859,PAY_125206,PAY_126763
SET_003860,2026-08-24T01:25:28,PayFlow,INR,32,31402.37,719.80,30682.57,BANK_002,PFSET_00003860,PAY_121348,PAY_125431
SET_003861,2026-08-23T20:57:17,PayFlow,INR,33,40960.71,0.00,40960.71,BANK_002,PFSET_00003861,PAY_123739,PAY_124351
SET_003862,2026-08-24T00:30:06,PayFlow,INR,26,28969.74,0.00,28969.74,BANK_002,PFSET_00003862,PAY_120477,PAY_127723
SET_003863,2026-08-23T23:19:38,PayFlow,INR,28,30849.02,0.00,30849.02,BANK_002,PFSET_00003863,PAY_121533,PAY_121111
SET_003864,2026-08-24T00:17:41,PayFlow,INR,38,37258.52,0.00,37258.52,BANK_002,PFSET_00003864,PAY_128856,PAY_127881
SET_003865,2026-08-25T22:59:51,PayFlow,INR,29,31288.20,0.00,31288.20,BANK_002,PFSET_00003865,PAY_128813,PAY_126416
SET_003866,2026-08-23T01:54:39,PayFlow,INR,27,29360.64,0.00,29360.64,BANK_002,PFSET_00003866,PAY_128417,PAY_123107
SET_003867,2026-08-24T14:31:32,PayFlow,INR,31,33608.41,0.00,33608.41,BANK_002,PFSET_00003867,PAY_123312,PAY_124452
SET_003868,2026-08-24T19:44:49,PayFlow,INR,26,31636.47,0.00,31636.47,BANK_002,PFSET_00003868,PAY_122493,PAY_127120
SET_003869,2026-08-25T00:13:53,PayFlow,INR,35,50652.44,1664.98,48987.46,BANK_002,PFSET_00003869,PAY_125554,PAY_126991
SET_003870,2026-08-25T00:30:50,PayFlow,INR,31,47441.58,2639.66,44801.92,BANK_002,PFSET_00003870,PAY_119909,PAY_119698
SET_003871,2026-08-24T21:11:08,PayFlow,INR,31,40864.69,0.00,40864.69,BANK_002,PFSET_00003871,PAY_126598,PAY_121680
SET_003872,2026-08-25T03:12:12,PayFlow,INR,33,29803.54,457.18,29346.36,BANK_002,PFSET_00003872,PAY_121774,PAY_119715
SET_003873,2026-08-24T03:30:48,PayFlow,INR,29,44585.46,0.00,44585.46,BANK_002,PFSET_00003873,PAY_120908,PAY_126918
SET_003874,2026-08-25T02:32:57,PayFlow,INR,41,51065.42,0.00,51065.42,BANK_002,PFSET_00003874,PAY_122188,PAY_121601
SET_003875,2026-08-27T03:00:51,PayFlow,INR,28,26474.29,2159.02,24315.27,BANK_002,PFSET_00003875,PAY_123452,PAY_125283
SET_003876,2026-08-26T16:46:07,PayFlow,INR,32,38212.78,0.00,38212.78,BANK_002,PFSET_00003876,PAY_120841,PAY_127345
SET_003877,2026-08-27T20:37:23,PayFlow,INR,37,41271.99,0.00,41271.99,BANK_002,PFSET_00003877,PAY_120832,PAY_123769
SET_003878,2026-08-27T00:16:39,PayFlow,INR,33,38430.66,0.00,38430.66,BANK_002,PFSET_00003878,PAY_125448,PAY_125688
SET_003879,2026-08-25T02:27:22,PayFlow,INR,30,27445.35,0.00,27445.35,BANK_002,PFSET_00003879,PAY_124763,PAY_124182
SET_003880,2026-08-25T22:12:47,PayFlow,INR,32,34746.81,0.00,34746.81,BANK_002,PFSET_00003880,PAY_121106,PAY_124233
SET_003881,2026-08-28T02:21:30,PayFlow,INR,38,42191.87,0.00,42191.87,BANK_002,PFSET_00003881,PAY_124743,PAY_129074
SET_003882,2026-08-27T23:50:33,PayFlow,INR,41,65272.98,2022.06,63250.92,BANK_002,PFSET_00003882,PAY_126119,PAY_125857
SET_003883,2026-08-26T05:55:04,PayFlow,INR,25,30003.67,0.00,30003.67,BANK_002,PFSET_00003883,PAY_119895,PAY_126658
SET_003884,2026-08-26T16:04:26,PayFlow,INR,26,29917.24,0.00,29917.24,BANK_002,PFSET_00003884,PAY_121741,PAY_122643
SET_003885,2026-08-28T22:55:01,PayFlow,INR,36,37342.59,1428.15,35914.44,BANK_002,PFSET_00003885,PAY_127027,PAY_123885
SET_003886,2026-08-26T19:50:38,PayFlow,INR,38,49480.32,902.30,48578.02,BANK_002,PFSET_00003886,PAY_122597,PAY_125127
SET_003887,2026-08-27T18:37:54,PayFlow,INR,35,39145.72,0.00,39145.72,BANK_002,PFSET_00003887,PAY_128071,PAY_129316
SET_003888,2026-08-28T02:22:20,PayFlow,INR,34,41310.72,383.50,40927.22,BANK_002,PFSET_00003888,PAY_127988,PAY_125897
SET_003889,2026-08-28T02:35:20,PayFlow,INR,29,38767.03,0.00,38767.03,BANK_002,PFSET_00003889,PAY_121576,PAY_119933
SET_003890,2026-08-28T05:48:54,PayFlow,INR,30,37132.33,0.00,37132.33,BANK_002,PFSET_00003890,PAY_124657,PAY_122435
SET_003891,2026-08-27T05:10:25,PayFlow,INR,29,23482.61,0.00,23482.61,BANK_002,PFSET_00003891,PAY_120484,PAY_124404
SET_003892,2026-08-29T10:21:32,PayFlow,INR,37,56960.29,0.00,56960.29,BANK_002,PFSET_00003892,PAY_119711,PAY_122689
SET_003893,2026-08-26T23:03:08,PayFlow,INR,40,46751.37,0.00,46751.37,BANK_002,PFSET_00003893,PAY_124613,PAY_128029
SET_003894,2026-08-28T21:27:10,PayFlow,INR,29,39826.38,0.00,39826.38,BANK_002,PFSET_00003894,PAY_128492,PAY_126379
SET_003895,2026-08-26T20:14:33,PayFlow,INR,35,34176.46,0.00,34176.46,BANK_002,PFSET_00003895,PAY_126477,PAY_121057
SET_003896,2026-08-26T18:55:58,PayFlow,INR,30,37633.43,0.00,37633.43,BANK_002,PFSET_00003896,PAY_123971,PAY_123596
SET_003897,2026-08-29T03:05:07,PayFlow,INR,30,30612.34,0.00,30612.34,BANK_002,PFSET_00003897,PAY_122452,PAY_120298
SET_003898,2026-08-27T04:21:45,PayFlow,INR,28,42147.69,0.00,42147.69,BANK_002,PFSET_00003898,PAY_124159,PAY_127692
SET_003899,2026-08-28T02:49:04,PayFlow,INR,31,35810.44,0.00,35810.44,BANK_002,PFSET_00003899,PAY_126596,PAY_122668
SET_003900,2026-08-27T04:19:49,PayFlow,INR,33,39221.68,0.00,39221.68,BANK_002,PFSET_00003900,PAY_120305,PAY_125932
SET_003901,2026-08-27T02:21:26,PayFlow,INR,37,40339.18,0.00,40339.18,BANK_002,PFSET_00003901,PAY_119803,PAY_123999
SET_003902,2026-08-30T11:05:01,PayFlow,INR,30,38528.19,0.00,38528.19,BANK_002,PFSET_00003902,PAY_126287,PAY_120825
SET_003903,2026-08-29T16:30:13,PayFlow,INR,27,32283.02,0.00,32283.02,BANK_002,PFSET_00003903,PAY_119753,PAY_128789
SET_003904,2026-08-27T20:14:11,PayFlow,INR,32,37689.91,0.00,37689.91,BANK_002,PFSET_00003904,PAY_122122,PAY_121035
SET_003905,2026-08-30T22:57:39,PayFlow,INR,38,40000.20,217.88,39782.32,BANK_002,PFSET_00003905,PAY_120250,PAY_122285
SET_003906,2026-08-28T20:44:07,PayFlow,INR,27,29487.88,0.00,29487.88,BANK_002,PFSET_00003906,PAY_120064,PAY_124236
SET_003907,2026-08-31T02:44:35,PayFlow,INR,30,41377.99,0.00,41377.99,BANK_002,PFSET_00003907,PAY_124450,PAY_123467
SET_003908,2026-08-28T02:30:18,PayFlow,INR,29,40463.70,356.01,40107.69,BANK_002,PFSET_00003908,PAY_129166,PAY_122498
SET_003909,2026-08-29T01:56:55,PayFlow,INR,39,45626.25,0.00,45626.25,BANK_002,PFSET_00003909,PAY_124782,PAY_121485
SET_003910,2026-08-30T04:50:22,PayFlow,INR,28,31859.60,352.11,31507.49,BANK_002,PFSET_00003910,PAY_120461,PAY_126305
SET_003911,2026-08-30T23:19:05,PayFlow,INR,30,30974.21,0.00,30974.21,BANK_002,PFSET_00003911,PAY_123932,PAY_122313
SET_003912,2026-08-31T07:15:12,PayFlow,INR,29,32365.69,0.00,32365.69,BANK_002,PFSET_00003912,PAY_124339,PAY_127119
SET_003913,2026-08-29T00:44:56,PayFlow,INR,31,31173.51,0.00,31173.51,BANK_002,PFSET_00003913,PAY_123128,PAY_123747
SET_003914,2026-08-29T19:04:42,PayFlow,INR,30,39880.44,0.00,39880.44,BANK_002,PFSET_00003914,PAY_126561,PAY_125279
SET_003915,2026-08-28T20:52:30,PayFlow,INR,26,23072.66,0.00,23072.66,BANK_002,PFSET_00003915,PAY_128870,PAY_120299
SET_003916,2026-08-29T17:07:28,PayFlow,INR,31,30854.91,0.00,30854.91,BANK_002,PFSET_00003916,PAY_128268,PAY_127937
SET_003917,2026-08-31T00:46:38,PayFlow,INR,33,38998.03,0.00,38998.03,BANK_002,PFSET_00003917,PAY_126435,PAY_121309
SET_003918,2026-08-30T18:58:35,PayFlow,INR,31,41793.78,0.00,41793.78,BANK_002,PFSET_00003918,PAY_119682,PAY_122857
SET_003919,2026-08-31T00:18:53,PayFlow,INR,30,35669.77,0.00,35669.77,BANK_002,PFSET_00003919,PAY_125613,PAY_129233
SET_003920,2026-08-31T20:09:57,PayFlow,INR,37,40855.08,0.00,40855.08,BANK_002,PFSET_00003920,PAY_127111,PAY_125665
SET_003921,2026-08-29T03:55:14,PayFlow,INR,32,43789.43,0.00,43789.43,BANK_002,PFSET_00003921,PAY_120481,PAY_121631
SET_003922,2026-08-31T00:37:24,PayFlow,INR,30,40937.06,0.00,40937.06,BANK_002,PFSET_00003922,PAY_120551,PAY_128505
SET_003923,2026-08-30T01:53:18,PayFlow,INR,35,38945.23,0.00,38945.23,BANK_002,PFSET_00003923,PAY_129268,PAY_122623
SET_003924,2026-08-31T07:59:43,PayFlow,INR,32,33608.30,0.00,33608.30,BANK_002,PFSET_00003924,PAY_127657,PAY_128846
SET_003925,2026-08-31T20:09:25,PayFlow,INR,33,51071.53,5456.96,45614.57,BANK_002,PFSET_00003925,PAY_124051,PAY_123714
SET_003926,2026-08-30T17:15:35,PayFlow,INR,36,62097.41,0.00,62097.41,BANK_002,PFSET_00003926,PAY_122758,PAY_122035
SET_003927,2026-08-31T20:28:56,PayFlow,INR,29,25243.22,469.09,24774.13,BANK_002,PFSET_00003927,PAY_121245,PAY_122018
SET_003928,2026-09-02T00:39:11,PayFlow,INR,29,37631.33,0.00,37631.33,BANK_002,PFSET_00003928,PAY_123319,PAY_122902
SET_003929,2026-08-31T03:45:20,PayFlow,INR,49,56226.39,0.00,56226.39,BANK_002,PFSET_00003929,PAY_121974,PAY_122111
SET_003930,2026-08-30T01:46:08,PayFlow,INR,33,38775.92,0.00,38775.92,BANK_002,PFSET_00003930,PAY_124611,PAY_120248
SET_003931,2026-08-31T01:42:05,PayFlow,INR,29,30864.04,0.00,30864.04,BANK_002,PFSET_00003931,PAY_125044,PAY_122345
SET_003932,2026-09-01T02:10:55,PayFlow,INR,37,47730.53,3497.58,44232.95,BANK_002,PFSET_00003932,PAY_121319,PAY_124063
SET_003933,2026-08-31T08:54:23,PayFlow,INR,31,37256.11,0.00,37256.11,BANK_002,PFSET_00003933,PAY_128579,PAY_126748
SET_003934,2026-08-31T19:34:40,PayFlow,INR,28,27092.11,0.00,27092.11,BANK_002,PFSET_00003934,PAY_119800,PAY_122656
SET_003935,2026-09-02T23:38:55,PayFlow,INR,25,34697.76,0.00,34697.76,BANK_002,PFSET_00003935,PAY_127497,PAY_122906
SET_003936,2026-09-01T23:04:22,PayFlow,INR,36,44574.88,0.00,44574.88,BANK_002,PFSET_00003936,PAY_121807,PAY_119702
SET_003937,2026-09-01T23:15:20,PayFlow,INR,32,53357.39,0.00,53357.39,BANK_002,PFSET_00003937,PAY_123736,PAY_124508
SET_003938,2026-09-01T20:58:17,PayFlow,INR,29,21845.04,0.00,21845.04,BANK_002,PFSET_00003938,PAY_122526,PAY_124937
SET_003939,2026-09-02T04:31:50,PayFlow,INR,27,32219.19,0.00,32219.19,BANK_002,PFSET_00003939,PAY_126254,PAY_129153
SET_003940,2026-09-02T21:20:56,PayFlow,INR,27,32309.39,0.00,32309.39,BANK_002,PFSET_00003940,PAY_126246,PAY_127772
SET_003941,2026-09-02T06:23:03,PayFlow,INR,30,34451.88,0.00,34451.88,BANK_002,PFSET_00003941,PAY_124949,PAY_124509
SET_003942,2026-08-31T05:02:16,PayFlow,INR,28,31833.90,0.00,31833.90,BANK_002,PFSET_00003942,PAY_126484,PAY_123214
SET_003943,2026-09-03T19:04:50,PayFlow,INR,31,43396.59,0.00,43396.59,BANK_002,PFSET_00003943,PAY_123847,PAY_124714
SET_003944,2026-09-01T19:28:17,PayFlow,INR,27,25822.72,0.00,25822.72,BANK_002,PFSET_00003944,PAY_122319,PAY_119646
SET_003945,2026-09-02T19:52:55,PayFlow,INR,26,36059.22,0.00,36059.22,BANK_002,PFSET_00003945,PAY_126172,PAY_122830
SET_003946,2026-09-01T20:30:52,PayFlow,INR,38,38738.66,0.00,38738.66,BANK_002,PFSET_00003946,PAY_121967,PAY_122242
SET_003947,2026-09-01T18:56:22,PayFlow,INR,37,51607.02,0.00,51607.02,BANK_002,PFSET_00003947,PAY_123884,PAY_129009
SET_003948,2026-09-01T00:13:58,PayFlow,INR,39,55194.17,0.00,55194.17,BANK_002,PFSET_00003948,PAY_119623,PAY_124739
SET_003949,2026-09-02T21:46:07,PayFlow,INR,28,31677.24,755.37,30921.87,BANK_002,PFSET_00003949,PAY_122213,PAY_128761
SET_003950,2026-09-02T22:42:39,PayFlow,INR,29,22036.03,414.18,21621.85,BANK_002,PFSET_00003950,PAY_129081,PAY_126900
SET_003951,2026-09-03T03:34:24,PayFlow,INR,31,37868.36,0.00,37868.36,BANK_002,PFSET_00003951,PAY_123701,PAY_121940
SET_003952,2026-09-03T20:09:05,PayFlow,INR,28,29971.56,1623.56,28348.00,BANK_002,PFSET_00003952,PAY_127898,PAY_127455
SET_003953,2026-09-03T23:21:11,PayFlow,INR,39,50708.60,0.00,50708.60,BANK_002,PFSET_00003953,PAY_121780,PAY_126292
SET_003954,2026-09-05T00:17:40,PayFlow,INR,32,33894.14,807.02,33087.12,BANK_002,PFSET_00003954,PAY_123617,PAY_124340
SET_003955,2026-09-03T00:13:59,PayFlow,INR,33,34313.59,234.49,34079.10,BANK_002,PFSET_00003955,PAY_121850,PAY_120126
SET_003956,2026-09-04T20:52:04,PayFlow,INR,31,38994.96,164.80,38830.16,BANK_002,PFSET_00003956,PAY_120923,PAY_126979
SET_003957,2026-09-04T03:30:44,PayFlow,INR,35,30661.93,985.45,29676.48,BANK_002,PFSET_00003957,PAY_126261,PAY_120349
SET_003958,2026-09-01T23:58:18,PayFlow,INR,33,37476.24,0.00,37476.24,BANK_002,PFSET_00003958,PAY_121749,PAY_129141
SET_003959,2026-09-02T03:48:47,PayFlow,INR,29,42524.58,0.00,42524.58,BANK_002,PFSET_00003959,PAY_123492,PAY_126843
SET_003960,2026-09-04T04:39:30,PayFlow,INR,29,31501.76,0.00,31501.76,BANK_002,PFSET_00003960,PAY_128720,PAY_123171
SET_003961,2026-09-04T22:55:49,PayFlow,INR,30,35166.14,0.00,35166.14,BANK_002,PFSET_00003961,PAY_125378,PAY_126098
SET_003962,2026-09-03T05:18:09,PayFlow,INR,26,38093.31,0.00,38093.31,BANK_002,PFSET_00003962,PAY_121237,PAY_126687
